{"model": "catboost_all", "type": "train", "seed": 41, "train_losses": [], "val_losses": [], "time_start": "2026-03-25T20:58:28.069393", "mse": 0.11023548238880868, "accuracy": 0.8634020618556701, "corr": 0.9819093908516783, "precision": [0.9896907216494846, 0.8188405797101449, 0.6909090909090909, 0.8321167883211679, 0.9478260869565217, 1.0], "recall": [0.8135593220338984, 0.875968992248062, 0.95, 0.7549668874172185, 0.8449612403100775, 0.9612403100775194], "f1": [0.8930232558139535, 0.846441947565543, 0.8, 0.7916666666666666, 0.8934426229508197, 0.9802371541501976], "support": [118, 129, 120, 151, 129, 129], "confusion_matrix": [[96, 22, 0, 0, 0, 0], [1, 113, 15, 0, 0, 0], [0, 3, 114, 3, 0, 0], [0, 0, 36, 114, 1, 0], [0, 0, 0, 20, 109, 0], [0, 0, 0, 0, 5, 124]], "predictions": [2.7228305934359804, 1.3057575694547896, 0.1555588183092138, 3.8786374510582817, 1.5730737854136032, 3.6452915746346943, 2.46101952613002, 2.7830565229297224, 2.423820274838163, 2.8669954758660032, 1.8167955088925996, 3.715816568587095, 3.0929919864955466, 3.0137653565034412, 1.5840456155538796, 0.32087537183862347, 1.7911919602388533, 3.014153694160401, 2.93027897523333, 1.761213005029254, 1.3349010953382894, 0.5968777294365819, 0.7470872836684603, 1.7544567347563484, 0.9498393095740658, 2.844066542892178, 0.21612776271462097, 2.7551407947905244, 1.0755139645813583, 2.5752757211269586, 1.7462802215781772, 2.2315631172739, 1.3847180832782358, 2.897097487707536, 1.1076954379394894, 1.7480535584211259, 0.054495149745801275, 0.34005263679852016, 0.1889801774807136, 1.7352708045552125, 3.763657971232939, 2.450757279369276, 1.0697510746758667, 1.5620182891282457, 0.4261662786845668, 2.199385522444998, 2.447211100511106, 3.928545067691812, 0.21263854775104107, 0.17329894766212783, 1.0162053722508388, 0.4446766056441258, 2.4695106840760888, 1.3112622978436395, 2.9437809402297574, 3.8826430080602004, 2.050501816875469, 2.3579424303303527, 2.779543187068531, 4.111912488450169, 2.8210157245744263, 0.2152964345406505, 3.2781584055581017, 0.381659216976157, 2.7163485591165744, 2.304123172959048, 2.092938783241551, 1.2499949142480757, 1.9743527327817918, 2.9202224566578594, 1.7218795292297906, 0.09509319317708131, 0.3543657917632528, 2.793417239799791, 0.24879250761311367, 0.15899078275446632, 0.13334793163001768, 1.955555219244483, 3.870838720079181, 3.7262261609471623, 1.9391478173333558, 1.8073222335020187, 2.7241997423891924, 2.2508166008611763, 3.9505629333879853, 0.8098467225933277, 0.3552584916684638, 2.922061442335089, 3.1115589753232196, 0.2225463043255118, 2.2622825630263534, 2.765636637143638, 3.4586842689537063, 1.5467772817141954, 3.565492950688986, 2.1334472544117182, 1.3958676172895548, 0.5681618697268842, 2.8514476661494568, 1.1454781873802957, 2.4605592585367475, 1.120018279717481, 1.1103126778348502, 0.03121623452165867, 1.9556074211199481, 0.5069622200914743, 3.2806453144980225, 0.30389701274607184, 0.28343542812506595, 2.303260930815674, 0.5235253653845187, 4.450983601064468, 1.289691459065601, 0.18573802591939348, 0.03781725968986205, 2.4728972076375286, 0.3173893458394419, 3.1975860326623904, 2.778325302734462, 0.34332891057741577, 0.06556003983944825, 4.43188413275897, 0.2663529837261489, 1.5046302876412079, 2.2901793696587394, 1.9694656533247228, 2.4050152158834512, 0.31000990974034837, 1.9063895885060207, 1.6504221845044258, 0.6265253537050266, 2.2712803216275996, 3.8897323254686706, 1.7479447040262823, 0.029693396146419637, 2.238257300144135, 1.6958501730210997, 0.32931880477174946, -0.15419761683699518, 0.8033622142069399, 2.425678918205195, 3.69878752137768, 2.051080553464191, 1.285850823858733, 0.40368439191208116, 2.610972062195968, 0.11144955249446786, 2.5549968872263227, 2.3760777803507804, 2.804649462470568, 2.8667864583201497, 3.1554718076855424, 3.6247945492430924, 3.823042738545717, 0.37498344891757274, 0.12379256507116088, 0.9022768570271407, 3.684338972550855, 1.5168476379769196, 0.12087131205580492, 2.1230991141514854, 3.8294616692428427, 2.40774289064014, 1.1588698607578245, 3.0693412779203584, 3.150874764467867, 2.505104063891969, 2.5260541876763294, 1.8597877835666088, 1.076230197134568, 1.9979132327667706, 2.4415159717023176, 2.9436800535647585, 2.8039188673478472, 1.8274957927774045, -0.0012481841468030552, 1.162095041269714, 1.8861998394788086, 0.6244440016985948, 3.736908611474562, 3.6246264953747325, 2.716535556182541, 2.577468247583569, 0.3364779391002477, 2.7430487331911007, 1.6763237164542928, 2.5274627238976097, 1.8901937250729017, 2.5916720351820297, 3.2894734593194928, 4.383955889285066, 2.361743838465611, 1.7314106181812638, 1.1741045046864165, 1.789332253367862, 3.165632083041865, 3.4809385623518647, 4.12012464899321, 2.7153953648303073, 1.7138108316583485, 1.320575369987425, 1.1965169123048796, 2.2321455151575984, 2.476189675658343, 3.135946403178008, 0.3880834158277757, 1.4026203872802152, 1.7979396362928113, 2.094806770890694, 0.7715407388112712, 3.06854035187302, 1.999655004907675, 3.128792911206726, 3.9168633534221495, 1.7806214098153186, 1.6117501530185716, 1.4959151278453329, 2.4257042391908223, 1.746592061633259, 1.2788582250747411, 2.895291542972756, 1.6544037485068563, 0.383216336853919, 1.5436308593998431, 3.177002454538299, 2.956457631493494, 2.663904917102552, 1.584919273838145, 1.7574779395333047, 3.2752857839426848, 1.58190415876203, 3.0267687883213683, 2.36210095374589, 3.6826743135839273, 1.6355973454778034, 3.00659259135012, 2.0090854747928115, 2.8808324324662387, 2.2910989223577776, 3.862609320104781, 1.6149631672503322, 2.236438435571976, 2.447729225951662, 2.518616219334878, 2.747173362576563, 1.1673601751016456, 2.336951373767758, 0.8377507713208363, 0.5633890764970673, 0.28808835372818864, 0.21209143911084283, 3.8154386608431814, 1.3040797918474683, 0.9727442527787464, 0.42767613925906955, 2.6747912103726654, 0.6570043822925715, 2.7417274320695664, 2.4770014500806643, 1.8479240223009934, 0.9319161852397673, 0.847204732022004, 1.8648344525046674, 2.0306392490185132, 2.1758960651678394, 1.1490197436341334, 1.7364960041124011, 2.493681172425847, 2.0955807828514468, 0.5579306665761512, 1.8002522857160919, 0.6348486053839062, 0.18476056899493454, 3.1759838339110344, 2.558529820282784, 3.3451206172141137, 2.2402968110046078, 2.5228850236922815, 1.7927577981832101, 1.6744850353964231, 2.6857645900047524, 2.844110326019037, 0.24117587883148595, 1.4875192334717497, 1.0042955759650833, 2.6132669273918627, 1.3700258323557672, 3.792843257744072, 1.792363320735238, 0.06095109825113054, 1.27348133416446, 0.8241026264171953, 1.7946103158035833, 1.2430635408509279, 2.173826807695164, 0.05344156069148687, 1.3082765325830343, 0.59564562845443, 2.696800578465104, 2.415415825765499, 1.2574606691000498, 2.5694727726834334, 0.3053200302575618, 1.6073532340085075, 2.8433128324586487, 2.343153965394502, 3.032420782592687, 2.2273021596081852, 3.544930554017698, 1.101735620294692, 2.2457864000546963, 1.7127620207915084, 1.53432584787961, 0.42467774405671976, 0.3530494233861896, 0.4241043257546351, 1.1515617117703407, 3.8010844919202738, 3.3578401148963892, 1.9769229418353038, 2.697438586151406, 2.1727142860093367, 0.1898356959526204, 3.135314644592837, 0.19758008445967112, 0.36504894916911734, 2.4006185798180257, 3.9499770378052013, 1.1313769918172774, 1.6995471825693884, 1.4198105662596163, 3.4171038423160054, 2.601335114649217, 2.370039423916273, 0.1287068871228496, 0.7449943179920662, 0.26947163108370775, 1.8498654229983456, 2.613243141352424, 1.2264664021330838, 2.045743285671624, 3.6117853993231304, 3.269248098477541, 2.1089322398741737, 2.9677026410271146, 2.7996410503330718, 2.690847183159799, 0.43968895768357896, 0.17293004326783867, 0.536655853089365, 0.06531341663619816, 4.657699856305647, 1.6239367232200523, 2.496281521218006, 3.105227291179137, 2.678239101650405, 2.1495258304911853, 2.503111366822465, 0.9001585642928305, 0.35172556492248797, 3.341596593924973, 0.35907044448351666, 0.42439847113637885, 2.6993078796639547, 