{"model": "catboost_minilm_features-extract_sentence_length_by_word", "type": "test", "seed": 40, "time_start": "2026-03-01T15:10:11.748192", "mse": 0.9517812080080053, "accuracy": 0.3805309734513274, "corr": 0.6982549771168522, "precision": [0.75, 0.2909090909090909, 0.3235294117647059, 0.5, 0.5384615384615384, 0.0], "recall": [0.11764705882352941, 0.48484848484848486, 0.6470588235294118, 0.36923076923076925, 0.2916666666666667, 0.0], "f1": [0.2033898305084746, 0.36363636363636365, 0.43137254901960786, 0.4247787610619469, 0.3783783783783784, 0.0], "support": [51, 33, 51, 65, 24, 2], "confusion_matrix": [[6, 27, 18, 0, 0, 0], [1, 16, 14, 2, 0, 0], [1, 9, 33, 7, 1, 0], [0, 3, 33, 24, 5, 0], [0, 0, 4, 13, 7, 0], [0, 0, 0, 2, 0, 0]], "predictions": [1.2087397575378418, 1.2780734300613403, 2.7270374298095703, 1.205056071281433, 0.888056755065918, 1.3989373445510864, 3.1808135509490967, 1.7933999300003052, 1.3125184774398804, 2.4725091457366943, 3.052567958831787, 2.34238338470459, 3.4119138717651367, 2.0397369861602783, 1.6810407638549805, 1.6646233797073364, 3.7934465408325195, 0.8237876892089844, 1.5798113346099854, 3.6167354583740234, 3.93794322013855, -0.010000944137573242, 2.898221254348755, 1.7914379835128784, 1.5600976943969727, 3.016880989074707, 2.3154685497283936, 1.9650044441223145, 2.764887809753418, 2.456953763961792, 3.2944588661193848, 0.9971883296966553, 2.181508779525757, 1.0363197326660156, 3.179325580596924, 2.4106884002685547, 1.232357382774353, 2.0565505027770996, 3.0809531211853027, 0.8093694448471069, 1.4966038465499878, 2.3982484340667725, 1.0514143705368042, 1.9786750078201294, 3.3573806285858154, 3.1118216514587402, 1.425224781036377, 2.712775945663452, 1.8444912433624268, 0.6089394092559814, 2.301269769668579, 2.0891098976135254, 3.419254779815674, 1.6908824443817139, 2.999439239501953, 0.5325452089309692, 3.0660953521728516, 1.9866334199905396, 3.740144729614258, 1.5365372896194458, 1.8599824905395508, 2.022799491882324, 2.6836819648742676, 2.09512996673584, 1.5667588710784912, 2.2967238426208496, 1.7761667966842651, 1.9059231281280518, 1.1403939723968506, 2.3669207096099854, 1.875535011291504, 2.433928966522217, 1.3312650918960571, 0.2794952392578125, 1.1848504543304443, 1.6723370552062988, 1.5396769046783447, 1.8446214199066162, 1.6217854022979736, 0.17273759841918945, 1.7747676372528076, 1.8414926528930664, 2.2340760231018066, 3.50101900100708, 0.7146546840667725, 1.9294085502624512, 0.27129149436950684, 2.556178331375122, 1.4758013486862183, 1.9400701522827148, 2.9983956813812256, 2.881624460220337, 2.576403856277466, 0.9344245195388794, 2.4609782695770264, 0.6169183254241943, 1.5321861505508423, 1.808612585067749, 1.1236686706542969, 1.8075134754180908, 2.620957374572754, 0.3921778202056885, 2.32515811920166, 2.212280035018921, 0.7184205055236816, 2.205388307571411, 2.180936574935913, 1.272472620010376, 3.279670476913452, 1.2733525037765503, 2.7188000679016113, 1.9336074590682983, 2.5442891120910645, 3.0082483291625977, 2.015371322631836, 1.0058839321136475, 3.309966802597046, 2.417691946029663, 2.7073917388916016, 2.605069637298584, 3.2159347534179688, 1.5053623914718628, 0.14951395988464355, 2.07409930229187, 3.0087404251098633, 2.7083377838134766, 1.6956474781036377, 1.3138229846954346, 1.6861612796783447, 2.113219738006592, 2.2762975692749023, 3.678786277770996, 1.5628435611724854, 1.565366506576538, 3.3824901580810547, 3.7708511352539062, 2.2863640785217285, 2.8453121185302734, 1.288798451423645, 2.1275994777679443, 0.8840677738189697, 1.6671998500823975, 2.0897319316864014, 1.6555907726287842, 1.994361400604248, 2.8026845455169678, 2.988186836242676, 0.46364665031433105, 3.6660125255584717, 1.4571707248687744, 3.236454963684082, 1.126579761505127, 1.0905760526657104, 0.6966429948806763, 1.167157530784607, 3.361818552017212, 1.1264067888259888, 1.0091679096221924, 2.0244836807250977, 2.7566866874694824, 2.943554401397705, 2.9262280464172363, 2.820769786834717, 1.1160813570022583, 2.3058605194091797, 1.5876286029815674, 1.4896317720413208, 1.3383629322052002, 2.3532803058624268, 2.010422706604004, 2.0561325550079346, 1.7836253643035889, 2.068422794342041, 1.4630519151687622, 2.2760472297668457, 2.569363832473755, 1.4571765661239624, 0.8506793975830078, 0.6204720735549927, 3.3395097255706787, 1.590235948562622, 1.7257654666900635, 1.1588104963302612, 2.1659560203552246, 3.8429970741271973, 1.9607951641082764, 2.142702579498291, 0.6609715223312378, 4.090827465057373, 1.6856664419174194, 2.1931064128875732, 0.6391466856002808, 2.2078347206115723, 2.5116701126098633, 1.6573224067687988, 2.420783281326294, 1.7695971727371216, 0.6012678146362305, 2.4877800941467285, 0.9130008220672607, 1.5592334270477295, 1.8544434309005737, 1.9579334259033203, 2.021268129348755, 1.1768728494644165, 1.3870223760604858, 3.7257604598999023, 1.885331392288208, 3.953561544418335, 1.7767186164855957, 1.620006799697876, 1.4648042917251587, 1.5081098079681396, 1.8928433656692505, 2.0816876888275146, 1.1010806560516357, 2.9201738834381104, 2.4738597869873047, -0.18398451805114746, 1.7593072652816772, 1.4808714389801025, 3.7681093215942383, 1.8601950407028198, 2.668405294418335, 2.0713329315185547, 3.2460403442382812], "params": {"iterations": 1510, "learning_rate": 0.014286, "depth": 3, "l2_leaf_reg": 3.4047e-06, "bagging_temperature": 2.5656, "random_strength": 4.1266, "border_count": 207}, "time_end": "2026-03-01T15:10:11.842955"}