{"model": "catboost_minilm_features-extract_word_concreteness_avg", "type": "train", "seed": 42, "train_losses": [], "val_losses": [], "time_start": "2026-03-01T16:45:18.501476", "mse": 0.11183982218107216, "accuracy": 0.8621134020618557, "corr": 0.9817026639219113, "precision": [0.9891304347826086, 0.7808219178082192, 0.7088607594936709, 0.8439716312056738, 0.956140350877193, 0.992], "recall": [0.7711864406779662, 0.8837209302325582, 0.9333333333333333, 0.7880794701986755, 0.8449612403100775, 0.9612403100775194], "f1": [0.8666666666666667, 0.8290909090909091, 0.8057553956834532, 0.815068493150685, 0.897119341563786, 0.9763779527559056], "support": [118, 129, 120, 151, 129, 129], "confusion_matrix": [[91, 27, 0, 0, 0, 0], [1, 114, 14, 0, 0, 0], [0, 5, 112, 3, 0, 0], [0, 0, 32, 119, 0, 0], [0, 0, 0, 19, 109, 1], [0, 0, 0, 0, 5, 124]], "predictions": [2.655100188733568, 1.4460017407198105, 0.1710056177461583, 3.8650072639586535, 1.481051709988745, 3.698057827089119, 2.5426175402492737, 2.699939906125474, 2.4665102272840804, 2.8716648282382495, 1.9528984444365467, 3.6754161882216128, 3.0783927151071997, 3.0412561140235845, 1.5822824090844039, 0.38639542217654776, 1.789727486896258, 2.855381727312372, 2.983461681391849, 1.6757725632540668, 1.3966000105601144, 0.5732084114987874, 0.5943958696815046, 1.760153366140395, 1.0619216214219869, 2.880136966272045, 0.21064265956852646, 2.6831855801225273, 1.1332105867902464, 2.495802638823244, 1.6306288340374713, 2.292692126609169, 1.3448550779794763, 3.048864137827966, 0.9910139215970051, 1.6811452041918662, 0.15646208030103814, 0.43418586398384784, 0.17164132036307445, 1.7399117230508883, 3.7775573520740062, 2.487443852548149, 0.9880417354202806, 1.4945678216188192, 0.5768720113663759, 2.1524650540571058, 2.5485228297676743, 3.9240984446878953, 0.14630578525231286, 0.11669942129124866, 1.069246640369976, 0.43937815970578553, 2.4697350219834178, 1.4342958044631229, 2.9841670909756712, 4.038840153586117, 2.042641457127483, 2.38740353111289, 2.752061377042794, 4.235899703233164, 2.690649142917584, 0.1686641113688485, 3.2059214394420437, 0.3097175499711313, 2.4999872520235162, 2.247752837508264, 2.0786748659796923, 1.1773595598632236, 1.9206656348378737, 2.8787161173788567, 1.7151653104338083, 0.19738876185881127, 0.32340375443165303, 2.814566654168662, 0.2025808406866516, 0.2734873229158832, 0.24139098779208013, 2.1934489784264817, 3.687981431055127, 3.722889289022433, 1.7631894750902901, 1.7550456613632686, 2.6780924986046513, 2.2567477212857217, 3.9854790143826295, 1.1523440561618157, 0.19542126830710815, 2.9240649981727667, 3.2658049855604174, 0.15303220213843538, 2.229112499491315, 2.574628211164402, 3.4560051136726955, 1.5063792861329777, 3.4505616936974373, 2.1118881443014446, 1.3906969428023779, 0.5873129390563538, 2.8848653247010136, 1.1588679288940025, 2.542712349894806, 1.1973382385550548, 1.182136818936316, 0.06085907549403702, 1.9378084601722725, 0.612847684943886, 3.2357568440781788, 0.3540943565894241, 0.24593479289713072, 2.1574026008735974, 0.5456696571574489, 4.39156102145969, 1.3388850148845655, 0.17801690504173395, 0.1878389553844615, 2.5153922050998485, 0.3752310972826427, 3.174759736620938, 2.832294130844996, 0.3821473319219284, 0.19157104412930348, 4.4858401893363435, 0.23958118606534295, 1.532918149815501, 2.307576884320025, 2.0365461078696034, 2.519129073403355, 0.461444660751102, 1.9316471658741219, 1.6875871168467909, 0.6509528929916806, 2.280967936514656, 3.7670554815586543, 1.7114225378610008, 0.004250348820731276, 2.3294149381025964, 1.6429319170729786, 0.5186694370582738, -0.0170423623974596, 0.8577456767270553, 2.3262341218817997, 3.7336831465005904, 2.085939400066122, 1.2607189294624217, 0.509832356896083, 2.4878162299438493, 0.14926641970362198, 2.5090002653959864, 2.2810550733058865, 2.8015265883514293, 2.846614570059551, 3.1707972975968133, 3.6770218474488177, 3.8306352063093896, 0.2472110490848678, 0.14331463486579654, 0.9665647448907071, 3.751155808316365, 1.4701211992938323, 0.17537092750868588, 2.208854862736922, 3.737932421814487, 2.338902637969706, 1.2892089015692116, 3.0007534546990073, 3.047869227145264, 2.5403056753766124, 2.4335866110926707, 1.902047635123401, 1.081537344148445, 1.84701133301619, 2.5235050004073143, 2.9651787792539217, 2.8288822268854164, 1.779554785788305, -0.04898164604722677, 1.1861153737651686, 1.9170439244462092, 0.6425709958855708, 3.665061688457228, 3.71044665176269, 2.589038554106484, 2.73593423796068, 0.27775591430533986, 2.7575916253109365, 1.7120775583932666, 2.4641524449595544, 1.8134595921221734, 2.6323311562366167, 3.3756266467186107, 4.346588334029448, 2.527324565966395, 1.6286440146711756, 1.2151352117411816, 1.784091420872254, 3.15694018494073, 3.511541989000506, 4.0451526143563905, 2.612905096520204, 1.583360625998138, 1.24219073617772, 1.072878386886313, 2.2345977784623576, 2.4080168523140033, 3.069582188868414, 0.3877094197648838, 1.3090814464843659, 1.834992679925505, 2.237947298404616, 0.7276561510938517, 3.089304359773855, 1.9328963671157204, 2.9454473660497893, 3.878339720347808, 1.7627054529017672, 1.5977066501028152, 1.4176310776898278, 2.4932163806036796, 1.6954624075538494, 1.3166453675616463, 2.9758897682610015, 1.7889018541423378, 0.26983038729418185, 1.4420495617815234, 3.1653310823482506, 2.8533255720024644, 2.6230847771849786, 1.6727406510117873, 1.7180113396475878, 3.403974612142887, 1.5964065988947054, 2.958846362766337, 2.4208964821792636, 3.5719443138737805, 1.5548231860182269, 2.9193006302421223, 1.9290742422869953, 2.8152487840031784, 2.3863569044261856, 3.7244552313115804, 1.5754569198696706, 2.2401702010711353, 2.340076941583093, 2.4739556195357046, 2.7434941373756194, 1.202016506441809, 2.384411118203603, 0.9577115227391002, 0.5314873036566614, 0.1987441310861544, 0.27723010425240746, 3.8098204358915257, 1.2443388967974598, 1.0178590475919471, 0.4187261463571672, 2.692048337118278, 0.6409132810976483, 2.736009452133709, 2.569118369128075, 1.8570657249365325, 0.9220257186334135, 0.7816685901260383, 1.9578868377481888, 2.0760651405816053, 2.179248801975143, 1.1897753074484023, 1.6350582568130005, 2.789138332173624, 2.2183118795760386, 0.6131097008436361, 1.764018744838426, 0.6336551657438703, 0.19860980415203677, 3.345302732052671, 2.717810071204081, 3.3911534209107783, 2.3030702464366786, 2.620964014218603, 1.8027924047193669, 1.7839295859761433, 2.7535057520539805, 2.863369833523925, 0.21006959887890808, 1.539363682693427, 0.8407817225369805, 2.5558858928713213, 1.2119190448429256, 3.673091635900768, 1.8200057573238837, 0.146370228975377, 1.245405815849802, 0.8962627877561364, 1.8530359929303941, 1.1774160767655641, 2.1346883051111143, 0.047663945796977636, 1.185041450527257, 0.5765622625277467, 2.630439148218868, 2.532193452927067, 1.2139812690424292, 2.646419046754321, 0.33025516238916364, 1.6301538849837853, 2.8500438055090083, 2.3138874218714256, 2.9479806275888403, 2.230292953100713, 3.4501591192543515, 1.0673954448910263, 2.1906274315674326, 1.8123148691731346, 1.5820084111949022, 0.33760614511650733, 0.2793994893842089, 0.3805026304706427, 1.2733641449810749, 3.7183092843597016, 3.392782015487537, 1.9598284476840087, 2.740714837881724, 2.1052669443965097, 0.23342561887692836, 3.290478069575208, 0.10074323296031462, 0.41612036431022004, 2.3761512718888347, 3.976879976712543, 1.2339532975298364, 1.6998487506970108, 1.443728031868229, 3.4832670077159342, 2.635075225787289, 2.3747075086700775, 0.23971704723168274, 0.8030880802293159, 0.1890600664554012, 1.8433691884006354, 2.719243739189722, 1.1515980695727324, 1.8536736258097286, 3.6683231609933507, 3.2026275877560244, 2.1643303752661924, 2.841003142025246, 2.8007659796573217, 2.6779422094157206, 0.3573806927357732, 0.18755866490043704, 0.5754060282741527, 0.20716658627522255, 4.671504831373735, 1.5691601207717203, 2.566790617580125, 2.8976024115554027, 2.6549457218963, 2.1219469445017696, 2.443487096694257, 1.1253832522653204, 0.3900696048957406, 