{"model": "catboost_minilm_features-extract_dependency_tree_relations", "type": "test", "seed": 41, "time_start": "2026-03-01T16:12:31.128121", "mse": 0.9135526753033396, "accuracy": 0.3938053097345133, "corr": 0.7146966025484851, "precision": [0.875, 0.2857142857142857, 0.33, 0.49019607843137253, 0.7272727272727273, 0.0], "recall": [0.13725490196078433, 0.48484848484848486, 0.6470588235294118, 0.38461538461538464, 0.3333333333333333, 0.0], "f1": [0.23728813559322035, 0.3595505617977528, 0.4370860927152318, 0.43103448275862066, 0.45714285714285713, 0.0], "support": [51, 33, 51, 65, 24, 2], "confusion_matrix": [[7, 28, 15, 1, 0, 0], [1, 16, 14, 2, 0, 0], [0, 10, 33, 8, 0, 0], [0, 2, 35, 25, 3, 0], [0, 0, 3, 13, 8, 0], [0, 0, 0, 2, 0, 0]], "predictions": [1.1615716218948364, 1.2795518636703491, 2.526188850402832, 1.1548972129821777, 0.73268723487854, 1.6042392253875732, 3.293501615524292, 1.7618603706359863, 1.543095350265503, 2.759716510772705, 2.950605630874634, 2.214057445526123, 3.363438129425049, 1.7348406314849854, 1.7571853399276733, 1.7201428413391113, 3.8453986644744873, 0.8833523988723755, 1.4842078685760498, 3.473785161972046, 3.8990087509155273, 0.049848079681396484, 2.805403232574463, 1.6411093473434448, 1.554349660873413, 2.729438543319702, 2.317976951599121, 2.1614649295806885, 2.4497575759887695, 2.614564895629883, 3.476840019226074, 1.2531574964523315, 2.0036659240722656, 0.7846870422363281, 3.121818780899048, 2.4921841621398926, 1.425778865814209, 2.1259868144989014, 3.111342430114746, 0.8472293615341187, 1.3190280199050903, 2.1530425548553467, 0.9264934062957764, 1.9740781784057617, 3.1803524494171143, 3.2329530715942383, 1.1100713014602661, 2.4571657180786133, 1.9006247520446777, 0.5992356538772583, 2.7282443046569824, 2.1118719577789307, 3.0739824771881104, 1.8853155374526978, 3.136514186859131, 0.37761974334716797, 3.1714682579040527, 1.845117449760437, 3.5731210708618164, 1.6691689491271973, 1.89764404296875, 2.0609710216522217, 2.759330987930298, 2.042264699935913, 1.4292213916778564, 2.3574352264404297, 2.1067235469818115, 1.5330945253372192, 0.9569319486618042, 2.4255824089050293, 1.7465853691101074, 2.6927874088287354, 1.0407944917678833, 0.5468621253967285, 1.1354609727859497, 2.1429293155670166, 1.5890089273452759, 1.7127734422683716, 1.4206496477127075, 0.29065942764282227, 1.8877650499343872, 1.9965263605117798, 2.2265219688415527, 3.371752977371216, 0.5460319519042969, 1.907041311264038, 0.264054536819458, 2.776019334793091, 1.431349277496338, 1.9997256994247437, 3.1493942737579346, 2.8997583389282227, 2.7108306884765625, 0.6197073459625244, 2.2764153480529785, 0.43201327323913574, 1.6257243156433105, 1.580397367477417, 1.0293656587600708, 1.7135337591171265, 2.468571901321411, 0.41270899772644043, 2.4772229194641113, 2.10380482673645, 0.8139451742172241, 1.8895912170410156, 2.3062262535095215, 1.2551325559616089, 3.535642147064209, 1.8091671466827393, 2.6421897411346436, 1.6549574136734009, 2.47263240814209, 3.1561858654022217, 1.8874640464782715, 1.0657424926757812, 3.400930643081665, 2.577918529510498, 2.784862756729126, 2.877429723739624, 3.5623080730438232, 1.2896653413772583, 0.3830149173736572, 2.1447701454162598, 2.870387077331543, 2.3527040481567383, 1.5123460292816162, 0.8677566051483154, 1.7065465450286865, 2.186728000640869, 2.47216534614563, 3.496483564376831, 1.5713236331939697, 1.5651720762252808, 3.480259656906128, 3.657504081726074, 1.8589048385620117, 3.037722110748291, 0.8293389081954956, 2.1968603134155273, 0.8927431106567383, 1.7348778247833252, 2.1943912506103516, 1.678002119064331, 2.1367053985595703, 2.58164381980896, 3.110285520553589, 0.6209913492202759, 3.7617154121398926, 1.3285636901855469, 3.2876815795898438, 1.242470145225525, 1.4734163284301758, 1.0966116189956665, 1.189294457435608, 3.440885305404663, 1.1698014736175537, 0.9891335964202881, 1.911015510559082, 2.76539945602417, 2.8692524433135986, 3.4159390926361084, 2.7747535705566406, 1.014405608177185, 2.5709543228149414, 1.4612246751785278, 1.5386903285980225, 1.5015619993209839, 2.4424071311950684, 1.9056077003479004, 1.8467683792114258, 1.6013903617858887, 2.052016258239746, 1.4225724935531616, 2.0967774391174316, 2.528801202774048, 1.3733230829238892, 1.0096721649169922, 0.7201787233352661, 3.2990570068359375, 1.7596380710601807, 1.9446437358856201, 0.989399790763855, 2.267338752746582, 3.6617136001586914, 2.058218240737915, 2.081819534301758, 0.8846523761749268, 4.172359466552734, 1.7186574935913086, 1.8353852033615112, 0.7627079486846924, 1.868636131286621, 2.489082098007202, 1.469948410987854, 2.085339069366455, 1.897670030593872, 0.5435714721679688, 2.134615898132324, 0.9470746517181396, 1.7371842861175537, 1.6179125308990479, 1.8454389572143555, 2.2960636615753174, 1.3474299907684326, 1.5757339000701904, 3.4019126892089844, 1.9823395013809204, 3.559457540512085, 2.2888808250427246, 1.1419658660888672, 1.723813533782959, 1.2901397943496704, 1.937819242477417, 1.762777328491211, 1.4236772060394287, 2.549851894378662, 2.54358172416687, 0.31226158142089844, 2.1158549785614014, 1.4276050329208374, 3.694391965866089, 2.050778865814209, 2.583404302597046, 2.036473512649536, 3.1825411319732666], "params": {"iterations": 1510, "learning_rate": 0.014286, "depth": 3, "l2_leaf_reg": 3.4047e-06, "bagging_temperature": 2.5656, "random_strength": 4.1266, "border_count": 207}, "time_end": "2026-03-01T16:12:31.225251"}