{"model": "catboost_minilm_features-extract_quote_ratio", "type": "test", "seed": 41, "time_start": "2026-03-01T14:57:20.581534", "mse": 0.9543052346327854, "accuracy": 0.3805309734513274, "corr": 0.6968536723916421, "precision": [0.7777777777777778, 0.2692307692307692, 0.32323232323232326, 0.49056603773584906, 0.5384615384615384, 0.0], "recall": [0.13725490196078433, 0.42424242424242425, 0.6274509803921569, 0.4, 0.2916666666666667, 0.0], "f1": [0.23333333333333334, 0.32941176470588235, 0.4266666666666667, 0.4406779661016949, 0.3783783783783784, 0.0], "support": [51, 33, 51, 65, 24, 2], "confusion_matrix": [[7, 26, 16, 2, 0, 0], [1, 14, 16, 2, 0, 0], [1, 9, 32, 8, 1, 0], [0, 3, 32, 26, 4, 0], [0, 0, 3, 14, 7, 0], [0, 0, 0, 1, 1, 0]], "predictions": [1.2481387853622437, 1.377347469329834, 2.820852756500244, 1.3519642353057861, 0.8337687253952026, 1.56284761428833, 3.2304325103759766, 1.6899045705795288, 1.2951350212097168, 2.5045785903930664, 3.0570805072784424, 2.2903265953063965, 3.3730695247650146, 1.992814540863037, 1.665583848953247, 1.5760374069213867, 3.9221081733703613, 0.9538449048995972, 1.682437777519226, 3.553464651107788, 3.9331603050231934, 0.1890583038330078, 2.89151668548584, 1.6148288249969482, 1.5552682876586914, 2.9021027088165283, 2.2796454429626465, 1.9944148063659668, 2.5609970092773438, 2.4332287311553955, 3.4389238357543945, 1.1886029243469238, 2.0492608547210693, 1.1207599639892578, 3.2362165451049805, 2.3665542602539062, 1.2741272449493408, 2.1052896976470947, 3.079660654067993, 0.8433401584625244, 1.3865036964416504, 2.1936981678009033, 1.1626887321472168, 1.8922553062438965, 3.51969575881958, 3.1502327919006348, 1.1933238506317139, 2.7889621257781982, 2.0741379261016846, 0.52427077293396, 2.5257315635681152, 2.042179584503174, 3.2877254486083984, 1.825461745262146, 3.225677967071533, 0.7257752418518066, 3.1664938926696777, 2.0615410804748535, 3.64506196975708, 1.5768649578094482, 1.8338212966918945, 2.0038094520568848, 2.5739259719848633, 2.000126838684082, 1.5113856792449951, 2.525998115539551, 1.6989233493804932, 1.5764390230178833, 1.1141247749328613, 2.2570455074310303, 1.7395658493041992, 2.5236942768096924, 1.1967084407806396, 0.2955048084259033, 0.8920049667358398, 1.8102736473083496, 1.507575511932373, 1.8484437465667725, 1.7092987298965454, 0.15114688873291016, 1.6694996356964111, 1.675955057144165, 2.4861550331115723, 3.1869773864746094, 1.0596023797988892, 1.8389854431152344, 0.20688891410827637, 2.6199331283569336, 1.5781497955322266, 1.8567572832107544, 3.1380534172058105, 3.075514793395996, 2.7823069095611572, 0.7408908605575562, 2.36662220954895, 0.49048948287963867, 1.63966703414917, 1.9648873805999756, 1.2355282306671143, 1.6785728931427002, 2.6479761600494385, 0.1595146656036377, 2.5415666103363037, 2.330681324005127, 0.5933821201324463, 2.0885586738586426, 2.244389533996582, 1.2996819019317627, 3.491701602935791, 1.627458095550537, 2.540430784225464, 1.78220534324646, 2.538638114929199, 3.078367233276367, 1.9194390773773193, 0.9106224775314331, 3.2090072631835938, 2.5977602005004883, 2.69138240814209, 2.7760794162750244, 3.3256752490997314, 1.5632107257843018, 0.17268848419189453, 2.1681478023529053, 3.0809102058410645, 2.541314125061035, 1.6462006568908691, 1.3501794338226318, 1.683924674987793, 2.1560721397399902, 2.2882614135742188, 3.8526530265808105, 1.554857611656189, 1.5462791919708252, 3.384676218032837, 3.8087825775146484, 2.227536678314209, 2.9770114421844482, 1.336559772491455, 2.215437412261963, 0.8657299280166626, 1.648165225982666, 2.1368660926818848, 1.657426357269287, 1.9564640522003174, 2.7792863845825195, 3.068150043487549, 0.40518665313720703, 3.7435874938964844, 1.303243637084961, 3.4260544776916504, 1.3035975694656372, 1.1887004375457764, 0.6245375871658325, 1.1104927062988281, 3.3683974742889404, 1.1844767332077026, 0.7941874265670776, 2.1230998039245605, 2.4843740463256836, 3.2072017192840576, 3.0207412242889404, 2.7405354976654053, 1.0769340991973877, 2.388162851333618, 1.4855059385299683, 1.458681583404541, 1.3223117589950562, 2.3688151836395264, 2.119781017303467, 2.0605359077453613, 1.7642515897750854, 1.6766539812088013, 1.5938940048217773, 2.3149285316467285, 2.6662111282348633, 1.3342366218566895, 0.7789766788482666, 0.8625019788742065, 3.331709861755371, 1.7984898090362549, 1.8396466970443726, 1.0926761627197266, 2.0103416442871094, 3.823232412338257, 2.1603686809539795, 2.124643325805664, 0.6111176013946533, 3.9500179290771484, 1.5025920867919922, 2.042820930480957, 0.616480827331543, 2.0136454105377197, 2.4063284397125244, 1.4539812803268433, 2.3721237182617188, 1.5562447309494019, 0.58095383644104, 2.5136592388153076, 0.9834240674972534, 1.7021665573120117, 1.7926379442214966, 1.9171429872512817, 1.9504249095916748, 1.3691227436065674, 1.474205493927002, 3.5062203407287598, 2.0033743381500244, 3.786865711212158, 2.0006234645843506, 1.5460070371627808, 1.5303330421447754, 1.2932296991348267, 1.7803001403808594, 2.0064454078674316, 1.1111608743667603, 2.6299915313720703, 2.4584054946899414, -0.11213803291320801, 1.7566734552383423, 1.4026298522949219, 3.8633499145507812, 1.9595526456832886, 2.527845621109009, 2.121234655380249, 3.1046037673950195], "params": {"iterations": 1510, "learning_rate": 0.014286, "depth": 3, "l2_leaf_reg": 3.4047e-06, "bagging_temperature": 2.5656, "random_strength": 4.1266, "border_count": 207}, "time_end": "2026-03-01T14:57:20.708972"}