{"model": "catboost_minilm_features-extract_contractions", "type": "train", "seed": 40, "train_losses": [], "val_losses": [], "time_start": "2026-03-01T15:47:34.093010", "mse": 0.11268797766103897, "accuracy": 0.8698453608247423, "corr": 0.9813990739958796, "precision": [0.98989898989899, 0.8308823529411765, 0.69375, 0.8357142857142857, 0.9572649572649573, 1.0], "recall": [0.8305084745762712, 0.875968992248062, 0.925, 0.7748344370860927, 0.8682170542635659, 0.9612403100775194], "f1": [0.9032258064516129, 0.8528301886792453, 0.7928571428571428, 0.8041237113402062, 0.9105691056910569, 0.9802371541501976], "support": [118, 129, 120, 151, 129, 129], "confusion_matrix": [[98, 20, 0, 0, 0, 0], [1, 113, 15, 0, 0, 0], [0, 3, 111, 6, 0, 0], [0, 0, 34, 117, 0, 0], [0, 0, 0, 17, 112, 0], [0, 0, 0, 0, 5, 124]], "predictions": [2.6739430029226097, 1.364641029096974, 0.17828723984878847, 3.872776388690541, 1.4724201026803012, 3.6703856931257928, 2.539719027601368, 2.708855212412012, 2.418623852082671, 2.979398676709089, 1.8149066727797276, 3.81386571849347, 3.0020836784791753, 2.937773564358295, 1.630502606310432, 0.34745631290469037, 1.7790801434210561, 2.8713329277377015, 2.790430165826173, 1.7409144466747177, 1.3940032390198271, 0.530723002105425, 0.6196820858790488, 1.7533399278764734, 0.9989766905768682, 2.8209808549833952, 0.2503409314658631, 2.8001173641385098, 1.022556278708997, 2.6708761675301123, 1.6652148362013466, 2.282950921955667, 1.3822590253770124, 2.821876755813139, 1.094570192332519, 1.750537547990578, 0.03034425461383039, 0.5264932065665646, 0.20053720776057427, 1.8300948659417084, 3.81640241246789, 2.56201208612464, 1.1485988663885984, 1.533951889335001, 0.43397963901451897, 2.1306334831202687, 2.507118940509508, 3.8398059572457797, 0.1515039810838692, 0.1267964927251195, 1.0343971047834095, 0.4590985733653854, 2.4391404684262743, 1.330252584930817, 3.056837560881847, 4.077083622477775, 1.9926494117796225, 2.350353568291231, 2.7793857202541568, 4.124303225028018, 2.760109917465561, 0.2943909258176167, 3.1686288366525917, 0.36552408591114327, 2.5230741398095162, 2.3335383227903357, 1.9597946647380078, 1.2097578513156984, 1.8287712100140052, 2.9340815646102527, 1.7183676167700392, 0.07736499770141547, 0.2905929541205743, 2.7947266474308385, 0.23188194682789698, 0.16072729950575537, 0.20815814423593615, 2.1910855501199276, 3.8336975854147015, 3.7252737122282014, 1.8758054879201551, 1.7980574633865127, 2.66802095099282, 2.2716044262355464, 3.8547449247459245, 0.9471963320645709, 0.3216845830651698, 2.890834847917913, 3.222582429800295, 0.14311861434022655, 2.16765125385689, 2.6338886939120947, 3.508697397956203, 1.5950392462914271, 3.5734877555722955, 2.203877626250619, 1.333188538018696, 0.5251416429274371, 2.793378946594881, 1.1452468458976344, 2.663098716205634, 1.1059520340409905, 1.1289668026559123, -0.04707760507585279, 1.9239275071411361, 0.4775678418145777, 3.2854417168509964, 0.3213183382757099, 0.264043400206166, 2.3229992777847532, 0.5317098980980692, 4.408950715518421, 1.2809914324381548, 0.13237521497632354, 0.06010984037478995, 2.4925267289611788, 0.36876381662968427, 3.1404444649610443, 2.705695075689065, 0.3433516957866769, 0.19463385277636291, 4.438931962736885, 0.29783872122518096, 1.5036320762765962, 2.335501463836466, 1.9857438371383145, 2.3301704133116625, 0.3935703377425752, 1.934500311136489, 1.6359556694201758, 0.6489195286546436, 2.297588682090839, 3.782493543453069, 1.7357732192092827, 0.07114735437986175, 2.2030974076804277, 1.7691673265926244, 0.44051961784300886, -0.07447639767877057, 0.7830551561306531, 2.3279412067420537, 3.6633268389096116, 2.041926856627846, 1.3226656260675373, 0.43479087192761146, 2.6881459813731845, 0.19238110174113254, 2.4777720359682505, 2.23834572193487, 2.8772244579760335, 3.0470151553723057, 3.081120304664506, 3.557583987127087, 3.815932488871116, 0.2790778028151264, 0.11223967931919931, 1.0659674145437696, 3.61838114010569, 1.5359902880873841, 0.18306541006368215, 2.1001695011582546, 3.956419058909234, 2.31592855632234, 1.1628190381060282, 3.010974464589163, 3.153072061295245, 2.4870815555563444, 2.5607387642712056, 1.88177610139252, 1.0038188623421056, 1.9899693838516574, 2.2801218880051026, 2.9891926597425607, 2.8969668437605085, 1.8476403918339723, 0.08948538502974612, 1.2592061443735445, 1.874362827320788, 0.6810900405167764, 3.6959833378896136, 3.719147851562962, 2.7670736365470328, 2.6609443467870775, 0.4137373269781417, 2.7634994949309597, 1.6092529281513066, 2.5328527275578594, 1.8020021727926143, 2.533767473710543, 3.3392791216626576, 4.387786274792156, 2.4244693720400488, 1.678294852468737, 1.253158510397355, 1.800012324556609, 3.0655817024426137, 3.4524587648924934, 4.09691899840033, 2.5723828582216486, 1.6149686838503254, 1.3800600228821367, 1.1928658436107713, 2.184176709864298, 2.3763390704651117, 3.166644181710702, 0.40473293223446083, 1.3262628305758555, 1.7183626423064515, 2.2300111907114806, 0.7173557309330785, 3.134273204708993, 1.9468386601659549, 3.1405102467204022, 3.872365300773115, 1.7064844488281732, 1.6394111957399087, 1.5341665038415913, 2.474762396081193, 1.7471404649035065, 1.2642311971186688, 2.9406371106006417, 1.7020145774619562, 0.4250219927291341, 1.507208331501114, 3.0329877184029517, 2.8780558477331746, 2.7174709783030186, 1.5756526408935032, 1.8519565823469166, 3.355212618626622, 1.6777648339085722, 3.113281283225594, 2.3703487586807603, 3.717144889611112, 1.7341746906985547, 2.9804737197656834, 2.0738595879569885, 2.862180840354479, 2.282181557170549, 3.7937114700988888, 1.6259651857832957, 2.359975467010468, 2.415702001438313, 2.6034819881526103, 2.7656338522946204, 1.2732071410890209, 2.3226897321153506, 0.8600026986322227, 0.4842541392070103, 0.25933833335630796, 0.42094772273981196, 3.770911872477526, 1.2838999191062737, 1.1155896506040284, 0.45308237130149687, 2.62108987055132, 0.5456686657961931, 2.671492714381216, 2.4005941645894775, 1.7883959095747035, 0.9280343631374597, 0.7633231008610066, 1.776354559526221, 2.1448865813700957, 2.21114414311153, 1.1187012888091825, 1.71220623381739, 2.6897724132441927, 2.1101083359220163, 0.5720246007998557, 1.7828262944448277, 0.5589463716756398, 0.1646705384255025, 3.2818366681405284, 2.609565678468752, 3.396976147034687, 2.253678357978006, 2.6334382540595094, 1.7692351153054418, 1.6588440299702567, 2.7298631101580138, 2.8652143338173373, 0.25733863037628746, 1.4671330671577758, 0.940779646306602, 2.4616320627938184, 1.3278465407804496, 3.8229721107292156, 1.750815825722736, 0.026436485621925687, 1.3892308688630322, 0.9358316093649086, 1.8553408861690637, 1.3202884230896004, 2.188332205843893, 0.058247127223545636, 1.3137133083497505, 0.6286768113194983, 2.6635593782032347, 2.530181102028381, 1.2340104670006922, 2.641283212138285, 0.32564322842187865, 1.5551329763785116, 2.819562300851337, 2.320144960354335, 3.0586696766190573, 2.2015004246177488, 3.4661083210693895, 1.006057951223689, 2.1990143960031547, 1.8399553332355012, 1.5183106191259506, 0.40707785299277877, 0.4109082446262251, 0.34665886214046093, 1.1973231962128945, 3.7209963963660035, 3.4117115803942037, 1.9273532192406746, 2.669989401512476, 2.0634891332538614, 0.2276121009640515, 3.2562011472514794, 0.2095939685496795, 0.4352242438054703, 2.5215494564387924, 3.986710793331481, 1.1859317603736788, 1.695966930995625, 1.4102892670584328, 3.4979172785293606, 2.611258205646732, 2.3188543126230106, 0.1774989361887891, 0.7515510588709791, 0.318600389496027, 1.8800160825013112, 2.6595681667539184, 1.165455126081674, 1.9132003214546405, 3.611475262134728, 3.3559429688171383, 2.04358133065211, 2.986568926993753, 2.8692912941466693, 2.622834832912907, 0.3352830003428702, 0.19594797931218233, 0.5196803445165212, 0.10875662280512666, 4.686794325835448, 1.4758423215731533, 2.524944925855838, 3.0302122175847463, 2.740882368167009, 2.1343737876911533, 2.4077894134811246, 0.9166945274391831, 0.31768306404496816, 3.285218679324068, 0.45977040803088576, 