{"model": "catboost_minilm_features-extract_ttr", "type": "test", "seed": 41, "time_start": "2026-03-01T15:22:52.509145", "mse": 0.9717511888316258, "accuracy": 0.37168141592920356, "corr": 0.6897974215607838, "precision": [0.6363636363636364, 0.2962962962962963, 0.32673267326732675, 0.4583333333333333, 0.5, 0.0], "recall": [0.13725490196078433, 0.48484848484848486, 0.6470588235294118, 0.3384615384615385, 0.25, 0.0], "f1": [0.22580645161290322, 0.367816091954023, 0.4342105263157895, 0.3893805309734513, 0.3333333333333333, 0.0], "support": [51, 33, 51, 65, 24, 2], "confusion_matrix": [[7, 25, 19, 0, 0, 0], [2, 16, 12, 3, 0, 0], [2, 8, 33, 7, 1, 0], [0, 5, 34, 22, 4, 0], [0, 0, 3, 15, 6, 0], [0, 0, 0, 1, 1, 0]], "predictions": [1.398229718208313, 1.1085423231124878, 2.7704100608825684, 1.188419222831726, 1.0494626760482788, 1.659532070159912, 3.087977647781372, 1.7607626914978027, 1.391880989074707, 2.476189374923706, 3.086559534072876, 2.40021014213562, 3.3551135063171387, 1.978496789932251, 1.7873326539993286, 1.8140252828598022, 3.8143153190612793, 1.0023748874664307, 1.5610342025756836, 3.387301206588745, 3.794377326965332, 0.27680325508117676, 2.9306654930114746, 1.6996455192565918, 1.4417897462844849, 2.9444680213928223, 2.2314839363098145, 1.8286082744598389, 2.720513343811035, 2.599569797515869, 3.4329137802124023, 1.2781720161437988, 2.1499476432800293, 1.0627425909042358, 3.0698957443237305, 2.57060170173645, 1.3014172315597534, 1.920356035232544, 2.983675956726074, 0.7570381164550781, 1.492643117904663, 2.1538941860198975, 0.8068461418151855, 1.9119702577590942, 3.2977724075317383, 3.1207456588745117, 1.2448976039886475, 2.9573988914489746, 1.7524725198745728, 0.4147930145263672, 2.529388427734375, 2.120929002761841, 3.2367916107177734, 1.6803635358810425, 3.0604469776153564, 0.715835452079773, 3.068730115890503, 2.168729066848755, 3.5898642539978027, 1.6019446849822998, 1.7212257385253906, 2.093754529953003, 2.805694103240967, 2.18034291267395, 1.5763187408447266, 2.4275553226470947, 1.7390246391296387, 1.7400033473968506, 1.1339707374572754, 2.557365894317627, 1.6269371509552002, 2.610028028488159, 1.368552565574646, 0.3919069766998291, 1.039306640625, 2.015687942504883, 1.4656506776809692, 1.9175364971160889, 1.4756441116333008, 0.08028006553649902, 1.730994701385498, 1.9844329357147217, 2.2566933631896973, 3.3566434383392334, 0.7385108470916748, 2.069340467453003, 0.1303877830505371, 2.6951828002929688, 1.5700839757919312, 1.7336653470993042, 2.8175017833709717, 2.9179623126983643, 2.3876187801361084, 0.8465173244476318, 2.423694372177124, 0.41274523735046387, 1.4342149496078491, 1.912725567817688, 1.2060142755508423, 1.818835735321045, 2.444725751876831, 0.27405714988708496, 2.417100429534912, 2.150129795074463, 0.425872802734375, 1.9256600141525269, 2.434497356414795, 1.4368690252304077, 3.4651107788085938, 1.4911161661148071, 2.5435643196105957, 1.7087074518203735, 2.4971330165863037, 2.8847532272338867, 1.804598093032837, 1.0916502475738525, 3.320448398590088, 2.4827325344085693, 2.7706124782562256, 2.771601438522339, 3.357851505279541, 1.5180935859680176, 0.15584993362426758, 2.10939884185791, 3.06380558013916, 2.5177195072174072, 1.4387896060943604, 1.2978839874267578, 1.4852248430252075, 1.998652458190918, 2.4359326362609863, 3.59306001663208, 1.6999764442443848, 1.5186337232589722, 3.488144636154175, 3.663541793823242, 2.268622398376465, 2.9956586360931396, 1.2001022100448608, 2.266627073287964, 1.1180145740509033, 1.3476648330688477, 2.199660062789917, 1.6485342979431152, 2.049339771270752, 3.0041894912719727, 3.1090266704559326, 0.4522836208343506, 3.7145097255706787, 1.3816901445388794, 3.3764753341674805, 1.226171612739563, 1.0497021675109863, 0.8777443170547485, 1.1405333280563354, 3.5002119541168213, 1.1730151176452637, 1.0097087621688843, 2.0254428386688232, 2.6852493286132812, 2.8645997047424316, 3.0214884281158447, 2.9623217582702637, 0.979840874671936, 2.287839889526367, 1.5409221649169922, 1.656723141670227, 1.3524340391159058, 2.2719430923461914, 2.0774552822113037, 2.0247671604156494, 1.8613855838775635, 1.7698180675506592, 1.6021394729614258, 2.1623659133911133, 2.4171905517578125, 1.3446338176727295, 0.8493351936340332, 0.7524274587631226, 3.1530888080596924, 1.7376034259796143, 1.7054532766342163, 1.2260524034500122, 1.9810361862182617, 3.8351640701293945, 1.9612736701965332, 2.173552989959717, 0.7265594005584717, 4.028494834899902, 1.7555546760559082, 2.047022581100464, 0.8154211044311523, 2.031294584274292, 2.256208658218384, 1.649175763130188, 2.281949520111084, 1.5722665786743164, 0.5655306577682495, 2.1646525859832764, 1.0464431047439575, 1.8030142784118652, 1.5702154636383057, 1.9111934900283813, 2.232408046722412, 1.246699571609497, 1.4298107624053955, 3.5286240577697754, 1.9528597593307495, 3.9008677005767822, 2.1201863288879395, 1.5031547546386719, 1.6068127155303955, 1.5111175775527954, 1.7806401252746582, 1.9691659212112427, 0.9922853708267212, 2.408470392227173, 2.5215606689453125, -0.08654260635375977, 1.8266754150390625, 1.2816485166549683, 3.82487154006958, 1.9693833589553833, 2.375492572784424, 2.011833906173706, 3.2961366176605225], "params": {"iterations": 1510, "learning_rate": 0.014286, "depth": 3, "l2_leaf_reg": 3.4047e-06, "bagging_temperature": 2.5656, "random_strength": 4.1266, "border_count": 207}, "time_end": "2026-03-01T15:22:52.613540"}