{"model": "catboost_minilm_features-extract_ngram_word_length_by_char", "type": "train", "seed": 40, "train_losses": [], "val_losses": [], "time_start": "2026-03-01T15:05:19.486199", "mse": 0.11300553754691646, "accuracy": 0.8608247422680413, "corr": 0.9814353783384601, "precision": [0.9896907216494846, 0.8273381294964028, 0.6829268292682927, 0.8283582089552238, 0.940677966101695, 0.9919354838709677], "recall": [0.8135593220338984, 0.8914728682170543, 0.9333333333333333, 0.7350993377483444, 0.8604651162790697, 0.9534883720930233], "f1": [0.8930232558139535, 0.8582089552238806, 0.7887323943661971, 0.7789473684210526, 0.8987854251012146, 0.9723320158102767], "support": [118, 129, 120, 151, 129, 129], "confusion_matrix": [[96, 22, 0, 0, 0, 0], [1, 115, 13, 0, 0, 0], [0, 2, 112, 6, 0, 0], [0, 0, 39, 111, 1, 0], [0, 0, 0, 17, 111, 1], [0, 0, 0, 0, 6, 123]], "predictions": [2.598414733707361, 1.295239559623777, 0.1364321828883761, 3.842697785501304, 1.4121810982373413, 3.7529528345691245, 2.55061294562741, 2.7436357017754287, 2.4855645558235717, 2.8899472899344225, 1.8509097462754047, 3.713075216679022, 3.063647121550378, 3.123248558833212, 1.591729478783301, 0.39985422885736055, 1.779499222253337, 2.8513185985531253, 2.926151093362142, 1.8110460641249584, 1.425673809852027, 0.6185289767638844, 0.7628273638992928, 1.7384111153646042, 1.055745761297779, 2.826646095847858, 0.1889909166688426, 2.723732638196907, 1.1385856015140707, 2.656069237023449, 1.7802963522061437, 2.330214908337609, 1.373468676486961, 2.9642496416089945, 1.0748717040388198, 1.7641025499388108, 0.0814002393405544, 0.38976461298072484, 0.2139868130580922, 1.6460947936893313, 3.8024360374371753, 2.5795153546812917, 1.14555334305275, 1.614008501076313, 0.46826174015361843, 2.1273831319345717, 2.563701057649957, 3.9589534435652878, 0.18691172928177258, 0.2465004491684466, 1.03142632127371, 0.393318629390234, 2.343069054975282, 1.4085162989382345, 2.8598964447433475, 3.9829398948474086, 2.09362326910471, 2.339247194686322, 2.741350484583207, 4.181020029089313, 2.8083170191356492, 0.2357210937088028, 3.1341436123280637, 0.3905716973508371, 2.5811002858357694, 2.296275006602077, 2.0912877776194994, 1.226032166914699, 1.9401896676944044, 2.922418624025922, 1.7448955562198711, 0.10450645885799448, 0.28253769153153296, 2.789933367117442, 0.2624966574947596, 0.1515154544922832, 0.26620927060770105, 2.0621056191893876, 3.7360532413536216, 3.7627388191301483, 1.8991630848050205, 1.7882170477119828, 2.686571327457372, 2.18707474644954, 3.928150116702872, 0.955521972711866, 0.28636495150968644, 2.898858918484507, 3.1522522974059535, 0.14655722564566043, 2.2049608647026933, 2.670782506565143, 3.4816356938684936, 1.5234148844382056, 3.608252435030499, 2.1919081041195176, 1.3415636338008248, 0.5809162792698612, 2.853653713364889, 1.1383043562717587, 2.631583670378083, 1.159552205809203, 1.1797926515768027, 0.07466149245416887, 1.91494684981599, 0.566305821414723, 3.2297660877031706, 0.3211452022353032, 0.19000648091246086, 2.2828146260821396, 0.587242495796316, 4.356698756593055, 1.2587479510766522, 0.15902014080452664, 0.10218404219633781, 2.4341413757262074, 0.37431744205711137, 3.1796345756330173, 2.7489755323218925, 0.3989608959422455, 0.19375597504843656, 4.450356775675457, 0.2902082434502611, 1.4441912558201984, 2.2955208718179994, 2.0056526853725716, 2.4431239751555776, 0.3714992553755776, 1.9250917165679784, 1.6457984523503135, 0.6436474919068567, 2.3241082214859565, 3.873640817259309, 1.7158331054515736, 0.07305991661526745, 2.2096600697999347, 1.7418117849240637, 0.38117371269779365, -0.1073153805719933, 0.805126241134408, 2.4060131738288204, 3.7299313687563087, 2.063765311255042, 1.32215354526853, 0.541889916251995, 2.5235131488413813, 0.12949304712562393, 2.4452347203997715, 2.4229590898440168, 2.8625733131286175, 2.941963394226722, 3.097211453486428, 3.6635682885136065, 3.906798013754515, 0.21047153275131247, 0.12632999444652215, 1.1195245262295093, 3.6526562025529743, 1.5626391565529234, 0.12873664734042656, 2.1435688128465777, 3.8547566089999865, 2.387266596184462, 1.1554519297736334, 3.026212699537202, 3.152233346680897, 2.5971559071415555, 2.426304463151347, 1.9216635225573901, 0.9522893322075621, 1.921612287448748, 2.388021012599353, 2.9031696569130223, 2.784145480720812, 1.889337791168571, 0.09051779859817799, 1.1797766934836218, 1.7842524366243842, 0.6415731646520875, 3.6234371711616458, 3.7143868407672063, 2.7415757222217683, 2.536767455649382, 0.3936551410894853, 2.6744752208874565, 1.6606882410099528, 2.5277216331830155, 1.8338905536123449, 2.6232577763614375, 3.3285283118849507, 4.42159267131347, 2.466726049512372, 1.718456433849115, 1.20514475502177, 1.683029902677431, 3.123247528988899, 3.5858511842951133, 4.176420387942764, 2.635685966938452, 1.6798501832360606, 1.3658631946057487, 1.1204998197910014, 2.225309130087786, 2.454697333452817, 3.1853098327567, 0.38890776537577354, 1.325728227271489, 1.750955582005129, 2.222203868496057, 0.7172255867146349, 3.2015164048084057, 2.005383252497522, 3.080956914458768, 3.889021702752207, 1.7380827033382875, 1.5808993733369028, 1.4844900026691148, 2.3886859349482847, 1.7587725378915415, 1.3748630827315385, 2.8189931879199257, 1.7422617554921984, 0.404512320065217, 1.5082586091356274, 3.027616552613988, 2.8668317707900304, 2.6803180382651153, 1.6887309728626398, 1.7754679582359472, 3.291836003127694, 1.6204865283977956, 3.033089769360656, 2.354115809589817, 3.731455410486826, 1.6980281027233457, 2.8861117806399155, 2.002432058772542, 2.815672588816787, 2.415952145572948, 3.7333732865240834, 1.6334415719150688, 2.2971763105811185, 2.368399613401524, 2.365098718892738, 2.7086416241718823, 1.1931231357628584, 2.3882712935503823, 0.9110443263559036, 0.5520188730191564, 0.281198406964708, 0.3296580264680946, 3.723242587224358, 1.345382105422233, 0.9423235831474384, 0.4394080519064061, 2.7540410743117265, 0.6362125908085463, 2.701013886193504, 2.4685492572023398, 1.8514095153815433, 0.9029489922280909, 0.8982721591980962, 1.7249453914581037, 2.161305294817927, 2.1773593024887448, 1.2112183149556417, 1.7278344820535116, 2.4407736887246796, 2.183050547668377, 0.5429517213559774, 1.814351464485605, 0.6037905387910596, 0.1320357951717721, 3.2429979594390552, 2.534373715383467, 3.358968772804161, 2.2473910978107425, 2.636787768527465, 1.800546826926963, 1.7169048388507613, 2.7214852661664226, 2.958595621927551, 0.2292606987072956, 1.4520389769851687, 0.8801018250123109, 2.4597297181761055, 1.3124558344125554, 3.712037657313778, 1.7010096079809398, 0.17646091063040892, 1.2802045544406493, 0.9189627053292704, 1.8041854424140626, 1.2942713378763242, 2.056839648752024, 0.04127254065586872, 1.2228264203942267, 0.5522374450260734, 2.8001765093465663, 2.422631744747427, 1.2814277771391478, 2.6473918294475034, 0.3181838264354866, 1.6206894390401994, 2.788479299311434, 2.2763378939994574, 2.9796794214707703, 2.1866077039836327, 3.561111397332672, 1.1204547612963247, 2.2034542701600603, 1.8060381587297099, 1.597320494512918, 0.426182400671546, 0.3871122283114605, 0.4338216294573636, 1.1576476251049128, 3.7096638549766396, 3.390001327721346, 2.0548510491375716, 2.7592969178319597, 2.14843848742206, 0.2103714096515592, 3.2871637450413536, 0.14959386915229667, 0.3502565193201357, 2.3685962998054637, 3.8808771429730564, 1.1155488679086079, 1.7026706259471789, 1.4069230590987343, 3.4535987270711557, 2.670916852088559, 2.3397072988970202, 0.14235511252560462, 0.7813142883223498, 0.3258012422305483, 1.877960720573359, 2.6486708742517213, 1.1203811266099046, 1.9657007558698933, 3.66059556097187, 3.3254475346931214, 2.0729212393165564, 2.9548245484657474, 2.7549682546255423, 2.6681786239589833, 0.3346560937883618, 0.1979856925898682, 0.5884986627370477, 0.11020667394374195, 4.558655453433193, 1.5664857813133808, 2.4861897121261616, 3.0365498441623737, 2.7080161440018853, 2.0496636699166526, 2.4591173260632484, 1.084999393454311, 0.3464980123123653, 3.366914305832159, 