{"model": "catboost_minilm_features-extract_3+syllable_count_ratio", "type": "train", "seed": 42, "train_losses": [], "val_losses": [], "time_start": "2026-03-01T15:34:36.089917", "mse": 0.1095486868405073, "accuracy": 0.8762886597938144, "corr": 0.9819953794086269, "precision": [1.0, 0.8368794326241135, 0.7160493827160493, 0.8455882352941176, 0.9487179487179487, 1.0], "recall": [0.8135593220338984, 0.9147286821705426, 0.9666666666666667, 0.7615894039735099, 0.8604651162790697, 0.9612403100775194], "f1": [0.897196261682243, 0.8740740740740741, 0.8226950354609929, 0.8013937282229965, 0.9024390243902439, 0.9802371541501976], "support": [118, 129, 120, 151, 129, 129], "confusion_matrix": [[96, 22, 0, 0, 0, 0], [0, 118, 11, 0, 0, 0], [0, 1, 116, 3, 0, 0], [0, 0, 35, 115, 1, 0], [0, 0, 0, 18, 111, 0], [0, 0, 0, 0, 5, 124]], "predictions": [2.684309929418829, 1.3163219417976353, 0.15234317391539243, 3.86257200432603, 1.413678581298544, 3.77909804525252, 2.485434884979141, 2.6637004276167406, 2.3910504928814316, 2.8789625556496343, 1.8351467072660177, 3.831840948127388, 3.02376720093196, 3.069225603784056, 1.6455367507141012, 0.32144580503422127, 1.70654798145059, 2.8748868809666432, 3.078149285715255, 1.759123249977295, 1.3562381237593477, 0.6084656412920728, 0.6676592373192582, 1.7048430863207051, 1.0661743176085523, 2.8690163627365837, 0.20210364438461514, 2.7560619662478527, 1.1223192214760673, 2.6728459886255354, 1.7564901040276697, 2.274302696885565, 1.3974040223629236, 2.9576540026672813, 1.059543071472468, 1.7378938015777712, 0.089431917183314, 0.39044780158818604, 0.16896018138646296, 1.7541490787663196, 3.8171170760079747, 2.4968878779383643, 1.1360727815599063, 1.5631427891260776, 0.47670299518614234, 2.144381029761414, 2.425985614469723, 3.873542657907663, 0.18728894801445906, 0.18288929570824486, 1.0547730002867046, 0.3540039504651946, 2.4778310163427846, 1.4209498828969138, 2.971845115952598, 3.9939679069905916, 2.012285339126559, 2.2820234376730277, 2.759591343035824, 4.20505078263019, 2.7377837897744217, 0.27900605385358723, 3.230186202952597, 0.40150555845680724, 2.6266980621288027, 2.217651084352802, 1.935669122077893, 1.2901029074196875, 1.994110265879978, 2.8646444900272834, 1.744183684456997, 0.11662539461002197, 0.34963080518876133, 2.80313685413487, 0.24536682813476673, 0.14302317912901508, 0.1717044043956526, 2.0863382417060317, 3.643664786766585, 3.7431006581965742, 1.907631360438506, 1.7671101459019225, 2.741754451639309, 2.1329210501548683, 3.882605137397316, 1.0031535347312892, 0.2879449181804219, 2.8287597090547174, 3.2140971361568553, 0.13776809854625238, 2.198685922687087, 2.704471485709295, 3.542361143215386, 1.5411888049706088, 3.5316634487065626, 2.11614862911878, 1.4369387564245866, 0.534134155787537, 2.8392698177176663, 1.169782489178344, 2.606459395033166, 1.052757134298098, 1.236677781618747, -0.03474297330155229, 1.8986360283871793, 0.47082063011444264, 3.146764843574142, 0.31541616251855675, 0.2688335019079626, 2.335685992135069, 0.5213008120153353, 4.427747486951424, 1.2935322810772345, 0.23809409175478846, 0.07011133631563515, 2.4405277478323866, 0.3140140343314348, 3.1297944803499167, 2.811619706104232, 0.4266319579811517, 0.165739732379929, 4.43651990766525, 0.27749264654769634, 1.5150250037812594, 2.2898846124511842, 2.123014939841664, 2.407893540156365, 0.3824747690411683, 1.9815652282406255, 1.6467724170576785, 0.6031089236123488, 2.274289118341963, 3.8576588375010736, 1.6511812171567635, 0.04612786735052543, 2.3406051525914506, 1.812499278961155, 0.36085765125294467, -0.12992841626536, 0.8118841879830945, 2.387626622653067, 3.6542756239108796, 2.104376579528217, 1.2554211458302276, 0.4461381691143633, 2.611591139146716, 0.1411866679194893, 2.506976134659533, 2.2978088080967116, 2.846430679106363, 2.8421830431366235, 3.145870178181286, 3.671756673388531, 3.951824627555557, 0.31538353548749676, 0.09682807567075002, 1.0489258717603764, 3.6820752398170584, 1.5066063199128839, 0.15840935796639677, 2.2389345664652285, 3.8343721714111867, 2.3334312018862406, 1.164596859452396, 3.049468986380643, 3.130253086862747, 2.5136896357462497, 2.4453413583003463, 1.9185071094536021, 1.0212124328541294, 1.9672484538565769, 2.281934650882587, 2.994301024149851, 2.813610275476389, 1.788209205060751, 0.13411911053304237, 1.1595422097653323, 1.8627553717670962, 0.6155246903054323, 3.707883503517872, 3.688854229621292, 2.6835149100572666, 2.6953659816507596, 0.39940454224798927, 2.7283768417576777, 1.6024867182795912, 2.5039870490013416, 1.8066370630537674, 2.505572446411072, 3.4746221655022236, 4.495977243745064, 2.499299899470371, 1.7086155549367537, 1.2174813736237242, 1.802347313054613, 2.99400747727808, 3.5086190267927546, 4.205574554078574, 2.6577980791484976, 1.7216971881830694, 1.3278278445406573, 1.1460926524296235, 2.2739542013174487, 2.467574459964325, 3.2420952470438413, 0.4572330993078526, 1.310106934294501, 1.72308100606425, 2.2025096336486922, 0.7103818651365803, 3.0638976371964075, 1.9812321973930946, 3.091277426095583, 3.924966455114713, 1.7979519110764148, 1.5709385189094012, 1.4517896401036383, 2.445667616769209, 1.771932617976562, 1.3118250870786257, 2.896877153915356, 1.753555068206396, 0.39745556183929676, 1.465250860924921, 3.0627429040613476, 2.8804592458485807, 2.7620993088996437, 1.5115361993743328, 1.731321705147162, 3.2464118526218018, 1.4563225916038702, 3.073891754003641, 2.47535334905585, 3.778935516621292, 1.6735325112619324, 3.053969909363851, 2.0759228784684356, 2.810020539741508, 2.27057915454466, 3.890191253037284, 1.619450767233693, 2.3492176262560047, 2.3765894289510068, 2.5100757469503234, 2.749357334728465, 1.2440799544010588, 2.36075538846452, 0.9135142850213629, 0.4958031001284504, 0.23160243852506968, 0.35532502506191355, 3.864873380620292, 1.267231670079634, 1.1068857415958562, 0.3148048617712984, 2.693200553459824, 0.5135043291262666, 2.755894754689405, 2.4495028631891236, 1.8815129220713893, 0.9265540259367693, 0.8758344050969498, 1.8018961730916798, 2.1489492034670277, 2.2786642143244804, 1.1000019796524303, 1.6968082875564616, 2.588208261241542, 2.060700712639115, 0.5027979274117891, 1.9308851337302047, 0.6434472117736492, 0.16429465286232725, 3.2237791740035773, 2.528130920696487, 3.3955339977360666, 2.3095624909601695, 2.571830400604425, 1.7342074026428236, 1.7249721457224747, 2.761099183164044, 2.954905166016525, 0.23685976523341834, 1.3925926922774363, 0.9438162887840418, 2.4900074125756984, 1.4062743106519648, 3.718498053562585, 1.8207493764664977, 0.03618705224858587, 1.252731490900459, 0.9269371684894803, 1.815207051828307, 1.2979366904322736, 2.1732741491996808, -0.00969427529166822, 1.2612675259159043, 0.6120105835699812, 2.69805361968933, 2.4717186284288615, 1.313162507879345, 2.6496896116903845, 0.32477616518842023, 1.5722451477128636, 2.848046378579234, 2.262688844114728, 3.147272274317068, 2.160979840016427, 3.5585241759540756, 1.1008367895119637, 2.2370780258119294, 1.7803540404887537, 1.5461406084840983, 0.4113459045003429, 0.4238443773823586, 0.36461300471584446, 1.1804333610653026, 3.778889746284463, 3.4053919443790552, 2.0548832973192575, 2.727360878576564, 2.1526870632648967, 0.18541019850723783, 3.215388388137367, 0.1880990305798691, 0.37379153311928626, 2.3571630982108225, 3.9678250363798884, 1.0678154982427062, 1.6775084855268414, 1.4027560031613593, 3.4599702043755483, 2.6444565479826765, 2.279692809560112, 0.1774874242133353, 0.7452835449183819, 0.34974945287518366, 1.8562138160550192, 2.6236343039108614, 1.1391809341559247, 1.8940975167977645, 3.616069500136441, 3.271775713869047, 2.0730048403394834, 2.803479957493185, 2.762607845709619, 2.664095602078465, 0.42303080791173375, 0.22911616030297965, 0.5412777792032701, 0.1881009365464621, 4.64520527724724, 1.5403999719022048, 2.4728943728504187, 3.0991393817642297, 2.6447631354738257, 2.1033787620431568, 2.547817435774868, 0.9946188479034235, 0.31245776169831396, 3.2590856971011424, 0.45053151040976536, 