{"model": "catboost_minilm_features-extract_entity_categories", "type": "train", "seed": 41, "train_losses": [], "val_losses": [], "time_start": "2026-03-01T16:19:22.144038", "mse": 0.11320735129687565, "accuracy": 0.8711340206185567, "corr": 0.9813649339739686, "precision": [0.9895833333333334, 0.8068965517241379, 0.7096774193548387, 0.8540145985401459, 0.9576271186440678, 0.992], "recall": [0.8050847457627118, 0.9069767441860465, 0.9166666666666666, 0.7748344370860927, 0.875968992248062, 0.9612403100775194], "f1": [0.8878504672897196, 0.8540145985401459, 0.8, 0.8125, 0.9149797570850202, 0.9763779527559056], "support": [118, 129, 120, 151, 129, 129], "confusion_matrix": [[95, 23, 0, 0, 0, 0], [1, 117, 11, 0, 0, 0], [0, 5, 110, 5, 0, 0], [0, 0, 34, 117, 0, 0], [0, 0, 0, 15, 113, 1], [0, 0, 0, 0, 5, 124]], "predictions": [2.6614043680877213, 1.326219867594598, 0.13198715981595965, 3.8834792488922023, 1.4763231032030009, 3.7593068631470445, 2.5089495094139234, 2.748774304050641, 2.4593314364695487, 2.8960338753700157, 1.8206851378020856, 3.7027816903066393, 2.965203123996066, 3.0502916349246094, 1.7069614795316124, 0.3932321239286085, 1.8350089033072114, 2.9691431083024353, 2.977941609611818, 1.7475192727247517, 1.3942115652801175, 0.6021051379510876, 0.746939529588873, 1.7991687229501665, 1.0960447597951952, 2.9128497006770226, 0.2631504928644026, 2.746182784347993, 1.0950361806479378, 2.4926910939952567, 1.824389644522857, 2.2419326169364955, 1.379189786573553, 2.964381012949258, 1.0299713240931196, 1.7682474824293335, 0.07002662460743814, 0.5326693225216323, 0.17516693472183364, 1.704943303843048, 3.848662046222571, 2.4825733684930182, 1.1073366543998264, 1.5544533754224288, 0.5278154063262415, 2.134307139635818, 2.4747012774158783, 3.9348839574502854, 0.19516778689262626, 0.14069466356755989, 1.1012970317483808, 0.3893428287800398, 2.5014845952083644, 1.439371068283831, 2.897489718273212, 3.8917101917356325, 1.9830536212232026, 2.4081727968355056, 2.793679102802335, 4.138326443173078, 2.7823765911827207, 0.20526893100538413, 3.2171785868488656, 0.3179915016858992, 2.5834855851553535, 2.121547628678872, 1.9062849822763739, 1.2246008426128139, 2.0594931633822955, 2.811264790124243, 1.755368906941178, 0.08338817669112686, 0.2669377006327811, 2.7024050921937626, 0.1766249133278981, 0.1633331268043947, 0.23676840042948388, 2.0375711340698976, 3.8332774200944164, 3.792738975868472, 1.8575085854717441, 1.8206321678141413, 2.5419890344125338, 2.22260311839302, 3.9220987439753747, 0.8486631611730056, 0.2099292808359805, 2.8758454775225855, 3.2000031622218286, 0.08072333800356812, 2.1878897929991163, 2.740892825773839, 3.4911607357091117, 1.4059284457410663, 3.544581208970417, 2.128168789856054, 1.4658231901411296, 0.5528762210824489, 2.8977154084991072, 1.1388285991596683, 2.5524379122613903, 1.184996778897589, 1.183188374920561, -0.09236220042328558, 1.8849204204680183, 0.5410100308091312, 3.2478172736108575, 0.3722608890509238, 0.25063674521639445, 2.223622803535176, 0.5588272205038431, 4.450149092306104, 1.3395793764064021, 0.18157570209667506, 0.08411406890715867, 2.522103053984382, 0.3538222995321614, 3.1041194001945565, 2.7590810951564, 0.4654610726328534, 0.18631444066298908, 4.396376686289575, 0.2503331609815569, 1.4922645302030577, 2.265042015671326, 2.0701150393480208, 2.3847581281649988, 0.3802866493573114, 1.905686979012175, 1.6928608024738103, 0.692320008340858, 2.249674253981989, 3.7342650873064347, 1.7453151830211668, 0.05304979436743773, 2.207453855336115, 1.8366453657817088, 0.42906507512210057, -0.10997591286282349, 0.7816985283713913, 2.335199540653263, 3.6512786972487694, 2.09816232399175, 1.2582405452594527, 0.4463064378434618, 2.6733291861996795, 0.15556615445308664, 2.623390968481066, 2.3290055728523447, 2.811750293508209, 2.841448956224674, 3.154878632219335, 3.626678681191632, 3.940041507586508, 0.2505923386050575, 0.0846746828744509, 0.9833905542017958, 3.630586702549223, 1.5443589231338304, 0.16223292621290852, 2.1819507151287363, 3.9379135894756683, 2.3763445080451175, 1.2119267365507733, 2.9881664347180954, 3.162637679469147, 2.528982272425933, 2.5333703750169847, 1.8506706470191643, 1.1053134279176808, 1.924934349481998, 2.383863725240889, 2.949111540730711, 2.8138643698908776, 1.7247489772209335, 0.03679328279355509, 1.1515882550094163, 1.8532838853938522, 0.6064901254643038, 3.6351279008266664, 3.707828481491145, 2.7370445781602233, 2.721742843148112, 0.3363982151774083, 2.7453131554302708, 1.5999570750508083, 2.5237717186159427, 1.7834918425594946, 2.606704198141794, 3.389007328614217, 4.461092334752582, 2.3759958861247394, 1.701917224871886, 1.1983440631096818, 1.7206748785719403, 2.985137264855689, 3.472401049122187, 4.141709190436472, 2.54876177483715, 1.6074686193319443, 1.3447915957281134, 1.1673071999267512, 2.319091029685671, 2.3417213709295277, 3.149078652660459, 0.40504197162875855, 1.4321616325968205, 1.7786848857021906, 2.197018879700851, 0.7279713716237421, 3.146107154065281, 1.9550137964565306, 3.0727044182273353, 3.8943810140526933, 1.7105780999487652, 1.5390014706862918, 1.46096370505408, 2.3737585798080163, 1.8182014689921342, 1.4186715753802903, 2.9404121053332313, 1.740953946444132, 0.35691855261411165, 1.4396481798619383, 2.975485987183597, 2.8286802025257467, 2.7433899659674736, 1.6702191984405554, 1.872127922536918, 3.396799825003365, 1.4727877312064377, 3.044593042834218, 2.44434383042719, 3.8333562207907503, 1.6569931019871218, 2.97899979517066, 2.0551058051729765, 2.7284848224517897, 2.309068152928166, 3.8509849124797277, 1.6370190807609188, 2.3490467477388086, 2.2603558985502215, 2.58497620785637, 2.880548966516289, 1.2245985462626345, 2.4570947925996984, 0.8829712477834082, 0.5897316820269629, 0.25558876798775154, 0.31502785429209856, 3.7581673662541824, 1.2597648895709759, 1.0802509998408631, 0.3810215526439076, 2.627848967160066, 0.6090340175449351, 2.7416990155745005, 2.501760195853277, 1.733139146207212, 0.9152192126655123, 0.7850423409538205, 1.8247233252490995, 2.064538765342953, 2.2094422472035653, 1.1772938351118902, 1.6872969277520529, 2.614630772033795, 2.1241438724600985, 0.5321465275442363, 1.940366301703359, 0.6477134013022885, 0.1595158160535881, 3.26550186115611, 2.5098581305004264, 3.513289829085843, 2.293837551625221, 2.581696007833592, 1.8172379848727072, 1.6978899783150188, 2.823147523535741, 2.771990708507838, 0.24161073713199466, 1.4705369495850258, 0.903198673260017, 2.443323500861362, 1.3730634261254238, 3.8068691970797737, 1.7210491527556713, 0.11748933083829138, 1.3509269239730954, 0.9767551674209332, 1.8372800872879027, 1.2791289388080156, 2.176102066103682, 0.06219557360872363, 1.319024457460998, 0.6182894080301491, 2.6546705384601657, 2.480625207208934, 1.3247758415370094, 2.6238669120643805, 0.31686696546633186, 1.5168787329893565, 2.7851370627029692, 2.2295378303246163, 3.0847427603320283, 2.205055783209785, 3.486401916160966, 1.0541027971946577, 2.180040705367706, 1.729910195684916, 1.5394272450345299, 0.47257386430618986, 0.3929497012726846, 0.47235938525604304, 1.165789955056116, 3.684082977010287, 3.3339567366613325, 1.978305907052166, 2.7409851718713023, 2.1710997826443323, 0.20555099551659772, 3.160126658939724, 0.14765763400288323, 0.3547114776922875, 2.360826444909655, 4.048212749320637, 1.0618637724108582, 1.6975276151007006, 1.4156297301382954, 3.468697860322842, 2.6134368245879926, 2.3511295024503434, 0.16091425127207648, 0.7787560871001462, 0.3211935072270373, 1.9203711928653733, 2.6017323911912995, 1.1620746913097308, 1.9871486211075413, 3.6523296234836433, 3.2586960881608684, 2.0909920518800504, 2.9342366506532276, 2.8145601694974136, 2.623354221029479, 0.36034728940777905, 0.26103487742946774, 0.5120036051072674, 0.2031552072239382, 4.658500794223971, 1.4887254201027176, 2.4879955169009613, 3.0601648250986297, 2.6235141693822146, 2.1251582813456666, 2.4874313530431182, 0.9993739760230254, 0.40062613772633604, 3.2985860633673827, 0.4205789758858489, 