{"model": "catboost_minilm_features-extract_preposition_imageability_avg", "type": "test", "seed": 40, "time_start": "2026-03-01T16:51:50.769134", "mse": 0.9884926832068849, "accuracy": 0.38495575221238937, "corr": 0.6836516405205177, "precision": [0.7, 0.3, 0.3142857142857143, 0.4897959183673469, 0.6666666666666666, 0.0], "recall": [0.13725490196078433, 0.45454545454545453, 0.6470588235294118, 0.36923076923076925, 0.3333333333333333, 0.0], "f1": [0.22950819672131148, 0.3614457831325301, 0.4230769230769231, 0.42105263157894735, 0.4444444444444444, 0.0], "support": [51, 33, 51, 65, 24, 2], "confusion_matrix": [[7, 24, 19, 1, 0, 0], [1, 15, 15, 2, 0, 0], [2, 8, 33, 8, 0, 0], [0, 3, 34, 24, 4, 0], [0, 0, 4, 12, 8, 0], [0, 0, 0, 2, 0, 0]], "predictions": [1.1806085109710693, 1.1266591548919678, 2.5841920375823975, 1.243618369102478, 1.0534414052963257, 1.5856549739837646, 3.124236822128296, 1.8872935771942139, 1.2319542169570923, 2.4381160736083984, 3.086658239364624, 2.2886390686035156, 3.1887309551239014, 1.9329653978347778, 1.7066199779510498, 1.7346842288970947, 3.6607825756073, 0.9959398508071899, 1.4852828979492188, 3.6458115577697754, 3.9657201766967773, -0.014426946640014648, 2.9671645164489746, 1.7442772388458252, 1.5829687118530273, 2.9042129516601562, 2.0566303730010986, 1.6284034252166748, 2.6866679191589355, 2.548586368560791, 3.5108799934387207, 1.1535121202468872, 1.9756979942321777, 1.1828409433364868, 3.1977386474609375, 2.433408260345459, 1.5748672485351562, 1.973445177078247, 3.0369722843170166, 0.7489111423492432, 1.3807083368301392, 2.2639336585998535, 1.0391809940338135, 2.086855411529541, 3.2533819675445557, 3.2883715629577637, 1.1707446575164795, 2.7850069999694824, 1.9969271421432495, 0.36271142959594727, 2.2229483127593994, 2.089205265045166, 3.2761893272399902, 1.6186074018478394, 3.364835500717163, 0.392925500869751, 3.223707437515259, 1.9320647716522217, 3.7233572006225586, 1.6994071006774902, 1.884190559387207, 1.990296721458435, 2.713857889175415, 2.064865827560425, 1.6020495891571045, 2.5897271633148193, 1.8983467817306519, 1.7178794145584106, 1.0491198301315308, 2.3740861415863037, 1.6383590698242188, 2.5141355991363525, 1.127874732017517, 0.23026609420776367, 1.2691978216171265, 1.735693097114563, 1.4850910902023315, 1.9018269777297974, 1.430688500404358, 0.29914021492004395, 1.7854808568954468, 1.947352647781372, 2.2582316398620605, 3.3520493507385254, 0.7269960641860962, 1.9792689085006714, 0.35620832443237305, 2.7768678665161133, 1.5249953269958496, 1.6529314517974854, 2.743833303451538, 2.9390361309051514, 2.740405559539795, 1.0170557498931885, 2.3859896659851074, 0.45585083961486816, 1.8236645460128784, 2.005589246749878, 1.0470085144042969, 1.8622324466705322, 2.512768507003784, 0.5287420749664307, 2.5531771183013916, 2.158799409866333, 0.8669013977050781, 2.099111557006836, 2.4169232845306396, 1.4336179494857788, 3.427198886871338, 1.6017857789993286, 2.5640642642974854, 1.7187199592590332, 2.633291244506836, 3.057434320449829, 1.672584056854248, 1.0976965427398682, 3.1246867179870605, 2.45518159866333, 2.6718671321868896, 2.8278098106384277, 3.2079386711120605, 1.6640924215316772, 0.27497291564941406, 2.147085189819336, 2.945462226867676, 2.4017770290374756, 1.6970295906066895, 1.3502655029296875, 1.5706697702407837, 2.174173593521118, 2.1350674629211426, 3.639220714569092, 1.7477099895477295, 1.5542985200881958, 3.3964710235595703, 3.790966510772705, 2.3984405994415283, 2.768099308013916, 1.3782888650894165, 2.1400973796844482, 1.3428590297698975, 1.5756855010986328, 1.8990015983581543, 1.7880382537841797, 2.0163540840148926, 2.945340394973755, 3.1855103969573975, 0.48674917221069336, 3.919666290283203, 1.2420299053192139, 3.3355870246887207, 1.2157551050186157, 1.1375337839126587, 0.8350287675857544, 1.0632281303405762, 3.478367805480957, 1.0996017456054688, 0.7568769454956055, 1.8685014247894287, 2.4872806072235107, 3.0146265029907227, 3.1291065216064453, 2.8033437728881836, 1.0931038856506348, 2.2844133377075195, 1.48143470287323, 1.5662610530853271, 1.245551586151123, 2.3553147315979004, 2.317854404449463, 2.069183588027954, 1.936490535736084, 1.9724845886230469, 1.6695940494537354, 2.3026111125946045, 2.4688823223114014, 1.4928584098815918, 1.0063769817352295, 0.7367308139801025, 3.2125980854034424, 1.8195252418518066, 1.574489951133728, 1.1344279050827026, 2.2867581844329834, 3.761631727218628, 2.091843605041504, 1.938922643661499, 0.694688081741333, 4.03571081161499, 1.6971299648284912, 2.019423484802246, 0.8086674213409424, 2.1182961463928223, 2.4750876426696777, 1.5304630994796753, 2.498260974884033, 1.8323497772216797, 0.5946588516235352, 2.2208211421966553, 0.871337890625, 1.5246624946594238, 1.7577779293060303, 1.9927105903625488, 2.052039861679077, 1.2821288108825684, 1.6893913745880127, 3.468202590942383, 2.134897232055664, 3.737156391143799, 1.8944220542907715, 1.5383515357971191, 1.642860770225525, 1.283449411392212, 1.78944730758667, 1.897853136062622, 1.1408510208129883, 2.537566900253296, 2.682666778564453, -0.00863027572631836, 2.0372605323791504, 1.4908491373062134, 3.777297019958496, 1.9198617935180664, 2.433199644088745, 1.8621764183044434, 3.3137619495391846], "params": {"iterations": 1510, "learning_rate": 0.014286, "depth": 3, "l2_leaf_reg": 3.4047e-06, "bagging_temperature": 2.5656, "random_strength": 4.1266, "border_count": 207}, "time_end": "2026-03-01T16:51:50.866788"}