{"model": "catboost_minilm_features-extract_numeric_word_ratio", "type": "test", "seed": 40, "time_start": "2026-03-01T15:17:41.525138", "mse": 0.9759203051564257, "accuracy": 0.3893805309734513, "corr": 0.6881102401654451, "precision": [0.7, 0.2641509433962264, 0.34, 0.5098039215686274, 0.5833333333333334, 0.0], "recall": [0.13725490196078433, 0.42424242424242425, 0.6666666666666666, 0.4, 0.2916666666666667, 0.0], "f1": [0.22950819672131148, 0.32558139534883723, 0.4503311258278146, 0.4482758620689655, 0.3888888888888889, 0.0], "support": [51, 33, 51, 65, 24, 2], "confusion_matrix": [[7, 25, 18, 1, 0, 0], [1, 14, 15, 3, 0, 0], [2, 8, 34, 6, 1, 0], [0, 6, 29, 26, 4, 0], [0, 0, 4, 13, 7, 0], [0, 0, 0, 2, 0, 0]], "predictions": [1.2860424518585205, 1.244562029838562, 2.7191572189331055, 1.2263143062591553, 0.9257932901382446, 1.598468542098999, 3.1878068447113037, 1.7086873054504395, 1.3282109498977661, 2.6212072372436523, 2.7966761589050293, 2.307966470718384, 3.4010438919067383, 1.7515912055969238, 1.6667362451553345, 1.6547126770019531, 3.734171152114868, 0.8568443059921265, 1.6958993673324585, 3.6437325477600098, 4.03371524810791, 0.12445235252380371, 2.7809040546417236, 1.7547487020492554, 1.3657935857772827, 2.7131810188293457, 1.9198203086853027, 1.8484575748443604, 2.6885452270507812, 2.3813037872314453, 3.4383058547973633, 1.288519024848938, 2.064114809036255, 1.1928937435150146, 3.022474765777588, 2.5800681114196777, 1.3292555809020996, 2.1799683570861816, 2.9661731719970703, 1.0486154556274414, 1.589963436126709, 2.247110605239868, 0.989806056022644, 2.145859956741333, 3.1830785274505615, 3.1088452339172363, 1.1700776815414429, 2.5732429027557373, 1.9918428659439087, 0.4790194034576416, 2.4930148124694824, 2.124882936477661, 3.2799510955810547, 1.733810544013977, 3.2169032096862793, 0.5404733419418335, 3.1078877449035645, 1.9046547412872314, 3.592285633087158, 1.2772167921066284, 1.8001725673675537, 1.984149694442749, 2.752171039581299, 2.0041162967681885, 1.647881269454956, 2.5396149158477783, 2.0728509426116943, 1.6356641054153442, 1.199515700340271, 2.151357412338257, 1.966781735420227, 2.498760223388672, 1.3917324542999268, 0.30232763290405273, 1.1282048225402832, 1.9042394161224365, 1.5125809907913208, 1.7134881019592285, 1.613990068435669, 0.29024410247802734, 1.7911291122436523, 2.0482540130615234, 2.437169313430786, 3.295114517211914, 0.8815485239028931, 2.161771059036255, 0.26335573196411133, 2.684309720993042, 1.4947139024734497, 1.7764458656311035, 2.905078411102295, 2.978853464126587, 2.4359641075134277, 0.8037923574447632, 2.0883524417877197, 0.46765732765197754, 1.685963749885559, 1.774592399597168, 0.9592297077178955, 1.7705626487731934, 2.5744121074676514, 0.3970065116882324, 2.5673224925994873, 2.1999032497406006, 0.709993839263916, 1.9901251792907715, 2.182718276977539, 1.2483307123184204, 3.469489812850952, 1.6633000373840332, 2.669729709625244, 1.6801984310150146, 2.6840176582336426, 2.9724810123443604, 1.670440912246704, 0.9803540706634521, 3.34419584274292, 2.4013254642486572, 2.7556538581848145, 2.8871543407440186, 3.3448803424835205, 1.7390687465667725, 0.24407005310058594, 2.0563623905181885, 3.1440718173980713, 2.5585076808929443, 1.81089448928833, 1.4539591073989868, 1.6923766136169434, 2.239147186279297, 2.3565046787261963, 3.769068717956543, 1.6331079006195068, 1.6640872955322266, 3.4848926067352295, 3.909801959991455, 2.173835515975952, 2.983529567718506, 1.2064415216445923, 2.299926280975342, 1.0111464262008667, 1.437604546546936, 2.1159586906433105, 1.7563345432281494, 1.9673619270324707, 2.8264591693878174, 3.2376413345336914, 0.39948368072509766, 3.7556562423706055, 1.3469507694244385, 3.272876262664795, 1.207268476486206, 0.8797719478607178, 0.6953443288803101, 1.081337809562683, 3.1403133869171143, 1.2494518756866455, 0.7182407379150391, 1.903743028640747, 2.809221029281616, 3.0348246097564697, 3.0328569412231445, 2.836289167404175, 0.9919255971908569, 2.3606936931610107, 1.5540361404418945, 1.3827576637268066, 1.5055291652679443, 2.3606088161468506, 1.8705902099609375, 2.0989890098571777, 1.8042690753936768, 1.9479377269744873, 1.5305228233337402, 2.2056024074554443, 2.5878398418426514, 1.412070870399475, 0.8148136138916016, 0.7448358535766602, 3.234797477722168, 1.7287931442260742, 1.921868920326233, 1.1890238523483276, 2.301166296005249, 3.8132448196411133, 1.9254189729690552, 2.109147548675537, 0.7906615734100342, 4.058490753173828, 1.3228530883789062, 1.9777911901474, 0.759021520614624, 2.141500949859619, 2.3731958866119385, 1.5156549215316772, 2.4185662269592285, 1.809138298034668, 0.5678248405456543, 2.4474635124206543, 1.0695604085922241, 1.5716958045959473, 1.7078437805175781, 2.029181480407715, 2.15918231010437, 1.4442970752716064, 1.469987392425537, 3.6314191818237305, 2.10866117477417, 3.7983970642089844, 1.958486557006836, 1.4623262882232666, 1.5974042415618896, 1.2164661884307861, 1.6688814163208008, 1.9571936130523682, 1.132472276687622, 2.7576208114624023, 2.42514705657959, -0.3201467990875244, 1.7621469497680664, 1.3388640880584717, 3.747173547744751, 1.9688445329666138, 2.647273540496826, 1.972424030303955, 3.3668525218963623], "params": {"iterations": 1510, "learning_rate": 0.014286, "depth": 3, "l2_leaf_reg": 3.4047e-06, "bagging_temperature": 2.5656, "random_strength": 4.1266, "border_count": 207}, "time_end": "2026-03-01T15:17:41.647196"}