{"model": "catboost_minilm_features-extract_polysemy", "type": "test", "seed": 40, "time_start": "2026-03-01T16:35:26.879722", "mse": 0.9754159876096349, "accuracy": 0.38495575221238937, "corr": 0.688409172112356, "precision": [0.7, 0.29411764705882354, 0.33980582524271846, 0.46, 0.5833333333333334, 0.0], "recall": [0.13725490196078433, 0.45454545454545453, 0.6862745098039216, 0.35384615384615387, 0.2916666666666667, 0.0], "f1": [0.22950819672131148, 0.35714285714285715, 0.45454545454545453, 0.4, 0.3888888888888889, 0.0], "support": [51, 33, 51, 65, 24, 2], "confusion_matrix": [[7, 27, 16, 1, 0, 0], [1, 15, 15, 2, 0, 0], [2, 5, 35, 8, 1, 0], [0, 4, 34, 23, 4, 0], [0, 0, 3, 14, 7, 0], [0, 0, 0, 2, 0, 0]], "predictions": [1.2266361713409424, 1.0860121250152588, 2.5794143676757812, 1.0334856510162354, 0.8454170227050781, 1.5795409679412842, 3.341373920440674, 1.6116161346435547, 1.2888160943984985, 2.6476566791534424, 2.935551166534424, 2.2703466415405273, 3.3678441047668457, 2.0294036865234375, 1.698524832725525, 1.7039272785186768, 3.681145191192627, 0.9761089086532593, 1.5464813709259033, 3.5229835510253906, 3.714339256286621, 0.08768033981323242, 3.012507438659668, 1.7429192066192627, 1.5679389238357544, 2.8525960445404053, 2.3642635345458984, 1.893883228302002, 2.48846173286438, 2.492912769317627, 3.296367883682251, 1.1739511489868164, 2.0218300819396973, 1.0484135150909424, 3.0237350463867188, 2.491403818130493, 1.3804817199707031, 2.067474603652954, 3.182830572128296, 0.8117949962615967, 1.4006190299987793, 2.1637113094329834, 0.9932153224945068, 2.2196900844573975, 3.162191152572632, 3.045262336730957, 1.3598772287368774, 2.642456531524658, 1.9268217086791992, 0.26712894439697266, 2.611349105834961, 2.063295602798462, 3.2811036109924316, 1.800158977508545, 3.2410008907318115, 0.528640627861023, 3.164645195007324, 1.9048235416412354, 3.675175666809082, 1.5834126472473145, 1.8576619625091553, 1.9403009414672852, 2.8370673656463623, 2.3142857551574707, 1.5594362020492554, 2.483140230178833, 1.9076178073883057, 1.702226996421814, 1.1579413414001465, 2.6271607875823975, 1.7869139909744263, 2.6171224117279053, 1.440484642982483, 0.06385564804077148, 1.1313962936401367, 2.136535167694092, 1.593759536743164, 1.7027884721755981, 1.6434948444366455, 0.14118623733520508, 1.7484403848648071, 1.8885165452957153, 2.4042587280273438, 3.34273624420166, 0.5782468318939209, 2.0504815578460693, 0.2512547969818115, 2.724308967590332, 1.4191837310791016, 1.7856831550598145, 3.0393333435058594, 3.1399450302124023, 2.7012453079223633, 0.6728116273880005, 2.1298646926879883, 0.47980165481567383, 1.5316905975341797, 1.8999409675598145, 0.8898481130599976, 1.8898264169692993, 2.4838993549346924, 0.18943214416503906, 2.6621129512786865, 2.0409889221191406, 0.7497793436050415, 2.0784878730773926, 2.107307195663452, 1.3766913414001465, 3.4401681423187256, 1.5560803413391113, 2.6398823261260986, 1.6503605842590332, 2.5649263858795166, 3.0749151706695557, 1.9882621765136719, 0.9566991329193115, 3.1957294940948486, 2.4912843704223633, 2.668753147125244, 2.58325457572937, 3.3809995651245117, 1.5169265270233154, 0.19170212745666504, 2.195819854736328, 2.990645170211792, 2.470137357711792, 1.5631489753723145, 1.3484505414962769, 1.6665682792663574, 2.056976795196533, 2.063530921936035, 3.6947364807128906, 1.8217189311981201, 1.8263885974884033, 3.3583736419677734, 3.6341004371643066, 2.5064198970794678, 3.049894332885742, 1.1864789724349976, 2.0621840953826904, 0.8864774703979492, 1.4713016748428345, 2.1109869480133057, 1.5749086141586304, 2.08805775642395, 2.7995686531066895, 3.111905336380005, 0.32381105422973633, 3.599358558654785, 1.4518544673919678, 3.1411380767822266, 1.4998682737350464, 0.9822404384613037, 0.5686163902282715, 1.1996210813522339, 3.190002918243408, 1.137372374534607, 0.7023144960403442, 1.975830316543579, 2.73482346534729, 2.953244924545288, 2.855959892272949, 2.8180911540985107, 1.1280720233917236, 2.4328713417053223, 1.7004361152648926, 1.4312033653259277, 1.3433610200881958, 2.3920578956604004, 1.9415137767791748, 2.0703368186950684, 1.8548977375030518, 1.8687224388122559, 1.6095459461212158, 2.0938897132873535, 2.7512764930725098, 1.4318400621414185, 0.9121935367584229, 0.781782865524292, 3.2071385383605957, 1.7855284214019775, 1.7489409446716309, 1.0962071418762207, 2.3644747734069824, 3.7475647926330566, 1.9643300771713257, 2.1293013095855713, 0.7795175313949585, 4.019958019256592, 1.5867905616760254, 2.1634750366210938, 0.8638221025466919, 2.305340528488159, 2.3777472972869873, 1.493557333946228, 2.2957077026367188, 1.8134677410125732, 0.5788003206253052, 2.393240213394165, 1.0896999835968018, 1.6031699180603027, 1.8970863819122314, 2.0197999477386475, 2.1560781002044678, 1.5146918296813965, 1.4238818883895874, 3.5197324752807617, 1.980212688446045, 3.632047653198242, 2.141421318054199, 1.4456790685653687, 1.670665979385376, 1.5334227085113525, 1.792738676071167, 1.978411316871643, 1.2520287036895752, 2.5385890007019043, 2.4177489280700684, -0.05252647399902344, 1.8299190998077393, 1.3891288042068481, 3.9279727935791016, 1.9242808818817139, 2.3362112045288086, 2.0377771854400635, 3.2960424423217773], "params": {"iterations": 1510, "learning_rate": 0.014286, "depth": 3, "l2_leaf_reg": 3.4047e-06, "bagging_temperature": 2.5656, "random_strength": 4.1266, "border_count": 207}, "time_end": "2026-03-01T16:35:26.992679"}