{"model": "catboost_minilm_features-extract_preposition_imageability", "type": "train", "seed": 40, "train_losses": [], "val_losses": [], "time_start": "2026-03-01T16:46:33.405220", "mse": 0.10947379361170764, "accuracy": 0.875, "corr": 0.9819894159048747, "precision": [0.99, 0.835820895522388, 0.6993865030674846, 0.8478260869565217, 0.9652173913043478, 1.0], "recall": [0.8389830508474576, 0.8682170542635659, 0.95, 0.7748344370860927, 0.8604651162790697, 0.9767441860465116], "f1": [0.908256880733945, 0.8517110266159695, 0.8056537102473498, 0.8096885813148789, 0.9098360655737705, 0.9882352941176471], "support": [118, 129, 120, 151, 129, 129], "confusion_matrix": [[99, 19, 0, 0, 0, 0], [1, 112, 16, 0, 0, 0], [0, 3, 114, 3, 0, 0], [0, 0, 33, 117, 1, 0], [0, 0, 0, 18, 111, 0], [0, 0, 0, 0, 3, 126]], "predictions": [2.7445046422834523, 1.2931879871006022, 0.18868853707048538, 3.885966124738166, 1.4554866676216187, 3.758656191412892, 2.5113096441865834, 2.7802304017359605, 2.4478980256666776, 2.8734535272898603, 1.8115967624212124, 3.8270828842993154, 3.145559470943854, 3.04109616838233, 1.5767322804402932, 0.3970383478830728, 1.7256349629692265, 2.8642553286511028, 2.9087092917388584, 1.748200500398112, 1.42198369739888, 0.6030065198954431, 0.6861255184490362, 1.810930073529661, 1.1028209036853918, 2.793107413706694, 0.14923408227890267, 2.8319042292665815, 0.925872587261984, 2.64094180704533, 1.7796801126316202, 2.2886553823004125, 1.3186547295509659, 2.852499185722299, 1.0782049670317477, 1.7903486434400433, 0.1280914501320205, 0.3380045980402695, 0.17360375172380005, 1.7424212341291083, 3.81969652847659, 2.563584995266935, 1.1329807526447677, 1.5411955163861153, 0.4844272307859332, 2.1539885496606086, 2.500499634748843, 3.854823810709065, 0.21664587001020363, 0.1593734799445765, 0.9777039983015758, 0.45372402741404105, 2.528134927228034, 1.305319595118067, 2.848338962689528, 3.8902307560903546, 2.1332122020732673, 2.3558716593708637, 2.724819570123878, 4.21464872130634, 2.685195929778211, 0.2733945791228902, 3.156693616939931, 0.39576036138681525, 2.575078044764413, 2.2396709232639544, 1.9898709711771654, 1.3220270690280918, 1.8987457653062005, 2.9568327773126395, 1.8008922456266458, 0.07432747134168638, 0.34233492017514777, 2.8369553444851032, 0.22702963359371475, 0.0975706881130205, 0.15884327235106, 2.1426493112543255, 3.7950213888046207, 3.7427982694437483, 1.8696284176316529, 1.782701502580276, 2.589911622188648, 2.1479954250584865, 3.9933979257043357, 0.8817630410595354, 0.3028763104195322, 2.93675826297349, 3.181545827838648, 0.07403208014594354, 2.201485358541781, 2.689801329570568, 3.481964563637609, 1.4073069865303103, 3.557198815767551, 2.2241898270435687, 1.4367290832066317, 0.49762457689884787, 2.889221997551074, 1.1158218795072035, 2.586952953816828, 1.1659819296498481, 1.1295753319286355, -0.04865615380185684, 1.9411777220120836, 0.5495670205934622, 3.223101272470402, 0.30199303682757117, 0.21317783177257743, 2.370727456785682, 0.5960131493694967, 4.520544134791884, 1.320310558144818, 0.1985058105925681, 0.049771140460033614, 2.3712669681016263, 0.26507945687063783, 3.115654908915492, 2.7670633049664817, 0.40871217500315105, 0.1733975809997923, 4.387293482229895, 0.35047745246742723, 1.5000633348214047, 2.3443953783322833, 1.9556628921985044, 2.51078452348181, 0.35443273842329415, 2.0249187772429704, 1.650410312280933, 0.6175476313677197, 2.367324197203085, 3.90643084761666, 1.7265943292091377, 0.0554099865844595, 2.3267108896701485, 1.7123927617873522, 0.3753179749271407, -0.15816298787397098, 0.8059424369089809, 2.3487815685216504, 3.694726750547403, 2.1173625450025604, 1.1647789908002562, 0.4219113383963462, 2.510746341684651, 0.11874594163852814, 2.542992743520057, 2.255736555365626, 2.8249018459410213, 2.8840364822110787, 3.065271142107152, 3.635058647072285, 3.86460610973192, 0.24505063130078097, 0.04174457666852671, 1.0195526692654484, 3.6518458423892843, 1.5126050925531964, 0.1803257744085327, 2.1277776426674038, 3.896691019307076, 2.393016978533413, 1.200920729416152, 3.1170389049558813, 3.196443455842441, 2.567900944753417, 2.494127414308893, 1.88647000229785, 0.9559920282955285, 1.9429230561802395, 2.47513737428801, 2.9394984264797266, 2.8574626649098582, 1.877420460317237, 0.010508390675613821, 1.1506873686055819, 1.8401853148221619, 0.6772189026063671, 3.6781662911065216, 3.615092362101679, 2.6823106019280027, 2.5849128497940588, 0.4258332749312599, 2.734197305173528, 1.6509999211966593, 2.4967985572790625, 1.9115528415757523, 2.5432911557260804, 3.424202835388279, 4.396177775992259, 2.3224497256784398, 1.735588271793743, 1.216858667962979, 1.762793134914978, 2.999235180367948, 3.5114418000699668, 4.087955999285878, 2.6484847512268055, 1.6861075636870577, 1.2265667914100005, 1.1911587259650573, 2.196723213569629, 2.3805313422291787, 3.171148862223021, 0.42895176264726587, 1.3778578011398646, 1.7987820056623478, 2.2497064435753225, 0.7742031767991993, 3.0178759767299095, 1.9784814507956545, 2.986911283376226, 3.9037088068122303, 1.7057427093431423, 1.5515388218659631, 1.5067919150503535, 2.396891697016476, 1.8153628078438853, 1.346081493626668, 2.8281602379709145, 1.657789039458582, 0.33364754717506573, 1.5003014269652224, 3.1929434102810834, 2.9183344777399816, 2.68256037911439, 1.6852264682822464, 1.8217509948698243, 3.3368841395018354, 1.5641624521167683, 2.9816304237011604, 2.3553097458409953, 3.728777250106708, 1.662002233655342, 2.9853290624146482, 2.0285945914579617, 2.8104278614125757, 2.2832321293012217, 3.813700729637696, 1.5857224793308338, 2.3634070280003296, 2.4367496477333974, 2.544382316838068, 2.7692826366687826, 1.2364711922918954, 2.433921906613618, 0.9351027519687494, 0.4825555564590749, 0.26317807955014105, 0.33218532170317605, 3.837730240377836, 1.3675107172468755, 1.0697358233676106, 0.37435351069099454, 2.694815055568425, 0.6273979574190363, 2.774042605639723, 2.465574982458053, 1.848110117151847, 0.8780582033475437, 0.8604572177877534, 1.712925446302789, 2.146414294951168, 2.207109241282946, 1.1892057564905032, 1.7168175224658482, 2.5295228191528016, 2.103361308386766, 0.5354827180252517, 1.8295905609385246, 0.682581124454031, 0.10684951412103905, 3.2406967839625302, 2.5654958282915636, 3.419080328467127, 2.339896250555535, 2.5254254064859087, 1.7586966320290713, 1.6950878860020349, 2.7643137934840625, 2.9829941368973167, 0.24581664761253563, 1.5600552288163196, 0.9421963261527362, 2.4717364278636755, 1.3561466178987138, 3.791639427240683, 1.750155608399576, 0.0799158595375471, 1.3646273035291978, 0.8477712715501129, 1.8581537871549731, 1.3112725093364108, 2.148059319840481, 0.0895191965734563, 1.343359424763608, 0.6056923497881868, 2.7179034127842474, 2.4740807439503083, 1.2695755250304623, 2.5924854545885396, 0.35536092339794756, 1.6007412548660978, 2.791413270152681, 2.2354559553254614, 3.0403377422693554, 2.269413893008814, 3.619600580345238, 1.0616287525484405, 2.219154161070202, 1.7742968324880253, 1.500661176028827, 0.38410240583593147, 0.4597535771888208, 0.4263036691220683, 1.1716655603190813, 3.7889141888027162, 3.314963881041427, 2.0658774530776087, 2.5847731364439426, 2.1016332053984113, 0.209016772217951, 3.0930910895560038, 0.12342609657330739, 0.4018512601753592, 2.3504204166998095, 4.010986830329868, 1.0732883515400373, 1.8313689087400564, 1.3882159143435668, 3.4910389140154536, 2.5880716737641745, 2.280253457421099, 0.24376750174956596, 0.6790564747111656, 0.30598510742865725, 1.9093749165981548, 2.6807425791774793, 1.1813072258727513, 1.9036074512798782, 3.605431385858479, 3.1633219139323128, 1.9670749754436905, 3.0110493810420835, 2.8225752797539307, 2.670023434411257, 0.3108676150082963, 0.18881412924495988, 0.566325405564257, 0.12668243125351752, 4.773902672040366, 1.5833499905566097, 2.394378385768378, 2.955843621758978, 2.7253390951724703, 2.085179053562373, 2.5272625351658498, 0.9855704195363273, 0.3853029346139709, 3.340539328781431, 0.4282222833366256, 0.3615714711451683, 