{"model": "catboost_minilm_features-extract_contractions", "type": "test", "seed": 41, "time_start": "2026-03-01T15:50:03.399650", "mse": 0.954643098891392, "accuracy": 0.4026548672566372, "corr": 0.6976521522518508, "precision": [0.8, 0.2909090909090909, 0.35, 0.5102040816326531, 0.5833333333333334, 0.0], "recall": [0.1568627450980392, 0.48484848484848486, 0.6862745098039216, 0.38461538461538464, 0.2916666666666667, 0.0], "f1": [0.26229508196721313, 0.36363636363636365, 0.46357615894039733, 0.43859649122807015, 0.3888888888888889, 0.0], "support": [51, 33, 51, 65, 24, 2], "confusion_matrix": [[8, 25, 17, 1, 0, 0], [1, 16, 14, 2, 0, 0], [1, 8, 35, 6, 1, 0], [0, 6, 30, 25, 4, 0], [0, 0, 4, 13, 7, 0], [0, 0, 0, 2, 0, 0]], "predictions": [1.1921018362045288, 1.2587366104125977, 2.7032675743103027, 1.2183483839035034, 0.7721278667449951, 1.5764920711517334, 3.059943914413452, 1.8120789527893066, 1.4387542009353638, 2.4433114528656006, 2.9980056285858154, 2.1754846572875977, 3.4082107543945312, 2.0136048793792725, 1.7115741968154907, 1.835889220237732, 3.7813634872436523, 0.9389827251434326, 1.5636119842529297, 3.3842661380767822, 3.9091882705688477, 0.15444731712341309, 2.924365758895874, 1.492189884185791, 1.4997726678848267, 2.7886335849761963, 2.238351583480835, 1.9142807722091675, 2.4309370517730713, 2.441465139389038, 3.4989523887634277, 1.2200922966003418, 1.937959909439087, 0.9956622123718262, 3.0659453868865967, 2.4983198642730713, 1.4077887535095215, 1.952837586402893, 3.2788448333740234, 0.8455814123153687, 1.3160101175308228, 2.1933414936065674, 0.9992656707763672, 1.9224473237991333, 3.330209970474243, 3.0464510917663574, 1.2346543073654175, 2.535810947418213, 1.9588208198547363, 0.5964607000350952, 2.4815022945404053, 2.1520895957946777, 3.2631640434265137, 2.0314242839813232, 3.2068686485290527, 0.6201014518737793, 3.032162666320801, 2.0502312183380127, 3.6361639499664307, 1.3883453607559204, 1.8523328304290771, 2.101163387298584, 2.8109073638916016, 2.2026185989379883, 1.500324010848999, 2.603097438812256, 1.7489285469055176, 1.6164343357086182, 1.100450873374939, 2.3739137649536133, 1.6249992847442627, 2.550628185272217, 1.1538898944854736, 0.4105665683746338, 1.1794333457946777, 1.9713945388793945, 1.4393688440322876, 1.838348627090454, 1.535994291305542, 0.2701249122619629, 1.6303951740264893, 1.7915844917297363, 2.524757146835327, 3.3002192974090576, 0.9171711206436157, 2.103947877883911, 0.42278289794921875, 2.6615519523620605, 1.4595553874969482, 1.6932576894760132, 3.051906108856201, 2.9174156188964844, 2.4597814083099365, 1.0158790349960327, 2.40468430519104, 0.4082045555114746, 1.7833328247070312, 1.9983073472976685, 1.172848105430603, 1.8237097263336182, 2.601062774658203, 0.17409896850585938, 2.626429557800293, 2.2680118083953857, 0.6677905321121216, 1.9772846698760986, 2.0367465019226074, 1.391115427017212, 3.2234537601470947, 1.5012550354003906, 2.571293830871582, 1.8534035682678223, 2.6396074295043945, 2.8532989025115967, 1.7202041149139404, 1.0542899370193481, 3.27127742767334, 2.4603867530822754, 2.8481268882751465, 2.7639265060424805, 3.3416318893432617, 1.5961253643035889, 0.2566196918487549, 2.1480016708374023, 3.243551731109619, 2.4406158924102783, 1.7187906503677368, 1.0387852191925049, 1.5912115573883057, 2.1091816425323486, 1.9662013053894043, 3.693594455718994, 1.698347568511963, 1.4296979904174805, 3.3270747661590576, 3.697646141052246, 2.272427558898926, 3.011925220489502, 1.300906777381897, 2.3410778045654297, 1.085773229598999, 1.8675166368484497, 2.1656923294067383, 1.5980255603790283, 2.023634672164917, 2.754267454147339, 2.9301598072052, 0.4994490146636963, 3.660341739654541, 1.4493900537490845, 3.5108754634857178, 1.2861239910125732, 1.0784825086593628, 0.7606581449508667, 1.0909503698349, 3.391730546951294, 1.099354863166809, 0.8420783281326294, 1.9794502258300781, 2.7024922370910645, 3.0246989727020264, 3.101346015930176, 2.858353853225708, 1.0008379220962524, 2.4795384407043457, 1.6113929748535156, 1.4949837923049927, 1.156233787536621, 2.3531956672668457, 2.1891989707946777, 2.180908679962158, 1.7916784286499023, 2.0051326751708984, 1.5183740854263306, 2.2119438648223877, 2.678574323654175, 1.261619210243225, 0.8258273601531982, 0.949995756149292, 3.3859267234802246, 1.851696491241455, 1.8448727130889893, 1.0188223123550415, 2.157975673675537, 3.884331464767456, 2.149853229522705, 2.218709707260132, 0.6470620632171631, 4.089964389801025, 1.520782232284546, 1.980776309967041, 0.8539522886276245, 2.127495288848877, 2.3981993198394775, 1.5316903591156006, 2.499314546585083, 1.8657288551330566, 0.4985172748565674, 2.3026585578918457, 1.1048557758331299, 1.7209851741790771, 1.7625781297683716, 2.0097384452819824, 2.0468904972076416, 1.3813145160675049, 1.4346323013305664, 3.708395004272461, 2.0862038135528564, 3.7978410720825195, 1.9977924823760986, 1.111760139465332, 1.6436446905136108, 1.597198247909546, 1.831750512123108, 1.9702693223953247, 0.9144678115844727, 2.693312883377075, 2.5686757564544678, -0.12459731101989746, 1.8514471054077148, 1.4152945280075073, 3.804605007171631, 1.9129612445831299, 2.4194698333740234, 2.105057954788208, 3.226823329925537], "params": {"iterations": 1510, "learning_rate": 0.014286, "depth": 3, "l2_leaf_reg": 3.4047e-06, "bagging_temperature": 2.5656, "random_strength": 4.1266, "border_count": 207}, "time_end": "2026-03-01T15:50:03.488893"}