{"model": "catboost_minilm_features-extract_sentence_length_by_word_avg", "type": "test", "seed": 40, "time_start": "2026-03-01T15:13:50.426226", "mse": 0.9657844393311804, "accuracy": 0.3584070796460177, "corr": 0.6931197450889051, "precision": [0.6666666666666666, 0.2641509433962264, 0.3047619047619048, 0.48936170212765956, 0.5, 0.0], "recall": [0.11764705882352941, 0.42424242424242425, 0.6274509803921569, 0.35384615384615387, 0.25, 0.0], "f1": [0.2, 0.32558139534883723, 0.41025641025641024, 0.4107142857142857, 0.3333333333333333, 0.0], "support": [51, 33, 51, 65, 24, 2], "confusion_matrix": [[6, 25, 20, 0, 0, 0], [1, 14, 16, 2, 0, 0], [2, 9, 32, 7, 1, 0], [0, 5, 32, 23, 5, 0], [0, 0, 5, 13, 6, 0], [0, 0, 0, 2, 0, 0]], "predictions": [1.1463068723678589, 1.2824585437774658, 2.5754592418670654, 1.4387651681900024, 0.7847801446914673, 1.750807762145996, 3.3169400691986084, 1.5895893573760986, 1.3731305599212646, 2.557304620742798, 3.1578526496887207, 2.360262632369995, 3.475116014480591, 2.011641263961792, 1.8430507183074951, 1.764182686805725, 3.7983837127685547, 0.8827437162399292, 1.5890161991119385, 3.3188891410827637, 3.894352912902832, 0.023923635482788086, 2.872286796569824, 1.6883339881896973, 1.4852796792984009, 3.0795867443084717, 2.2855255603790283, 2.022141456604004, 2.5273044109344482, 2.559302806854248, 3.290684700012207, 1.1268844604492188, 2.029660224914551, 1.1779247522354126, 3.026602268218994, 2.4545185565948486, 1.4363359212875366, 1.9507386684417725, 2.9475510120391846, 0.7856094837188721, 1.3605955839157104, 2.207021474838257, 1.0331954956054688, 1.9277993440628052, 3.322695255279541, 3.2916793823242188, 1.4431685209274292, 2.8041296005249023, 1.92149019241333, 0.4270288944244385, 2.4108452796936035, 2.0390706062316895, 3.3224709033966064, 1.866982102394104, 3.181389331817627, 0.6407438516616821, 3.0035183429718018, 2.0032215118408203, 3.568549156188965, 1.4441485404968262, 1.8241682052612305, 1.947533130645752, 2.6889405250549316, 2.308471918106079, 1.5712581872940063, 2.441959857940674, 1.8085048198699951, 1.613916039466858, 0.9935750961303711, 2.455354928970337, 1.7247579097747803, 2.440068006515503, 1.1828432083129883, 0.20076441764831543, 1.0264647006988525, 1.9767956733703613, 1.5552418231964111, 1.884529948234558, 1.56791090965271, 0.2054882049560547, 1.801082968711853, 1.8241159915924072, 2.496861457824707, 3.5238196849823, 0.7532541751861572, 2.1060032844543457, 0.30295681953430176, 2.685051918029785, 1.5564615726470947, 1.7092983722686768, 2.961705207824707, 2.9607574939727783, 2.5543410778045654, 0.8194482326507568, 2.171032428741455, 0.5454342365264893, 1.501593828201294, 1.9620286226272583, 1.100201964378357, 1.6431970596313477, 2.5695013999938965, 0.21967124938964844, 2.481429100036621, 2.273671865463257, 0.6160620450973511, 2.068574905395508, 2.3942642211914062, 1.3761718273162842, 3.3797662258148193, 1.6064730882644653, 2.6097495555877686, 1.912703037261963, 2.6774253845214844, 2.759187698364258, 1.8350837230682373, 1.1407811641693115, 3.2442891597747803, 2.4049015045166016, 2.7743780612945557, 2.568586826324463, 3.3295936584472656, 1.5972118377685547, 0.27979469299316406, 2.246830701828003, 3.03948974609375, 2.5687782764434814, 1.8732995986938477, 1.1738834381103516, 1.5038211345672607, 2.096210479736328, 2.0544071197509766, 3.7308833599090576, 1.7166143655776978, 1.5905778408050537, 3.2413511276245117, 3.7815945148468018, 2.4316279888153076, 3.018151044845581, 1.3076766729354858, 2.176906108856201, 1.0278449058532715, 1.612358570098877, 2.2020139694213867, 1.6513683795928955, 1.849729061126709, 2.927685260772705, 3.2264020442962646, 0.39287304878234863, 3.6506943702697754, 1.2552603483200073, 3.2012240886688232, 1.3473716974258423, 1.1193374395370483, 0.8553268909454346, 1.1158112287521362, 3.3809330463409424, 1.210425853729248, 0.7159066200256348, 2.054903745651245, 2.4772565364837646, 3.020461320877075, 3.035707950592041, 2.62935733795166, 1.221201777458191, 2.2000319957733154, 1.4456266164779663, 1.8312448263168335, 1.318995475769043, 2.3569607734680176, 2.3416051864624023, 2.060291051864624, 1.967521071434021, 1.9839202165603638, 1.4677687883377075, 2.2342777252197266, 2.5246145725250244, 1.4933241605758667, 0.8650302886962891, 0.5723158121109009, 3.30761981010437, 1.764251708984375, 1.7858246564865112, 1.142442226409912, 2.129997491836548, 3.615602493286133, 2.115396499633789, 2.070690870285034, 0.8286747932434082, 4.044407844543457, 1.5547924041748047, 2.1673343181610107, 0.7695475816726685, 2.0863802433013916, 2.351043701171875, 1.5788776874542236, 2.4602718353271484, 1.9624407291412354, 0.6682709455490112, 2.394465208053589, 1.1510049104690552, 1.5231668949127197, 1.7129234075546265, 1.8637140989303589, 2.184034824371338, 1.2080034017562866, 1.572205901145935, 3.5475575923919678, 1.8910086154937744, 3.659717082977295, 2.0662498474121094, 1.5550953149795532, 1.4905298948287964, 1.4272044897079468, 2.017782688140869, 2.1052074432373047, 1.1465263366699219, 2.4581525325775146, 2.4649178981781006, -0.21512770652770996, 1.7854586839675903, 1.3270301818847656, 3.7543630599975586, 1.9828286170959473, 2.3334081172943115, 1.785704493522644, 3.309957504272461], "params": {"iterations": 1510, "learning_rate": 0.014286, "depth": 3, "l2_leaf_reg": 3.4047e-06, "bagging_temperature": 2.5656, "random_strength": 4.1266, "border_count": 207}, "time_end": "2026-03-01T15:13:50.505754"}