{"model": "catboost_minilm_features-extract_dependency_tree_structure", "type": "test", "seed": 40, "time_start": "2026-03-01T16:07:55.991585", "mse": 0.9705178776330013, "accuracy": 0.3805309734513274, "corr": 0.6918633359674455, "precision": [0.7777777777777778, 0.3148148148148148, 0.32710280373831774, 0.46511627906976744, 0.5384615384615384, 0.0], "recall": [0.13725490196078433, 0.5151515151515151, 0.6862745098039216, 0.3076923076923077, 0.2916666666666667, 0.0], "f1": [0.23333333333333334, 0.39080459770114945, 0.4430379746835443, 0.37037037037037035, 0.3783783783783784, 0.0], "support": [51, 33, 51, 65, 24, 2], "confusion_matrix": [[7, 25, 17, 2, 0, 0], [1, 17, 12, 3, 0, 0], [1, 9, 35, 5, 1, 0], [0, 3, 38, 20, 4, 0], [0, 0, 5, 12, 7, 0], [0, 0, 0, 1, 1, 0]], "predictions": [1.2417593002319336, 1.3971912860870361, 2.4760162830352783, 1.4028823375701904, 0.9691566228866577, 1.652233600616455, 3.0633156299591064, 1.866985559463501, 1.1572813987731934, 2.49062442779541, 3.0578606128692627, 2.403897523880005, 3.3211569786071777, 2.0240275859832764, 1.7875242233276367, 1.7570571899414062, 3.7577991485595703, 1.108949065208435, 1.548839807510376, 3.560072183609009, 3.7901511192321777, 0.18705320358276367, 2.9808526039123535, 1.6186199188232422, 1.560929775238037, 2.9715962409973145, 2.246034860610962, 2.01900577545166, 2.649996042251587, 2.4049971103668213, 3.306973457336426, 1.1878141164779663, 2.004096269607544, 1.2734664678573608, 3.0191810131073, 2.571831464767456, 1.3805922269821167, 2.047102212905884, 3.073028564453125, 0.5733327865600586, 1.4875355958938599, 2.2219173908233643, 0.9459570646286011, 2.0753726959228516, 3.2529356479644775, 2.9963533878326416, 1.2784669399261475, 2.5337209701538086, 2.003706932067871, 0.48663973808288574, 2.465341091156006, 2.195481777191162, 3.277400493621826, 1.8058574199676514, 3.2452855110168457, 0.5647991895675659, 3.0686776638031006, 1.9441442489624023, 3.7431445121765137, 1.553275227546692, 1.8478686809539795, 2.083212375640869, 2.529104709625244, 2.135679006576538, 1.5151394605636597, 2.4922759532928467, 1.6645588874816895, 1.697122573852539, 1.001362919807434, 2.375241756439209, 1.7378287315368652, 2.285799503326416, 1.3575094938278198, 0.5162720680236816, 1.0566524267196655, 1.8694713115692139, 1.2598869800567627, 1.84977126121521, 1.482685923576355, 0.19583606719970703, 1.7781767845153809, 2.034053325653076, 2.23498797416687, 3.136418342590332, 0.7926129102706909, 1.8844846487045288, 0.3861849308013916, 2.708989381790161, 1.477077603340149, 1.785947322845459, 2.8648972511291504, 2.8550925254821777, 2.4139513969421387, 0.8952417373657227, 2.342973232269287, 0.4326150417327881, 1.4463821649551392, 2.0132029056549072, 1.102863073348999, 1.6387771368026733, 2.4683566093444824, 0.3840014934539795, 2.486449718475342, 2.315683126449585, 0.8502758741378784, 1.9009442329406738, 2.395660877227783, 1.5721204280853271, 3.4352846145629883, 1.5131499767303467, 2.7242255210876465, 1.8059982061386108, 2.4267737865448, 3.0462589263916016, 1.7653119564056396, 0.9479787349700928, 3.2266199588775635, 2.6013219356536865, 2.904639720916748, 2.7234981060028076, 3.212543487548828, 1.6140410900115967, 0.08633947372436523, 2.1536905765533447, 3.040890693664551, 2.455634832382202, 1.5735416412353516, 1.3597668409347534, 1.7009694576263428, 2.1642446517944336, 2.3786532878875732, 3.6412110328674316, 1.7432022094726562, 1.5159622430801392, 3.3066444396972656, 3.862685203552246, 2.2330474853515625, 2.9700894355773926, 1.2579553127288818, 2.153754949569702, 1.151490330696106, 1.6187998056411743, 1.9780912399291992, 1.6264334917068481, 2.1858954429626465, 2.861996650695801, 3.122450113296509, 0.4794487953186035, 3.7171521186828613, 1.2386069297790527, 3.464008331298828, 1.2605109214782715, 1.1871304512023926, 0.8467119932174683, 1.2307672500610352, 3.577446937561035, 1.1534168720245361, 0.6405602693557739, 2.130352735519409, 2.7115838527679443, 2.960390329360962, 3.211505174636841, 2.754560947418213, 1.3026214838027954, 2.45865535736084, 1.4839853048324585, 1.5686609745025635, 1.2179503440856934, 2.2565619945526123, 2.180528402328491, 2.1456165313720703, 1.8488399982452393, 1.9713994264602661, 1.4787424802780151, 2.087735414505005, 2.5331075191497803, 1.4379509687423706, 0.8101009130477905, 0.8199023008346558, 3.129101514816284, 1.8733644485473633, 1.6929643154144287, 0.9879276752471924, 2.077927589416504, 3.7587387561798096, 2.0681471824645996, 1.8734626770019531, 0.8148143291473389, 4.0545854568481445, 1.6260510683059692, 2.103071451187134, 0.8416174650192261, 1.9761580228805542, 2.3056211471557617, 1.5370309352874756, 2.542762517929077, 1.727473497390747, 0.6823875904083252, 2.3525543212890625, 0.9129492044448853, 1.617961049079895, 1.8059695959091187, 2.132601737976074, 2.107060432434082, 1.3427860736846924, 1.5468446016311646, 3.523888349533081, 1.9974281787872314, 3.6388986110687256, 1.7839168310165405, 1.415511131286621, 1.6152925491333008, 1.4973777532577515, 1.7959668636322021, 2.006101131439209, 1.2925300598144531, 2.427839994430542, 2.410331964492798, 0.056400299072265625, 1.8511886596679688, 1.4805214405059814, 3.666468620300293, 1.963594675064087, 2.1659538745880127, 1.8778667449951172, 3.3802003860473633], "params": {"iterations": 1510, "learning_rate": 0.014286, "depth": 3, "l2_leaf_reg": 3.4047e-06, "bagging_temperature": 2.5656, "random_strength": 4.1266, "border_count": 207}, "time_end": "2026-03-01T16:07:56.090199"}