{"model": "catboost_minilm_features-extract_preposition_imageability", "type": "test", "seed": 42, "time_start": "2026-03-01T16:50:28.438260", "mse": 0.9601422042106841, "accuracy": 0.37610619469026546, "corr": 0.6949214615316938, "precision": [0.6666666666666666, 0.26785714285714285, 0.33, 0.48, 0.6363636363636364, 0.0], "recall": [0.11764705882352941, 0.45454545454545453, 0.6470588235294118, 0.36923076923076925, 0.2916666666666667, 0.0], "f1": [0.2, 0.33707865168539325, 0.4370860927152318, 0.41739130434782606, 0.4, 0.0], "support": [51, 33, 51, 65, 24, 2], "confusion_matrix": [[6, 28, 16, 1, 0, 0], [1, 15, 15, 2, 0, 0], [2, 8, 33, 8, 0, 0], [0, 5, 32, 24, 4, 0], [0, 0, 4, 13, 7, 0], [0, 0, 0, 2, 0, 0]], "predictions": [1.1452199220657349, 1.0955448150634766, 2.6758229732513428, 1.1369322538375854, 0.701813817024231, 1.403637170791626, 3.090827226638794, 1.7873972654342651, 1.2501667737960815, 2.515615224838257, 2.8798434734344482, 2.327378749847412, 3.4589357376098633, 1.967665672302246, 1.7921035289764404, 1.6132073402404785, 3.748847484588623, 0.8975026607513428, 1.5554308891296387, 3.3720717430114746, 3.8447890281677246, 0.3216278553009033, 3.068312644958496, 1.8190412521362305, 1.3677754402160645, 3.0875816345214844, 2.298823833465576, 2.058849334716797, 2.482767343521118, 2.3230671882629395, 3.281053066253662, 1.2973997592926025, 2.2020671367645264, 1.2104475498199463, 2.911811113357544, 2.3492422103881836, 1.3605903387069702, 2.0765328407287598, 3.1524641513824463, 0.8615884780883789, 1.4366140365600586, 2.057663679122925, 0.9201724529266357, 1.9587090015411377, 3.277369499206543, 3.135906934738159, 1.3008676767349243, 2.7082009315490723, 1.9130126237869263, 0.3652839660644531, 2.4151175022125244, 2.11885142326355, 3.3668150901794434, 1.757662296295166, 3.323241949081421, 0.5913667678833008, 3.334991216659546, 1.8491084575653076, 3.6145894527435303, 1.706085205078125, 1.7813613414764404, 2.1031622886657715, 2.7249045372009277, 1.9956203699111938, 1.390276551246643, 2.4444918632507324, 1.828826904296875, 1.6154589653015137, 1.055296778678894, 2.5525267124176025, 1.8028489351272583, 2.476019859313965, 1.2061679363250732, 0.4314446449279785, 0.9945682287216187, 1.8865549564361572, 1.56764817237854, 1.8980995416641235, 1.4811235666275024, 0.18377256393432617, 1.637129783630371, 1.7469651699066162, 2.3945984840393066, 3.2867767810821533, 0.8504438400268555, 1.9587688446044922, 0.1655592918395996, 2.8328988552093506, 1.607900857925415, 1.843963384628296, 3.0471274852752686, 3.01550555229187, 2.5181236267089844, 0.956001877784729, 2.4872117042541504, 0.3525092601776123, 1.54823899269104, 2.0173208713531494, 1.156978726387024, 1.6971724033355713, 2.614933967590332, 0.10671496391296387, 2.4641826152801514, 2.0392086505889893, 0.8007607460021973, 1.9522044658660889, 2.169630527496338, 1.547055721282959, 3.3644094467163086, 1.5282995700836182, 2.624443769454956, 1.8683178424835205, 2.702606201171875, 3.045482635498047, 1.641441822052002, 1.1423156261444092, 3.2850611209869385, 2.5835647583007812, 2.782874345779419, 2.7137765884399414, 3.4902777671813965, 1.6921710968017578, 0.3094658851623535, 2.204658269882202, 2.9425015449523926, 2.6404435634613037, 1.5347977876663208, 1.276181936264038, 1.6275714635849, 2.2067363262176514, 2.4191734790802, 3.640016555786133, 1.6681370735168457, 1.7411872148513794, 3.3898491859436035, 3.6670219898223877, 2.3648576736450195, 2.9806036949157715, 1.319714903831482, 2.2224295139312744, 0.9038970470428467, 1.4515721797943115, 2.089444875717163, 1.6953895092010498, 2.0473291873931885, 2.8122341632843018, 3.123431921005249, 0.5473325252532959, 3.660618782043457, 1.225110411643982, 3.535839557647705, 1.4188543558120728, 1.045545220375061, 0.8127628564834595, 1.1243418455123901, 3.3839850425720215, 1.073938250541687, 0.8155207633972168, 2.0784590244293213, 2.743960380554199, 2.9156413078308105, 3.121825695037842, 2.7957334518432617, 0.9892069101333618, 2.3540542125701904, 1.6304199695587158, 1.3637150526046753, 1.2987676858901978, 2.376516819000244, 2.3071768283843994, 2.0750815868377686, 1.9477109909057617, 1.8356602191925049, 1.577588677406311, 2.2071971893310547, 2.5823283195495605, 1.3030328750610352, 1.0109946727752686, 0.8183680772781372, 3.4151675701141357, 1.7770220041275024, 1.707942008972168, 1.089456558227539, 2.1734137535095215, 3.735973358154297, 2.06203556060791, 2.0340020656585693, 0.8437814712524414, 4.06079626083374, 1.5375064611434937, 2.1489243507385254, 0.7512692213058472, 1.9854986667633057, 2.1776187419891357, 1.449515700340271, 2.3732385635375977, 1.73531174659729, 0.5706185102462769, 2.2830018997192383, 1.045257806777954, 1.7161414623260498, 1.6951100826263428, 1.875262975692749, 1.965235710144043, 1.4442218542099, 1.4985802173614502, 3.359189033508301, 1.937105655670166, 3.80224609375, 1.9786441326141357, 1.338319182395935, 1.4859830141067505, 1.3273046016693115, 1.59324312210083, 1.9692788124084473, 1.307488203048706, 2.436791181564331, 2.5288567543029785, -0.07846927642822266, 1.8557679653167725, 1.5894954204559326, 3.9093008041381836, 1.8727002143859863, 2.453343152999878, 2.0134363174438477, 3.279757022857666], "params": {"iterations": 1510, "learning_rate": 0.014286, "depth": 3, "l2_leaf_reg": 3.4047e-06, "bagging_temperature": 2.5656, "random_strength": 4.1266, "border_count": 207}, "time_end": "2026-03-01T16:50:28.523377"}