{"model": "catboost_all", "type": "train", "seed": 42, "train_losses": [], "val_losses": [], "time_start": "2026-03-25T20:59:06.316458", "mse": 0.11187601821144179, "accuracy": 0.8595360824742269, "corr": 0.9815943897470691, "precision": [0.9897959183673469, 0.8129496402877698, 0.6748466257668712, 0.8248175182481752, 0.9565217391304348, 1.0], "recall": [0.8220338983050848, 0.875968992248062, 0.9166666666666666, 0.7483443708609272, 0.8527131782945736, 0.9612403100775194], "f1": [0.8981481481481481, 0.8432835820895522, 0.7773851590106007, 0.7847222222222222, 0.9016393442622951, 0.9802371541501976], "support": [118, 129, 120, 151, 129, 129], "confusion_matrix": [[97, 21, 0, 0, 0, 0], [1, 113, 15, 0, 0, 0], [0, 5, 110, 5, 0, 0], [0, 0, 38, 113, 0, 0], [0, 0, 0, 19, 110, 0], [0, 0, 0, 0, 5, 124]], "predictions": [2.6455923172232674, 1.3025971927276252, 0.18537762241438394, 3.9397619698051622, 1.5068442022578539, 3.712921332027772, 2.424072724444426, 2.742977611366694, 2.491964954206344, 2.8502463936264593, 1.810062570162219, 3.7628578994048807, 3.132368198820762, 3.0099058724339556, 1.5530448045771386, 0.38231100479675506, 1.7587615781335373, 2.900699814027037, 2.6851642608367334, 1.7556446242459594, 1.4080224700739732, 0.6116215341352289, 0.783978401946344, 1.7410860573562414, 1.0884358661853237, 2.8212875135955358, 0.1934394413524716, 2.7763315896892684, 1.1104956999614608, 2.733575919919145, 1.6990007080277834, 2.274516803221546, 1.337112214266493, 3.070875301482566, 1.0933028023379312, 1.777618781238472, 0.05379783675981864, 0.404617523276781, 0.17389533548372427, 1.7711686159990592, 3.8590805959187096, 2.633623166121125, 1.1584087192850334, 1.5590388382028229, 0.4588118656380775, 2.130164667606219, 2.38834507568136, 3.8570772053787046, 0.1305171372671352, 0.18954004938796842, 1.0015203369596355, 0.4417387561650359, 2.5092621829947355, 1.435903763860319, 2.9266394487583822, 3.855174599345159, 2.1314580166918584, 2.265185641437204, 2.7951683928943503, 4.117157088958864, 2.765130753937136, 0.2356910457017798, 3.1809464412904096, 0.3811775852060677, 2.635709327189802, 2.246954592509257, 1.8736656234062097, 1.2950515921192558, 2.100210824007747, 2.9462747505578326, 1.8177220347973262, 0.010002666114720782, 0.2557407007992789, 2.853315139571654, 0.1960147081210626, 0.14422806734897753, 0.2341605305213874, 2.0186692237602903, 3.744161748942105, 3.689439546313411, 1.8051391374999617, 1.7987156182892015, 2.6112220590240725, 2.1693866673847833, 3.976504502832879, 0.978580123301084, 0.2803294146421682, 2.972007860657991, 3.1312879024290186, 0.13784554159002305, 2.2015428970070103, 2.6903299678609596, 3.498585771177677, 1.5453173793394388, 3.476417909497216, 2.1657886334415295, 1.3819061708670126, 0.6522663111748337, 2.8901699788049444, 1.157093218670424, 2.592415546588087, 1.1709094424186086, 1.1731065401504206, 0.04511518695907357, 1.8992108404545656, 0.495298574998964, 3.245150137586179, 0.2904391758226259, 0.23315057847263, 2.346980719243102, 0.5434431887518221, 4.375973805546531, 1.3924034532717313, 0.191352130418037, 0.04663037958704219, 2.4084660830757887, 0.3565510466180819, 3.0641118171189836, 2.7461746617974674, 0.41365041562372573, 0.1496873556248226, 4.467726305587993, 0.2710672777424401, 1.4437295207456644, 2.2842937313895946, 2.0226393764807726, 2.379631358513235, 0.44300720612075617, 1.967852000064234, 1.6656266057569162, 0.6550081885379875, 2.281782819218054, 3.8869643201576527, 1.7021693087657623, 0.02077621580931055, 2.2531387231799824, 1.7273643816507684, 0.3559775517986834, -0.06701846861175387, 0.7952297859958803, 2.3937644668093987, 3.7438549768660954, 2.097033745300243, 1.2598715361473773, 0.42422179417030126, 2.6173362530045825, 0.1655145608756139, 2.4943531897245053, 2.312248370342854, 2.883408453073339, 2.811097188404836, 3.1952249545140696, 3.6335113194534405, 3.9002732832779285, 0.33315866547430195, 0.004182854251864931, 1.0612864127932278, 3.5571748543624655, 1.5314274999395132, 0.1442585754322554, 2.1207005735775066, 3.8545265085901743, 2.2902823804145784, 1.1772943524593849, 3.0514009488606892, 3.085510352578226, 2.479338692305886, 2.436925221982553, 1.839611895992517, 0.9836204227199998, 1.9220643216377449, 2.4017467648463264, 3.082022595181455, 2.801005061563437, 1.8528285390127528, 0.08319463103536506, 1.1810040888647837, 1.8420567042015619, 0.6063450441359381, 3.674857389680477, 3.6489244146458386, 2.7021678613798574, 2.659728142249958, 0.4160136876870886, 2.6727600653705195, 1.6738612157885542, 2.5476350670154457, 1.8772813739683671, 2.5733149808497195, 3.3447597551043957, 4.491111926831558, 2.4967800175353396, 1.7253820808683367, 1.1434191199085284, 1.765350883398996, 3.1561966788134903, 3.5450792715001347, 4.152658844475095, 2.6125674229484934, 1.72219085987195, 1.319066934290853, 1.150842391671019, 2.28645965810956, 2.4034074944143735, 3.1258699163846626, 0.4243784595568383, 1.380351573352224, 1.7422280563441492, 2.182690896106008, 0.7458215324508288, 3.0269200511908334, 1.9327808212472444, 3.0659160605391866, 3.9998810786184187, 1.7491947038898683, 1.599721962576145, 1.5035635591110177, 2.485093577458321, 1.8015128725080376, 1.3441872283128944, 2.87140298459041, 1.691392434668869, 0.3945271226020233, 1.3868678197653392, 3.195154559131174, 2.823053633081229, 2.8027648104564524, 1.6465183390805862, 1.8909204024240251, 3.353590872503284, 1.5589881516180637, 3.031149855527235, 2.438565757125873, 3.7402557559549034, 1.636632630401397, 2.8146441604305648, 2.103135623054013, 2.8158761493408737, 2.2093669154377604, 3.854710538125078, 1.6558281222282982, 2.2890655259093093, 2.3513418616007167, 2.4684035007679426, 2.808024939009484, 1.1887177596153893, 2.325404757679767, 0.8680273733889727, 0.5107174762100106, 0.26578354263802595, 0.32731226434123073, 3.9052698139419055, 1.3386941816602023, 1.0772800714514552, 0.3914500646091166, 2.7187700466798437, 0.5714284909221266, 2.67993019273503, 2.305938414780243, 1.806095326406533, 0.9366445415949005, 0.8392647905096311, 1.7751583633203216, 2.056805607361542, 2.1546719407396835, 1.1199676913436458, 1.6925027522393474, 2.4669391255163826, 2.10212321522998, 0.5209360142861195, 1.8222084612512464, 0.6317155596856361, 0.10737874806699788, 3.0728124823401513, 2.568893582966368, 3.4554992476027833, 2.2387371234096087, 2.547131915355664, 1.7757499212461172, 1.696804496302427, 2.72327834319877, 2.948946087888655, 0.27905332153828466, 1.5328331472453287, 1.025138016708, 2.4155900890608177, 1.31408781790162, 3.692638292335193, 1.778233361197123, 0.056351440126717556, 1.345741228667433, 0.9859523205962384, 1.7818969180440896, 1.2801483708311872, 2.072250274555187, 0.0374067949985597, 1.3738860872291079, 0.589371113365668, 2.7718314488613167, 2.469005128257894, 1.299980945302083, 2.5327828019805123, 0.3143913509678664, 1.5394292937143788, 2.820586465675368, 2.2639940983366182, 3.0515666761768374, 2.2281670518567704, 3.49482609798974, 1.128289124959501, 2.240678051497722, 1.806034993104383, 1.495507655639744, 0.3702539545165511, 0.42701284348528645, 0.3822456758112569, 1.1635127136940795, 3.6487768550367017, 3.3066720159878367, 2.1357002394198625, 2.590891812671329, 2.072437874941718, 0.2664285955262149, 3.2200773213873286, 0.21255778247511348, 0.48371273566904627, 2.3836424514632575, 4.076622301582175, 1.1128639748724114, 1.8107178369331125, 1.3971459747680819, 3.483980721370474, 2.603000005602435, 2.339000016250559, 0.18159631824708056, 0.7743914956666447, 0.31636484754426863, 1.8066812412946995, 2.6704636380758444, 1.2700344033160076, 1.900166039842761, 3.650304923064071, 3.3193737077773484, 2.08334538892023, 2.9977076028732212, 2.8288443089799733, 2.61846152142861, 0.3853080412584622, 0.19771600429063918, 0.548611079479338, 0.0724716542191084, 4.612021242900003, 1.5937739847730743, 2.468904198289559, 2.962706484943569, 2.671388597423754, 2.052926272935437, 2.5064563988372117, 0.9616620657549242, 0.3985349022332718, 3.344503149786748, 0.4813313279153535, 0.42495561986537744, 2.7869321888291596, 