{"model": "catboost_minilm_features-extract_pos_ngrams", "type": "test", "seed": 42, "time_start": "2026-03-01T16:06:37.359292", "mse": 0.91869085201338, "accuracy": 0.3938053097345133, "corr": 0.7126797481996663, "precision": [0.8, 0.29411764705882354, 0.31683168316831684, 0.5185185185185185, 0.6, 0.0], "recall": [0.1568627450980392, 0.45454545454545453, 0.6274509803921569, 0.4307692307692308, 0.25, 0.0], "f1": [0.26229508196721313, 0.35714285714285715, 0.42105263157894735, 0.47058823529411764, 0.35294117647058826, 0.0], "support": [51, 33, 51, 65, 24, 2], "confusion_matrix": [[8, 24, 19, 0, 0, 0], [1, 15, 15, 2, 0, 0], [1, 9, 32, 8, 1, 0], [0, 3, 31, 28, 3, 0], [0, 0, 4, 14, 6, 0], [0, 0, 0, 2, 0, 0]], "predictions": [1.2880035638809204, 1.3448677062988281, 2.69305682182312, 1.007214069366455, 0.6305258274078369, 1.7006044387817383, 3.026127338409424, 1.628467321395874, 1.3113017082214355, 2.411515951156616, 2.9193625450134277, 2.390723943710327, 3.45330810546875, 1.7435030937194824, 1.6813771724700928, 1.7058390378952026, 3.752656936645508, 1.025867223739624, 1.6120781898498535, 3.47243332862854, 3.957709312438965, 0.19290590286254883, 3.0286812782287598, 1.8673138618469238, 1.6784048080444336, 2.7965147495269775, 2.5067484378814697, 1.4949804544448853, 2.539992570877075, 2.6130576133728027, 3.2581276893615723, 1.1128729581832886, 2.1047699451446533, 1.3213317394256592, 2.936811685562134, 2.2929255962371826, 1.3221906423568726, 1.900315523147583, 3.0995683670043945, 0.5793006420135498, 1.3648654222488403, 2.221508026123047, 1.0193114280700684, 1.9723923206329346, 3.483747959136963, 3.224823236465454, 1.370659589767456, 2.6254122257232666, 1.8621647357940674, 0.6720799207687378, 2.5305123329162598, 2.192613124847412, 3.263505458831787, 1.7737948894500732, 3.132758617401123, 0.7749392986297607, 3.1163136959075928, 2.0469276905059814, 3.713325023651123, 1.6739625930786133, 1.7936131954193115, 2.196157932281494, 2.51910400390625, 2.0279016494750977, 1.7690609693527222, 2.4111955165863037, 1.9724922180175781, 1.761845588684082, 1.2421826124191284, 2.4671363830566406, 1.7558653354644775, 2.403080701828003, 1.1646831035614014, 0.34052228927612305, 1.1249865293502808, 1.896404504776001, 1.2809970378875732, 1.9715265035629272, 1.6578887701034546, 0.25833821296691895, 1.979729413986206, 1.9139918088912964, 2.3843650817871094, 3.1139822006225586, 0.833183765411377, 1.8692808151245117, 0.2611207962036133, 2.699544906616211, 1.5867940187454224, 1.8785529136657715, 2.9033846855163574, 3.016371250152588, 2.7083210945129395, 0.7700784206390381, 2.0629305839538574, 0.4315185546875, 1.570373296737671, 2.099672555923462, 0.9459514617919922, 1.6899807453155518, 2.763280153274536, 0.31751537322998047, 2.5997848510742188, 2.2828915119171143, 0.546923041343689, 2.0872395038604736, 2.4268321990966797, 1.2871570587158203, 3.490121364593506, 1.390496015548706, 2.7373645305633545, 1.9190006256103516, 2.5031607151031494, 2.9923195838928223, 1.7507704496383667, 0.9942210912704468, 3.345306873321533, 2.438415050506592, 2.7288968563079834, 2.5479745864868164, 3.2968709468841553, 1.5112833976745605, 0.32541704177856445, 2.1556341648101807, 3.0403003692626953, 2.309251308441162, 1.6425721645355225, 1.318634271621704, 1.6974616050720215, 2.272996425628662, 2.633800506591797, 3.4573545455932617, 1.6849687099456787, 1.7190955877304077, 3.1715993881225586, 3.950526714324951, 2.2502248287200928, 2.895160675048828, 1.2676764726638794, 2.283259391784668, 0.6998683214187622, 1.6666169166564941, 2.1865804195404053, 1.5893380641937256, 1.9862182140350342, 2.8865504264831543, 3.095397472381592, 0.22617053985595703, 3.54203724861145, 1.2778605222702026, 3.3776025772094727, 0.9904758930206299, 0.8024249076843262, 1.0387831926345825, 1.1854491233825684, 3.4176595211029053, 1.1224429607391357, 0.733375072479248, 2.0512092113494873, 2.6280293464660645, 2.9800710678100586, 3.1527347564697266, 3.1245503425598145, 1.096108317375183, 2.253504991531372, 1.7142202854156494, 1.8131227493286133, 1.487273097038269, 2.3205981254577637, 2.2032034397125244, 2.175785541534424, 2.0803990364074707, 2.0813114643096924, 1.5276527404785156, 2.3079755306243896, 2.6970696449279785, 1.2427009344100952, 0.8528074026107788, 0.8168376684188843, 3.2960011959075928, 1.8362133502960205, 1.749630093574524, 1.1112725734710693, 2.189527750015259, 4.095927715301514, 2.0047004222869873, 1.9769585132598877, 0.7455562353134155, 3.621716022491455, 1.7410227060317993, 1.9819707870483398, 0.6308255195617676, 2.0104405879974365, 2.499436140060425, 1.618133544921875, 2.2300755977630615, 1.9140121936798096, 0.44259166717529297, 2.215346574783325, 0.8147344589233398, 1.6707401275634766, 1.4077637195587158, 1.945845127105713, 1.9324076175689697, 1.2149157524108887, 1.5065062046051025, 3.6616928577423096, 1.8391201496124268, 3.7164478302001953, 1.8590147495269775, 1.5524928569793701, 1.7359206676483154, 1.2172601222991943, 1.730745792388916, 1.9873239994049072, 1.0979292392730713, 2.6031782627105713, 2.3591020107269287, 0.06769251823425293, 1.8271942138671875, 1.4373016357421875, 3.6824898719787598, 2.024137496948242, 2.549823045730591, 2.170323371887207, 3.283661365509033], "params": {"iterations": 1510, "learning_rate": 0.014286, "depth": 3, "l2_leaf_reg": 3.4047e-06, "bagging_temperature": 2.5656, "random_strength": 4.1266, "border_count": 207}, "time_end": "2026-03-01T16:06:37.451205"}