{"model": "catboost_minilm_features-extract_syllable_count_avg", "type": "test", "seed": 41, "time_start": "2026-03-01T15:30:25.250832", "mse": 0.9891370270955919, "accuracy": 0.3672566371681416, "corr": 0.6823621953554564, "precision": [0.8, 0.23529411764705882, 0.3047619047619048, 0.4791666666666667, 0.6666666666666666, 0.0], "recall": [0.1568627450980392, 0.36363636363636365, 0.6274509803921569, 0.35384615384615387, 0.3333333333333333, 0.0], "f1": [0.26229508196721313, 0.2857142857142857, 0.41025641025641024, 0.40707964601769914, 0.4444444444444444, 0.0], "support": [51, 33, 51, 65, 24, 2], "confusion_matrix": [[8, 25, 17, 1, 0, 0], [1, 12, 18, 2, 0, 0], [1, 10, 32, 8, 0, 0], [0, 4, 34, 23, 4, 0], [0, 0, 4, 12, 8, 0], [0, 0, 0, 2, 0, 0]], "predictions": [1.300025463104248, 1.0682209730148315, 2.6014175415039062, 1.1937074661254883, 0.8587849140167236, 1.6294441223144531, 3.0985655784606934, 1.7311882972717285, 1.2863552570343018, 2.3095624446868896, 3.054931163787842, 2.245866060256958, 3.4487485885620117, 1.9951927661895752, 1.5918500423431396, 1.6239970922470093, 3.8338088989257812, 1.1326528787612915, 1.5993672609329224, 3.5122616291046143, 3.9033477306365967, 0.2787766456604004, 3.113572597503662, 1.6022392511367798, 1.464802861213684, 2.8703811168670654, 2.104067802429199, 1.8113033771514893, 2.526944637298584, 2.4294748306274414, 3.317676067352295, 1.303215742111206, 2.0319135189056396, 1.0702158212661743, 2.9883718490600586, 2.4159114360809326, 1.4942384958267212, 1.875501036643982, 3.185253143310547, 0.6563453674316406, 1.4039288759231567, 2.2420191764831543, 0.8373823165893555, 1.9352225065231323, 3.389285087585449, 3.1308929920196533, 1.308954119682312, 2.7771902084350586, 1.9053665399551392, 0.5949684381484985, 2.4820566177368164, 2.0430288314819336, 3.3556408882141113, 1.851543664932251, 3.1570920944213867, 0.4841294288635254, 3.0658087730407715, 1.8204522132873535, 3.6444644927978516, 1.5201904773712158, 1.9127938747406006, 2.012272596359253, 2.6443209648132324, 2.3264334201812744, 1.7678967714309692, 2.580683708190918, 1.9192602634429932, 1.5315380096435547, 1.175297737121582, 2.3091936111450195, 1.9345035552978516, 2.5019962787628174, 1.4298337697982788, 0.21914339065551758, 1.165379285812378, 1.8377304077148438, 1.545830488204956, 1.745732307434082, 1.4788380861282349, 0.1424257755279541, 1.8851869106292725, 1.8400490283966064, 2.2498044967651367, 3.3976855278015137, 0.8208057880401611, 2.0139424800872803, 0.3444080352783203, 2.8080084323883057, 1.6035889387130737, 1.852026104927063, 2.924919843673706, 2.838139057159424, 2.5035693645477295, 0.9717752933502197, 2.3423357009887695, 0.34951186180114746, 1.5716779232025146, 1.829660177230835, 1.0757015943527222, 1.6798655986785889, 2.5012693405151367, 0.28673815727233887, 2.49621844291687, 2.242231607437134, 0.7944052219390869, 2.008073568344116, 2.18424916267395, 1.395196557044983, 3.501924514770508, 1.5619590282440186, 2.5019690990448, 1.8906176090240479, 2.567404270172119, 2.9629478454589844, 1.8422715663909912, 1.0536932945251465, 3.270659923553467, 2.4547324180603027, 2.6395018100738525, 2.7208545207977295, 3.351134777069092, 1.6304066181182861, 0.1436328887939453, 2.0680837631225586, 3.028005838394165, 2.3093597888946533, 1.460553526878357, 1.3485620021820068, 1.5550426244735718, 1.9879212379455566, 2.158618211746216, 3.662236213684082, 1.7234902381896973, 1.530771017074585, 3.30178165435791, 3.9382824897766113, 2.171415328979492, 2.9249415397644043, 1.012132167816162, 2.2470436096191406, 0.9332519769668579, 1.5417397022247314, 1.9639170169830322, 1.8001774549484253, 2.0363619327545166, 2.8761067390441895, 3.130207061767578, 0.4091613292694092, 3.6994009017944336, 1.4893132448196411, 3.238128662109375, 1.2524633407592773, 1.070004940032959, 0.9370441436767578, 1.1202322244644165, 3.378416061401367, 1.0261672735214233, 0.7656219005584717, 1.8427722454071045, 2.641453742980957, 2.8933651447296143, 3.0275285243988037, 2.8962533473968506, 1.1352603435516357, 2.118014097213745, 1.4797241687774658, 1.5820705890655518, 1.5209345817565918, 2.33716082572937, 2.199052572250366, 2.080656051635742, 1.7890114784240723, 2.035332679748535, 1.5589929819107056, 2.1828532218933105, 2.5224883556365967, 1.490193486213684, 0.8719488382339478, 0.6973294019699097, 3.3222718238830566, 1.633525013923645, 1.9239134788513184, 1.1773335933685303, 1.9400075674057007, 3.846240520477295, 1.8961396217346191, 2.086597204208374, 0.629030704498291, 3.957247734069824, 1.5079313516616821, 2.0693540573120117, 0.839319109916687, 1.897236704826355, 2.3207550048828125, 1.7676286697387695, 2.470372200012207, 1.837515115737915, 0.53755784034729, 2.326341390609741, 1.0673346519470215, 1.628526210784912, 1.6693148612976074, 1.808804988861084, 2.213390827178955, 1.2743397951126099, 1.5420598983764648, 3.4347620010375977, 1.926438331604004, 3.7788796424865723, 1.9237134456634521, 1.4471678733825684, 1.5480828285217285, 1.4234110116958618, 1.9126498699188232, 1.9195294380187988, 1.2095314264297485, 2.6662023067474365, 2.3288516998291016, -0.14887523651123047, 1.8948776721954346, 1.4593257904052734, 3.8074679374694824, 1.9372200965881348, 2.3630502223968506, 1.9716284275054932, 3.301603078842163], "params": {"iterations": 1510, "learning_rate": 0.014286, "depth": 3, "l2_leaf_reg": 3.4047e-06, "bagging_temperature": 2.5656, "random_strength": 4.1266, "border_count": 207}, "time_end": "2026-03-01T15:30:25.377830"}