{"model": "catboost_minilm_features-extract_sentence_length_by_word", "type": "train", "seed": 42, "train_losses": [], "val_losses": [], "time_start": "2026-03-01T15:11:24.655022", "mse": 0.11214140317098661, "accuracy": 0.8698453608247423, "corr": 0.9815895898895663, "precision": [0.9897959183673469, 0.8201438848920863, 0.6890243902439024, 0.8625954198473282, 0.95, 1.0], "recall": [0.8220338983050848, 0.8837209302325582, 0.9416666666666667, 0.7483443708609272, 0.8837209302325582, 0.9612403100775194], "f1": [0.8981481481481481, 0.8507462686567164, 0.795774647887324, 0.8014184397163121, 0.9156626506024096, 0.9802371541501976], "support": [118, 129, 120, 151, 129, 129], "confusion_matrix": [[97, 21, 0, 0, 0, 0], [1, 114, 14, 0, 0, 0], [0, 4, 113, 3, 0, 0], [0, 0, 37, 113, 1, 0], [0, 0, 0, 15, 114, 0], [0, 0, 0, 0, 5, 124]], "predictions": [2.824170644486088, 1.2476986770645508, 0.21518863794213505, 3.858932755193612, 1.4666363613645914, 3.7371326224702726, 2.486553723164847, 2.7689670849148436, 2.394791965747969, 2.899310966236099, 1.78664989223055, 3.731963544696714, 3.1000550960360895, 3.076351140743993, 1.6155835757279893, 0.3459675487341589, 1.7925425070497822, 2.947535858466232, 2.960316914727797, 1.768297364152914, 1.3721302767707306, 0.5258932705851525, 0.7299004790811481, 1.7700902502698725, 1.0537494452563427, 2.794422371003476, 0.1803847666987064, 2.6810335120254933, 1.075430481046531, 2.550798112740837, 1.6883471006356552, 2.2400385259954816, 1.3739327710163836, 3.0320057418422044, 1.0329029757987667, 1.7515654877845097, 0.056268285615162394, 0.41271101055657056, 0.1655929816663635, 1.709419489833081, 3.7395750862030064, 2.553314497639718, 1.0994938282610898, 1.635968733045493, 0.45300883667539793, 2.1389471059737737, 2.464510424067368, 3.846504116622915, 0.16272795345443392, 0.09841119059976933, 1.0859133609348188, 0.43849275786549136, 2.3781779551269606, 1.3830376020512587, 3.0431333562533367, 4.046367972627679, 2.1066804572766578, 2.2832133051329486, 2.8069165474918174, 4.163104468471136, 2.728435901909004, 0.20665583665916376, 3.1965714750414196, 0.4210410218498004, 2.630510386807495, 2.254652833588734, 2.0510547157638204, 1.2527803956060721, 1.8900600500788411, 2.8843120440184733, 1.8201115139532607, 0.05221195130986356, 0.338739909582884, 2.7696795039702566, 0.2533327911752479, 0.1475986897441599, 0.16056706815679433, 2.055833749515048, 3.7632485485463225, 3.8378406974747175, 1.8489384119105754, 1.7471111294062753, 2.702432881930858, 2.2272557265564594, 3.9925603011812805, 0.890968779288497, 0.4116302941541381, 2.911623459089272, 3.143767373435551, 0.1285913589483081, 2.241565799197506, 2.6570015893029164, 3.5302598048895595, 1.5678341499058903, 3.5482605741379656, 2.1573158342396797, 1.4482167445145402, 0.5715042163745745, 2.8609090542878186, 1.175172706491095, 2.4748109024652907, 1.1046036720131398, 1.1157446716848038, -0.026474380661046126, 1.9217914171800818, 0.48912886742241213, 3.275079981168097, 0.35496268631690553, 0.3189923249830704, 2.267377981628988, 0.57666619914573, 4.337546680204099, 1.3195176503143804, 0.1883231324634136, 0.020766086742562972, 2.410638145780564, 0.34740034676872567, 3.208368356830583, 2.7998611170183727, 0.4037232475346544, 0.19240870977916158, 4.366585442939376, 0.26983862683987425, 1.4066616598471644, 2.2669874441595566, 2.041440878302689, 2.4677479066083374, 0.3596822268138591, 1.9641372476527226, 1.6599216806655677, 0.6752286687182405, 2.2137515430386925, 3.814464167912761, 1.7453566634247868, 0.02099255304362302, 2.203833340928663, 1.7278620362188268, 0.3941746310492107, -0.15348051120225126, 0.7370984939819103, 2.3027552374137357, 3.7618431256492686, 2.070161398457747, 1.1541176900525514, 0.43438392302517004, 2.5214418389283977, 0.14667588146951172, 2.490633486924697, 2.2862513042598254, 2.789760434055257, 2.894119268760148, 3.128594052075796, 3.633461514058406, 3.8828739155671874, 0.25614021228973183, 0.08580212279634303, 1.0421868559313252, 3.6566309405065516, 1.4609924359442243, 0.09789029719924791, 2.188600604804345, 3.833253892529573, 2.327271650069956, 1.1840445211100306, 2.95709283248251, 3.091179457908404, 2.483445680497837, 2.482470546475181, 1.8178402971058656, 0.9440542096713325, 1.997668677488146, 2.365666720730897, 2.911168371159526, 2.8735814872868577, 1.8770573783203857, 0.1072434943707119, 1.1467885366076052, 1.8710992973267224, 0.6373282642532474, 3.7474496030564612, 3.657793530502803, 2.6843303820100894, 2.657459578740934, 0.39343219716273703, 2.7357246846282504, 1.6727543226805577, 2.5720157360445364, 1.842145106010062, 2.6012281170836773, 3.437649449919566, 4.48501575657297, 2.3709844956312325, 1.765958868930817, 1.1686922789781897, 1.7240301322090414, 3.1194785244122407, 3.5064698858974577, 4.0029807725849, 2.600111898485677, 1.655696386933721, 1.2640971181751885, 1.1570750904887708, 2.2183123337095556, 2.3446110941384797, 3.205500312861182, 0.4014252056274925, 1.4014622235843357, 1.6911562666783877, 2.1955317770711247, 0.682211264619609, 3.1271360911411064, 2.0298917737819533, 3.124982859244304, 3.891815716952088, 1.7419490739469803, 1.5430057978068925, 1.4867622049896154, 2.4286269466317303, 1.7260748628556573, 1.3128590284468975, 2.995277138280996, 1.6600349749322143, 0.3279529734455764, 1.506846895871187, 3.1326922284764804, 2.850272895444452, 2.6371456546278136, 1.6158481770763666, 1.862124296214249, 3.321742742266603, 1.592181316339071, 3.028915139287307, 2.457353546647074, 3.745770215621925, 1.6762619002862618, 2.8524282743930516, 2.0997373802073236, 2.957587174615667, 2.2799597319827987, 3.812322398088333, 1.6070624210125253, 2.2126464225209683, 2.4917239532327127, 2.5857331288039216, 2.6767206616641586, 1.154889279241791, 2.3272643056250013, 0.8411966055295628, 0.5136117014463026, 0.24798831418517464, 0.3186926071529932, 3.8333893923178866, 1.2509278962838213, 1.1325965818591823, 0.4610542109776179, 2.701842659686824, 0.6249601540309673, 2.7363557554511027, 2.4372234819345184, 1.829170910440968, 0.9403809715029261, 0.8171671351413201, 1.7953123227709362, 2.101408601269623, 2.248404560458644, 1.1344336721211223, 1.729373520977858, 2.6577131677198462, 2.1027325688380896, 0.5882570132493925, 1.887270570215024, 0.6682159672893715, 0.15786391269225053, 3.228879922439335, 2.5359834157680554, 3.382800536636637, 2.282040256001555, 2.535066244067649, 1.7000947563683872, 1.635316612956852, 2.675991215412828, 2.8297603180860644, 0.2284762728082308, 1.503658157495646, 0.9693118772169229, 2.5447243235333663, 1.3300585148005373, 3.7788184224770394, 1.755043635042628, 0.02345102282206657, 1.304963714370613, 0.8446730429919076, 1.8516326283909261, 1.2356907583221741, 2.1514974141365086, 0.03272470244915038, 1.2494524849933333, 0.6444501172251869, 2.7699413681754725, 2.5415484003618367, 1.261018870600209, 2.5930625997416628, 0.3548423690524025, 1.635945057412581, 2.8351591250860335, 2.2969227077035157, 3.0586981038005403, 2.219485269273844, 3.6064099355812083, 1.117365578360582, 2.2021460698149227, 1.847722879174404, 1.5526542577613722, 0.4015013334713413, 0.387859300829267, 0.42330734222605937, 1.1269362346050296, 3.7666344349382914, 3.3710740916303457, 2.068664978559372, 2.827003952297564, 2.1275514149826833, 0.26379384636331693, 3.1146166913779822, 0.23151746479955548, 0.36427148077187876, 2.4029022088036083, 4.020358705566592, 1.0830998549789181, 1.694650775043831, 1.4359555167312885, 3.468686547920037, 2.564555997998062, 2.307865538126835, 0.18672878564203055, 0.7779043810532422, 0.34191176233015375, 1.9639454748189507, 2.694568844840628, 1.2942099222919887, 2.019605428132795, 3.5425022668543917, 3.1745736472817723, 2.0554195022078874, 2.8892504339344587, 2.8003735907930807, 2.650055138656728, 0.37522882363082743, 0.27781548944648815, 0.5442930168182591, 0.12218150054431609, 4.612724991975513, 1.594300819159157, 2.502171133427065, 3.004365014928463, 2.574784106660046, 2.1348722366057835, 2.47755917796304, 1.0495661811580288, 0.340068284595878, 3.340289418641924, 