{"model": "catboost_minilm_features-extract_contractions", "type": "test", "seed": 42, "time_start": "2026-03-01T15:51:17.104702", "mse": 0.9399376463108818, "accuracy": 0.40707964601769914, "corr": 0.7032747560665265, "precision": [0.6666666666666666, 0.32075471698113206, 0.3333333333333333, 0.5510204081632653, 0.6153846153846154, 0.0], "recall": [0.11764705882352941, 0.5151515151515151, 0.6666666666666666, 0.4153846153846154, 0.3333333333333333, 0.0], "f1": [0.2, 0.3953488372093023, 0.4444444444444444, 0.47368421052631576, 0.43243243243243246, 0.0], "support": [51, 33, 51, 65, 24, 2], "confusion_matrix": [[6, 26, 19, 0, 0, 0], [1, 17, 13, 2, 0, 0], [2, 7, 34, 7, 1, 0], [0, 3, 31, 27, 4, 0], [0, 0, 5, 11, 8, 0], [0, 0, 0, 2, 0, 0]], "predictions": [1.4500449895858765, 1.265932559967041, 2.699118137359619, 1.2860212326049805, 0.8372564315795898, 1.5826778411865234, 3.153900384902954, 1.5908520221710205, 1.2906848192214966, 2.5568716526031494, 3.1102256774902344, 2.413986921310425, 3.1460933685302734, 1.8590192794799805, 1.6758393049240112, 1.807037353515625, 3.742551326751709, 1.0513120889663696, 1.4339841604232788, 3.555133581161499, 3.8705735206604004, 0.030493736267089844, 3.0564560890197754, 1.9212263822555542, 1.5404870510101318, 3.0944924354553223, 2.1761016845703125, 1.8207064867019653, 2.5302934646606445, 2.5186522006988525, 3.309617280960083, 1.1913743019104004, 2.0060462951660156, 1.1692572832107544, 3.0104734897613525, 2.4182987213134766, 1.5118083953857422, 1.8792369365692139, 2.9506003856658936, 0.6536204814910889, 1.2453052997589111, 2.3518707752227783, 1.0919089317321777, 1.785151720046997, 3.3905880451202393, 3.192704439163208, 1.3714560270309448, 2.684678077697754, 1.8920016288757324, 0.3966197967529297, 2.403311014175415, 2.099097728729248, 3.270047187805176, 1.7359812259674072, 3.236347198486328, 0.7150619029998779, 3.020798683166504, 1.941307544708252, 3.7643651962280273, 1.6608936786651611, 1.8918886184692383, 2.05220103263855, 2.689265251159668, 2.020296335220337, 1.5850951671600342, 2.3474175930023193, 1.9825481176376343, 1.552375316619873, 1.303322434425354, 2.3143157958984375, 1.8310210704803467, 2.466167449951172, 1.1080107688903809, 0.3119847774505615, 1.0912344455718994, 1.8899903297424316, 1.3380013704299927, 1.9062466621398926, 1.581757664680481, 0.3300752639770508, 1.7688801288604736, 1.946549654006958, 2.382138729095459, 3.17999005317688, 0.7602951526641846, 2.0335536003112793, 0.3402724266052246, 2.698471784591675, 1.5462373495101929, 1.8207337856292725, 3.067946434020996, 2.8594117164611816, 2.669522523880005, 0.7552714347839355, 2.30973744392395, 0.5770077705383301, 1.44725501537323, 1.8546111583709717, 1.0252894163131714, 1.8284666538238525, 2.7014057636260986, 0.2779531478881836, 2.4683711528778076, 2.196668863296509, 0.6873558759689331, 2.119901180267334, 2.123433828353882, 1.3968992233276367, 3.5732243061065674, 1.5727242231369019, 2.571186065673828, 1.8384311199188232, 2.511094331741333, 3.0615997314453125, 1.8643770217895508, 1.047341227531433, 3.0404958724975586, 2.274034261703491, 2.706676721572876, 2.773061513900757, 3.335050344467163, 1.4236376285552979, 0.1765739917755127, 2.262474536895752, 3.013610363006592, 2.3368020057678223, 1.747321367263794, 1.1421738862991333, 1.487474799156189, 1.9905626773834229, 2.315143585205078, 3.7205424308776855, 1.5915074348449707, 1.6461290121078491, 3.357811450958252, 3.7682294845581055, 2.356362819671631, 3.090640068054199, 1.263883352279663, 2.2036571502685547, 1.0293201208114624, 1.5514421463012695, 2.003870964050293, 1.6486928462982178, 1.9913606643676758, 2.8005380630493164, 3.0122292041778564, 0.4772181510925293, 3.778413772583008, 1.348334789276123, 3.18153977394104, 1.1723203659057617, 1.2198315858840942, 0.5375231504440308, 1.101672887802124, 3.400470733642578, 1.1372766494750977, 0.674181342124939, 1.9909875392913818, 2.602855920791626, 2.935777187347412, 2.986415147781372, 2.7434558868408203, 1.2227046489715576, 2.3687376976013184, 1.5392494201660156, 1.6703171730041504, 1.3650438785552979, 2.2210960388183594, 2.2481942176818848, 1.9904072284698486, 1.7480188608169556, 1.9834365844726562, 1.5114598274230957, 2.18986177444458, 2.666715145111084, 1.4639933109283447, 0.801659107208252, 0.6856344938278198, 3.4300460815429688, 1.7338918447494507, 1.7748668193817139, 1.150051474571228, 2.2383947372436523, 3.8067238330841064, 2.0201196670532227, 2.2235724925994873, 0.5367372035980225, 4.240747451782227, 1.6958279609680176, 2.063842535018921, 0.7485517263412476, 2.1336028575897217, 2.5406112670898438, 1.5673869848251343, 2.3559045791625977, 1.8363032341003418, 0.594078779220581, 2.3758976459503174, 0.8418920040130615, 1.5846915245056152, 1.7593528032302856, 2.105936288833618, 2.1634974479675293, 1.238759994506836, 1.5894877910614014, 3.5972390174865723, 2.0088984966278076, 3.8330886363983154, 1.9232964515686035, 1.336830973625183, 1.5538463592529297, 1.377762794494629, 1.818556308746338, 1.9921188354492188, 1.0341384410858154, 2.5378332138061523, 2.5047898292541504, -0.015148162841796875, 1.9042677879333496, 1.3878649473190308, 3.769345760345459, 1.9705579280853271, 2.471184730529785, 1.8995884656906128, 3.04888916015625], "params": {"iterations": 1510, "learning_rate": 0.014286, "depth": 3, "l2_leaf_reg": 3.4047e-06, "bagging_temperature": 2.5656, "random_strength": 4.1266, "border_count": 207}, "time_end": "2026-03-01T15:51:17.210238"}