{"model": "catboost_minilm_features-extract_casing", "type": "train", "seed": 41, "train_losses": [], "val_losses": [], "time_start": "2026-03-01T15:52:35.986010", "mse": 0.11177959571812429, "accuracy": 0.8698453608247423, "corr": 0.9816123078140198, "precision": [1.0, 0.8248175182481752, 0.6890243902439024, 0.8518518518518519, 0.9495798319327731, 1.0], "recall": [0.8220338983050848, 0.875968992248062, 0.9416666666666667, 0.7615894039735099, 0.875968992248062, 0.9612403100775194], "f1": [0.9023255813953488, 0.849624060150376, 0.795774647887324, 0.8041958041958042, 0.9112903225806451, 0.9802371541501976], "support": [118, 129, 120, 151, 129, 129], "confusion_matrix": [[97, 21, 0, 0, 0, 0], [0, 113, 16, 0, 0, 0], [0, 3, 113, 4, 0, 0], [0, 0, 35, 115, 1, 0], [0, 0, 0, 16, 113, 0], [0, 0, 0, 0, 5, 124]], "predictions": [2.762912299225778, 1.2384461090333871, 0.12562497994616262, 3.8903767932901707, 1.5679593273490067, 3.753087883287959, 2.4877765901443047, 2.782440243934388, 2.3931912431963656, 2.924816798437601, 1.8574152958489543, 3.791451808268273, 3.0771820485095915, 3.1278900041374857, 1.6718097769789237, 0.40653610966063924, 1.8019863280609232, 2.88767269282745, 2.9587080501263703, 1.7134327245508454, 1.3856255097533556, 0.5070694327866978, 0.7600072548821581, 1.7237118389468078, 1.1181487524642713, 2.8693352835766346, 0.17035634403724442, 2.806323365057504, 1.1160748306413373, 2.5969411106450337, 1.806148569043415, 2.220727158387967, 1.4080987576602768, 3.000488981078165, 0.9554724536494927, 1.76076750550976, 0.0451078391948081, 0.43679011288054737, 0.17295711472319208, 1.6299487002477822, 3.829322460880296, 2.540530290417238, 1.0366798169077303, 1.5810420819470004, 0.49498286380118994, 2.1617933858073286, 2.6372364587484842, 3.8208227489562088, 0.15751927499602036, 0.17904333455400323, 0.9827958737379028, 0.3820525486292792, 2.4838777481075898, 1.360575480004675, 3.0951619167295465, 3.9483913623822526, 2.100884843824746, 2.3421047106811015, 2.7970742567891844, 4.160884853873401, 2.7761710886366524, 0.25004947963236024, 3.225273459786413, 0.34968344962642073, 2.639138942529539, 2.253103824002385, 2.014918389147511, 1.2501952576644955, 1.8935891168534447, 2.8508597284993837, 1.781943576273801, 0.09991654294784968, 0.3205127457643533, 2.77125897941961, 0.17554728269932918, 0.15080508344776433, 0.169335932922547, 2.0469670300860487, 3.8981953357009216, 3.718845705519562, 1.8323331531356408, 1.7068070530950727, 2.6357541426659665, 2.1868509409259165, 3.9390913694629752, 0.875638307190665, 0.24335512236774903, 2.951017664615092, 3.0778292873947684, 0.02058160409158205, 2.208664961471985, 2.7307307375958194, 3.4147817453863567, 1.553983727796913, 3.5090109213597604, 2.1108279955204257, 1.3471776239967457, 0.5433282394675532, 2.888243611283027, 1.1972250648552107, 2.5360345581196895, 1.1119143680567916, 1.1274698274179167, -0.06725195529549666, 1.8655087559151793, 0.45366978400731606, 3.276036045662443, 0.30841500379042586, 0.25273073648100697, 2.31588170286269, 0.532002776266967, 4.2875947232701614, 1.329599702269586, 0.18566284402246902, 0.06707857926388927, 2.3659059017726443, 0.32710620449329175, 3.2177310834154556, 2.7845951043713155, 0.3874358667915452, 0.17857216099858864, 4.339989983346824, 0.31317725227349635, 1.500080162073208, 2.2451003025937624, 2.0215900461286935, 2.442116438127044, 0.3452948056420846, 1.9007866063859429, 1.530833664602563, 0.6601398122156259, 2.2988390030659565, 3.8141621830423897, 1.7632312996501427, 0.024761186311940353, 2.2387957024536282, 1.6893288454388686, 0.34169792645530617, -0.06607667342027534, 0.7571303873231188, 2.3442836970442062, 3.6723463645025944, 2.0320204235962156, 1.2721620208623774, 0.41128902108346566, 2.5700038792243047, 0.14325318482380434, 2.5394970598643614, 2.297961861629865, 2.7983087214075035, 2.881904938550626, 3.1153007353432383, 3.5989334225293175, 3.889056072782234, 0.248385105672007, 0.07758915829033963, 0.9344856284330973, 3.5839346525781393, 1.6004416632526848, 0.11407680106177942, 2.1221621715629975, 3.9423257706586146, 2.3577983897518657, 1.1972891290979695, 2.9707967893350977, 3.0772833645795687, 2.5107966995058666, 2.452258424544608, 1.8305220086384664, 0.9879730720785846, 2.06312079119984, 2.3661466799175894, 2.987455911356363, 2.781144934997363, 1.8320418930075928, 0.11597248089874501, 1.1798653975737308, 1.880268894744171, 0.6161239241407799, 3.7022018104943246, 3.6807963610749184, 2.7252812120598824, 2.633579277171737, 0.40231442082374436, 2.694042678583558, 1.654363052796323, 2.5477829327386328, 1.8392399276748672, 2.4842456712333245, 3.3731087726825835, 4.320681198553702, 2.3768664219169393, 1.6616963911686993, 1.2414462673034266, 1.8197324487978546, 3.1671209889752827, 3.5564614365480893, 3.9569991048053605, 2.601949790361811, 1.6167329224409968, 1.2996090734918175, 1.1796247945606015, 2.300403971123841, 2.3398715476953886, 3.1715599841016062, 0.4095755781274173, 1.3705191905655147, 1.7281521163100622, 2.2296310243165283, 0.7715922017056371, 3.119702103274431, 1.969675333952778, 3.0960448234684366, 3.9078055995633, 1.808211888702564, 1.6379175569182178, 1.5839652937081778, 2.4509131027055657, 1.815518847426702, 1.324342254103482, 2.849637211863087, 1.617984723932293, 0.4461499929870394, 1.5424948518601362, 2.9582223046799525, 2.9321006820191178, 2.7340406611738755, 1.585634964041919, 1.7871986444318217, 3.318419904193217, 1.6325038805696233, 2.9871195192907045, 2.3500507681017626, 3.7809182230477436, 1.7066407531353414, 2.9543860132993895, 2.0403344791806077, 2.8129142347763825, 2.336214915243499, 3.8311402326031647, 1.5824713216398854, 2.2871419007246594, 2.3713407993878355, 2.564035762418295, 2.784913987939033, 1.2170595271262992, 2.387254751531488, 0.8897263272963227, 0.5721446764522657, 0.2799035874188709, 0.37894094946180523, 3.7507785959235234, 1.2575834002568915, 1.0432673178513845, 0.4436313385549915, 2.5749919473629834, 0.5996937170599499, 2.7064899717705746, 2.526653448332232, 1.7398027697349314, 0.9437919410466666, 0.9283732197160826, 1.8283419820215008, 2.064014328122575, 2.232765297774066, 1.1983312701243467, 1.646932969143113, 2.530101998305632, 2.1610548910572387, 0.49099671677410495, 1.8216662419977905, 0.6134559046689936, 0.16383134170398428, 3.377942278602032, 2.5472940467733554, 3.38607717133565, 2.3646021891818703, 2.582309330526409, 1.780186672245545, 1.7177688042700678, 2.755670903107606, 2.915832569673467, 0.24128511667731312, 1.4216310902789298, 0.9181840344291767, 2.4609639702126294, 1.2535756186527824, 3.768748152177092, 1.8052627586598655, 0.12132970958234468, 1.327020853487252, 0.8376379996768655, 1.8186239933040642, 1.2303772157728776, 1.977179298592993, 0.043476123946156964, 1.3379493326109368, 0.5936164820263412, 2.802592679886598, 2.4670166803955134, 1.2745110073655563, 2.6521465647933993, 0.29333424996617685, 1.5455031609758443, 2.8292651266515882, 2.3016847122125137, 3.028366501411183, 2.2556850313202386, 3.70066319951033, 1.0754846944340435, 2.2049405019415613, 1.835275407274867, 1.584984162631591, 0.3974183289751556, 0.4449839107776654, 0.5030928711724136, 1.1386637441305718, 3.6550775758195493, 3.419656205668853, 2.0295509837511436, 2.6891619536769524, 1.9982441827207933, 0.2505194253508729, 3.165202736653061, 0.20892182728874253, 0.35535465547074274, 2.542494925130826, 3.998934345814514, 1.2330840682415753, 1.707624676324946, 1.4253052499271108, 3.4634452024288334, 2.5651552528669566, 2.3007525945983005, 0.18869633115261664, 0.7291388947268658, 0.2854522357205811, 1.9016639945040474, 2.6487296168284944, 1.211846585505078, 1.9621194047560548, 3.6378879125413652, 3.2446394955610445, 2.039814991209862, 2.948610287948108, 2.768869237179275, 2.7588262104247874, 0.38537146646212506, 0.21196656808131342, 0.5718308523067488, 0.17056031660875925, 4.719709746300271, 1.5583253408138131, 2.587506430648961, 3.0086092984761055, 2.6430629766670983, 2.1619224531074384, 2.445436381329982, 0.8672778102391097, 0.386746842246561, 3.2471479870804583, 