{"model": "catboost_minilm_features-extract_3+syllable_count_ratio", "type": "test", "seed": 42, "time_start": "2026-03-01T15:35:48.698801", "mse": 0.9725417582492354, "accuracy": 0.3893805309734513, "corr": 0.6894563809060433, "precision": [0.7272727272727273, 0.3137254901960784, 0.31683168316831684, 0.5, 0.5454545454545454, 0.0], "recall": [0.1568627450980392, 0.48484848484848486, 0.6274509803921569, 0.4, 0.25, 0.0], "f1": [0.25806451612903225, 0.38095238095238093, 0.42105263157894735, 0.4444444444444444, 0.34285714285714286, 0.0], "support": [51, 33, 51, 65, 24, 2], "confusion_matrix": [[8, 25, 17, 1, 0, 0], [1, 16, 13, 3, 0, 0], [2, 8, 32, 8, 1, 0], [0, 2, 33, 26, 4, 0], [0, 0, 6, 12, 6, 0], [0, 0, 0, 2, 0, 0]], "predictions": [1.480484962463379, 1.1301215887069702, 2.6881840229034424, 1.2124881744384766, 0.794582724571228, 1.6591103076934814, 3.0609896183013916, 1.8444545269012451, 1.630118727684021, 2.627412796020508, 3.00038480758667, 2.4010579586029053, 3.4854485988616943, 1.9174408912658691, 1.514265775680542, 1.656237244606018, 3.781954765319824, 1.0545127391815186, 1.5781890153884888, 3.3438892364501953, 3.8594231605529785, 0.17991161346435547, 2.9241371154785156, 1.8089256286621094, 1.5392413139343262, 2.9139809608459473, 2.3750767707824707, 1.8827342987060547, 2.582026481628418, 2.656418561935425, 3.3451712131500244, 1.1899237632751465, 1.9638822078704834, 1.1663163900375366, 3.2514781951904297, 2.5088982582092285, 1.3267940282821655, 2.050473213195801, 3.0225749015808105, 0.9871881008148193, 1.4136096239089966, 2.3656883239746094, 1.0653818845748901, 2.1473898887634277, 3.3087830543518066, 3.2012975215911865, 1.209395170211792, 2.8295044898986816, 1.9600260257720947, 0.35865306854248047, 2.6340982913970947, 2.2530596256256104, 3.496882438659668, 1.6546783447265625, 3.377041816711426, 0.7332864999771118, 2.973412036895752, 2.1007511615753174, 3.675567626953125, 1.5999782085418701, 1.6806960105895996, 1.957586407661438, 2.761556386947632, 2.24078369140625, 1.563666820526123, 2.5494894981384277, 1.9763858318328857, 1.811476469039917, 1.0049724578857422, 2.1497156620025635, 1.7107303142547607, 2.4269566535949707, 1.206255316734314, 0.27746081352233887, 1.0574371814727783, 1.8584308624267578, 1.506402850151062, 1.8570268154144287, 1.4462863206863403, 0.2973015308380127, 1.7895971536636353, 1.96338951587677, 2.261716842651367, 3.2903130054473877, 0.6749175786972046, 1.9422130584716797, 0.3067002296447754, 2.749553680419922, 1.3925080299377441, 1.7770469188690186, 2.9272522926330566, 2.8750364780426025, 2.7580080032348633, 0.8515658378601074, 2.3799197673797607, 0.48399782180786133, 1.4150446653366089, 2.002070426940918, 1.1360608339309692, 1.6666606664657593, 2.580674648284912, 0.34981393814086914, 2.424727201461792, 2.3182919025421143, 0.6237494945526123, 2.145693063735962, 2.3229665756225586, 1.3967242240905762, 3.329899787902832, 1.6797680854797363, 2.478829860687256, 1.8827686309814453, 2.6283700466156006, 2.9311604499816895, 1.7931201457977295, 0.9390432834625244, 3.2085745334625244, 2.4504878520965576, 2.6048762798309326, 2.874575138092041, 3.37819766998291, 1.5209267139434814, 0.21634554862976074, 2.1478662490844727, 2.7776331901550293, 2.4065208435058594, 1.5970081090927124, 1.3751708269119263, 1.64944589138031, 2.18289852142334, 2.1784913539886475, 3.643296957015991, 1.5884616374969482, 1.6736063957214355, 3.287025213241577, 3.9506187438964844, 2.251347303390503, 2.990783929824829, 0.9243007898330688, 2.150639057159424, 0.930223822593689, 1.5535237789154053, 1.9636342525482178, 1.5268241167068481, 1.9894580841064453, 2.887166738510132, 3.0045604705810547, 0.4695582389831543, 3.71914005279541, 1.3007620573043823, 3.486478090286255, 1.2444690465927124, 1.0726778507232666, 0.8232316970825195, 1.0990219116210938, 3.433391809463501, 1.008020281791687, 0.49965405464172363, 2.0157480239868164, 2.5485808849334717, 2.964632511138916, 2.9761712551116943, 2.850313186645508, 1.0639708042144775, 2.3936712741851807, 1.430167555809021, 1.635572910308838, 1.2434871196746826, 2.3475193977355957, 2.0220675468444824, 1.939987301826477, 1.6877800226211548, 2.1280434131622314, 1.6196547746658325, 2.2160842418670654, 2.632272720336914, 1.3635505437850952, 0.8748048543930054, 0.8742671012878418, 3.355196475982666, 1.6716136932373047, 1.6825193166732788, 0.988997220993042, 2.2213900089263916, 3.992243766784668, 2.0589356422424316, 1.9496617317199707, 0.7188428640365601, 3.9843153953552246, 1.651533842086792, 2.0053250789642334, 0.8304544687271118, 1.9315223693847656, 2.390399932861328, 1.605858564376831, 2.47023344039917, 1.8204312324523926, 0.6188483238220215, 2.390050172805786, 0.7115559577941895, 1.6927610635757446, 1.8797533512115479, 1.965421438217163, 2.155968189239502, 1.2559412717819214, 1.3676767349243164, 3.5586512088775635, 2.057366371154785, 3.6577088832855225, 2.078077793121338, 1.3989312648773193, 1.5173020362854004, 1.3886736631393433, 1.8016321659088135, 1.956559419631958, 1.2139086723327637, 2.544262170791626, 2.5916430950164795, -0.13580656051635742, 1.9121298789978027, 1.396933674812317, 3.9692935943603516, 2.1067006587982178, 2.4260170459747314, 2.0508570671081543, 3.1329965591430664], "params": {"iterations": 1510, "learning_rate": 0.014286, "depth": 3, "l2_leaf_reg": 3.4047e-06, "bagging_temperature": 2.5656, "random_strength": 4.1266, "border_count": 207}, "time_end": "2026-03-01T15:35:48.799309"}