{"model": "catboost_minilm_features-extract_word_length_by_char", "type": "test", "seed": 41, "time_start": "2026-03-01T15:04:05.495231", "mse": 0.968373265030928, "accuracy": 0.38495575221238937, "corr": 0.6917655939402052, "precision": [0.75, 0.2692307692307692, 0.3300970873786408, 0.5192307692307693, 0.5454545454545454, 0.0], "recall": [0.11764705882352941, 0.42424242424242425, 0.6666666666666666, 0.4153846153846154, 0.25, 0.0], "f1": [0.2033898305084746, 0.32941176470588235, 0.44155844155844154, 0.46153846153846156, 0.34285714285714286, 0.0], "support": [51, 33, 51, 65, 24, 2], "confusion_matrix": [[6, 26, 19, 0, 0, 0], [1, 14, 15, 3, 0, 0], [1, 9, 34, 6, 1, 0], [0, 3, 31, 27, 4, 0], [0, 0, 4, 14, 6, 0], [0, 0, 0, 2, 0, 0]], "predictions": [0.9997924566268921, 1.0979005098342896, 2.707881212234497, 1.1424490213394165, 0.8456284999847412, 1.559898018836975, 2.9223952293395996, 1.6345739364624023, 1.46024751663208, 2.8286914825439453, 3.014580249786377, 2.2550735473632812, 3.283722400665283, 1.9292511940002441, 1.750726342201233, 1.7306227684020996, 3.77077579498291, 1.0329065322875977, 1.5595121383666992, 3.457174777984619, 3.760104179382324, 0.25448107719421387, 2.9761505126953125, 1.5852748155593872, 1.5339370965957642, 2.96734881401062, 2.0258469581604004, 1.8361904621124268, 2.5213623046875, 2.4229092597961426, 3.390596389770508, 1.073612928390503, 1.95553719997406, 1.0781022310256958, 2.9988160133361816, 2.524698257446289, 1.537372350692749, 2.051360845565796, 3.1226534843444824, 0.8645987510681152, 1.4676066637039185, 1.983343482017517, 0.9334080219268799, 1.823240041732788, 3.327347993850708, 3.0767030715942383, 1.5015373229980469, 2.7372233867645264, 1.8283439874649048, 0.266934871673584, 2.3618547916412354, 2.192595958709717, 3.3058815002441406, 1.9340083599090576, 3.201298952102661, 0.7904822826385498, 2.9348204135894775, 1.7367221117019653, 3.7232861518859863, 1.6667838096618652, 1.7971775531768799, 2.1445655822753906, 2.638624668121338, 2.105797290802002, 1.6275548934936523, 2.3932723999023438, 1.6962080001831055, 1.581836223602295, 1.185265064239502, 2.4196653366088867, 1.7023096084594727, 2.635211944580078, 1.405131459236145, 0.5957790613174438, 1.1805533170700073, 1.8630082607269287, 1.4601469039916992, 1.7937794923782349, 1.5816736221313477, 0.2044670581817627, 1.7521095275878906, 2.0187876224517822, 2.2619786262512207, 3.317622661590576, 0.8581713438034058, 1.8864184617996216, 0.3317234516143799, 2.8118181228637695, 1.5332872867584229, 1.809462547302246, 2.834601879119873, 2.9351861476898193, 2.4533374309539795, 0.7577004432678223, 2.223665475845337, 0.5628896951675415, 1.5788168907165527, 1.6930437088012695, 1.0926332473754883, 1.7466776371002197, 2.5905840396881104, 0.2634902000427246, 2.6598992347717285, 2.077557325363159, 0.7555596828460693, 2.2208755016326904, 2.2082767486572266, 1.3151921033859253, 3.400054931640625, 1.5342035293579102, 2.5460777282714844, 1.909271478652954, 2.648345470428467, 2.9316492080688477, 1.8869762420654297, 1.136375069618225, 3.197822093963623, 2.486301898956299, 2.712432622909546, 2.6826813220977783, 3.3308968544006348, 1.4666571617126465, 0.3408637046813965, 2.215632915496826, 3.0759334564208984, 2.451565742492676, 1.564969539642334, 1.1533422470092773, 1.6761394739151, 2.0550308227539062, 2.381868362426758, 3.797931671142578, 1.6693263053894043, 1.5171136856079102, 3.1908538341522217, 3.797156810760498, 2.4807209968566895, 3.098950147628784, 1.307942509651184, 2.0299408435821533, 0.8165897130966187, 1.5900471210479736, 2.0655105113983154, 1.5419888496398926, 2.132004499435425, 2.9738361835479736, 2.8794643878936768, 0.5234037637710571, 3.7511253356933594, 1.3468769788742065, 3.2307682037353516, 1.3041377067565918, 0.9970529079437256, 0.9697631597518921, 1.001739501953125, 3.465761661529541, 1.12012779712677, 0.8450751304626465, 1.9036797285079956, 2.6993541717529297, 2.9616193771362305, 2.9118638038635254, 2.90183687210083, 1.024625301361084, 2.234661102294922, 1.4978065490722656, 1.5442888736724854, 1.362322449684143, 2.372011423110962, 1.880756139755249, 2.019944429397583, 1.682767391204834, 1.9840139150619507, 1.6803300380706787, 2.1042850017547607, 2.611480474472046, 1.3454769849777222, 0.8724108934402466, 0.8826498985290527, 3.274846076965332, 1.7586772441864014, 1.7704336643218994, 1.0221261978149414, 2.1050426959991455, 3.7727856636047363, 1.9765417575836182, 2.073218822479248, 0.7622314691543579, 4.002744674682617, 1.679078221321106, 2.214745044708252, 0.927452802658081, 2.1169261932373047, 2.0708911418914795, 1.6887030601501465, 2.4653584957122803, 1.7702897787094116, 0.4581434726715088, 2.5501182079315186, 0.9604953527450562, 1.5317091941833496, 1.7866535186767578, 2.2034127712249756, 1.9802794456481934, 1.275258183479309, 1.4030985832214355, 3.603684902191162, 1.9698963165283203, 3.686276435852051, 1.9174890518188477, 1.3495296239852905, 1.7002595663070679, 1.3536927700042725, 1.742861032485962, 2.056501865386963, 1.3008308410644531, 2.764738082885742, 2.5567030906677246, -0.22342920303344727, 1.705233097076416, 1.3100711107254028, 3.7528958320617676, 2.040726900100708, 2.477191925048828, 1.9946916103363037, 3.2310166358947754], "params": {"iterations": 1510, "learning_rate": 0.014286, "depth": 3, "l2_leaf_reg": 3.4047e-06, "bagging_temperature": 2.5656, "random_strength": 4.1266, "border_count": 207}, "time_end": "2026-03-01T15:04:05.577975"}