{"model": "catboost_minilm_features-extract_casing_bigrams", "type": "test", "seed": 42, "time_start": "2026-03-01T15:59:34.933166", "mse": 0.9462965692879975, "accuracy": 0.3938053097345133, "corr": 0.7005473542152907, "precision": [0.7272727272727273, 0.3018867924528302, 0.3333333333333333, 0.5, 0.5833333333333334, 0.0], "recall": [0.1568627450980392, 0.48484848484848486, 0.6666666666666666, 0.36923076923076925, 0.2916666666666667, 0.0], "f1": [0.25806451612903225, 0.37209302325581395, 0.4444444444444444, 0.4247787610619469, 0.3888888888888889, 0.0], "support": [51, 33, 51, 65, 24, 2], "confusion_matrix": [[8, 27, 16, 0, 0, 0], [1, 16, 14, 2, 0, 0], [2, 7, 34, 7, 1, 0], [0, 3, 34, 24, 4, 0], [0, 0, 4, 13, 7, 0], [0, 0, 0, 2, 0, 0]], "predictions": [1.2792564630508423, 1.3426566123962402, 2.651679754257202, 1.332411289215088, 0.9454860687255859, 1.385165810585022, 3.0122299194335938, 1.7882753610610962, 1.2578949928283691, 2.376598358154297, 3.107720375061035, 2.2515597343444824, 3.4334030151367188, 1.9818265438079834, 1.7320690155029297, 1.96983003616333, 3.696761131286621, 1.057542324066162, 1.643092393875122, 3.3681840896606445, 3.9430928230285645, 0.04083085060119629, 3.180635452270508, 1.7550432682037354, 1.5195906162261963, 2.9389595985412598, 2.2639577388763428, 1.9625228643417358, 2.5881104469299316, 2.3325042724609375, 3.3994312286376953, 1.2933963537216187, 1.7657749652862549, 0.950671911239624, 3.0452404022216797, 2.341257095336914, 1.3427681922912598, 2.08699893951416, 3.174949884414673, 0.7683215141296387, 1.4080913066864014, 2.184957504272461, 1.0662312507629395, 1.953644037246704, 3.313918113708496, 3.304259777069092, 1.3256767988204956, 2.8081748485565186, 2.0754384994506836, 0.34271955490112305, 2.271803855895996, 2.0351176261901855, 3.409605026245117, 1.6809074878692627, 3.3092713356018066, 0.5415034294128418, 3.0459938049316406, 1.948560118675232, 3.572063684463501, 1.6345784664154053, 1.9262831211090088, 2.0249528884887695, 2.677314281463623, 1.8561537265777588, 1.5378069877624512, 2.2732841968536377, 1.8281841278076172, 1.7673532962799072, 0.98652184009552, 2.454221487045288, 1.692266583442688, 2.5284528732299805, 1.1384931802749634, 0.33812928199768066, 1.0953444242477417, 2.0820157527923584, 1.4260320663452148, 1.7618902921676636, 1.546926498413086, 0.20957493782043457, 1.656889796257019, 1.832585334777832, 2.4165022373199463, 3.4750640392303467, 0.5467697381973267, 2.0841619968414307, 0.3430955410003662, 2.6820626258850098, 1.5467827320098877, 1.8243794441223145, 2.874039649963379, 2.93031644821167, 2.5774247646331787, 0.9442923069000244, 2.3225948810577393, 0.32929277420043945, 1.6680514812469482, 1.9914360046386719, 1.0965322256088257, 1.8676867485046387, 2.679758071899414, 0.3784761428833008, 2.515129566192627, 2.1288557052612305, 0.8372433185577393, 1.7287712097167969, 2.3100974559783936, 1.4172321557998657, 3.2804312705993652, 1.6208837032318115, 2.645372152328491, 1.8106063604354858, 2.647484302520752, 2.999500274658203, 1.856992244720459, 0.9130994081497192, 3.2217376232147217, 2.465819835662842, 2.715090036392212, 2.727947473526001, 3.2839741706848145, 1.4943267107009888, 0.18886709213256836, 2.1654491424560547, 2.953688383102417, 2.3803837299346924, 1.646859884262085, 0.9332077503204346, 1.4237276315689087, 2.02579665184021, 2.0179877281188965, 3.6796276569366455, 1.6543292999267578, 1.5378777980804443, 3.360586643218994, 3.7426340579986572, 2.3773868083953857, 2.813494920730591, 1.4257367849349976, 2.288210391998291, 1.1312271356582642, 1.7262561321258545, 2.0980255603790283, 1.4625399112701416, 2.032301425933838, 2.846614122390747, 3.015329360961914, 0.38739681243896484, 3.6385724544525146, 1.3326377868652344, 3.262721538543701, 1.4484580755233765, 1.350472092628479, 0.8638474941253662, 1.1077066659927368, 3.337865114212036, 1.0066365003585815, 0.8449229001998901, 2.007974624633789, 2.550053358078003, 2.8716983795166016, 3.1948294639587402, 2.5692665576934814, 1.0355126857757568, 2.2813849449157715, 1.518789529800415, 1.5102002620697021, 1.1737805604934692, 2.367421865463257, 2.181096315383911, 2.0496602058410645, 1.635148525238037, 2.0684943199157715, 1.565751552581787, 1.9775547981262207, 2.4527928829193115, 1.3302346467971802, 0.8940620422363281, 0.8766785860061646, 3.5235371589660645, 1.702134132385254, 1.6467009782791138, 1.1307384967803955, 2.12969708442688, 3.754204750061035, 2.0305283069610596, 2.069592237472534, 0.711694598197937, 4.158021926879883, 1.6676315069198608, 2.0619940757751465, 0.8927136659622192, 2.1071293354034424, 2.3488311767578125, 1.5446856021881104, 2.2764458656311035, 1.8371024131774902, 0.4927091598510742, 2.238558292388916, 0.9465826749801636, 1.6964521408081055, 1.808593988418579, 1.9865343570709229, 2.192972421646118, 1.3267316818237305, 1.4996289014816284, 3.615746021270752, 1.8494846820831299, 3.707505702972412, 1.8244028091430664, 1.3426226377487183, 1.6604845523834229, 1.497797966003418, 1.9075467586517334, 2.0113303661346436, 1.1023503541946411, 2.6087262630462646, 2.6111133098602295, -0.06409502029418945, 1.850764274597168, 1.330262303352356, 3.8390603065490723, 1.880350112915039, 2.444319009780884, 2.024129629135132, 3.162763833999634], "params": {"iterations": 1510, "learning_rate": 0.014286, "depth": 3, "l2_leaf_reg": 3.4047e-06, "bagging_temperature": 2.5656, "random_strength": 4.1266, "border_count": 207}, "time_end": "2026-03-01T15:59:35.041769"}