{"model": "catboost_minilm_features-minilm", "type": "test", "seed": 41, "time_start": "2026-03-01T14:53:23.063184", "mse": 0.9810032786691837, "accuracy": 0.38495575221238937, "corr": 0.6854397935696248, "precision": [0.8571428571428571, 0.2711864406779661, 0.3191489361702128, 0.52, 0.5625, 0.0], "recall": [0.11764705882352941, 0.48484848484848486, 0.5882352941176471, 0.4, 0.375, 0.0], "f1": [0.20689655172413793, 0.34782608695652173, 0.41379310344827586, 0.45217391304347826, 0.45, 0.0], "support": [51, 33, 51, 65, 24, 2], "confusion_matrix": [[6, 28, 15, 2, 0, 0], [1, 16, 13, 3, 0, 0], [0, 11, 30, 9, 1, 0], [0, 4, 30, 26, 5, 0], [0, 0, 6, 9, 9, 0], [0, 0, 0, 1, 1, 0]], "predictions": [1.08840811252594, 1.3186748027801514, 2.7301254272460938, 1.092334270477295, 0.8982923030853271, 1.301539421081543, 2.942246437072754, 2.2382469177246094, 1.3269143104553223, 2.6347782611846924, 3.065460681915283, 2.3258988857269287, 3.7574682235717773, 2.300964117050171, 1.7239959239959717, 1.800856351852417, 3.6178700923919678, 1.111532211303711, 1.4904775619506836, 3.5702896118164062, 3.819431781768799, 0.3537607192993164, 3.025362968444824, 1.661879539489746, 1.7474970817565918, 3.286531448364258, 2.2100043296813965, 1.7896488904953003, 2.752582550048828, 2.5533266067504883, 3.157407283782959, 1.2265270948410034, 1.8732919692993164, 1.1369526386260986, 3.2532358169555664, 2.5136337280273438, 1.272689700126648, 1.8885587453842163, 3.0318806171417236, 0.8886659145355225, 1.3974798917770386, 2.229482412338257, 0.8622423410415649, 2.133976459503174, 3.5870466232299805, 2.990614175796509, 1.333262324333191, 2.924312114715576, 1.9407507181167603, 0.5764235258102417, 2.5598671436309814, 2.3857359886169434, 3.302807092666626, 1.880021095275879, 3.3005247116088867, 0.6705163717269897, 3.3460776805877686, 1.8749213218688965, 3.6028478145599365, 1.344384789466858, 1.6448216438293457, 1.981515645980835, 2.7356784343719482, 1.948006510734558, 1.8266756534576416, 2.544698715209961, 1.5579514503479004, 1.5345375537872314, 1.0268620252609253, 2.4768192768096924, 1.8851847648620605, 2.4666481018066406, 1.4019367694854736, 0.5127698183059692, 0.785396933555603, 1.9403367042541504, 1.3844516277313232, 1.721571445465088, 1.65206778049469, 0.2382793426513672, 1.5903737545013428, 1.9609158039093018, 2.212010622024536, 3.277625322341919, 0.7311627864837646, 1.771054983139038, 0.27941107749938965, 2.691746950149536, 1.5085961818695068, 1.8139382600784302, 3.1951684951782227, 2.921433925628662, 2.7447733879089355, 0.5013331174850464, 2.6962170600891113, 0.48319244384765625, 1.2910770177841187, 1.9582934379577637, 0.8752526044845581, 1.5301222801208496, 2.800030469894409, 0.18072724342346191, 2.2453761100769043, 2.23451566696167, 0.8018853664398193, 2.0071983337402344, 2.3640341758728027, 1.3378397226333618, 3.557116746902466, 1.7430962324142456, 2.858506679534912, 1.3890444040298462, 2.502303123474121, 3.1749267578125, 1.8070731163024902, 0.970220685005188, 3.6155343055725098, 2.5384957790374756, 2.451674222946167, 2.8098905086517334, 3.2075343132019043, 1.441885232925415, 0.13947749137878418, 2.172753095626831, 2.8396060466766357, 2.3899126052856445, 1.568817377090454, 1.5253970623016357, 1.4728556871414185, 2.0401086807250977, 2.061561107635498, 3.4737043380737305, 1.7266719341278076, 1.3738497495651245, 3.346430778503418, 3.77742338180542, 2.1493868827819824, 2.968644142150879, 0.9433343410491943, 2.212475299835205, 1.0688589811325073, 1.5565907955169678, 1.917999505996704, 1.8252975940704346, 2.1135170459747314, 2.8714699745178223, 3.345654010772705, 0.881330132484436, 3.7831220626831055, 1.1938766241073608, 3.5131118297576904, 1.615921974182129, 0.8139545917510986, 0.9324758052825928, 0.8267909288406372, 3.477902412414551, 1.0778710842132568, 0.8937350511550903, 1.9556413888931274, 2.471534252166748, 3.0594348907470703, 3.1029605865478516, 2.623607873916626, 1.131496787071228, 2.566790819168091, 1.5459554195404053, 1.5535163879394531, 1.5576469898223877, 2.3449819087982178, 2.195103883743286, 1.9635179042816162, 1.5551817417144775, 2.093722105026245, 1.795839786529541, 2.1153814792633057, 2.7212202548980713, 1.5823839902877808, 0.8047432899475098, 0.6057742834091187, 3.4770097732543945, 1.7276575565338135, 1.9822256565093994, 1.2116779088974, 2.2485013008117676, 3.6822986602783203, 2.0377864837646484, 2.1983165740966797, 0.8066401481628418, 3.852308750152588, 1.4751156568527222, 1.750401496887207, 0.7907150983810425, 1.9383041858673096, 2.5011134147644043, 1.3828691244125366, 2.4619364738464355, 1.6476168632507324, 0.6101770401000977, 2.073678970336914, 0.9534866809844971, 1.6648998260498047, 1.7887511253356934, 2.1176021099090576, 1.8028285503387451, 1.4159570932388306, 1.550854206085205, 3.625765085220337, 2.10617733001709, 3.7737250328063965, 1.7925939559936523, 1.341520071029663, 1.3221145868301392, 1.2614035606384277, 1.6893845796585083, 1.8625472784042358, 0.9426953792572021, 2.8165841102600098, 2.5576648712158203, -0.06400704383850098, 2.006856918334961, 1.4126108884811401, 4.060172080993652, 2.197195053100586, 2.4034790992736816, 1.8403990268707275, 3.285876989364624], "params": {"iterations": 1510, "learning_rate": 0.014286, "depth": 3, "l2_leaf_reg": 3.4047e-06, "bagging_temperature": 2.5656, "random_strength": 4.1266, "border_count": 207}, "time_end": "2026-03-01T14:53:23.168153"}