{"model": "catboost_minilm_features-extract_word_concreteness", "type": "test", "seed": 42, "time_start": "2026-03-01T16:42:46.864904", "mse": 0.9898710893515085, "accuracy": 0.37610619469026546, "corr": 0.6833330735906051, "precision": [0.7777777777777778, 0.2708333333333333, 0.3113207547169811, 0.5, 0.5454545454545454, 0.0], "recall": [0.13725490196078433, 0.3939393939393939, 0.6470588235294118, 0.4, 0.25, 0.0], "f1": [0.23333333333333334, 0.32098765432098764, 0.42038216560509556, 0.4444444444444444, 0.34285714285714286, 0.0], "support": [51, 33, 51, 65, 24, 2], "confusion_matrix": [[7, 24, 20, 0, 0, 0], [1, 13, 17, 2, 0, 0], [1, 9, 33, 7, 1, 0], [0, 2, 33, 26, 4, 0], [0, 0, 3, 15, 6, 0], [0, 0, 0, 2, 0, 0]], "predictions": [1.0954440832138062, 1.0825892686843872, 2.5990419387817383, 1.4452099800109863, 0.9285173416137695, 1.7420802116394043, 3.2194664478302, 1.7856926918029785, 1.163677453994751, 2.525441884994507, 2.7933077812194824, 2.3233065605163574, 3.384146213531494, 1.9313836097717285, 1.6727484464645386, 1.7879908084869385, 3.6657772064208984, 1.0698766708374023, 1.5985405445098877, 3.2786550521850586, 3.650158405303955, 0.08948636054992676, 2.8853137493133545, 1.7966530323028564, 1.6707229614257812, 2.955434560775757, 2.2199370861053467, 2.1303319931030273, 2.6085710525512695, 2.649981737136841, 3.239621639251709, 1.1811352968215942, 1.902938723564148, 1.2700927257537842, 3.015153169631958, 2.3019957542419434, 1.2327290773391724, 2.1321768760681152, 3.182805299758911, 0.843979001045227, 1.519813895225525, 2.1912035942077637, 0.880900502204895, 2.087007761001587, 3.2257542610168457, 3.1128242015838623, 1.4101446866989136, 2.8214268684387207, 1.8445730209350586, 0.5487178564071655, 2.226163864135742, 1.8505725860595703, 3.4996607303619385, 1.9339077472686768, 3.057823657989502, 0.41283488273620605, 3.2361903190612793, 1.8698573112487793, 3.5723934173583984, 1.7480051517486572, 2.007258892059326, 1.9371157884597778, 2.601943016052246, 2.464768886566162, 1.6781584024429321, 2.4741740226745605, 1.9002691507339478, 1.7943315505981445, 0.9258612394332886, 2.5412416458129883, 1.7884047031402588, 2.481077194213867, 1.3322060108184814, 0.35919618606567383, 1.1532740592956543, 2.1242258548736572, 1.3072254657745361, 1.7148356437683105, 1.570660948753357, 0.0822134017944336, 1.940873146057129, 1.9800729751586914, 2.197723627090454, 3.1544671058654785, 0.7677874565124512, 1.8668341636657715, 0.2566845417022705, 2.5032124519348145, 1.6069269180297852, 1.9443867206573486, 2.8992726802825928, 2.791466474533081, 2.865325450897217, 0.8536969423294067, 2.4643783569335938, 0.6156682968139648, 1.7068426609039307, 1.8235530853271484, 0.9331245422363281, 1.845923662185669, 2.714026689529419, 0.23939919471740723, 2.5942628383636475, 2.1446375846862793, 0.8211029767990112, 2.042271852493286, 2.284989356994629, 1.3184655904769897, 3.2120652198791504, 1.636718988418579, 2.526399612426758, 1.6655488014221191, 2.580824375152588, 2.9808692932128906, 1.6778697967529297, 1.003954529762268, 3.454005241394043, 2.4969258308410645, 2.706275224685669, 2.794344425201416, 3.2980496883392334, 1.7368371486663818, 0.3840296268463135, 2.0612452030181885, 3.033752918243408, 2.3501529693603516, 1.5005011558532715, 0.9805585145950317, 1.6250519752502441, 2.112556219100952, 1.9788271188735962, 3.5047526359558105, 1.6250011920928955, 1.5824682712554932, 3.4273905754089355, 3.804365634918213, 2.441706657409668, 3.074695587158203, 1.414445161819458, 2.148790121078491, 1.0208749771118164, 1.6198475360870361, 2.067197561264038, 1.3634729385375977, 2.2104945182800293, 2.816721200942993, 2.909853935241699, 0.5720165967941284, 3.6456379890441895, 1.5930711030960083, 3.0372095108032227, 1.221956491470337, 1.2172249555587769, 0.8179792165756226, 1.0023280382156372, 3.356645107269287, 1.3343228101730347, 0.7431248426437378, 2.1466288566589355, 2.673304796218872, 2.9240405559539795, 3.1466903686523438, 2.771984577178955, 1.066939115524292, 2.153447151184082, 1.4896390438079834, 1.6691404581069946, 1.6707097291946411, 2.448160409927368, 2.048977851867676, 2.1633989810943604, 1.6363542079925537, 2.033381462097168, 1.6651248931884766, 2.333404779434204, 2.6000654697418213, 1.631410837173462, 0.9973615407943726, 0.729820728302002, 3.386288642883301, 1.689295768737793, 1.761560320854187, 1.0343799591064453, 2.094273090362549, 3.6033618450164795, 1.824314832687378, 2.2229197025299072, 0.7658889293670654, 3.855910301208496, 1.4790278673171997, 1.9080851078033447, 1.0135393142700195, 2.010928153991699, 2.2116899490356445, 1.519824504852295, 2.3599038124084473, 1.9500905275344849, 0.3618607521057129, 2.356950283050537, 1.259952425956726, 1.4719725847244263, 1.799692153930664, 1.8687485456466675, 2.2667648792266846, 1.1840609312057495, 1.528448224067688, 3.710319995880127, 1.9854209423065186, 3.5799026489257812, 1.9217472076416016, 1.5077776908874512, 1.506592035293579, 1.5071184635162354, 1.6451842784881592, 1.9465432167053223, 1.0396565198898315, 2.651125431060791, 2.470405101776123, -0.027380704879760742, 1.7381236553192139, 1.2159595489501953, 3.7688188552856445, 1.7546086311340332, 2.7471346855163574, 1.8207701444625854, 3.299565315246582], "params": {"iterations": 1510, "learning_rate": 0.014286, "depth": 3, "l2_leaf_reg": 3.4047e-06, "bagging_temperature": 2.5656, "random_strength": 4.1266, "border_count": 207}, "time_end": "2026-03-01T16:42:46.967423"}