{"model": "catboost_minilm_features-extract_quote_ratio", "type": "test", "seed": 42, "time_start": "2026-03-01T14:58:45.207307", "mse": 0.9386087954837184, "accuracy": 0.3938053097345133, "corr": 0.705576318030965, "precision": [0.75, 0.30357142857142855, 0.33, 0.5098039215686274, 0.6363636363636364, 0.0], "recall": [0.11764705882352941, 0.5151515151515151, 0.6470588235294118, 0.4, 0.2916666666666667, 0.0], "f1": [0.2033898305084746, 0.38202247191011235, 0.4370860927152318, 0.4482758620689655, 0.4, 0.0], "support": [51, 33, 51, 65, 24, 2], "confusion_matrix": [[6, 28, 17, 0, 0, 0], [1, 17, 13, 2, 0, 0], [1, 8, 33, 9, 0, 0], [0, 3, 32, 26, 4, 0], [0, 0, 5, 12, 7, 0], [0, 0, 0, 2, 0, 0]], "predictions": [1.1821645498275757, 1.361244559288025, 2.6207804679870605, 1.2370437383651733, 0.8627340793609619, 1.828330636024475, 3.072385311126709, 1.780181646347046, 1.4471246004104614, 2.3985543251037598, 3.003387451171875, 2.2321457862854004, 3.3237850666046143, 2.077810764312744, 1.6376862525939941, 1.8093140125274658, 3.8124542236328125, 0.9975000619888306, 1.4682306051254272, 3.5800294876098633, 3.801710844039917, 0.1514444351196289, 3.1961212158203125, 1.7365925312042236, 1.5459821224212646, 3.010993242263794, 2.182321310043335, 1.7812938690185547, 2.6522905826568604, 2.5909132957458496, 3.34545636177063, 1.2808923721313477, 2.196347236633301, 0.9853824377059937, 3.214463233947754, 2.3519864082336426, 1.2713292837142944, 2.1160900592803955, 3.265047550201416, 0.9733829498291016, 1.1139910221099854, 2.3069827556610107, 0.8974579572677612, 1.9137136936187744, 3.380861282348633, 3.1797447204589844, 1.2319884300231934, 2.5231425762176514, 1.8997631072998047, 0.6014984846115112, 2.5263442993164062, 2.1305551528930664, 3.3146626949310303, 1.6901264190673828, 3.219074010848999, 0.6253547668457031, 2.996918201446533, 1.7736177444458008, 3.5722668170928955, 1.5329383611679077, 1.6564757823944092, 2.1557817459106445, 2.7555272579193115, 2.123138427734375, 1.526698112487793, 2.397334337234497, 1.9006075859069824, 1.6320321559906006, 1.1703662872314453, 2.2786481380462646, 1.835712194442749, 2.4618754386901855, 1.1424307823181152, 0.3054485321044922, 1.0579558610916138, 1.9982430934906006, 1.474183440208435, 2.021911382675171, 1.6648248434066772, 0.23878192901611328, 1.8429114818572998, 1.9395679235458374, 2.2383036613464355, 3.1900601387023926, 0.8150770664215088, 1.9926552772521973, 0.29934191703796387, 2.7746829986572266, 1.3909752368927002, 1.796910047531128, 2.859527826309204, 2.9831154346466064, 2.6080617904663086, 0.9877190589904785, 2.190725803375244, 0.5292283296585083, 1.5572576522827148, 1.8149402141571045, 1.2073522806167603, 2.06809139251709, 2.804811477661133, 0.17999958992004395, 2.6046998500823975, 2.237204074859619, 0.7152074575424194, 1.966023325920105, 2.3423380851745605, 1.3766690492630005, 3.417854070663452, 1.7559133768081665, 2.75536847114563, 1.744210124015808, 2.822084665298462, 2.983259916305542, 1.8801931142807007, 0.8962376117706299, 3.1821448802948, 2.232318162918091, 2.630825996398926, 2.637368679046631, 3.3859214782714844, 1.48465895652771, 0.22312641143798828, 2.105684518814087, 3.0341691970825195, 2.351229667663574, 1.5946879386901855, 1.1263190507888794, 1.535912275314331, 2.0605926513671875, 2.2754902839660645, 3.6061909198760986, 1.4686397314071655, 1.6325795650482178, 3.2017123699188232, 3.7368953227996826, 2.3322999477386475, 2.843136787414551, 1.1712846755981445, 2.3318848609924316, 1.0768346786499023, 1.6278769969940186, 2.036921262741089, 1.6889244318008423, 2.0148205757141113, 2.659618616104126, 3.019530773162842, 0.5626039505004883, 3.635286808013916, 1.4216461181640625, 3.242241144180298, 1.2849938869476318, 1.2265183925628662, 1.0157357454299927, 1.059665322303772, 3.3175106048583984, 1.2067124843597412, 0.7197227478027344, 2.1655523777008057, 2.5161256790161133, 2.7848246097564697, 3.2497398853302, 2.740206241607666, 1.0646764039993286, 2.4943974018096924, 1.5082669258117676, 1.5600007772445679, 1.3598601818084717, 2.432304859161377, 2.265740156173706, 1.9345873594284058, 1.780231237411499, 1.9708749055862427, 1.723117470741272, 2.251628875732422, 2.6418838500976562, 1.49730384349823, 0.9903215169906616, 0.9001024961471558, 3.2920939922332764, 1.8757669925689697, 1.6479781866073608, 1.0534095764160156, 2.2174623012542725, 3.8970999717712402, 2.028090238571167, 2.206669807434082, 0.6520885229110718, 4.116062164306641, 1.7568953037261963, 1.8491990566253662, 0.8536503314971924, 2.1635570526123047, 2.4707322120666504, 1.369417667388916, 2.3392374515533447, 1.73578679561615, 0.4863433837890625, 2.5252928733825684, 0.9416136741638184, 1.6947712898254395, 1.7681946754455566, 2.036701202392578, 2.2928805351257324, 1.4059807062149048, 1.641545295715332, 3.474738597869873, 2.1399168968200684, 3.8292458057403564, 1.9763263463974, 1.306537389755249, 1.6278698444366455, 1.454647183418274, 1.9562036991119385, 1.7919762134552002, 1.0671038627624512, 2.62133526802063, 2.485271453857422, 0.14348697662353516, 1.9140746593475342, 1.300716757774353, 3.797069549560547, 2.0400984287261963, 2.481049060821533, 2.009338855743408, 3.226658344268799], "params": {"iterations": 1510, "learning_rate": 0.014286, "depth": 3, "l2_leaf_reg": 3.4047e-06, "bagging_temperature": 2.5656, "random_strength": 4.1266, "border_count": 207}, "time_end": "2026-03-01T14:58:45.301808"}