{"model": "catboost_minilm_features-extract_places", "type": "test", "seed": 40, "time_start": "2026-03-01T16:55:53.423356", "mse": 0.9873413869130241, "accuracy": 0.40707964601769914, "corr": 0.6827771505493887, "precision": [0.6666666666666666, 0.3148148148148148, 0.35, 0.52, 0.6153846153846154, 0.0], "recall": [0.11764705882352941, 0.5151515151515151, 0.6862745098039216, 0.4, 0.3333333333333333, 0.0], "f1": [0.2, 0.39080459770114945, 0.46357615894039733, 0.45217391304347826, 0.43243243243243246, 0.0], "support": [51, 33, 51, 65, 24, 2], "confusion_matrix": [[6, 27, 17, 1, 0, 0], [1, 17, 13, 2, 0, 0], [2, 6, 35, 7, 1, 0], [0, 4, 31, 26, 4, 0], [0, 0, 4, 12, 8, 0], [0, 0, 0, 2, 0, 0]], "predictions": [1.1439337730407715, 1.226896047592163, 2.69533109664917, 1.2014743089675903, 0.8686755895614624, 1.6496312618255615, 3.207991123199463, 1.8443554639816284, 1.1613492965698242, 2.434652328491211, 3.046720266342163, 2.352450132369995, 3.4091100692749023, 2.061732292175293, 1.7622971534729004, 1.7424834966659546, 3.9405746459960938, 1.0192017555236816, 1.3028783798217773, 3.507828712463379, 3.761871337890625, 0.06914901733398438, 2.7796506881713867, 1.578620433807373, 1.5388782024383545, 2.821218252182007, 2.0302398204803467, 1.9156700372695923, 2.5881094932556152, 2.4641330242156982, 3.38318133354187, 1.1693884134292603, 1.9279645681381226, 1.1178518533706665, 2.9919705390930176, 2.337839365005493, 1.3294336795806885, 1.8573992252349854, 2.9812042713165283, 0.6705152988433838, 1.4865449666976929, 2.2679474353790283, 0.9665322303771973, 1.909015417098999, 3.372515916824341, 3.209493398666382, 1.2698230743408203, 2.6371936798095703, 1.9042179584503174, 0.2312147617340088, 2.347306251525879, 2.0967206954956055, 3.264618396759033, 1.6906589269638062, 3.3215394020080566, 0.6150373220443726, 3.14595365524292, 1.8831331729888916, 3.75266170501709, 1.7595524787902832, 1.8685932159423828, 2.063014030456543, 2.9468374252319336, 2.1464896202087402, 1.5964641571044922, 2.552386999130249, 1.8680996894836426, 1.7411248683929443, 1.0379621982574463, 2.3283579349517822, 1.7003593444824219, 2.5837154388427734, 1.1132757663726807, 0.4060554504394531, 1.1729686260223389, 1.8113489151000977, 1.498991847038269, 1.8367749452590942, 1.4382818937301636, 0.3094949722290039, 1.7132983207702637, 2.047926187515259, 2.537053346633911, 3.2970311641693115, 0.7289347648620605, 2.203329086303711, 0.30359745025634766, 2.660933256149292, 1.304848551750183, 1.6999229192733765, 2.9073309898376465, 3.039008140563965, 2.575291872024536, 0.8426555395126343, 2.2049999237060547, 0.36557722091674805, 1.4280567169189453, 2.02512788772583, 0.9784178733825684, 1.9051324129104614, 2.6352689266204834, 0.3015148639678955, 2.632204532623291, 2.106898069381714, 0.6175906658172607, 1.968321442604065, 2.1681969165802, 1.346777081489563, 3.6452417373657227, 1.6871299743652344, 2.6340267658233643, 1.7043030261993408, 2.565415382385254, 2.9965298175811768, 1.7511844635009766, 0.9510716199874878, 3.285325050354004, 2.3636112213134766, 2.7181434631347656, 2.6393890380859375, 3.236542224884033, 1.6004419326782227, 0.15553593635559082, 2.092254877090454, 3.1741552352905273, 2.508143186569214, 1.6425461769104004, 1.1591585874557495, 1.5893137454986572, 1.9968304634094238, 2.1166157722473145, 3.5594239234924316, 1.5963873863220215, 1.5950250625610352, 3.386059045791626, 3.8173470497131348, 2.353269577026367, 3.1103131771087646, 1.2241219282150269, 2.249821662902832, 1.116756796836853, 1.4827909469604492, 1.900757908821106, 1.6702227592468262, 1.9562572240829468, 2.8416900634765625, 3.040679454803467, 0.5685663223266602, 3.702108383178711, 1.4276738166809082, 3.367875099182129, 1.3734683990478516, 1.3356751203536987, 0.8809242248535156, 1.2306153774261475, 3.4942522048950195, 1.0367145538330078, 0.7931715250015259, 1.7623560428619385, 2.6040217876434326, 2.8269920349121094, 3.028801441192627, 2.7761847972869873, 1.0545034408569336, 2.325786590576172, 1.519105076789856, 1.521024465560913, 1.439576506614685, 2.4963572025299072, 1.9179484844207764, 1.9879673719406128, 1.989825963973999, 1.7513206005096436, 1.6759791374206543, 2.213066577911377, 2.5071158409118652, 1.3560516834259033, 1.0284271240234375, 0.8479423522949219, 3.453049421310425, 1.9775841236114502, 1.7362555265426636, 1.0548442602157593, 2.1978020668029785, 3.814772605895996, 2.0259146690368652, 2.1690289974212646, 0.6324871778488159, 3.877746105194092, 1.6689774990081787, 2.0974907875061035, 0.8118312358856201, 2.028564929962158, 2.228635311126709, 1.6099379062652588, 2.454460382461548, 1.62357759475708, 0.5016745328903198, 2.1785757541656494, 0.7815767526626587, 1.7992355823516846, 1.7371466159820557, 2.0650882720947266, 2.262124538421631, 1.4445788860321045, 1.5283596515655518, 3.542558193206787, 1.9572117328643799, 3.7528204917907715, 1.9474014043807983, 1.2868403196334839, 1.6710965633392334, 1.5582003593444824, 1.9312043190002441, 1.982856035232544, 1.1965352296829224, 2.538872003555298, 2.4469852447509766, -0.16120338439941406, 1.8427928686141968, 1.1935293674468994, 3.7940900325775146, 1.9967654943466187, 2.3583030700683594, 2.01115345954895, 3.2527546882629395], "params": {"iterations": 1510, "learning_rate": 0.014286, "depth": 3, "l2_leaf_reg": 3.4047e-06, "bagging_temperature": 2.5656, "random_strength": 4.1266, "border_count": 207}, "time_end": "2026-03-01T16:55:53.532790"}