{"model": "catboost_all", "type": "test", "seed": 41, "time_start": "2026-03-25T20:59:06.216443", "mse": 0.9531624055545177, "accuracy": 0.37168141592920356, "corr": 0.6977136079247634, "precision": [0.8, 0.2727272727272727, 0.31313131313131315, 0.45098039215686275, 0.6363636363636364, 0.0], "recall": [0.1568627450980392, 0.45454545454545453, 0.6078431372549019, 0.35384615384615387, 0.2916666666666667, 0.0], "f1": [0.26229508196721313, 0.3409090909090909, 0.41333333333333333, 0.39655172413793105, 0.4, 0.0], "support": [51, 33, 51, 65, 24, 2], "confusion_matrix": [[8, 27, 14, 2, 0, 0], [1, 15, 15, 2, 0, 0], [1, 9, 31, 10, 0, 0], [0, 4, 34, 23, 4, 0], [0, 0, 5, 12, 7, 0], [0, 0, 0, 2, 0, 0]], "predictions": [1.2250534296035767, 1.1435449123382568, 2.5523924827575684, 1.2563660144805908, 0.8120306730270386, 1.4235010147094727, 3.2716307640075684, 1.5225472450256348, 1.3805155754089355, 2.645897388458252, 3.0489439964294434, 2.5861287117004395, 3.3864083290100098, 2.1164140701293945, 1.7844198942184448, 1.7721577882766724, 3.944187641143799, 0.9244575500488281, 1.6356390714645386, 3.517326831817627, 3.988816738128662, -0.02200937271118164, 3.075615406036377, 1.8148455619812012, 1.4606822729110718, 2.9703640937805176, 2.3158857822418213, 1.9914085865020752, 2.4081177711486816, 2.4712231159210205, 3.4203052520751953, 1.2920258045196533, 1.9089736938476562, 1.2544783353805542, 3.0469932556152344, 2.403301239013672, 1.2430131435394287, 2.153261184692383, 3.31827449798584, 0.765701413154602, 1.2258199453353882, 2.254377841949463, 0.9171669483184814, 2.12677264213562, 3.3082408905029297, 3.2428786754608154, 1.2993041276931763, 2.6444411277770996, 1.9134882688522339, 0.5156025886535645, 2.5994820594787598, 2.0579640865325928, 3.433650255203247, 1.8930978775024414, 3.07746958732605, 0.45972466468811035, 3.145442008972168, 1.9744539260864258, 3.7905867099761963, 1.588409423828125, 1.9560887813568115, 2.1325550079345703, 2.7217352390289307, 2.257434129714966, 1.4808038473129272, 2.349412679672241, 1.9981279373168945, 1.6467266082763672, 1.2391825914382935, 2.173088788986206, 1.7879638671875, 2.4438679218292236, 1.1947426795959473, 0.20560288429260254, 1.0879764556884766, 1.8656879663467407, 1.4704960584640503, 2.08829665184021, 1.6627141237258911, 0.10640859603881836, 1.9507787227630615, 1.847414493560791, 2.4587748050689697, 3.4947643280029297, 0.7709399461746216, 2.1271286010742188, 0.11023855209350586, 2.6351723670959473, 1.601757526397705, 1.788815975189209, 2.7682065963745117, 2.8404364585876465, 2.547316312789917, 0.7827103137969971, 2.282712936401367, 0.4349794387817383, 1.5273053646087646, 1.784516453742981, 1.0911794900894165, 1.8986444473266602, 2.5330440998077393, 0.24556636810302734, 2.396184206008911, 2.255781888961792, 0.5525000095367432, 2.0969905853271484, 2.2905280590057373, 1.346969485282898, 3.332632541656494, 1.4020241498947144, 2.5695536136627197, 1.7470457553863525, 2.4908573627471924, 3.176098585128784, 1.7783210277557373, 1.0814261436462402, 3.3788113594055176, 2.553297281265259, 2.9112637042999268, 2.568166732788086, 3.4716594219207764, 1.3787814378738403, 0.37516045570373535, 2.1473512649536133, 3.0614919662475586, 2.5368409156799316, 1.571166753768921, 1.1440527439117432, 1.576928734779358, 2.3034138679504395, 2.3251514434814453, 3.6423277854919434, 1.520159363746643, 1.5841695070266724, 3.1199240684509277, 3.7824454307556152, 2.135112762451172, 2.9097108840942383, 1.32674241065979, 2.2428672313690186, 0.976932168006897, 1.6341105699539185, 2.1310319900512695, 1.4616687297821045, 2.0948879718780518, 2.981781005859375, 3.1797242164611816, 0.5161175727844238, 3.6866912841796875, 1.3602619171142578, 3.280351161956787, 1.2521682977676392, 0.9893406629562378, 0.7599622011184692, 1.1724584102630615, 3.1596121788024902, 1.2089462280273438, 0.9997707605361938, 1.9530248641967773, 2.553490400314331, 3.035127878189087, 3.0483319759368896, 2.930518627166748, 1.19831383228302, 2.268308639526367, 1.7326648235321045, 1.4474573135375977, 1.4132615327835083, 2.643092632293701, 2.250342845916748, 2.24364972114563, 1.8856028318405151, 1.9917023181915283, 1.6115162372589111, 2.3474626541137695, 2.702174663543701, 1.378395438194275, 0.67075514793396, 0.7395572662353516, 3.4392166137695312, 1.9192402362823486, 1.8000309467315674, 0.9338736534118652, 2.071442127227783, 3.8969650268554688, 2.048017978668213, 2.1209609508514404, 0.597027063369751, 4.126839637756348, 1.660438060760498, 2.0995559692382812, 0.710044264793396, 2.152707099914551, 2.285902500152588, 1.7088098526000977, 2.342636823654175, 1.8591892719268799, 0.4780106544494629, 2.3835601806640625, 1.1204276084899902, 1.717175841331482, 1.7060482501983643, 2.0435948371887207, 2.1481449604034424, 1.2810877561569214, 1.547063946723938, 3.407966375350952, 1.9811220169067383, 3.6961519718170166, 2.0299859046936035, 1.605088233947754, 1.578635573387146, 1.416208028793335, 1.709104299545288, 2.0288052558898926, 0.9651025533676147, 2.6996326446533203, 2.395094871520996, -0.11126971244812012, 1.7622108459472656, 1.4492402076721191, 3.7079501152038574, 1.959142804145813, 2.387923002243042, 2.076387405395508, 3.170706033706665], "params": {"iterations": 1510, "learning_rate": 0.014286, "depth": 3, "l2_leaf_reg": 3.4047e-06, "bagging_temperature": 2.5656, "random_strength": 4.1266, "border_count": 207}, "time_end": "2026-03-25T20:59:06.283216"}