{"model": "catboost_minilm_features-extract_casing", "type": "test", "seed": 41, "time_start": "2026-03-01T15:53:54.843767", "mse": 0.9648375455877194, "accuracy": 0.3805309734513274, "corr": 0.6930901169107355, "precision": [0.6666666666666666, 0.2765957446808511, 0.32038834951456313, 0.49056603773584906, 0.5454545454545454, 0.0], "recall": [0.1568627450980392, 0.3939393939393939, 0.6470588235294118, 0.4, 0.25, 0.0], "f1": [0.25396825396825395, 0.325, 0.42857142857142855, 0.4406779661016949, 0.34285714285714286, 0.0], "support": [51, 33, 51, 65, 24, 2], "confusion_matrix": [[8, 24, 18, 1, 0, 0], [2, 13, 16, 2, 0, 0], [2, 7, 33, 8, 1, 0], [0, 3, 32, 26, 4, 0], [0, 0, 4, 14, 6, 0], [0, 0, 0, 2, 0, 0]], "predictions": [1.1954761743545532, 1.1623750925064087, 2.6250343322753906, 1.2307041883468628, 0.8967602252960205, 1.7563903331756592, 3.1198413372039795, 1.818389892578125, 1.166872501373291, 2.597900867462158, 3.105781078338623, 2.3603575229644775, 3.4340500831604004, 1.8594475984573364, 1.8595380783081055, 1.8273804187774658, 3.86098575592041, 0.8622502088546753, 1.5366125106811523, 3.2123563289642334, 3.828324317932129, 0.18230032920837402, 3.1515142917633057, 1.8651773929595947, 1.6215729713439941, 3.0746889114379883, 2.234426975250244, 1.6796824932098389, 2.512056589126587, 2.525542736053467, 3.1401071548461914, 1.2580753564834595, 2.244589328765869, 1.2642236948013306, 3.1079187393188477, 2.4940316677093506, 1.4557607173919678, 2.127775192260742, 3.079951286315918, 0.7868509292602539, 1.415968894958496, 2.2018275260925293, 0.795752763748169, 1.9910931587219238, 3.349003791809082, 3.0091474056243896, 1.4862943887710571, 2.624091386795044, 1.9448567628860474, 0.19054913520812988, 2.658705949783325, 2.062960624694824, 3.2431297302246094, 1.8746737241744995, 3.263745069503784, 0.46100521087646484, 2.9410650730133057, 2.0285420417785645, 3.6804232597351074, 1.696932077407837, 1.738347053527832, 2.147876024246216, 2.642310380935669, 2.3111886978149414, 1.7627403736114502, 2.5368306636810303, 1.607008695602417, 1.639145851135254, 1.0886179208755493, 2.5237669944763184, 1.666979432106018, 2.45796799659729, 1.247087836265564, 0.08788180351257324, 1.1888900995254517, 1.936885118484497, 1.5665600299835205, 1.9222956895828247, 1.5272928476333618, 0.12273216247558594, 1.8740017414093018, 1.8253259658813477, 2.2836947441101074, 3.2531986236572266, 0.8339406251907349, 2.023827075958252, 0.20799803733825684, 2.673302412033081, 1.3405063152313232, 1.7629177570343018, 2.821350574493408, 2.9779880046844482, 2.5403671264648438, 0.7835396528244019, 2.393122673034668, 0.4196813106536865, 1.799914002418518, 1.9308416843414307, 1.0989723205566406, 1.7207998037338257, 2.6665456295013428, 0.2346651554107666, 2.449810743331909, 2.287107229232788, 0.41446781158447266, 2.0853869915008545, 2.2479116916656494, 1.2399641275405884, 3.424929618835449, 1.6160736083984375, 2.644881010055542, 2.0276012420654297, 2.5508453845977783, 2.991973876953125, 2.0176563262939453, 1.017866611480713, 3.1830055713653564, 2.3442039489746094, 2.857219934463501, 2.8236420154571533, 3.1380972862243652, 1.6103692054748535, 0.39694714546203613, 2.245530128479004, 3.0446228981018066, 2.57890248298645, 1.5731911659240723, 1.3510721921920776, 1.5401666164398193, 2.1220951080322266, 2.276355028152466, 3.6703944206237793, 1.6685328483581543, 1.5768709182739258, 3.193889856338501, 3.714519739151001, 2.3975777626037598, 2.935508966445923, 1.1675869226455688, 2.151035785675049, 1.0098997354507446, 1.7347559928894043, 2.2747392654418945, 1.5614147186279297, 2.1129817962646484, 2.868168354034424, 3.1313557624816895, 0.38459253311157227, 3.6310482025146484, 1.3385286331176758, 3.327317476272583, 1.1795084476470947, 0.9837491512298584, 0.9463106393814087, 1.1847972869873047, 3.4451756477355957, 1.134282112121582, 0.7505666017532349, 2.1803340911865234, 2.514573097229004, 2.8628990650177, 3.0735435485839844, 2.656125068664551, 0.916447639465332, 2.3029167652130127, 1.5220067501068115, 1.6177113056182861, 1.3624169826507568, 2.475132703781128, 2.0776400566101074, 2.1353719234466553, 1.8162150382995605, 1.7467515468597412, 1.680632472038269, 2.2308497428894043, 2.5342893600463867, 1.3870246410369873, 0.8047550916671753, 0.8841129541397095, 3.392000436782837, 1.7888424396514893, 1.7417281866073608, 1.0187721252441406, 2.2785000801086426, 3.875135898590088, 2.0168588161468506, 2.0352330207824707, 0.7229337692260742, 3.948540687561035, 1.6851024627685547, 2.15134334564209, 0.8383582830429077, 2.1304233074188232, 2.3244431018829346, 1.5930283069610596, 2.3449206352233887, 2.0067389011383057, 0.533947229385376, 2.3011324405670166, 0.9749218225479126, 1.5573582649230957, 1.6248924732208252, 2.0094096660614014, 1.9622290134429932, 1.4526468515396118, 1.6267244815826416, 3.738035202026367, 1.879562497138977, 3.7473883628845215, 1.9576374292373657, 1.4273042678833008, 1.627609372138977, 1.313555121421814, 1.7907109260559082, 2.006720542907715, 1.051055908203125, 2.6219370365142822, 2.430739402770996, 0.08584022521972656, 1.5917633771896362, 1.4167218208312988, 3.8400793075561523, 1.7074873447418213, 2.422307014465332, 1.947332501411438, 3.2244443893432617], "params": {"iterations": 1510, "learning_rate": 0.014286, "depth": 3, "l2_leaf_reg": 3.4047e-06, "bagging_temperature": 2.5656, "random_strength": 4.1266, "border_count": 207}, "time_end": "2026-03-01T15:53:54.952963"}