{"model": "catboost_minilm_features-extract_tense", "type": "test", "seed": 41, "time_start": "2026-03-01T16:32:35.935367", "mse": 0.9533720341456746, "accuracy": 0.39823008849557523, "corr": 0.6973026686556993, "precision": [0.7272727272727273, 0.30357142857142855, 0.3368421052631579, 0.49019607843137253, 0.6153846153846154, 0.0], "recall": [0.1568627450980392, 0.5151515151515151, 0.6274509803921569, 0.38461538461538464, 0.3333333333333333, 0.0], "f1": [0.25806451612903225, 0.38202247191011235, 0.4383561643835616, 0.43103448275862066, 0.43243243243243246, 0.0], "support": [51, 33, 51, 65, 24, 2], "confusion_matrix": [[8, 25, 18, 0, 0, 0], [1, 17, 13, 2, 0, 0], [2, 8, 32, 8, 1, 0], [0, 6, 30, 25, 4, 0], [0, 0, 2, 14, 8, 0], [0, 0, 0, 2, 0, 0]], "predictions": [1.1191763877868652, 1.1575039625167847, 2.5966503620147705, 1.1941086053848267, 0.9196759462356567, 1.5266265869140625, 3.1794211864471436, 1.5524623394012451, 1.4393714666366577, 2.4143264293670654, 2.9704902172088623, 2.346574306488037, 3.4236836433410645, 1.9681941270828247, 1.7609386444091797, 1.6653234958648682, 3.6857829093933105, 0.9394135475158691, 1.321818470954895, 3.6572465896606445, 4.0252227783203125, 0.0522618293762207, 3.196326494216919, 1.7541754245758057, 1.4743335247039795, 2.8172833919525146, 2.122838020324707, 1.734834909439087, 2.432302236557007, 2.424861431121826, 3.597632884979248, 1.126967191696167, 2.0836308002471924, 1.144644021987915, 2.9617607593536377, 2.375368595123291, 1.2884774208068848, 2.0678622722625732, 3.1093640327453613, 0.6799665689468384, 1.427557110786438, 2.2970659732818604, 1.0347572565078735, 2.0838756561279297, 3.242060899734497, 3.2311038970947266, 1.320306420326233, 2.792659282684326, 1.8841776847839355, 0.46298694610595703, 2.6202409267425537, 1.979856252670288, 3.374289035797119, 1.8585323095321655, 3.140003204345703, 0.5072900056838989, 3.060274839401245, 1.9932820796966553, 3.7766733169555664, 1.6851752996444702, 1.8623108863830566, 2.0262503623962402, 2.5819382667541504, 2.3935513496398926, 1.5992629528045654, 2.4505257606506348, 1.8159518241882324, 1.6429498195648193, 1.2672356367111206, 2.5277979373931885, 1.8398804664611816, 2.575016975402832, 1.173265814781189, 0.4252283573150635, 1.076990008354187, 1.8512077331542969, 1.3313082456588745, 1.8825715780258179, 1.5010039806365967, 0.2283637523651123, 1.854295015335083, 2.0683321952819824, 2.417849540710449, 3.344407558441162, 0.8223834037780762, 2.1243491172790527, 0.2808723449707031, 2.6857731342315674, 1.4562586545944214, 1.766706943511963, 2.845223903656006, 2.8510537147521973, 2.6810812950134277, 0.8723350763320923, 2.125483989715576, 0.44632887840270996, 1.629597783088684, 1.9049174785614014, 1.131745457649231, 1.8595244884490967, 2.5521392822265625, 0.31592392921447754, 2.6092958450317383, 2.2526285648345947, 0.6997537612915039, 1.9762539863586426, 2.3750596046447754, 1.3309850692749023, 3.3046436309814453, 1.422439694404602, 2.577409505844116, 1.9779343605041504, 2.5658814907073975, 3.074955940246582, 1.8286001682281494, 0.9965170621871948, 3.237623453140259, 2.4554481506347656, 2.7410285472869873, 2.6740851402282715, 3.4357690811157227, 1.396295428276062, 0.18228960037231445, 2.1579577922821045, 3.059924602508545, 2.5297844409942627, 1.608750343322754, 1.235048770904541, 1.509836196899414, 1.9741307497024536, 2.2646052837371826, 3.536592960357666, 1.7255314588546753, 1.4927659034729004, 3.2572989463806152, 3.726254940032959, 2.4512243270874023, 3.0279393196105957, 1.3127814531326294, 2.2363317012786865, 1.168235421180725, 1.489933967590332, 2.0771098136901855, 1.7529710531234741, 2.088261604309082, 2.9524683952331543, 3.1236770153045654, 0.44281578063964844, 3.624727725982666, 1.2540664672851562, 3.3789916038513184, 1.1437960863113403, 1.1211161613464355, 0.8284560441970825, 1.1122792959213257, 3.262430191040039, 0.9346709251403809, 1.000635027885437, 1.8499622344970703, 2.6526939868927, 2.878002405166626, 3.0691118240356445, 2.8686394691467285, 1.0557036399841309, 2.397730588912964, 1.5002601146697998, 1.6668533086776733, 1.2315126657485962, 2.3246495723724365, 2.000624179840088, 2.0613603591918945, 1.833967685699463, 1.9207128286361694, 1.4952561855316162, 2.1724066734313965, 2.620425224304199, 1.4076850414276123, 0.9510383605957031, 0.9540258646011353, 3.4415223598480225, 1.6121761798858643, 1.770192265510559, 1.160426378250122, 2.040405511856079, 3.8943252563476562, 1.7748472690582275, 2.254425525665283, 0.7096890211105347, 3.980195999145508, 1.5596519708633423, 2.133011817932129, 0.6294410228729248, 1.970198392868042, 2.3487651348114014, 1.5131421089172363, 2.432102918624878, 1.8120940923690796, 0.47183918952941895, 2.342932939529419, 0.9559783935546875, 1.6380064487457275, 1.6559486389160156, 2.011927843093872, 2.2227001190185547, 1.169846773147583, 1.6379876136779785, 3.5907163619995117, 1.9873478412628174, 3.7688355445861816, 2.009002447128296, 1.270486831665039, 1.6442630290985107, 1.4174402952194214, 1.8109993934631348, 1.9247791767120361, 1.0384641885757446, 2.6280858516693115, 2.521296501159668, -0.00453495979309082, 1.861562728881836, 1.2668795585632324, 3.8888275623321533, 2.0948827266693115, 2.5025217533111572, 1.8525419235229492, 3.3390140533447266], "params": {"iterations": 1510, "learning_rate": 0.014286, "depth": 3, "l2_leaf_reg": 3.4047e-06, "bagging_temperature": 2.5656, "random_strength": 4.1266, "border_count": 207}, "time_end": "2026-03-01T16:32:36.055936"}