{"model": "catboost_minilm_features-extract_syllable_count_avg", "type": "train", "seed": 41, "train_losses": [], "val_losses": [], "time_start": "2026-03-01T15:29:08.414016", "mse": 0.11225761622871043, "accuracy": 0.865979381443299, "corr": 0.9814775586160782, "precision": [0.98989898989899, 0.8201438848920863, 0.6790123456790124, 0.8421052631578947, 0.9576271186440678, 1.0], "recall": [0.8305084745762712, 0.8837209302325582, 0.9166666666666666, 0.7417218543046358, 0.875968992248062, 0.9689922480620154], "f1": [0.9032258064516129, 0.8507462686567164, 0.7801418439716312, 0.7887323943661971, 0.9149797570850202, 0.984251968503937], "support": [118, 129, 120, 151, 129, 129], "confusion_matrix": [[98, 20, 0, 0, 0, 0], [1, 114, 14, 0, 0, 0], [0, 5, 110, 5, 0, 0], [0, 0, 38, 112, 1, 0], [0, 0, 0, 16, 113, 0], [0, 0, 0, 0, 4, 125]], "predictions": [2.665902575969005, 1.3866680283473447, 0.16184153499959208, 3.8278841550737552, 1.4704701511166514, 3.6283096606037315, 2.50859968339003, 2.6714285296403824, 2.4257944107429292, 2.9159639718227948, 1.8517941913748759, 3.8298890083776986, 2.9863721688186993, 3.017905364150042, 1.6316872621731786, 0.43701426662001763, 1.7781992449006818, 2.955428131731835, 2.9979308626612227, 1.7986113001996058, 1.3377727621472477, 0.5981082152212434, 0.7069133512305157, 1.7679012514430164, 1.141201041957387, 2.8545963758593587, 0.21581250870912472, 2.8631376986994903, 1.101210117806684, 2.649662462504976, 1.7370673263714047, 2.2869862822568425, 1.299183945729786, 2.9285465459655065, 1.076919604224037, 1.83297532040161, 0.0844741395926194, 0.4072998645132979, 0.20559277743218063, 1.6921832406728794, 3.7730444991504193, 2.5457386030468996, 1.2018364017036953, 1.563000256959892, 0.4337905906813191, 2.1104266430928744, 2.4072041603539667, 3.8951213439804335, 0.16500540339867076, 0.17099081168066332, 1.0542823933372794, 0.42496629538113107, 2.434442643266962, 1.3873776966596154, 3.0230354705938383, 3.9279167739036565, 1.9763309289781554, 2.37581129435229, 2.8198573410674643, 4.116102471079198, 2.7706350355998324, 0.2582367321250212, 3.2276831869710065, 0.36733420111593906, 2.651345128542901, 2.267142359746912, 2.046610862476136, 1.219613469682015, 1.8793096399442821, 2.8926098692893514, 1.807874777026436, 0.11320386574070707, 0.373931682799566, 2.7961675139112505, 0.2583861890378274, 0.14697124013365714, 0.21142193819853317, 2.039613224578262, 3.7631741653393043, 3.7563258492712226, 1.9048890514202879, 1.787580507703261, 2.73137087660708, 2.221396838102301, 4.03681401010275, 0.9582821429633139, 0.30443031429754575, 2.8966492937359507, 3.1241687356096226, 0.07251287765007586, 2.201149901390321, 2.6880442333325405, 3.5527466341733698, 1.4693401723928676, 3.5467205123067664, 2.1271109823221206, 1.4485872808887512, 0.5456802008227342, 2.8993538409658974, 1.1111164205891135, 2.6743050080122552, 1.0901807730677884, 1.10296466322124, 0.03419735851561745, 1.8583793122206553, 0.51706045838475, 3.18232023692761, 0.28832833923978995, 0.2216833759274497, 2.292632013531481, 0.5401645329766984, 4.3671927141306695, 1.308458430112008, 0.1459376141701476, 0.05424126071586022, 2.487848709570801, 0.32294429837656047, 3.143152432367508, 2.707439980527613, 0.35276216892570744, 0.2035984592374107, 4.485188037056486, 0.2220121592691684, 1.42912441210135, 2.314991493445839, 2.0343581275483364, 2.445706654880415, 0.2640668174093235, 1.9167684779747676, 1.6514857053357668, 0.5696232196546211, 2.259142531605082, 3.7681344253541447, 1.7793256733350131, 0.09679737546192957, 2.2237871117792096, 1.6511874556506778, 0.3695563693860482, -0.18495041996786155, 0.7802859789343239, 2.4079334376955424, 3.6472747129760665, 2.0440517713746855, 1.3095685392073506, 0.42482780113391305, 2.5658039749487616, 0.13128569230657172, 2.497078886879358, 2.2958786138328877, 2.8575524362447746, 2.9070706749760564, 2.994255827749443, 3.7072196315854367, 3.8707133682149197, 0.31078496166086955, 0.10714463606956626, 1.035058440636635, 3.601230064490558, 1.5005631094611867, 0.17214017533318282, 2.183709308369046, 3.8415089633762243, 2.3247307350121784, 1.1764967239239805, 3.0941790047338986, 3.187633495858668, 2.4766666097472347, 2.538602554161112, 1.9033977049500108, 0.9777064234069934, 1.9104951755470017, 2.3657765783305567, 2.9496185896244436, 2.8074918958321864, 1.7230691942233758, 0.07980459222058833, 1.142098915616544, 1.8248520948742302, 0.5812392641199822, 3.654321625478392, 3.6851948445283744, 2.679678213777514, 2.598612774618848, 0.3431599923982538, 2.7573530270383264, 1.5829370399026375, 2.5884835806262534, 1.7890119540151903, 2.4974574200092365, 3.3992121321184925, 4.436923478508513, 2.3348145768358273, 1.7504434993788824, 1.2651529020988619, 1.738135879172548, 3.0246874320388493, 3.4815409490801716, 4.070742702242484, 2.602525598963057, 1.69988334083348, 1.3027520890979518, 1.140006499954894, 2.202881498044657, 2.391410666462292, 3.1530922631916214, 0.43656739629113117, 1.364023654349864, 1.790006913616379, 2.2262223017895257, 0.7426223022067882, 3.024818977064741, 1.9817041656991192, 3.1238425842551836, 3.91203323366833, 1.768789969378437, 1.579537032935042, 1.6731545996528876, 2.5553719863330855, 1.711899312685062, 1.2864540739389936, 2.901077243331144, 1.7500240587231741, 0.41821250506410035, 1.5085724469455928, 3.130742648117822, 2.8608585922258873, 2.7189176635515637, 1.6791930818443295, 1.7825479588527937, 3.2985172593261516, 1.6377705823195243, 3.0858422431292682, 2.2492892377004794, 3.8428913960307622, 1.6601152387174136, 2.9199006159829337, 2.0612860183045703, 2.822895570403213, 2.317200831028496, 3.827388560712819, 1.588409989954534, 2.247245727405013, 2.3028080395441206, 2.578750483830764, 2.808898147539546, 1.2042486245524502, 2.4309677554004847, 0.8233912443163145, 0.5473352904012749, 0.32372149662209804, 0.3320267396091303, 3.807838219665645, 1.3204233993810859, 1.0878877347335736, 0.4717595801982708, 2.7058944190250958, 0.6118999207343931, 2.705745930352697, 2.4458947517555965, 1.8410745862518916, 0.9093007863688423, 0.820941588353822, 1.8194120257973085, 2.044731860560261, 2.204865159304616, 1.1085813238764295, 1.6654386908954384, 2.5535411650868163, 2.061241243240639, 0.5503802174397077, 1.8554523555371696, 0.6455915148935867, 0.09851282516344995, 3.2649667947675995, 2.5855706733702957, 3.3969107644999137, 2.3017127778961948, 2.5480042962474876, 1.7554527493948955, 1.7228475849935876, 2.730517103015381, 2.9209935590192035, 0.2378925140715915, 1.4345410250253936, 0.8093542334747206, 2.445408856247417, 1.2891977893347413, 3.738257744517906, 1.807674034161486, -0.08195332549352363, 1.291949758582622, 0.8908738053188938, 1.9060673833376054, 1.2374889662970034, 2.1457094869054707, 0.04302354826015131, 1.3657563777267587, 0.612817256883069, 2.7291848097536024, 2.443390739245481, 1.2724863595463995, 2.702716494913399, 0.3842510245978876, 1.5849867579373005, 2.8158153013371563, 2.249892617787843, 3.025137558266007, 2.1887912755352676, 3.5031834533801964, 1.1024569795568007, 2.217880103073796, 1.738293459022365, 1.5928603637107746, 0.4032986808751753, 0.3873591610141123, 0.4109107629844533, 1.156559730518311, 3.7776789177242063, 3.3926534352664715, 2.1409880332206708, 2.7356222355474515, 2.0934197643919057, 0.18110582954991816, 3.2920998428662434, 0.174618541977416, 0.4566981888465107, 2.387054647611188, 3.925712941231585, 1.12568367192024, 1.6905890239650945, 1.469117678704469, 3.504428163625634, 2.644134280484105, 2.3517003842963087, 0.13536001370185868, 0.7905147553540117, 0.29898692178299235, 1.9157226309347748, 2.6272435645178644, 1.165749164818886, 2.0753131126176765, 3.6706166571780656, 3.2916978255396643, 2.0553098934876477, 2.9809094606091513, 2.814164628742898, 2.718777925999754, 0.3610544750307292, 0.28229901467187224, 0.4424835482034042, 0.04447351094159657, 4.719602476819599, 1.5697288256105129, 2.506762329482735, 3.076558907388119, 2.6632378161770465, 2.080752323146534, 2.3758642991323864, 0.8890970291176326, 0.3563845942643358, 3.326265256931338, 