{"model": "catboost_minilm_features-extract_3+syllable_count_ratio", "type": "test", "seed": 40, "time_start": "2026-03-01T15:33:13.372423", "mse": 0.9650291226825755, "accuracy": 0.3938053097345133, "corr": 0.6932275571688946, "precision": [0.75, 0.2982456140350877, 0.3434343434343434, 0.52, 0.5, 0.0], "recall": [0.11764705882352941, 0.5151515151515151, 0.6666666666666666, 0.4, 0.25, 0.0], "f1": [0.2033898305084746, 0.37777777777777777, 0.4533333333333333, 0.45217391304347826, 0.3333333333333333, 0.0], "support": [51, 33, 51, 65, 24, 2], "confusion_matrix": [[6, 26, 17, 2, 0, 0], [1, 17, 13, 2, 0, 0], [1, 9, 34, 6, 1, 0], [0, 5, 30, 26, 4, 0], [0, 0, 5, 13, 6, 0], [0, 0, 0, 1, 1, 0]], "predictions": [1.0923823118209839, 1.306410312652588, 2.689272403717041, 1.3017845153808594, 0.784414529800415, 1.4270511865615845, 3.121570110321045, 1.745842695236206, 1.2591303586959839, 2.499762773513794, 3.075103998184204, 2.307469129562378, 3.4019243717193604, 1.957613229751587, 1.6522164344787598, 1.8050563335418701, 3.8411669731140137, 1.0860977172851562, 1.5371167659759521, 3.4742987155914307, 3.987262487411499, 0.21470284461975098, 3.0259079933166504, 1.689617395401001, 1.4612809419631958, 2.8485798835754395, 2.201061487197876, 1.8170064687728882, 2.640674591064453, 2.5797007083892822, 3.4663944244384766, 1.14590322971344, 1.8394880294799805, 1.1438941955566406, 3.1282787322998047, 2.3946197032928467, 1.3423618078231812, 2.0939557552337646, 3.06282377243042, 0.6896318197250366, 1.5512256622314453, 2.4206643104553223, 0.9541571140289307, 2.005101203918457, 3.3392140865325928, 3.1373538970947266, 1.3753221035003662, 2.638211488723755, 2.031216621398926, 0.5317511558532715, 2.4664955139160156, 2.0686392784118652, 3.3543834686279297, 1.7776092290878296, 3.2913684844970703, 0.5970393419265747, 2.9792730808258057, 1.8954803943634033, 3.773613452911377, 1.468123435974121, 1.6674761772155762, 2.063075542449951, 2.665757179260254, 2.020141363143921, 1.5674242973327637, 2.561469554901123, 1.9125499725341797, 1.6437366008758545, 1.1579878330230713, 2.457836151123047, 1.8504533767700195, 2.584629535675049, 1.256613850593567, 0.43528127670288086, 1.1276506185531616, 1.9141521453857422, 1.4505053758621216, 1.9089131355285645, 1.6055314540863037, 0.2690010070800781, 1.8964487314224243, 1.8806307315826416, 2.266289472579956, 3.3191637992858887, 0.8322218656539917, 1.8759753704071045, 0.3988182544708252, 2.629291534423828, 1.397699236869812, 1.8739055395126343, 2.9880168437957764, 2.658843994140625, 2.4214048385620117, 0.7802140712738037, 2.368053436279297, 0.5148550271987915, 1.6761047840118408, 2.1130471229553223, 1.2477270364761353, 1.744912028312683, 2.415146589279175, 0.2657604217529297, 2.5199811458587646, 2.1831159591674805, 0.6488635540008545, 1.8778531551361084, 2.4310410022735596, 1.336000680923462, 3.476963996887207, 1.5779645442962646, 2.489825487136841, 1.6936125755310059, 2.5529932975769043, 3.121687412261963, 1.7900768518447876, 1.0951687097549438, 3.3650827407836914, 2.568049907684326, 2.775674343109131, 2.615902900695801, 3.295102596282959, 1.7088162899017334, 0.26268672943115234, 2.116992473602295, 3.0025811195373535, 2.530527114868164, 1.4936054944992065, 1.235397219657898, 1.452032208442688, 2.132300853729248, 2.1947293281555176, 3.6772828102111816, 1.6442880630493164, 1.6458678245544434, 3.3783950805664062, 3.9716744422912598, 2.2866721153259277, 2.9239346981048584, 1.2673401832580566, 2.0399646759033203, 0.9423424005508423, 1.6954143047332764, 2.057687997817993, 1.7437011003494263, 2.0216550827026367, 2.806386947631836, 3.0529704093933105, 0.41771888732910156, 3.676849365234375, 1.197095274925232, 3.2219815254211426, 1.1015102863311768, 0.9821982383728027, 0.8898133039474487, 1.1610983610153198, 3.6313886642456055, 1.1624375581741333, 0.8298918008804321, 1.9738318920135498, 2.757166624069214, 3.0940282344818115, 3.0054056644439697, 2.9010720252990723, 1.179381251335144, 2.3783509731292725, 1.7194933891296387, 1.6177706718444824, 1.492180585861206, 2.343737840652466, 2.029240131378174, 2.0569610595703125, 1.7850409746170044, 1.6713221073150635, 1.5046501159667969, 2.219517469406128, 2.572618007659912, 1.2613954544067383, 0.8907580375671387, 0.9778199195861816, 3.424586296081543, 1.862511396408081, 1.8110424280166626, 1.2193880081176758, 2.130648612976074, 3.85514497756958, 1.974517822265625, 2.1105659008026123, 0.6090226173400879, 3.928847312927246, 1.6898939609527588, 2.118917942047119, 0.9253008365631104, 2.0631656646728516, 2.5615527629852295, 1.5952669382095337, 2.3961539268493652, 1.7963659763336182, 0.5513966083526611, 2.359468698501587, 0.9971492290496826, 1.6116564273834229, 1.74013352394104, 1.9709997177124023, 2.1195082664489746, 1.4618889093399048, 1.4623373746871948, 3.6074132919311523, 1.9451823234558105, 3.9086108207702637, 1.8985986709594727, 1.4563066959381104, 1.5752416849136353, 1.2749664783477783, 1.8211745023727417, 1.9387980699539185, 1.100030541419983, 2.5429816246032715, 2.455240488052368, -0.15294480323791504, 1.8887708187103271, 1.390548586845398, 3.824954032897949, 1.9544817209243774, 2.461047410964966, 1.9750323295593262, 3.29650616645813], "params": {"iterations": 1510, "learning_rate": 0.014286, "depth": 3, "l2_leaf_reg": 3.4047e-06, "bagging_temperature": 2.5656, "random_strength": 4.1266, "border_count": 207}, "time_end": "2026-03-01T15:33:13.468682"}