{"model": "catboost_minilm_features-extract_char_ngrams", "type": "train", "seed": 42, "train_losses": [], "val_losses": [], "time_start": "2026-03-01T15:00:35.641826", "mse": 0.12116768717735102, "accuracy": 0.845360824742268, "corr": 0.9801157424121895, "precision": [0.9893617021276596, 0.7769784172661871, 0.6374269005847953, 0.84375, 0.9576271186440678, 0.9920634920634921], "recall": [0.788135593220339, 0.8372093023255814, 0.9083333333333333, 0.7152317880794702, 0.875968992248062, 0.9689922480620154], "f1": [0.8773584905660378, 0.8059701492537313, 0.7491408934707904, 0.7741935483870968, 0.9149797570850202, 0.9803921568627451], "support": [118, 129, 120, 151, 129, 129], "confusion_matrix": [[93, 25, 0, 0, 0, 0], [1, 108, 20, 0, 0, 0], [0, 6, 109, 5, 0, 0], [0, 0, 42, 108, 1, 0], [0, 0, 0, 15, 113, 1], [0, 0, 0, 0, 4, 125]], "predictions": [2.644020244211924, 1.4702052774993946, 0.2898792651223592, 4.104709739124869, 1.6834623447369408, 3.6980420194451433, 2.4428698870770917, 2.6372313470909896, 2.3273444324226076, 2.93289415595577, 1.993496884135182, 3.6164544054674757, 3.131538639127615, 3.134422432733156, 1.5895580147434087, 0.497595820123617, 1.8391417091500228, 2.814313493022407, 2.835429858571303, 1.8798799337340235, 1.2701970748865763, 0.6146086966909508, 0.7620135308984859, 1.806308434045587, 0.7526431323210792, 2.8368785774439154, 0.20570431311566217, 2.5953304043488075, 1.0201066388353417, 2.5188125329331665, 1.8303903015804535, 2.412358600543318, 1.5745318670880903, 2.9723650962600994, 1.083099680885105, 1.6603280645855296, 0.22822000622827288, 0.33960009816586734, 0.24509940952974452, 1.7289552777568442, 4.132846101670731, 2.481169526225786, 1.1541444542348995, 1.5285079478036399, 0.5358766452390178, 1.987343862898089, 2.5687927087504723, 4.094503301324178, 0.09029652583397674, 0.3170639920701417, 0.939776804844459, 0.47353457637276497, 2.2972102449608416, 1.3007205604766647, 2.78172656357422, 3.751256862920151, 1.9855157212978993, 2.5666924377949965, 2.828150971654265, 4.184288306166392, 2.6661157164823934, 0.25122379006197537, 3.0591077512780913, 0.36008445673876066, 2.62586623367104, 2.205315636724801, 2.1567182758462105, 1.2768551046668157, 1.96689022621183, 2.874745401502428, 1.5943659231330836, 0.0415829532487364, 0.31807942180467697, 2.6478869989984664, 0.30932427610278745, 0.22318469778912986, 0.2959471097993136, 2.0599389973238122, 3.71712883866246, 3.6213639239644566, 1.8698303286928362, 1.7989484444457984, 2.6290365457776472, 2.4204081181962023, 4.101165732820601, 0.9950121098815232, 0.28798114644116657, 2.9054128656641414, 3.5867713550413263, 0.12069109040067039, 2.1754216299132794, 2.6036678154218436, 3.4229649733046834, 1.5658344764586167, 3.5531862304900157, 2.1954754024573075, 1.4553916575206718, 0.5230856748814388, 2.893693133415548, 1.1480731344047392, 2.4642495469681847, 1.068866787170396, 1.0352947802491705, 0.02866735993101921, 2.1293166999220814, 0.5151533396590049, 3.258648126121657, 0.28829138712441127, 0.275553196001749, 2.4616001184590663, 0.5895691009799355, 4.472431257237473, 1.3201665513374372, 0.19132485161751944, 0.059008043564020785, 2.4497834515275345, 0.40396873774585895, 3.1153947526433345, 2.8330685117013608, 0.3909248518541677, 0.16867966390377687, 4.388908740882176, 0.21540458947095953, 1.4509375286295358, 2.3552132633019403, 1.9075480696652118, 2.4299151781874193, 0.24189287185250574, 1.891623541075293, 1.3805276064223484, 0.6575754484640377, 2.176765414269135, 4.099479751945964, 1.8766880754679445, 0.23282997826713103, 2.199104149350361, 1.7201056480807797, 0.49584588631811544, 0.013989096818054936, 0.8798452829918786, 2.2317868385360176, 3.8389216644884723, 1.9865280634443403, 1.2498789528832026, 0.5399663429718433, 2.5688169471159417, 0.16252343402955205, 2.5544772227368195, 2.25199911620159, 2.7909845494224705, 2.821334107183489, 3.027543697622435, 3.697353663550351, 4.086010427085025, 0.18185587145338156, 0.17438262026085782, 1.0136536828026472, 3.665393324852402, 1.5514242912761405, 0.316385336062432, 2.2291369331735256, 3.9659608367732164, 2.3438992033449892, 1.1606574322579788, 3.080157410854665, 3.205854307443249, 2.5101752029721602, 2.6754235147218437, 1.959290692417937, 0.8669118369726598, 1.872084301353833, 2.5085345549758076, 3.0881830371889487, 2.8215878887875463, 1.7833411190237554, 0.16193452842550782, 1.1510875864021606, 1.9359949118338893, 0.5511252575611454, 3.778012027858373, 3.5354067335085038, 2.635551876517973, 2.5030638020050606, 0.39414673788729226, 2.757938784950971, 1.55139515042633, 2.628194424675646, 1.8203959294902785, 2.466746493966224, 3.347286243411078, 4.525965284041197, 2.3535337323799075, 1.7313625003692468, 1.0922671905188306, 1.9072384334606742, 2.85568885141013, 3.4047198154994955, 4.150781472441015, 2.573014753718489, 1.5020478505743982, 1.2440978424788482, 1.136999855806786, 2.233080369126752, 2.2855358883185057, 2.9010500353662225, 0.2643313888951968, 1.3721677460469852, 1.6487489664717043, 2.0547847834636195, 0.678385555261116, 3.1559017435840895, 1.8561625838706388, 3.0389616099490198, 4.125354585178185, 1.8366462867402125, 1.7072523496304357, 1.7720570508466982, 2.5846305609870583, 1.6350211474465128, 1.5695661714181215, 2.928847000450733, 1.7442347596211687, 0.3861227450798568, 1.449157528494082, 3.2383691332476685, 2.5591216249415947, 2.7515865564982636, 1.5866562125289438, 1.7722951309343382, 3.2717168070865563, 1.4467530181570942, 3.2768912141042716, 2.23844859828355, 3.8013317813329337, 1.5969322984422758, 2.9237545513227072, 1.9286919065583312, 2.82308929303716, 2.2428759452982683, 3.773159657365118, 1.5710677749711697, 2.073874995326797, 2.18310835629201, 2.4532608158146063, 2.8471368689414196, 1.1889500545311351, 2.6089701698388095, 1.1300835348123666, 0.48299686555890853, 0.24123385762299332, 0.3092575538355531, 3.7992393913481104, 1.3724740998619083, 1.1679961830108805, 0.35232624198958007, 2.7308912363666886, 0.6971115221945559, 2.6425660430547717, 2.426770575909064, 1.6593347387246924, 0.9668161982200592, 0.857119466114773, 1.665949816394916, 1.91852960051575, 2.2185919056309085, 1.2444471624647913, 1.6599864340261632, 2.7829922539457317, 2.0937317508575566, 0.6155235852801724, 1.8203919406445133, 0.6965176595615161, 0.21408455110328584, 3.20728025949683, 2.4392296882680116, 3.3324895438732174, 2.2951119777699707, 2.57766803040778, 1.7698136432874052, 1.6141088040316915, 2.564856868151204, 2.8359598268589057, 0.1741706378936656, 1.4751096856671095, 1.0520879130305754, 2.4425585353144097, 1.2577564690586898, 3.699534980514728, 1.8457446351915756, 0.16231675440543736, 1.5383079921423193, 0.8615524738835287, 1.9234562484562563, 1.3380827040304764, 2.156802001470487, 0.14124950493758615, 1.3670175005051597, 0.6007330622516007, 2.6569227907727333, 2.412416104784691, 1.3127866028292074, 2.4175886453740034, 0.3210387912269206, 1.4493925321700933, 2.699825072223734, 2.3102464255214006, 2.9054090583391097, 2.160061379017676, 3.1825669174036966, 1.1214684126564962, 2.1265258873389445, 1.6276394124006703, 1.434449083143083, 0.5096013060039004, 0.4019544104445658, 0.4790188301296574, 1.112933219345019, 3.623169011297465, 3.2879251022394875, 2.254373954532635, 2.581265096584842, 2.0426455448412884, 0.15642743665225778, 3.1490123154407126, 0.2024472302193261, 0.2586041724479502, 2.149085979281784, 4.086044901595639, 1.1192566970832123, 1.7291846294996434, 1.4266576025772573, 3.6655501801767127, 2.448677852884867, 2.5114165494119227, 0.04551127189258919, 0.832196794754877, 0.3415836788268827, 1.86852059175795, 2.3598709488986342, 1.1246451483015085, 1.8379469453122406, 3.696688351733641, 3.261515870019427, 2.1364052843620387, 2.9216554833414228, 2.982379480008608, 2.748326162792818, 0.4914122760414106, 0.35707282976391586, 0.4891351086986995, 0.186407139856136, 4.624654441161807, 1.5276412269977842, 2.436174917256263, 3.0406234796931004, 2.7629880625784007, 2.1720637694474756, 2.3043648218351875, 1.1825207182685074, 0.35757184683327425, 3.4732604332585875,