{"model": "catboost_minilm_features-extract_sentence_length_by_word", "type": "test", "seed": 41, "time_start": "2026-03-01T15:11:24.517105", "mse": 0.9820849718686108, "accuracy": 0.3938053097345133, "corr": 0.6872132121508223, "precision": [0.8, 0.3125, 0.33, 0.48214285714285715, 0.5, 0.0], "recall": [0.1568627450980392, 0.45454545454545453, 0.6470588235294118, 0.4153846153846154, 0.25, 0.0], "f1": [0.26229508196721313, 0.37037037037037035, 0.4370860927152318, 0.4462809917355372, 0.3333333333333333, 0.0], "support": [51, 33, 51, 65, 24, 2], "confusion_matrix": [[8, 22, 19, 2, 0, 0], [1, 15, 15, 2, 0, 0], [1, 8, 33, 8, 1, 0], [0, 3, 30, 27, 5, 0], [0, 0, 3, 15, 6, 0], [0, 0, 0, 2, 0, 0]], "predictions": [1.2372322082519531, 1.1596360206604004, 2.579875946044922, 1.3071433305740356, 0.9410316944122314, 1.8356201648712158, 3.0049781799316406, 1.8896629810333252, 1.2924574613571167, 2.5150766372680664, 2.996366500854492, 2.575289249420166, 3.608447313308716, 2.066480875015259, 1.8268537521362305, 1.736090898513794, 4.0044708251953125, 0.7614829540252686, 1.5348799228668213, 3.445876121520996, 3.935060501098633, 0.08364248275756836, 2.857680082321167, 1.8969883918762207, 1.5800743103027344, 2.919753313064575, 2.3568429946899414, 2.1628940105438232, 2.5743751525878906, 2.5288236141204834, 3.4800784587860107, 1.0629796981811523, 2.181699752807617, 1.1364789009094238, 3.1329312324523926, 2.3809103965759277, 1.2213139533996582, 2.2122883796691895, 3.079423427581787, 0.8853462934494019, 1.533843994140625, 2.1942391395568848, 0.7273430824279785, 2.2248458862304688, 3.1506600379943848, 3.0944900512695312, 1.207690954208374, 2.7339582443237305, 1.9317655563354492, 0.566317081451416, 2.470442295074463, 2.180107831954956, 3.3812193870544434, 1.608837366104126, 3.233375072479248, 0.3528707027435303, 2.7293472290039062, 2.1235435009002686, 3.5418238639831543, 1.7187228202819824, 1.9274733066558838, 2.157100200653076, 2.530745506286621, 2.2476603984832764, 1.5025556087493896, 2.646793842315674, 2.0350098609924316, 1.7237874269485474, 1.140667200088501, 2.570795774459839, 1.6514561176300049, 2.351895809173584, 1.1747173070907593, 0.32832908630371094, 1.1393992900848389, 1.897899866104126, 1.3270273208618164, 1.818671703338623, 1.5545940399169922, 0.20757627487182617, 1.9607045650482178, 1.7651126384735107, 2.576676368713379, 3.0780956745147705, 0.8021955490112305, 1.972283124923706, 0.11425542831420898, 2.613016128540039, 1.4221664667129517, 1.9267926216125488, 2.8143727779388428, 2.9557268619537354, 2.750995635986328, 0.966646671295166, 2.1044259071350098, 0.4646949768066406, 1.596484899520874, 1.9715862274169922, 1.1091148853302002, 1.7869372367858887, 2.6176908016204834, 0.36522793769836426, 2.602041721343994, 2.2391464710235596, 0.6339517831802368, 2.209345817565918, 2.1629672050476074, 1.2989718914031982, 3.4256742000579834, 1.661802053451538, 2.594609022140503, 1.9469943046569824, 2.6644179821014404, 2.8841238021850586, 1.7687485218048096, 0.9400137662887573, 3.1970009803771973, 2.58610463142395, 2.9090118408203125, 2.846951961517334, 3.4909586906433105, 1.6407499313354492, 0.4051473140716553, 2.187436580657959, 2.932692289352417, 2.606113910675049, 1.7000534534454346, 1.4040110111236572, 1.6519763469696045, 2.3976986408233643, 2.258754014968872, 3.7755422592163086, 1.8323981761932373, 1.583616852760315, 3.225905418395996, 3.8461337089538574, 2.4024174213409424, 2.955106258392334, 1.2319854497909546, 2.141667366027832, 0.978514552116394, 1.66023588180542, 2.14798641204834, 1.759631872177124, 2.146956443786621, 2.815783739089966, 3.2101192474365234, 0.5328092575073242, 3.750737190246582, 1.2892812490463257, 3.3821158409118652, 1.1728858947753906, 0.9155272245407104, 1.0264379978179932, 1.1901813745498657, 3.3454883098602295, 1.2319974899291992, 0.8562513589859009, 2.140888214111328, 2.757762908935547, 3.0408999919891357, 3.0753955841064453, 2.816525936126709, 1.0963692665100098, 2.4615635871887207, 1.664427399635315, 1.5144457817077637, 1.1919957399368286, 2.3272340297698975, 2.1073734760284424, 2.036206007003784, 1.810420036315918, 1.9407813549041748, 1.8058502674102783, 2.122215747833252, 2.675943613052368, 1.1754429340362549, 0.9951171875, 0.6208596229553223, 3.386219024658203, 1.8733019828796387, 1.857664704322815, 1.0874308347702026, 2.1046204566955566, 3.9089698791503906, 2.1777496337890625, 2.164402961730957, 0.6903884410858154, 4.032441139221191, 1.700134515762329, 2.0824923515319824, 0.6612310409545898, 2.0809545516967773, 2.4218149185180664, 1.6907591819763184, 2.4029793739318848, 1.6948580741882324, 0.47434091567993164, 2.337583303451538, 1.0502055883407593, 1.8564270734786987, 1.750927448272705, 1.9472986459732056, 2.0089502334594727, 1.4104565382003784, 1.609848976135254, 3.798365354537964, 1.893025279045105, 3.8661386966705322, 2.009516477584839, 1.4530131816864014, 1.6451265811920166, 1.4036318063735962, 1.7981960773468018, 1.9038270711898804, 1.236331582069397, 2.7154815196990967, 2.4940378665924072, -0.038037776947021484, 1.8887715339660645, 1.563210129737854, 3.6996395587921143, 1.82290780544281, 2.5526957511901855, 1.7815179824829102, 3.263308525085449], "params": {"iterations": 1510, "learning_rate": 0.014286, "depth": 3, "l2_leaf_reg": 3.4047e-06, "bagging_temperature": 2.5656, "random_strength": 4.1266, "border_count": 207}, "time_end": "2026-03-01T15:11:24.614817"}