{"model": "catboost_minilm_features-extract_ttr", "type": "test", "seed": 42, "time_start": "2026-03-01T15:24:02.955816", "mse": 0.9591928914225062, "accuracy": 0.39823008849557523, "corr": 0.6949804225160872, "precision": [0.7272727272727273, 0.3220338983050847, 0.336734693877551, 0.5, 0.5714285714285714, 0.0], "recall": [0.1568627450980392, 0.5757575757575758, 0.6470588235294118, 0.3384615384615385, 0.3333333333333333, 0.0], "f1": [0.25806451612903225, 0.41304347826086957, 0.4429530201342282, 0.4036697247706422, 0.42105263157894735, 0.0], "support": [51, 33, 51, 65, 24, 2], "confusion_matrix": [[8, 28, 15, 0, 0, 0], [1, 19, 11, 2, 0, 0], [2, 8, 33, 7, 1, 0], [0, 4, 34, 22, 5, 0], [0, 0, 5, 11, 8, 0], [0, 0, 0, 2, 0, 0]], "predictions": [1.148247480392456, 1.3284863233566284, 2.688937187194824, 1.013400912284851, 0.8788532018661499, 1.4689199924468994, 3.1415791511535645, 1.6417760848999023, 1.387034296989441, 2.355595111846924, 2.9859163761138916, 2.3722293376922607, 3.6107120513916016, 1.830003023147583, 1.737538456916809, 1.7771806716918945, 3.8037402629852295, 0.8005952835083008, 1.458561897277832, 3.5507044792175293, 3.959512710571289, 0.07455277442932129, 3.2391414642333984, 1.8593724966049194, 1.4057214260101318, 2.8491477966308594, 2.2358474731445312, 1.9791721105575562, 2.409924030303955, 2.309702157974243, 3.5989863872528076, 1.2474596500396729, 1.962768793106079, 0.9528037309646606, 2.9976646900177, 2.388476848602295, 1.47315514087677, 2.043930768966675, 2.9796628952026367, 0.7922686338424683, 1.4261747598648071, 2.105830430984497, 0.8902956247329712, 1.9698946475982666, 3.3270864486694336, 3.28872013092041, 1.3115830421447754, 2.544574737548828, 1.8717031478881836, 0.44646191596984863, 2.4599013328552246, 1.986680507659912, 3.2838332653045654, 1.7261275053024292, 3.317282199859619, 0.347149133682251, 3.1223926544189453, 1.9615528583526611, 3.6918282508850098, 1.732991099357605, 1.9012638330459595, 1.9943008422851562, 2.785125255584717, 2.242734909057617, 1.5325647592544556, 2.477797746658325, 1.8870949745178223, 1.7990347146987915, 1.2547286748886108, 2.5569803714752197, 1.5997143983840942, 2.4909095764160156, 1.193834900856018, 0.22592926025390625, 1.1008164882659912, 1.965601921081543, 1.4218087196350098, 1.9893138408660889, 1.4433236122131348, 0.18874454498291016, 1.85752272605896, 1.9910285472869873, 2.4715211391448975, 3.4120073318481445, 0.9740004539489746, 1.9053969383239746, 0.3330960273742676, 2.799820899963379, 1.483156442642212, 1.726973056793213, 3.0556678771972656, 3.083367347717285, 2.793224334716797, 0.9700376987457275, 2.2553963661193848, 0.34390830993652344, 1.4890210628509521, 1.9615463018417358, 1.0858666896820068, 1.8339598178863525, 2.69112491607666, 0.26560449600219727, 2.460706949234009, 2.2223165035247803, 0.7519317865371704, 2.002955198287964, 2.2675585746765137, 1.3944967985153198, 3.4632785320281982, 1.4772855043411255, 2.436357021331787, 1.9892511367797852, 2.6847453117370605, 3.055826187133789, 1.7997097969055176, 0.9853695631027222, 3.292116641998291, 2.430553436279297, 2.8759586811065674, 2.781102180480957, 3.4139509201049805, 1.5888155698776245, 0.15543794631958008, 2.1863150596618652, 3.0374372005462646, 2.6307196617126465, 1.7950793504714966, 1.3429151773452759, 1.4431185722351074, 2.1311097145080566, 2.338984489440918, 3.571913242340088, 1.6962904930114746, 1.5683541297912598, 3.4200406074523926, 3.837573528289795, 2.088073253631592, 3.1393964290618896, 1.0657382011413574, 2.2628798484802246, 1.178526520729065, 1.5548536777496338, 2.2427306175231934, 1.617065191268921, 2.1131649017333984, 2.954930067062378, 3.239769458770752, 0.4686298370361328, 3.7331485748291016, 1.3481264114379883, 3.114969253540039, 1.0747039318084717, 1.077186942100525, 0.9381482601165771, 1.1977887153625488, 3.427670955657959, 1.0915659666061401, 0.8827475309371948, 1.9172124862670898, 2.592503070831299, 2.918269634246826, 3.183734893798828, 2.8030455112457275, 1.2099454402923584, 2.308338165283203, 1.4836114645004272, 1.4881690740585327, 1.293593168258667, 2.3718342781066895, 2.107248544692993, 2.2104523181915283, 1.9067702293395996, 1.9142725467681885, 1.5422189235687256, 2.1827738285064697, 2.5161314010620117, 1.463318109512329, 0.7758539915084839, 0.8095042705535889, 3.3256940841674805, 1.8004400730133057, 1.7942399978637695, 1.0128918886184692, 2.2146904468536377, 3.9113569259643555, 1.9690744876861572, 2.147980213165283, 0.6262989044189453, 4.01570987701416, 1.6957905292510986, 2.065227508544922, 0.6676595211029053, 2.0957493782043457, 2.605478525161743, 1.4305659532546997, 2.4331159591674805, 1.7454482316970825, 0.527247428894043, 2.176706552505493, 1.0871671438217163, 1.745326280593872, 1.7626782655715942, 1.9885611534118652, 2.1158745288848877, 1.3818084001541138, 1.4646973609924316, 3.525282144546509, 1.900381326675415, 3.723313808441162, 1.9055678844451904, 1.2001776695251465, 1.7875933647155762, 1.53743314743042, 1.8455475568771362, 1.9242315292358398, 1.1266919374465942, 2.491941213607788, 2.4444878101348877, -0.04092717170715332, 1.9359731674194336, 1.3780020475387573, 3.8523097038269043, 2.006396770477295, 2.3609046936035156, 1.9611327648162842, 3.1332218647003174], "params": {"iterations": 1510, "learning_rate": 0.014286, "depth": 3, "l2_leaf_reg": 3.4047e-06, "bagging_temperature": 2.5656, "random_strength": 4.1266, "border_count": 207}, "time_end": "2026-03-01T15:24:03.046331"}