{"model": "catboost_minilm_features-extract_tense", "type": "train", "seed": 40, "train_losses": [], "val_losses": [], "time_start": "2026-03-01T16:30:02.868966", "mse": 0.11235970389143218, "accuracy": 0.8737113402061856, "corr": 0.9815032179693326, "precision": [0.99, 0.8345323741007195, 0.6975308641975309, 0.8560606060606061, 0.9495798319327731, 1.0], "recall": [0.8389830508474576, 0.8992248062015504, 0.9416666666666667, 0.7483443708609272, 0.875968992248062, 0.9612403100775194], "f1": [0.908256880733945, 0.8656716417910447, 0.8014184397163121, 0.7985865724381626, 0.9112903225806451, 0.9802371541501976], "support": [118, 129, 120, 151, 129, 129], "confusion_matrix": [[99, 19, 0, 0, 0, 0], [1, 116, 12, 0, 0, 0], [0, 4, 113, 3, 0, 0], [0, 0, 37, 113, 1, 0], [0, 0, 0, 16, 113, 0], [0, 0, 0, 0, 5, 124]], "predictions": [2.692191003291609, 1.324267790086872, 0.152048295421932, 3.8384385830414276, 1.4715711303452303, 3.762398387805738, 2.4739378132441248, 2.727318070618762, 2.4356853768015316, 2.956873033645929, 1.9184727715450984, 3.8390254768457095, 3.0721958086618084, 3.0627349821913463, 1.6027632995485899, 0.4216441645710991, 1.7336910304634832, 2.911936571910614, 2.9263786506176572, 1.7215959579604867, 1.3937314231981022, 0.5914275067216144, 0.7739540100841404, 1.6503669325561088, 0.9802093314436324, 2.8835731768410273, 0.19377266454494402, 2.757772092704261, 1.010397415525573, 2.6710560546035804, 1.683593455943889, 2.2379188071535747, 1.4042577434804626, 2.933024775438556, 1.0412110940107993, 1.8007613769603363, 0.07676991560820623, 0.4043331194867581, 0.1779677005034963, 1.7775412584314307, 3.7756813535328533, 2.5625116978669267, 1.1416356735178461, 1.5568945910040108, 0.49769670745625216, 2.176368063758703, 2.481671246473813, 3.9354263552053372, 0.16545317566859907, 0.172997644521113, 1.1011170672943595, 0.38340808234334345, 2.4953193561604374, 1.425324503595271, 2.9282052350565486, 3.896540864817988, 2.057459857258358, 2.3774602525573116, 2.754970764874272, 4.1143976471447985, 2.7968618687850744, 0.20852308490926985, 3.192768504986346, 0.39163766548904544, 2.6589060672953546, 2.282667402355, 1.993884633973248, 1.2879602778323824, 1.8987642417190587, 3.005033064530144, 1.7072868011684716, 0.03947160170396424, 0.31229032868163253, 2.7625537164574343, 0.3001385070112188, 0.159186809810012, 0.17146628717239398, 2.1676392411209946, 3.8192010054937313, 3.7396522300741397, 1.9127236446066496, 1.7479832831544555, 2.7536045824076547, 2.2104339146881475, 3.959233003869423, 0.8989002965539705, 0.36249646905264976, 3.0248388074997914, 3.2181171328073392, 0.13583196096495564, 2.1651000449218314, 2.695943993024599, 3.5350371828032436, 1.4953793119970846, 3.5200937745831182, 2.1526217833454244, 1.3278007227762676, 0.5987000482889087, 2.873381525652806, 1.1389763850915686, 2.547594992081389, 1.146851168836979, 1.2336222972445847, -0.01304189443006809, 1.8870761805265643, 0.47163091460017625, 3.2801467003052633, 0.3377008391658509, 0.20256702561600903, 2.294149057218351, 0.5988907077055137, 4.375025696633769, 1.3050161210477556, 0.09974326231507247, 0.09050141954613888, 2.3711227358522784, 0.2876737101836917, 3.201207657842689, 2.6361229854908035, 0.3389476709410948, 0.20910892387113256, 4.387818965168342, 0.23891071879411108, 1.470434664067297, 2.2317235313073005, 2.086809196088307, 2.3909477402616575, 0.3009348093637181, 1.969223619718827, 1.593516054640743, 0.6262707282948241, 2.219115616600651, 3.758877626224368, 1.6501571009170624, -0.008770900010966365, 2.2588079490814876, 1.6848397668015949, 0.3901921150251404, -0.07729732330749028, 0.795210369678228, 2.3654686120862487, 3.7092065881780507, 2.072805766417407, 1.3047964360169415, 0.48685705007695734, 2.5910465911119593, 0.1241060740951152, 2.4774671613061163, 2.350264952164938, 2.8599435053162505, 2.910520056025466, 3.1311060330189653, 3.650131215536482, 3.9220045732998035, 0.34634727640092766, 0.1390781835075705, 1.0222476657497053, 3.5861518290288563, 1.5560741122103159, 0.17080985827845252, 2.1269449946055796, 3.8319691738054398, 2.398957209659777, 1.1388127923811484, 2.9707969628564035, 3.101114119500598, 2.589884811659529, 2.463605524578626, 1.920739285687762, 0.9975886761340214, 1.9755993670013479, 2.3618922299951706, 3.1328246073444683, 2.762523234245246, 1.8452614503255762, 0.06027681671088825, 1.18331755163329, 1.8476769583152317, 0.636919799264988, 3.6088921543857992, 3.644176365057493, 2.67684031429286, 2.5806837789890102, 0.4450871035011805, 2.742637873550776, 1.618144956903124, 2.571452852873759, 1.8242381259340679, 2.6320232233206413, 3.340877166472594, 4.363046588734378, 2.4393975257029794, 1.6550383719772126, 1.2006031398557375, 1.7802736994012505, 3.147313097848781, 3.5208745520408518, 4.02980489036909, 2.580637838687684, 1.7090750379092983, 1.3341600443897326, 1.1633315887141684, 2.260236011123924, 2.385168252524931, 3.152806937193663, 0.41867190267150356, 1.4196697266393685, 1.7024449159906623, 2.096712971527031, 0.7446434551377052, 3.0287571534160045, 1.9906242629694448, 3.1861994726125875, 3.9082860702210187, 1.7526185881322678, 1.525609909516397, 1.4690052519766716, 2.4270405244374142, 1.7534210587281445, 1.2176443473166443, 2.910325286680127, 1.6497951659081052, 0.35182163213868645, 1.5755943123290903, 2.9910386439761405, 2.958349293055243, 2.731135876418764, 1.6241570412337831, 1.8204898769539466, 3.3493885651479047, 1.5446605080462654, 3.0588728319354406, 2.3323281574959362, 3.7093310457277235, 1.6846332740631045, 2.8626335211724743, 1.9566384488150805, 2.8650287704536037, 2.3177647536840054, 3.6959860342937754, 1.591661848298639, 2.231225123570391, 2.3480396935309833, 2.605695610595947, 2.757921618745862, 1.2073150424622212, 2.3148263774829987, 0.8956311533699455, 0.46662358875241816, 0.19368568789716978, 0.3108982213918883, 3.7258567764872974, 1.2070565431720224, 1.0951406740822818, 0.4467845652957352, 2.7389865913660456, 0.6518850309704727, 2.693369156627005, 2.4278495292505515, 1.7667700919793161, 0.9283842825523758, 0.8262148133105685, 1.725967204340669, 2.124442674774502, 2.268278391240657, 1.179590150663493, 1.62890597450845, 2.5699700744412763, 2.164728599956768, 0.5480609266501271, 1.877962805364519, 0.6123219163969587, 0.08530531832672805, 3.277394033133583, 2.5938270380416015, 3.380371181287633, 2.2859412890641515, 2.5364543210548214, 1.7343910101714322, 1.671443370954673, 2.6089950324952462, 2.952668037929149, 0.28731481909305057, 1.4439522299685152, 0.8828549352775925, 2.5775168364355023, 1.3689105502572374, 3.82962506045957, 1.7909214824544248, 0.12055464362163848, 1.2914624956962792, 0.8511555858116076, 1.8244904892765395, 1.2227818742036458, 2.1319923209097853, -0.025819650700793062, 1.3594100238501197, 0.6882854951265809, 2.740190389516072, 2.4892968753377063, 1.234030909279181, 2.616701861214931, 0.2912597689604146, 1.561763606895045, 2.8310777865136005, 2.302220090193555, 3.0054368296117557, 2.250461903222058, 3.604066653867392, 1.1366803480393253, 2.2098986533563205, 1.7593428641982376, 1.5925958919718208, 0.4669960480057789, 0.4543349248918567, 0.4218246637019001, 1.175785901199274, 3.7004795630133156, 3.435507436981527, 2.067825750050555, 2.768649062870737, 2.1450933825715155, 0.2894194143397426, 3.162057676939553, 0.1932344340525236, 0.40813602827083617, 2.4464152964082726, 4.000265068409415, 1.1302624632674538, 1.7700034207949658, 1.4173906153334617, 3.4409809677207615, 2.585792664200344, 2.3617124759488846, 0.17426648160077818, 0.725110212560683, 0.2783307790603926, 1.8667951700790553, 2.6035368193171946, 1.1968014377367602, 1.9634813214879958, 3.567119505337507, 3.218653363200348, 2.043319217471016, 3.0190445863515003, 2.7572175438868163, 2.6946664900501798, 0.4450259305272297, 0.20438725000211466, 0.5505261314663783, 0.08086764885453546, 4.639723045622842, 1.5885453904649416, 2.4560178404375685, 3.0638900536841165, 2.73778934334926, 2.084202613994614, 2.3643726910625493, 1.066193921935667, 0.39349038046856544, 3.3209909968997082, 0.3968375028170841, 