{"model": "catboost_minilm_features-extract_char_ngrams", "type": "train", "seed": 40, "train_losses": [], "val_losses": [], "time_start": "2026-03-01T14:58:45.340675", "mse": 0.1190924892459384, "accuracy": 0.8479381443298969, "corr": 0.9804784180719205, "precision": [0.98989898989899, 0.7941176470588235, 0.622093023255814, 0.8467741935483871, 0.9583333333333334, 1.0], "recall": [0.8305084745762712, 0.8372093023255814, 0.8916666666666667, 0.695364238410596, 0.8914728682170543, 0.9689922480620154], "f1": [0.9032258064516129, 0.8150943396226416, 0.7328767123287672, 0.7636363636363637, 0.9236947791164659, 0.984251968503937], "support": [118, 129, 120, 151, 129, 129], "confusion_matrix": [[98, 20, 0, 0, 0, 0], [1, 108, 20, 0, 0, 0], [0, 8, 107, 5, 0, 0], [0, 0, 45, 105, 1, 0], [0, 0, 0, 14, 115, 0], [0, 0, 0, 0, 4, 125]], "predictions": [2.7112138108443955, 1.4240922560468416, 0.18224525764737942, 3.988416094001023, 1.7071869454457667, 3.695710338588569, 2.482361593934099, 2.5741761112490513, 2.4184923002100738, 2.964512695500632, 2.0757288619259135, 3.4784164007463643, 3.174061825636398, 3.293033554264093, 1.6485501834775942, 0.47564861814627113, 1.819142396423425, 2.8686033163373685, 2.811612273972246, 1.8758825951707858, 1.178900472975307, 0.6241530994010434, 0.6388207415127145, 1.759527450320293, 0.7793903149243184, 2.9177893106665698, 0.23484930039863938, 2.459981541003814, 1.0492770490193024, 2.485817105433642, 1.8614493249763475, 2.388438723574046, 1.6190505882704258, 2.930438494605663, 1.0238667409213196, 1.6668346502794251, 0.08150662287901955, 0.44783008362690824, 0.2723073736498596, 1.7952636263969364, 4.082868897413668, 2.4943519249020762, 1.1008915834241269, 1.5216974575624669, 0.5329535738923448, 2.1430099376623395, 2.594694066643273, 4.001317694300214, 0.10726448041252068, 0.4014732766672511, 1.0260425828882944, 0.41342598536104, 2.3114979593961293, 1.2691753036533657, 2.737948638683612, 3.8189345738142775, 1.843420537562393, 2.5972228927654593, 2.8697936721753834, 4.19406545318868, 2.6391482140019806, 0.24008516196962137, 3.1123744464194427, 0.39651224081377157, 2.6628268755883937, 2.229904891115593, 2.2730603670044336, 1.3899059420007018, 1.909011790313673, 2.7889328798895834, 1.643871349071866, 2.245901779796e-05, 0.4026139280723169, 2.657109971547539, 0.20577020631925036, 0.1706890969777679, 0.31153867177202876, 2.0243946827121513, 3.7447186540011956, 3.6602232124447562, 1.844234794690953, 1.6972394663849548, 2.677960319833906, 2.3962975404153193, 4.179075095165574, 0.9424741581235849, 0.24535953864744098, 2.89442521704064, 3.4913904483603466, 0.09521925573773338, 2.1606786696930733, 2.629286996328907, 3.299344740585977, 1.5483773713003663, 3.6040765126665835, 2.2601744892944367, 1.4415641188320358, 0.509936962500765, 2.9728948499575467, 1.1819160236824924, 2.4977730617750766, 1.129865476946113, 1.0958727813505806, -0.002323687728190027, 2.045151450687588, 0.41483947657463194, 3.2445119578747277, 0.30036102350029337, 0.2939740287798509, 2.462366669832088, 0.524249499128038, 4.532069620328327, 1.2355448314503368, 0.275911703246118, 0.16235417923784334, 2.4141937812987897, 0.43177276055326574, 3.0877754521330294, 2.79590773320894, 0.36050145743013173, 0.11610991375403579, 4.427345863854459, 0.23178133901683973, 1.4260173025718348, 2.363213755066384, 2.0712403734336235, 2.4223977469364737, 0.38821528716702636, 1.860918973827356, 1.4883240291449058, 0.71756114817995, 2.2828136914224797, 3.9606656120399792, 1.8371975057750223, 0.16407866041931696, 2.216935925154057, 1.772066309977539, 0.4660697347463212, -0.04246714234237281, 0.8593675523321211, 2.26847818900465, 3.7936287137196554, 1.9535872317394238, 1.2713744237971953, 0.46990955435340487, 2.660354194326034, 0.1467165125231369, 2.5025342100570125, 2.2253688186752068, 2.81228901115972, 2.7611493634045505, 3.173738448581721, 3.5316937017179653, 3.952451582788637, 0.2099767848577132, 0.18559860102593673, 0.9590262671959926, 3.7371381137772994, 1.5433282667863628, 0.2732666851564609, 2.240256139888539, 3.869794821129796, 2.401827438651993, 1.169617707846273, 3.0310177251555235, 3.2298219254088787, 2.551468557768978, 2.676743423831669, 1.8947270733778203, 0.9101042176986893, 2.0343780096891404, 2.397786666941416, 3.0506262964611093, 2.7280236594172416, 1.891745070336567, 0.19077819582611077, 1.1921243968798665, 1.8534518541241423, 0.5729485667090826, 3.7801542653287044, 3.4981307081555775, 2.5861045299417715, 2.543124177259717, 0.461606088138935, 2.7829066449372433, 1.5583406629813519, 2.638888695295444, 1.765897690873948, 2.5071547186647383, 3.2716257008546865, 4.497598043344948, 2.3667976266466075, 1.7187007660442293, 1.1324135324640074, 1.84582063631263, 2.81191649280726, 3.4432912354477265, 4.153787873242118, 2.67107166838377, 1.639031361601371, 1.347884689316974, 1.148639161079669, 2.3535985533735455, 2.3382026494761603, 2.977439606828918, 0.32533749897331043, 1.384070031139635, 1.7062976371582228, 2.1373568978089654, 0.7323519243226877, 3.157830964901373, 1.8975448758345805, 2.9808110968015864, 4.041368039188539, 1.863762510786969, 1.6612629015816243, 1.7120199248758168, 2.56317571164338, 1.725553633990258, 1.5681236542888435, 2.97130021884362, 1.747851743199009, 0.4086784809551225, 1.5057927505558122, 3.1946348519840324, 2.5654195417749075, 2.618590467796743, 1.601391102591065, 1.8421748277898677, 3.209710914069824, 1.4768234312867703, 3.1901818819772765, 2.118399953293778, 3.7520652267536883, 1.4933585072856694, 3.0322484983561764, 1.8533756860805648, 2.9193718517303946, 2.3011967041164003, 3.7269408650110214, 1.506904461873864, 2.08978557332006, 2.2134836657722152, 2.4543074557104205, 2.6923910209020394, 1.2265765338541579, 2.5217078146826126, 1.0803735521683264, 0.556589611957641, 0.20877633712159938, 0.2813201054000549, 3.799931683664239, 1.3254051207461715, 1.0488338929818934, 0.37141381984906596, 2.8108457996101066, 0.6068467429702749, 2.6547400475818437, 2.4572330236199478, 1.8081369877914866, 0.9150597050550133, 0.7470569944097671, 1.6114838268771976, 2.0416335879376293, 2.287448256815396, 1.1812723647573093, 1.6835812645065915, 2.6341442229469654, 2.019975247357551, 0.7020345962656085, 1.867334219088121, 0.5872746384049703, 0.21417526354162808, 3.2216143070417083, 2.415611309705906, 3.326525819218153, 2.306607133463912, 2.658068398929241, 1.6794900704157305, 1.6069466383255597, 2.578785690147079, 2.7943648358475213, 0.17805793280726778, 1.5477550146082022, 0.8722917187643231, 2.4632653536598577, 1.271271646143012, 3.7301479069004806, 1.8426201692547974, 0.143888247180199, 1.6567626951993786, 0.8275075703004633, 1.8933907767609428, 1.367056637233821, 2.2124814135320876, 0.18132465276733578, 1.3581618604905912, 0.5562059728958821, 2.706598553833077, 2.3795529921670173, 1.169154901953447, 2.4319880220148575, 0.11486875698280397, 1.4798680737815566, 2.7378251158671207, 2.207910839929455, 2.973593646587738, 2.1647489780065956, 3.2275633993051445, 1.150738244442863, 2.2444901047837016, 1.6471196952464204, 1.4795091090687849, 0.4603237147351602, 0.33878687601758894, 0.4429944842304536, 1.1569143537925977, 3.5323480693547813, 3.2528250884026444, 2.18207345505195, 2.5406926042052884, 2.0546303655408744, 0.19958514265083593, 3.21528079032384, 0.15835896041461162, 0.20031817382596495, 2.187726599330003, 4.094693984437088, 1.163925914506003, 1.6587501919454044, 1.4369690921277662, 3.6711574508646185, 2.4688424630316823, 2.4455717176022405, 0.0347382839814232, 0.8632229974823546, 0.3005236241663174, 1.8763970244271866, 2.3880586332464895, 1.1697025019756047, 1.8065295436829945, 3.7037353470477328, 3.150863852234016, 2.1786818437083606, 2.733557018612125, 2.8824211878151678, 2.6975564681434814, 0.48999254446782503, 0.3608069987034477, 0.4257172949534378, 0.2082897154837382, 4.588318551307268, 1.538329618977603, 2.450278275042339, 3.1544977506789746, 2.7197614225579874, 2.1992622406835856, 2.320629791674225, 1.1317209481956598, 0.25207947648174, 3.5059656967624715, 0.4783387666237995, 