{"model": "catboost_minilm_features-extract_stopwords", "type": "train", "seed": 40, "train_losses": [], "val_losses": [], "time_start": "2026-03-01T15:35:48.865168", "mse": 0.11257151613506966, "accuracy": 0.8685567010309279, "corr": 0.981479754146828, "precision": [1.0, 0.8273381294964028, 0.6993865030674846, 0.8394160583941606, 0.940677966101695, 1.0], "recall": [0.8135593220338984, 0.8914728682170543, 0.95, 0.7615894039735099, 0.8604651162790697, 0.9534883720930233], "f1": [0.897196261682243, 0.8582089552238806, 0.8056537102473498, 0.7986111111111112, 0.8987854251012146, 0.9761904761904762], "support": [118, 129, 120, 151, 129, 129], "confusion_matrix": [[96, 22, 0, 0, 0, 0], [0, 115, 14, 0, 0, 0], [0, 2, 114, 4, 0, 0], [0, 0, 35, 115, 1, 0], [0, 0, 0, 18, 111, 0], [0, 0, 0, 0, 6, 123]], "predictions": [2.648763641791182, 1.3228522889586416, 0.11554202388371948, 3.89313261225287, 1.4882675366464675, 3.7687088698315585, 2.508383352307825, 2.773301984873313, 2.3846069286028744, 3.031301543131751, 1.8154150006939598, 3.72406428592146, 3.036950046926345, 3.0694792884094606, 1.6569794168780838, 0.35777165754367557, 1.778680593193089, 2.8861844918168975, 2.968249326660834, 1.6441947674468314, 1.398896382367579, 0.5132136852469884, 0.7084570278010265, 1.730564102322465, 0.9197353241249591, 2.8356193649036765, 0.17663219552813914, 2.8013417452120675, 1.077937542317489, 2.5610127127440143, 1.7018641532281018, 2.2498094041376104, 1.3518136224291801, 2.9211270057322736, 1.1231895843891524, 1.7459363374352868, -0.0018805154301424487, 0.508941213932562, 0.19104412214579103, 1.7100021619996744, 3.818768085307873, 2.492403399826823, 1.104818657813296, 1.537513145129589, 0.5411311747952641, 2.1590790730235567, 2.4872392852728376, 3.9764878859397337, 0.1859900527048488, 0.09015598704969907, 1.0921990882557775, 0.4144656796631705, 2.4792501030037597, 1.4210854900077312, 3.0705288306805993, 4.0660543348552265, 2.0155665206000752, 2.3607001649358357, 2.830959138704516, 4.091528588783516, 2.7353258295518135, 0.22655616413205149, 3.172114753748892, 0.404011452424057, 2.6194715076239263, 2.2197756029670774, 2.001961074955628, 1.3084087443282681, 2.009837907914913, 2.9305199129651074, 1.7369099124741112, 0.11180763315569253, 0.3009980110156416, 2.796629079788582, 0.20719924988419347, 0.13806651555791216, 0.22297042272427436, 2.092261749788549, 3.7781308529271738, 3.8089660542602406, 1.8626465413638549, 1.731148198993521, 2.716499197849352, 2.174662810951182, 3.9477939513382565, 0.9274510150742441, 0.34307211212679567, 2.7984522099297653, 3.1860211454267113, 0.11359018559792533, 2.2456983300951032, 2.6622794038186903, 3.4696725601554306, 1.5544102530196575, 3.5283838486364463, 2.061194188939142, 1.3988030754451568, 0.6505407487629287, 2.8871160229341464, 1.180481977245631, 2.557081519949651, 1.1553289045207895, 1.202323791263395, -0.07122391417523266, 1.9236130954209762, 0.4571790012016499, 3.2454045710513393, 0.3016821110035415, 0.23456795223353089, 2.272121885969311, 0.524412603768599, 4.384732137482396, 1.2750995763979667, 0.14744643428835413, 0.05829478904242169, 2.4524530497065453, 0.37729515562466887, 3.107035764958825, 2.7165464397880363, 0.417514870051217, 0.19047977950832973, 4.449263906231145, 0.2472390331516392, 1.5452750923860676, 2.2467050702535083, 2.041645729071485, 2.4048491783257715, 0.3959088866900462, 1.9055939346733832, 1.5361013086284823, 0.6664242445696185, 2.258137769489828, 3.808848405724418, 1.6661320346988293, 0.05024812075931395, 2.3305326598617944, 1.7490889279348303, 0.41777251530037285, -0.106113070681646, 0.7357690481116297, 2.232188938088257, 3.651982689410178, 1.9956446122692706, 1.2630719202737086, 0.4211349376010096, 2.619055310038526, 0.17688182993631774, 2.5377209928927456, 2.2013930050267847, 2.762144625002242, 2.894320716620388, 3.174038925091697, 3.6800937244612637, 3.901716200311591, 0.37176242561642825, 0.1411278418325015, 1.0534689668777422, 3.6869273769715223, 1.4716268285791771, 0.19132712150876374, 2.163484447231395, 3.8161523975905265, 2.3279247286926665, 1.1740927537221082, 2.9283620531843897, 3.183234711549166, 2.4750704045013863, 2.5538878360436352, 2.0106687984609652, 1.0357132254063321, 2.0411215537026037, 2.3335081212838857, 3.0091642552622715, 2.7907283019089464, 1.7711715190037247, 0.08442819944102453, 1.17295608805668, 1.8382945196805374, 0.6071331069195793, 3.648838687698186, 3.6382705613393926, 2.6313171778277025, 2.6186277168836884, 0.46209348553399954, 2.7607693900321197, 1.5647928742930493, 2.533053718102825, 1.8135929294763002, 2.5836933680359992, 3.4045593701817767, 4.431667765247077, 2.47852729570522, 1.7418996303730663, 1.179590684924047, 1.7592858662402908, 3.051698122897382, 3.482570397707521, 4.194353929230241, 2.549563615178444, 1.6412058671485683, 1.285214466883277, 1.167200437633376, 2.187733273914353, 2.3995603823339593, 3.1063640040611005, 0.389560974932587, 1.387439985740817, 1.775666084907842, 2.2054891685504323, 0.6857860789733341, 2.967120472451485, 1.9669475481329295, 3.110600566551901, 3.8286896515397357, 1.7942374909905034, 1.6612263419057522, 1.4824128879237746, 2.3406344531101975, 1.787444396477646, 1.2515141397197194, 2.8497658691071126, 1.62010801120223, 0.34571392736841267, 1.5120992204941672, 3.084485188430922, 2.8609213341497988, 2.7214573193835596, 1.6637744944819697, 1.7408061898661313, 3.3417286658004626, 1.547407986800986, 2.9438700894248933, 2.3126643569564673, 3.8355988964610166, 1.6146711133319043, 2.9186119006133087, 2.088370193763107, 2.8252307143746234, 2.2590589170046793, 3.8727342514120924, 1.6382565624573653, 2.18736012623222, 2.468548121877173, 2.525308389912219, 2.8255659244410802, 1.1422536348534948, 2.318647520691263, 0.8351435226582473, 0.582402177249826, 0.24272493918522198, 0.28256455404664127, 3.8142326085848026, 1.2411632515656061, 1.07729907488875, 0.4296249173431912, 2.644779361715053, 0.6225332645155692, 2.748076343876822, 2.5099950187380937, 1.8683570214058247, 0.96080285704143, 0.8494561935181106, 1.7285382412240102, 2.179496643553639, 2.226215602087364, 1.1910921684810223, 1.6754795232765765, 2.5255380583637366, 2.160969966101203, 0.5508484225504762, 1.8755296998730064, 0.6134990969445964, 0.16645249086610736, 3.2881482225661633, 2.4783330758347795, 3.4018466442015796, 2.306048094113831, 2.5254986651844393, 1.7528688572524973, 1.67143437703862, 2.610170850095884, 2.9836163993961957, 0.225894386454641, 1.3818404454443471, 0.8817699148329032, 2.5674812607680098, 1.4188912740001125, 3.8740778865678105, 1.738267181313174, 0.09055235924098382, 1.2760841106946335, 0.8542801244866727, 1.7021690629293897, 1.2400961552765482, 2.1726699825150844, 0.09389396280091811, 1.2916540475455827, 0.6578476167897029, 2.630778445070572, 2.436671866495381, 1.2144170784902177, 2.5998525898979308, 0.3239064808215666, 1.5547950039508716, 2.824853998791289, 2.260321236866868, 3.16012769840755, 2.2403067838387845, 3.51318689427763, 1.1098148512810286, 2.1698781022154074, 1.8043262299894953, 1.521604674279019, 0.3551327853339119, 0.3829933247926056, 0.4138979918262691, 1.134175767282649, 3.725060123767723, 3.4425900676131156, 2.124194565855671, 2.737329302148455, 2.1258989558761714, 0.2672175047960712, 3.098895958846522, 0.199662732875189, 0.30661831636579473, 2.318601991708068, 4.006504839385823, 1.0885610398678196, 1.715309793463523, 1.4146268760935916, 3.4181545483007794, 2.591656907533905, 2.4248503641320367, 0.13352564119526988, 0.7525542865935653, 0.3159047895139886, 1.9777849415682913, 2.664747308750049, 1.1352589144911027, 2.0011921452328623, 3.617242622414311, 3.1402113784665753, 2.105910860095351, 2.8933649905191747, 2.8190853050761664, 2.6978775336162335, 0.38472182475163086, 0.2303859045848009, 0.5246782579713227, 0.11587931688030473, 4.6322852430869546, 1.5246326890203972, 2.5397905666503875, 3.1015258883469508, 2.6800361488494193, 2.135456536248749, 2.3927866418822274, 1.0195874376142935, 0.3561845577007312, 3.238959508608131, 0.4231261747240245, 0.4032737466244125, 