{"model": "catboost_minilm_features-extract_places", "type": "train", "seed": 40, "train_losses": [], "val_losses": [], "time_start": "2026-03-01T16:54:33.702231", "mse": 0.11244524813518793, "accuracy": 0.875, "corr": 0.9814689494348974, "precision": [0.9895833333333334, 0.8156028368794326, 0.710691823899371, 0.8602941176470589, 0.957983193277311, 1.0], "recall": [0.8050847457627118, 0.8914728682170543, 0.9416666666666667, 0.7748344370860927, 0.8837209302325582, 0.9689922480620154], "f1": [0.8878504672897196, 0.8518518518518519, 0.8100358422939068, 0.8153310104529616, 0.9193548387096774, 0.984251968503937], "support": [118, 129, 120, 151, 129, 129], "confusion_matrix": [[95, 23, 0, 0, 0, 0], [1, 115, 13, 0, 0, 0], [0, 3, 113, 4, 0, 0], [0, 0, 33, 117, 1, 0], [0, 0, 0, 15, 114, 0], [0, 0, 0, 0, 4, 125]], "predictions": [2.7039978083512652, 1.3322566313106783, 0.2236496413174467, 3.865458754098474, 1.47210667228208, 3.705320609256117, 2.500825669758749, 2.675697048925408, 2.3513897194000233, 2.877938085199414, 1.8230890056196594, 3.8042468336101374, 2.9868603951854458, 2.9934962704821406, 1.5979321809463518, 0.3500608590968759, 1.844238648849387, 2.852525021572201, 2.9064558367899918, 1.7933919073655025, 1.3623582531148113, 0.5545457935039324, 0.6902804315024871, 1.7602003221668574, 1.09032756177502, 2.8810013580478664, 0.21865147206257474, 2.721111051209067, 1.0571986227316, 2.623628108637886, 1.8009738734024028, 2.31014091350862, 1.3230559613772372, 2.913308899742896, 1.071993699415164, 1.79753687983403, 0.04070601167235521, 0.40874502541452795, 0.19130269821861523, 1.77514281498743, 3.71100209729354, 2.6161938492973964, 1.055043409380078, 1.5616632939978454, 0.4442418441185909, 2.065282441606864, 2.5028316483413917, 3.890039848436974, 0.19690442682438114, 0.18102012019727276, 0.9963472215131146, 0.41140029622503294, 2.509696542739273, 1.4104730054916896, 2.9860000432489184, 3.911909862987285, 2.0991149300303396, 2.2811854651681918, 2.7737327514282293, 4.187379744324137, 2.7053191505347556, 0.2275064389785202, 3.1940506036047203, 0.41100344477289896, 2.5631906564240188, 2.3364841270402104, 2.0092395104527685, 1.2756784792986593, 1.8614001847132515, 2.99366696583557, 1.7947258516863807, 0.0525872390984814, 0.278314291484536, 2.719081177548245, 0.2379635325235281, 0.19668945300537377, 0.25688089685658877, 2.1382943556279814, 3.726603177791451, 3.8142825777450438, 1.8266487652966417, 1.7996642163567422, 2.6679739029827183, 2.1587628968026045, 3.970678381892025, 0.9145240623473418, 0.2774303812772212, 3.0029863528011744, 3.173521816420257, 0.13374060821922384, 2.2053065507922147, 2.6022992861283845, 3.4551545072399943, 1.5489209203659358, 3.5504225616669967, 2.1485666873956193, 1.3741003940562677, 0.5716799406723017, 2.829638815855201, 1.2590368622119885, 2.583144956270845, 1.1384810657653093, 1.1712474490550606, 0.054394429823581, 1.8610967305046695, 0.5227793554627962, 3.2680382892772992, 0.3579167413766071, 0.2559966719646267, 2.343873213410544, 0.585684268822164, 4.37920578389214, 1.2468489367562163, 0.14725126376222208, 0.051377809896985926, 2.4554671593805164, 0.30938573362038024, 3.1837615011004936, 2.7488419700978883, 0.4837449580692721, 0.24778349136987243, 4.412590841279548, 0.3013331377357775, 1.4991964092057548, 2.327867654314336, 2.0955870733373128, 2.4594300144515118, 0.28335415843883904, 2.0174503266368577, 1.7163658045479777, 0.5760344325209479, 2.3974686105136973, 3.7530929353205362, 1.7357666339004696, -0.03203868486881278, 2.2947005418423223, 1.753397231193289, 0.4063217387203699, -0.12254018997058447, 0.8115478474166598, 2.37566808690203, 3.6491517213609663, 2.052822411405465, 1.3470150626149513, 0.5313720411843244, 2.6327526456675203, 0.17774193329391919, 2.5318608707748647, 2.1991281375703613, 2.930642825555221, 3.0062592061865674, 3.169504270507887, 3.6217066473037773, 3.848902859477432, 0.22667444475976684, 0.10959753941437222, 1.0647041776566786, 3.5822348389145917, 1.5947354287576272, 0.14033630089175952, 2.1871216256046773, 3.848114088624663, 2.402761809787224, 1.171580329625959, 3.056480384916834, 3.0925415030911227, 2.528352289835382, 2.5706717141421476, 1.9555469531712855, 0.9540824079178949, 1.9902639936452569, 2.4041502130440118, 2.9612775307368766, 2.810835576261607, 1.791623944994295, 0.07524820251084963, 1.1622167327118575, 1.8627627105328375, 0.7083906083627407, 3.627706536159252, 3.6948509869810593, 2.71067878089135, 2.587885289589713, 0.4293147163269624, 2.6923373559781942, 1.668611670749382, 2.4497050390576445, 1.8780803388026932, 2.5931565880514964, 3.3392386696358316, 4.408577987732148, 2.362381463280344, 1.6263530768855916, 1.2253587439315836, 1.753153853383925, 3.063681984197814, 3.547374255607558, 3.955283568647203, 2.6317548466720555, 1.6482143100417037, 1.3400896700855667, 1.1470134097966596, 2.3223629318492476, 2.337195723879879, 3.1958959416408743, 0.33773785837401915, 1.371418516295918, 1.724310179143096, 2.1894078096012217, 0.7010687172236361, 3.101437871554933, 1.995801481979402, 3.165347535294914, 3.9191637666799775, 1.7794124028402698, 1.6535549339020224, 1.4598382348983916, 2.531388063769877, 1.8004286706445916, 1.3359036816249743, 2.9545438965414474, 1.6508092536986267, 0.4753009488772033, 1.6120045532000495, 3.0845964862367543, 2.861702848306822, 2.75542913935313, 1.7345377040968217, 1.8105372745906618, 3.3653581639453134, 1.5689201144622236, 2.9841197860912034, 2.389803110483262, 3.769511217141546, 1.6183728941497864, 2.885205335273144, 2.030055093834003, 2.8607924855475306, 2.254340518970688, 3.8225029569876674, 1.5809194813372975, 2.3119550369995534, 2.41963215229763, 2.6098962061162676, 2.6058557901580097, 1.1437928922607739, 2.3754969236331376, 0.8150308292389601, 0.49315816443326055, 0.3264930315896577, 0.25738603808064964, 3.7263027972659213, 1.3050324628671341, 1.1296887994928682, 0.4487009254479828, 2.6108373740014534, 0.6779345923379787, 2.765695174850747, 2.4348748070258135, 1.7986408077223666, 0.8974367069898448, 0.859820882357667, 1.6950086059688245, 2.0228344301189267, 2.187484877562005, 1.1615496673307857, 1.6553555404225548, 2.620006728139155, 2.1360463927379922, 0.5572722589725414, 1.8672730331549952, 0.6826899866541278, 0.07274525019143319, 3.2237961202045593, 2.5842291191434517, 3.4995850453455937, 2.406842369266799, 2.512782038503192, 1.8009537903276636, 1.6692748446398076, 2.7566367931543847, 2.896579170881549, 0.2405294283218553, 1.4823900140618775, 0.8644378663826542, 2.4951740441548673, 1.3503442173411144, 3.768075557790943, 1.6913473225295537, 0.07336525052144838, 1.2381797400365793, 0.8323763249772571, 1.8544687203629575, 1.2237949397057117, 2.0620491979258424, 0.1092034499778336, 1.2403567103226927, 0.6110662160347784, 2.7869077643322995, 2.508769050172039, 1.2683992799422354, 2.6201787988192233, 0.4091297244039125, 1.5900377167994468, 2.8055372654471538, 2.2505029385688706, 3.0246221405332787, 2.20869901748759, 3.527228962797383, 1.1545230907030826, 2.1956146931722715, 1.7885062841469375, 1.5358396140793873, 0.4047350105590173, 0.3526981483509908, 0.4460816230385687, 1.09051194979694, 3.8302489368248747, 3.400965416419533, 1.9142489880475724, 2.581280244701647, 2.0545745375425857, 0.20700230690258303, 3.2412505038709263, 0.17800904983080068, 0.5131931373085956, 2.3780384827196763, 3.9489175006270347, 1.0891547316608416, 1.729607606480211, 1.4200216992943113, 3.5053661006985632, 2.5138548672911156, 2.3427777859047554, 0.17917009488929114, 0.692432306781021, 0.2690728034461096, 1.8456616302859916, 2.5976665186721974, 1.159176178863922, 1.9887597682815623, 3.5738680996232066, 3.2767427186608806, 1.9667782528034197, 2.976027667517167, 2.8338751531717215, 2.55947631730339, 0.4160540272071418, 0.1933270482366769, 0.508453967789519, 0.2032353706569645, 4.600878185066593, 1.5441047588040904, 2.420586954959586, 3.0693363330833825, 2.5778283572315694, 2.152118212897821, 2.5125871266364737, 1.1113340202154176, 0.394654486187036, 3.3944892360452283, 0.41036449355144144, 