{"model": "catboost_minilm_features-extract_dependency_tree_relations", "type": "train", "seed": 42, "train_losses": [], "val_losses": [], "time_start": "2026-03-01T16:12:31.262890", "mse": 0.11524517103138657, "accuracy": 0.8672680412371134, "corr": 0.9809466629913364, "precision": [1.0, 0.823943661971831, 0.6975308641975309, 0.8235294117647058, 0.956140350877193, 1.0], "recall": [0.8135593220338984, 0.9069767441860465, 0.9416666666666667, 0.7417218543046358, 0.8449612403100775, 0.9767441860465116], "f1": [0.897196261682243, 0.8634686346863468, 0.8014184397163121, 0.7804878048780488, 0.897119341563786, 0.9882352941176471], "support": [118, 129, 120, 151, 129, 129], "confusion_matrix": [[96, 22, 0, 0, 0, 0], [0, 117, 12, 0, 0, 0], [0, 3, 113, 4, 0, 0], [0, 0, 37, 112, 2, 0], [0, 0, 0, 20, 109, 0], [0, 0, 0, 0, 3, 126]], "predictions": [2.7185742126106556, 1.469655754659573, 0.19849164319330104, 3.8550198746682955, 1.3557431017242279, 3.817861331743395, 2.490779283656654, 2.6936184243726844, 2.277206748568422, 2.9901148251685106, 1.8471443392456748, 3.8928898127250666, 3.09917039123485, 3.0614976000928475, 1.5239305956046545, 0.44943621165382996, 1.7666805546329738, 3.0237747629721485, 3.1365055814808604, 1.7257090942304445, 1.4239795834496238, 0.6089040609490792, 0.6803807409167155, 1.7297848893063583, 1.2296615930112118, 2.929198456144338, 0.28351618931941314, 2.8772408897856336, 1.1963537734572072, 2.5992970590264317, 1.713435172124618, 2.297652172048401, 1.2203676856800225, 2.91335138355906, 1.135340900547283, 1.7106928204931138, 0.1367191777030623, 0.3912306103865433, 0.11310269795088423, 1.6803123792975294, 3.8291515791518176, 2.5695002593715066, 1.077583036456517, 1.6285373565025067, 0.4600148224925147, 2.1751038995135366, 2.386215976748803, 3.8948753036177304, 0.18599500440664452, 0.1677164846589485, 1.05205995522951, 0.49727103369143455, 2.3149384000252766, 1.4362667884901772, 2.9596106850566883, 4.109365444631001, 2.0630454442066797, 2.2856691235684865, 2.8217178691987455, 4.108108474416465, 2.846461754923454, 0.14042709668050124, 3.213917156586847, 0.37513209601469644, 2.7404108296152456, 2.2906287679806097, 1.9468470856509033, 1.2430751915457041, 1.8360282887533241, 3.005220647134711, 1.946640199258932, 0.15687524016765675, 0.27580923337918994, 2.7966138795656206, 0.2590850457428875, 0.06975240292727358, 0.11675332725897736, 2.078276292438043, 3.795397949406648, 3.629228512784885, 1.8362668599437382, 1.7052742179183684, 2.789966744796637, 2.1041602836104527, 4.005631091789716, 0.9549846573187704, 0.3942402020789957, 2.8498259934576096, 3.11535969519866, 0.07676880166303368, 2.273906956208386, 2.6713683397947854, 3.418950904782112, 1.5304381409327932, 3.555181717667317, 2.196854344277197, 1.4709386733966272, 0.5609657754949959, 2.8624884883758654, 1.1418939030302124, 2.6042522256412886, 1.114042388720525, 1.1843724356898915, 0.04763777091948462, 1.8800453223966525, 0.5671046369453521, 3.25028626788393, 0.38744318994561233, 0.34061080949244316, 2.232446219572438, 0.6318913692260448, 4.2906338639983925, 1.2381520394162209, 0.27744545886114835, -0.027214461670104217, 2.36688183336191, 0.3503078949272074, 3.092089120326099, 2.6764515443467705, 0.3482285031921286, 0.327593429412115, 4.525275355349803, 0.3153015125163492, 1.4403449314960466, 2.386379144980675, 1.9420923379823258, 2.4897861341295826, 0.3771383204705665, 1.8377536070918057, 1.6419203622272112, 0.6564393710499243, 2.3468969636713277, 3.7650039029405855, 1.69122424075762, 0.1097761845027323, 2.2823916180070323, 1.6575524889758797, 0.39029350012991726, -0.11698952755434533, 0.8626383404177564, 2.323505599611857, 3.678751865696022, 2.0108740562755343, 1.2481542208438878, 0.4504758797919264, 2.7704382459338865, 0.20112315142607562, 2.462233543536132, 2.0976457388708676, 2.9017734082160835, 2.865272327247687, 3.243375731886052, 3.608781570373359, 3.95468287458407, 0.22420992278090912, 0.1624688430761263, 0.909346210992861, 3.736425615334416, 1.5343343677852275, 0.14824083678138456, 2.1050740082606456, 3.8763447033929928, 2.2476464225510857, 1.2261011226199572, 3.0631905032769935, 3.2396167083065674, 2.5682075271951623, 2.568095178360562, 1.7933437764210758, 0.9599382136749459, 2.0716225022898156, 2.315761583460962, 3.0815990771609427, 2.7900490660206065, 1.8287575543917527, 0.06409479060062084, 1.1556488776315563, 1.7324420573035844, 0.6386389767986302, 3.6336903852083786, 3.586690897581673, 2.6053283809968883, 2.5996908950336026, 0.4421902906809172, 2.689304745725175, 1.6396768157680661, 2.512451650916385, 1.8695564270729772, 2.6631213593412086, 3.46100942784355, 4.502228953490749, 2.550081258703793, 1.7637071412681815, 1.1948114887862828, 1.8131221262106356, 3.096197843383593, 3.4481415193592526, 4.078398216383071, 2.6118751880410898, 1.704868684170147, 1.3022375064723752, 1.1444987825947246, 2.1311031500304716, 2.2597950874047434, 3.2662411223293173, 0.36055229288707835, 1.3920893133323589, 1.666871766272946, 2.069738351944005, 0.6327801005240905, 3.052772816729609, 2.099901636528025, 2.9998134660232973, 3.9053904578141507, 1.65341883220246, 1.6973592094229721, 1.4098994328091552, 2.407265671547333, 1.7963565803039396, 1.2158116680981723, 2.8298882273635955, 1.6532440573656744, 0.5289303105264944, 1.3898257236051768, 3.077406866385914, 2.941233377603809, 2.78499174588781, 1.5006181459487316, 1.7923156749756783, 3.205555258541338, 1.4768733468290287, 2.951674327542961, 2.4047485638893082, 3.8201683511938045, 1.5579418849914415, 2.929649025927576, 2.0041116654959756, 2.8512264698436964, 2.092228335727685, 3.826433717825182, 1.6339304014196836, 2.2468959687813603, 2.3155172570350113, 2.6064845361029767, 2.860439760794477, 1.1494843315402912, 2.34475346141304, 0.7781694046724725, 0.40660956000229875, 0.20217372432164638, 0.3890605104932887, 3.8705477786964666, 1.3981133769758451, 1.1668197509713958, 0.423992513744579, 2.702469042539918, 0.6162787399036436, 2.6917500099459835, 2.476049374625235, 1.8568359436024386, 0.8517356089163763, 0.7362008993311853, 1.7553706583515996, 2.1829486054111693, 2.2570298759547818, 1.184379224282078, 1.592358005316229, 2.516579097411083, 2.1299528873572235, 0.5158893674728191, 1.8883405161823992, 0.5653369169393214, 0.12172703093397574, 3.3184200395633168, 2.4993825385741313, 3.4115004550070003, 2.1042180027907054, 2.6679118345335784, 1.7498967453461503, 1.6499782221694606, 2.648881037097618, 2.859772792022485, 0.24595947045500033, 1.5023199463179884, 1.0639573529280086, 2.404714404092198, 1.3342510204496179, 3.762278765952133, 1.717423006528025, 0.1276077631584518, 1.3123673873010875, 0.7416405836823818, 1.855207572902495, 1.1714737110989284, 2.049093104410598, -0.1018440012127213, 1.2395438399438763, 0.6680040731262544, 2.6308965103036366, 2.479444266492138, 1.2564326646242785, 2.6781165392888977, 0.4150982323775625, 1.6401483573277507, 2.7731109796603812, 2.3873853286228783, 2.9584136003891457, 2.289994301705299, 3.580484953751434, 1.1806280710180128, 2.3194153101280466, 1.7301922553695888, 1.4902447794883062, 0.4068592663425963, 0.4789225241513506, 0.41945487856066954, 1.1965530019075992, 3.7214738552575772, 3.3555149785974736, 2.0863417866932834, 2.7343905388550014, 2.0547760184143047, 0.4225671044078365, 3.2153118282277977, 0.21931494364182447, 0.37223951837064817, 2.2774965604066946, 3.988644352501683, 0.910709462775269, 1.6991562321055098, 1.3817549928205477, 3.420565399792297, 2.5139678044246763, 2.2386202670851443, 0.2409369870621494, 0.7517345113997975, 0.2810878637061265, 1.8906593022627742, 2.6250104072052682, 1.2708786645023749, 1.8776124701223895, 3.6686126225458855, 3.291507516477618, 2.164631046048945, 2.9926313640171447, 2.758706802694841, 2.7442442566407093, 0.36862554034525585, 0.20707855466996072, 0.47295917496686934, 0.12178429831045667, 4.760716421275113, 1.5605507506419607, 2.6141080760325512, 3.0050311452621816, 2.760281653355239, 2.120146388334046, 2.3481079919143104, 0.9336404775668152, 0.4603777216328626, 3.3526054909151464, 