{"model": "catboost_minilm_features-extract_articles", "type": "test", "seed": 41, "time_start": "2026-03-01T15:42:09.516279", "mse": 0.9995286728371292, "accuracy": 0.37610619469026546, "corr": 0.6790712499776588, "precision": [0.7, 0.2653061224489796, 0.3177570093457944, 0.5106382978723404, 0.5384615384615384, 0.0], "recall": [0.13725490196078433, 0.3939393939393939, 0.6666666666666666, 0.36923076923076925, 0.2916666666666667, 0.0], "f1": [0.22950819672131148, 0.3170731707317073, 0.43037974683544306, 0.42857142857142855, 0.3783783783783784, 0.0], "support": [51, 33, 51, 65, 24, 2], "confusion_matrix": [[7, 26, 17, 1, 0, 0], [1, 13, 17, 2, 0, 0], [2, 7, 34, 7, 1, 0], [0, 3, 33, 24, 5, 0], [0, 0, 6, 11, 7, 0], [0, 0, 0, 2, 0, 0]], "predictions": [1.2257189750671387, 1.1015965938568115, 2.828312873840332, 1.427618145942688, 0.809228777885437, 1.7012964487075806, 2.9987545013427734, 1.9565587043762207, 1.151477575302124, 2.386650323867798, 2.973205327987671, 2.2197060585021973, 3.5356521606445312, 2.0308847427368164, 1.6999512910842896, 1.751104712486267, 3.761009693145752, 0.8228411674499512, 1.555980920791626, 3.5326554775238037, 3.8759098052978516, 0.2269752025604248, 2.934511661529541, 1.6586055755615234, 1.5461280345916748, 2.7122621536254883, 2.225213050842285, 2.1663012504577637, 2.6984641551971436, 2.376004457473755, 3.2594289779663086, 1.215375542640686, 2.1371266841888428, 1.2306996583938599, 2.9772534370422363, 2.435393810272217, 1.4581259489059448, 2.0657529830932617, 3.129815101623535, 0.6764333248138428, 1.4968098402023315, 2.3089706897735596, 0.9597071409225464, 1.9215569496154785, 3.238326072692871, 3.0373473167419434, 1.2500196695327759, 2.667041540145874, 2.002814769744873, 0.27605462074279785, 2.459091901779175, 2.1639790534973145, 3.247727394104004, 1.722051978111267, 3.3790767192840576, 0.4923841953277588, 2.9742648601531982, 1.9472217559814453, 3.6415140628814697, 1.7000641822814941, 1.8872804641723633, 2.2112720012664795, 2.7431800365448, 2.0545239448547363, 1.564658761024475, 2.355661392211914, 1.8975958824157715, 1.7518389225006104, 1.236910343170166, 2.3479037284851074, 1.9101877212524414, 2.4394421577453613, 1.2234773635864258, 0.1515645980834961, 1.0283743143081665, 1.915161371231079, 1.4364713430404663, 1.825883388519287, 1.639092206954956, 0.2205495834350586, 1.7340641021728516, 1.9860435724258423, 2.392157554626465, 3.0285136699676514, 0.8227535486221313, 2.0325465202331543, 0.33400607109069824, 2.6706483364105225, 1.5572031736373901, 1.6405014991760254, 3.043738842010498, 2.901092052459717, 2.7034568786621094, 1.0091482400894165, 2.3738653659820557, 0.47293758392333984, 1.661999225616455, 1.8262256383895874, 1.0009995698928833, 1.9934380054473877, 2.602372884750366, 0.32988834381103516, 2.4659337997436523, 2.2761659622192383, 0.6127523183822632, 2.054837226867676, 2.169428586959839, 1.4670588970184326, 3.388590097427368, 1.5048035383224487, 2.34855318069458, 1.8026502132415771, 2.5741069316864014, 2.9337449073791504, 1.9727835655212402, 1.0005736351013184, 3.1816678047180176, 2.7152295112609863, 2.7112643718719482, 2.659487247467041, 3.276233673095703, 1.4677292108535767, 0.31833720207214355, 2.227814197540283, 3.038426399230957, 2.691547155380249, 1.7907435894012451, 1.3494048118591309, 1.5687345266342163, 2.2533864974975586, 2.0861763954162598, 3.695692539215088, 1.582792043685913, 1.5310389995574951, 3.1775131225585938, 3.9086694717407227, 2.395986318588257, 2.8757476806640625, 1.2289265394210815, 2.2609901428222656, 0.9578739404678345, 1.5900852680206299, 2.131067991256714, 1.5900852680206299, 2.052335262298584, 2.923149824142456, 2.9499459266662598, 0.6196529865264893, 3.6128218173980713, 1.3645219802856445, 3.2885639667510986, 1.0518920421600342, 1.1946461200714111, 0.7669814825057983, 1.1850887537002563, 3.2913730144500732, 1.1073956489562988, 0.7931035757064819, 2.096266269683838, 2.5988290309906006, 2.8931500911712646, 3.1030471324920654, 2.8822553157806396, 1.0839701890945435, 2.5478668212890625, 1.4569836854934692, 1.5430538654327393, 1.5145901441574097, 2.269261121749878, 1.9690016508102417, 2.149590253829956, 1.7582337856292725, 1.9249892234802246, 1.5173916816711426, 2.0230703353881836, 2.5758161544799805, 1.3882979154586792, 0.9743033647537231, 0.9581266641616821, 3.2753419876098633, 1.8016228675842285, 1.6163222789764404, 0.9723114967346191, 2.2078933715820312, 3.8557052612304688, 2.1021132469177246, 2.2085459232330322, 0.7516371011734009, 4.028980731964111, 1.5904293060302734, 2.1502699851989746, 0.7487024068832397, 2.005326986312866, 2.4767768383026123, 1.4704830646514893, 2.3119490146636963, 1.6595903635025024, 0.509419322013855, 2.2982285022735596, 0.9735065698623657, 1.7688438892364502, 1.7523374557495117, 2.237394332885742, 2.131613254547119, 1.4071186780929565, 1.5675723552703857, 3.6769633293151855, 2.127737522125244, 3.719719409942627, 2.037437915802002, 1.2625634670257568, 1.6668915748596191, 1.533747911453247, 1.7255322933197021, 1.9154260158538818, 1.0697678327560425, 2.6926608085632324, 2.3820457458496094, -0.08980154991149902, 1.8483859300613403, 1.6256258487701416, 3.8660244941711426, 2.099064826965332, 2.355443239212036, 2.048619270324707, 3.24051570892334], "params": {"iterations": 1510, "learning_rate": 0.014286, "depth": 3, "l2_leaf_reg": 3.4047e-06, "bagging_temperature": 2.5656, "random_strength": 4.1266, "border_count": 207}, "time_end": "2026-03-01T15:42:09.611121"}