{"model": "catboost_minilm_features-extract_numeric_word_ratio", "type": "test", "seed": 42, "time_start": "2026-03-01T15:20:10.926782", "mse": 0.956540650849851, "accuracy": 0.38495575221238937, "corr": 0.6964736454262614, "precision": [0.7142857142857143, 0.29310344827586204, 0.3431372549019608, 0.5, 0.5454545454545454, 0.0], "recall": [0.09803921568627451, 0.5151515151515151, 0.6862745098039216, 0.36923076923076925, 0.25, 0.0], "f1": [0.1724137931034483, 0.37362637362637363, 0.45751633986928103, 0.4247787610619469, 0.34285714285714286, 0.0], "support": [51, 33, 51, 65, 24, 2], "confusion_matrix": [[5, 30, 16, 0, 0, 0], [1, 17, 13, 2, 0, 0], [1, 8, 35, 6, 1, 0], [0, 3, 34, 24, 4, 0], [0, 0, 4, 14, 6, 0], [0, 0, 0, 2, 0, 0]], "predictions": [1.1775507926940918, 1.2459216117858887, 2.6227657794952393, 1.1957781314849854, 0.8381249904632568, 1.4829612970352173, 3.059919595718384, 1.8274781703948975, 1.139847755432129, 2.349360942840576, 3.116039276123047, 2.1933646202087402, 3.31779146194458, 2.085366725921631, 1.73829185962677, 1.7399470806121826, 3.7810840606689453, 1.014155387878418, 1.518674373626709, 3.4787964820861816, 3.786412239074707, 0.0003173351287841797, 3.177222728729248, 1.73344087600708, 1.5065901279449463, 2.8543248176574707, 2.26621413230896, 2.028949737548828, 2.480917453765869, 2.509012222290039, 3.229635000228882, 1.220420241355896, 2.0734965801239014, 1.0331820249557495, 3.045984983444214, 2.486985683441162, 1.2683156728744507, 2.0102179050445557, 3.1895501613616943, 0.719836950302124, 1.1872296333312988, 2.227389335632324, 0.8748655319213867, 1.9672220945358276, 3.2088944911956787, 3.0798556804656982, 1.3756459951400757, 2.4613490104675293, 1.9565918445587158, 0.5311998128890991, 2.4642300605773926, 2.019336700439453, 3.240342378616333, 1.7644942998886108, 3.3340206146240234, 0.5928497314453125, 3.053858757019043, 1.788151741027832, 3.57472562789917, 1.528175711631775, 1.6751317977905273, 2.142829179763794, 2.632983684539795, 1.9616351127624512, 1.5680583715438843, 2.4227006435394287, 1.9434199333190918, 1.6116414070129395, 0.8878902196884155, 2.3303375244140625, 1.6297626495361328, 2.5013206005096436, 1.1946358680725098, 0.29781651496887207, 1.0219876766204834, 2.0428061485290527, 1.450850486755371, 1.8984181880950928, 1.591149091720581, 0.20681476593017578, 1.6850321292877197, 2.027461528778076, 2.2587008476257324, 3.2836437225341797, 0.8240965604782104, 1.9793494939804077, 0.33660340309143066, 2.6620125770568848, 1.4440733194351196, 1.8648948669433594, 2.953329086303711, 2.9532294273376465, 2.5942344665527344, 1.0452600717544556, 2.261141538619995, 0.5746431350708008, 1.5374258756637573, 1.8758445978164673, 1.233066201210022, 1.9783082008361816, 2.6507859230041504, 0.17477726936340332, 2.522395372390747, 2.2040507793426514, 0.5217516422271729, 1.9805536270141602, 2.2197558879852295, 1.2532496452331543, 3.4399962425231934, 1.72700834274292, 2.6996917724609375, 1.746740698814392, 2.712498426437378, 2.900573253631592, 1.852725863456726, 0.9358969926834106, 3.214301109313965, 2.459805727005005, 2.7313520908355713, 2.654980182647705, 3.3389973640441895, 1.537359356880188, 0.1581888198852539, 2.051515817642212, 3.0114829540252686, 2.399690628051758, 1.951338529586792, 1.0878013372421265, 1.5387556552886963, 2.114849090576172, 2.2499234676361084, 3.7555341720581055, 1.4867953062057495, 1.7067204713821411, 3.0986595153808594, 3.815526008605957, 2.392385721206665, 2.973513126373291, 1.2514814138412476, 2.2183966636657715, 0.9655189514160156, 1.6083390712738037, 2.1928834915161133, 1.7255091667175293, 2.125962018966675, 2.8683979511260986, 2.979959487915039, 0.5487885475158691, 3.6804239749908447, 1.3237332105636597, 3.288201332092285, 1.2383567094802856, 1.1452574729919434, 1.0348988771438599, 1.0545015335083008, 3.2162322998046875, 1.288815975189209, 0.6688348054885864, 1.965173602104187, 2.482640504837036, 2.8395755290985107, 3.121767044067383, 2.8192367553710938, 0.9873518943786621, 2.423699140548706, 1.5913889408111572, 1.4314765930175781, 1.4468210935592651, 2.2399260997772217, 2.1549201011657715, 2.1003684997558594, 1.7824413776397705, 1.9139469861984253, 1.646841287612915, 2.0039713382720947, 2.621445417404175, 1.3881855010986328, 1.0421648025512695, 0.9303563833236694, 3.3739981651306152, 1.7716331481933594, 1.5947716236114502, 0.9740756750106812, 2.239527940750122, 4.014654636383057, 2.1484484672546387, 2.2280287742614746, 0.6701163053512573, 4.0723185539245605, 1.8281207084655762, 1.974463939666748, 0.7995326519012451, 1.960073471069336, 2.3873584270477295, 1.3728396892547607, 2.3939208984375, 1.9075641632080078, 0.5060540437698364, 2.483793258666992, 1.0104526281356812, 1.8055360317230225, 1.7830307483673096, 1.9565889835357666, 2.2889134883880615, 1.3103405237197876, 1.4363561868667603, 3.619842529296875, 2.1284303665161133, 3.813394546508789, 2.0078179836273193, 1.431052327156067, 1.589889407157898, 1.3659732341766357, 1.967336654663086, 1.7829408645629883, 1.094606637954712, 2.5408589839935303, 2.5151710510253906, 0.06394338607788086, 1.9537403583526611, 1.3701437711715698, 3.7486162185668945, 2.0902137756347656, 2.4302799701690674, 1.9635393619537354, 3.2870419025421143], "params": {"iterations": 1510, "learning_rate": 0.014286, "depth": 3, "l2_leaf_reg": 3.4047e-06, "bagging_temperature": 2.5656, "random_strength": 4.1266, "border_count": 207}, "time_end": "2026-03-01T15:20:11.027950"}