{"model": "catboost_minilm_features-extract_word_concreteness_avg", "type": "test", "seed": 41, "time_start": "2026-03-01T16:45:18.350512", "mse": 0.9812677356778537, "accuracy": 0.3672566371681416, "corr": 0.6863608971517543, "precision": [0.5555555555555556, 0.2545454545454545, 0.3238095238095238, 0.5, 0.6153846153846154, 0.0], "recall": [0.09803921568627451, 0.42424242424242425, 0.6666666666666666, 0.3384615384615385, 0.3333333333333333, 0.0], "f1": [0.16666666666666666, 0.3181818181818182, 0.4358974358974359, 0.4036697247706422, 0.43243243243243246, 0.0], "support": [51, 33, 51, 65, 24, 2], "confusion_matrix": [[5, 28, 18, 0, 0, 0], [2, 14, 14, 3, 0, 0], [2, 8, 34, 7, 0, 0], [0, 5, 34, 22, 4, 0], [0, 0, 5, 11, 8, 0], [0, 0, 0, 1, 1, 0]], "predictions": [1.388746976852417, 1.338969349861145, 2.5951647758483887, 1.3525809049606323, 0.8490815162658691, 1.774763822555542, 3.011972427368164, 1.390853762626648, 1.287906289100647, 2.41943359375, 2.8398942947387695, 2.16080904006958, 3.4455559253692627, 1.79603910446167, 1.7404537200927734, 1.847873330116272, 3.843064785003662, 1.0295757055282593, 1.7870752811431885, 3.5770373344421387, 3.7306926250457764, 0.3628377914428711, 2.939232349395752, 1.5529441833496094, 1.4529657363891602, 2.863809823989868, 2.2870166301727295, 1.937096357345581, 2.416788339614868, 2.342167854309082, 3.359529972076416, 0.9844323396682739, 1.8776099681854248, 1.1338951587677002, 2.8925793170928955, 2.5849556922912598, 1.522320032119751, 2.0018937587738037, 3.049412488937378, 0.9711288213729858, 1.366756796836853, 1.9806017875671387, 0.9671173095703125, 1.9986217021942139, 3.5103492736816406, 3.2780561447143555, 1.1777032613754272, 3.203340768814087, 2.0203139781951904, 0.3046398162841797, 2.2120273113250732, 1.989980936050415, 3.3461220264434814, 1.7029595375061035, 3.221484422683716, 0.6807628870010376, 2.872056484222412, 2.1322154998779297, 3.787972927093506, 1.4970817565917969, 1.6836045980453491, 2.1773595809936523, 2.654489040374756, 2.4468796253204346, 1.5377399921417236, 2.292935371398926, 2.213409662246704, 1.4342273473739624, 1.27073073387146, 2.1455600261688232, 2.0565171241760254, 2.428319215774536, 1.1144776344299316, 0.4638521671295166, 1.0801889896392822, 1.669655442237854, 1.656988501548767, 1.7611191272735596, 1.5209455490112305, 0.12329983711242676, 1.9862751960754395, 2.027132034301758, 2.4875330924987793, 3.401268243789673, 0.9666333198547363, 2.0868852138519287, 0.3453197479248047, 2.8086743354797363, 1.6415499448776245, 1.7972772121429443, 2.972048044204712, 2.822740077972412, 2.4499547481536865, 1.0027732849121094, 2.2001569271087646, 0.5888278484344482, 1.6378525495529175, 1.7906254529953003, 1.331102967262268, 1.7367148399353027, 2.6976375579833984, 0.44526028633117676, 2.481724739074707, 2.2038731575012207, 0.46390247344970703, 2.131486415863037, 2.5115692615509033, 1.1530683040618896, 3.6442999839782715, 1.6405487060546875, 2.5517523288726807, 2.2664623260498047, 2.408961057662964, 2.6860928535461426, 1.508254051208496, 1.114387035369873, 3.2313597202301025, 2.353433609008789, 2.82593035697937, 2.6774709224700928, 3.4390294551849365, 1.4069504737854004, 0.45699238777160645, 2.1429779529571533, 3.0041112899780273, 2.4477474689483643, 1.3058634996414185, 1.2068313360214233, 1.3313994407653809, 1.852637767791748, 2.396641492843628, 3.63393235206604, 1.5937399864196777, 1.5742769241333008, 3.186539888381958, 3.678837299346924, 2.4333415031433105, 2.7825369834899902, 0.9631448984146118, 2.1772475242614746, 1.0832833051681519, 1.5466368198394775, 2.1490230560302734, 1.7689096927642822, 1.9292633533477783, 2.83310604095459, 3.0948190689086914, 0.5048941373825073, 3.5103330612182617, 1.41606867313385, 3.087581157684326, 1.1895405054092407, 0.9006134271621704, 0.6142846345901489, 1.0761750936508179, 3.3126423358917236, 1.1192131042480469, 1.0991016626358032, 1.898244857788086, 2.7762129306793213, 3.0152604579925537, 2.8723978996276855, 2.8407130241394043, 1.0999537706375122, 2.3174803256988525, 1.541966199874878, 1.9717235565185547, 1.6217511892318726, 2.287763833999634, 2.1282713413238525, 1.999300241470337, 1.7059922218322754, 1.8332176208496094, 1.4046430587768555, 2.0919582843780518, 2.4970920085906982, 1.428912878036499, 0.7574394941329956, 0.967572808265686, 3.2405316829681396, 1.7494606971740723, 1.8792037963867188, 1.1790732145309448, 2.184723377227783, 3.875495195388794, 1.98788321018219, 2.0384769439697266, 0.604110598564148, 3.920100212097168, 1.5134085416793823, 2.0675759315490723, 0.865593433380127, 2.1802730560302734, 2.4604501724243164, 1.5775198936462402, 2.3206379413604736, 2.2487587928771973, 0.6305943727493286, 2.6391308307647705, 0.9203342199325562, 1.6197564601898193, 1.883622646331787, 1.9828033447265625, 2.1460320949554443, 0.95552659034729, 1.7488758563995361, 3.3076794147491455, 1.74489164352417, 3.788834571838379, 1.7791738510131836, 1.4677821397781372, 1.619706392288208, 1.1983274221420288, 1.9125123023986816, 2.101766586303711, 0.977877140045166, 2.614840269088745, 2.471173048019409, -0.2065286636352539, 1.713881492614746, 1.4149718284606934, 3.8540282249450684, 1.9235711097717285, 2.314810276031494, 1.8759362697601318, 3.2501449584960938], "params": {"iterations": 1510, "learning_rate": 0.014286, "depth": 3, "l2_leaf_reg": 3.4047e-06, "bagging_temperature": 2.5656, "random_strength": 4.1266, "border_count": 207}, "time_end": "2026-03-01T16:45:18.445603"}