{"model": "catboost_minilm_features-extract_polysemy", "type": "test", "seed": 42, "time_start": "2026-03-01T16:38:40.063847", "mse": 0.9422294415344644, "accuracy": 0.38495575221238937, "corr": 0.7024967282133615, "precision": [0.7272727272727273, 0.28846153846153844, 0.31683168316831684, 0.4897959183673469, 0.6153846153846154, 0.0], "recall": [0.1568627450980392, 0.45454545454545453, 0.6274509803921569, 0.36923076923076925, 0.3333333333333333, 0.0], "f1": [0.25806451612903225, 0.35294117647058826, 0.42105263157894735, 0.42105263157894735, 0.43243243243243246, 0.0], "support": [51, 33, 51, 65, 24, 2], "confusion_matrix": [[8, 26, 16, 1, 0, 0], [1, 15, 16, 1, 0, 0], [2, 8, 32, 9, 0, 0], [0, 3, 33, 24, 5, 0], [0, 0, 4, 12, 8, 0], [0, 0, 0, 2, 0, 0]], "predictions": [1.3340307474136353, 1.3237215280532837, 2.8211610317230225, 1.2551764249801636, 0.9193598031997681, 1.6599500179290771, 3.1128902435302734, 1.6110293865203857, 1.2806363105773926, 2.571578025817871, 2.887298822402954, 2.2365336418151855, 3.337362766265869, 2.108288288116455, 1.7390689849853516, 1.677156925201416, 3.901622772216797, 1.1305716037750244, 1.5688419342041016, 3.4934866428375244, 3.979527235031128, -0.05442190170288086, 3.17459774017334, 1.6539708375930786, 1.4908751249313354, 2.706800699234009, 2.2700982093811035, 1.7294845581054688, 2.463794231414795, 2.373812198638916, 3.6030755043029785, 1.3163774013519287, 1.9812877178192139, 1.1177302598953247, 3.111974000930786, 2.438305139541626, 1.364494800567627, 1.9722726345062256, 3.199819564819336, 0.8504543304443359, 1.3494583368301392, 2.2132394313812256, 0.8950997591018677, 2.0202012062072754, 3.3178014755249023, 3.404860258102417, 1.224188208580017, 2.66559100151062, 1.8674949407577515, 0.2847633361816406, 2.5604050159454346, 2.1158933639526367, 3.524991989135742, 1.7472233772277832, 3.2321321964263916, 0.7060813903808594, 3.0830750465393066, 2.0418050289154053, 3.623258113861084, 1.792938470840454, 1.6674822568893433, 2.0181877613067627, 2.4361345767974854, 2.0372817516326904, 1.4925944805145264, 2.4300873279571533, 1.843475341796875, 1.6267025470733643, 1.092810034751892, 2.4207875728607178, 1.7313851118087769, 2.5386412143707275, 1.0048280954360962, 0.20531749725341797, 1.1604692935943604, 1.863917589187622, 1.496209740638733, 1.8477048873901367, 1.4210937023162842, 0.23471617698669434, 1.82442045211792, 2.002542495727539, 2.440866470336914, 3.439133644104004, 0.8587696552276611, 2.164555788040161, 0.3116891384124756, 2.617978572845459, 1.4711887836456299, 1.636021614074707, 2.8814218044281006, 3.159079074859619, 2.7588443756103516, 0.9077941179275513, 2.292969226837158, 0.4366617202758789, 1.630768060684204, 1.9200478792190552, 1.1591928005218506, 1.77837336063385, 2.590787172317505, 0.21725082397460938, 2.6141631603240967, 2.1705729961395264, 0.5688183307647705, 1.9660409688949585, 2.246568202972412, 1.3737764358520508, 3.5233259201049805, 1.6550323963165283, 2.8048672676086426, 1.7560086250305176, 2.5611701011657715, 3.012228488922119, 1.803972840309143, 1.0092880725860596, 3.2679028511047363, 2.2851576805114746, 2.7332475185394287, 2.807847261428833, 3.3226664066314697, 1.454518437385559, 0.12430119514465332, 2.2129807472229004, 3.16485333442688, 2.5601449012756348, 1.6476895809173584, 1.3469079732894897, 1.5627965927124023, 2.1540935039520264, 2.2792413234710693, 3.7972230911254883, 1.789191722869873, 1.6811881065368652, 3.2954845428466797, 3.766939163208008, 2.1734097003936768, 2.948904514312744, 1.5050976276397705, 2.1931233406066895, 1.1093648672103882, 1.7604377269744873, 2.174396514892578, 1.7740294933319092, 2.1503868103027344, 2.8207883834838867, 2.9717674255371094, 0.43614649772644043, 3.6747045516967773, 1.2372591495513916, 3.4546685218811035, 1.3556385040283203, 1.16916024684906, 0.8306378126144409, 1.0698398351669312, 3.2340030670166016, 1.2270026206970215, 0.8764939308166504, 1.9378314018249512, 2.540107011795044, 2.9602720737457275, 2.997542142868042, 2.8004238605499268, 0.9383358955383301, 2.388439893722534, 1.4259371757507324, 1.477014183998108, 1.221732497215271, 2.336817979812622, 2.1271445751190186, 2.1007633209228516, 1.7824366092681885, 1.8835170269012451, 1.5424857139587402, 2.104170083999634, 2.5235695838928223, 1.5066092014312744, 0.958720326423645, 0.7645858526229858, 3.4748787879943848, 1.84578537940979, 1.7208768129348755, 1.0259286165237427, 2.086787462234497, 3.761465549468994, 2.138838529586792, 1.84520423412323, 0.6746371984481812, 4.152909278869629, 1.5189404487609863, 1.9568971395492554, 0.6736068725585938, 2.0543553829193115, 2.4648313522338867, 1.5998265743255615, 2.5065877437591553, 1.710223913192749, 0.4787154197692871, 2.270827293395996, 1.105186939239502, 1.678716778755188, 1.554405927658081, 2.154317855834961, 2.3184375762939453, 1.4849597215652466, 1.555323839187622, 3.4699044227600098, 2.0170440673828125, 3.90439772605896, 2.1410398483276367, 1.196487545967102, 1.6740185022354126, 1.3815606832504272, 1.8395990133285522, 2.0077576637268066, 1.3714678287506104, 2.6039059162139893, 2.4187397956848145, 0.025011062622070312, 1.9631726741790771, 1.503948450088501, 3.7758073806762695, 1.985028862953186, 2.192589044570923, 2.064185619354248, 3.2829012870788574], "params": {"iterations": 1510, "learning_rate": 0.014286, "depth": 3, "l2_leaf_reg": 3.4047e-06, "bagging_temperature": 2.5656, "random_strength": 4.1266, "border_count": 207}, "time_end": "2026-03-01T16:38:40.234221"}