{"model": "catboost_minilm_features-extract_ngram_word_length_by_char", "type": "test", "seed": 40, "time_start": "2026-03-01T15:06:32.767325", "mse": 0.9733457831533809, "accuracy": 0.38495575221238937, "corr": 0.6884472381572528, "precision": [0.7, 0.2631578947368421, 0.3163265306122449, 0.5306122448979592, 0.6666666666666666, 0.0], "recall": [0.13725490196078433, 0.45454545454545453, 0.6078431372549019, 0.4, 0.3333333333333333, 0.0], "f1": [0.22950819672131148, 0.3333333333333333, 0.4161073825503356, 0.45614035087719296, 0.4444444444444444, 0.0], "support": [51, 33, 51, 65, 24, 2], "confusion_matrix": [[7, 27, 17, 0, 0, 0], [1, 15, 14, 3, 0, 0], [2, 10, 31, 7, 1, 0], [0, 5, 31, 26, 3, 0], [0, 0, 5, 11, 8, 0], [0, 0, 0, 2, 0, 0]], "predictions": [1.16061270236969, 1.1908057928085327, 2.650397300720215, 1.1288117170333862, 0.5840319395065308, 1.4346576929092407, 3.355222702026367, 1.6894049644470215, 1.373960256576538, 2.3190250396728516, 3.031400442123413, 2.424147367477417, 3.211459159851074, 1.9982624053955078, 1.4401112794876099, 1.7472209930419922, 3.9844202995300293, 0.8140906095504761, 1.465630054473877, 3.5104994773864746, 3.8660645484924316, -0.11928510665893555, 3.156432867050171, 1.7090427875518799, 1.4025146961212158, 2.884915351867676, 2.240591526031494, 1.9435006380081177, 2.5237176418304443, 2.304203510284424, 3.4048211574554443, 1.2643851041793823, 1.852142572402954, 1.0430089235305786, 3.058628559112549, 2.527440309524536, 1.3029731512069702, 2.0924458503723145, 3.0193183422088623, 0.8856923580169678, 1.4447216987609863, 2.180982828140259, 0.9698079824447632, 1.8793280124664307, 3.4237546920776367, 3.197387933731079, 1.3609133958816528, 2.729543447494507, 1.7791719436645508, 0.46007227897644043, 2.324646472930908, 2.0426039695739746, 3.3376972675323486, 1.832324743270874, 3.1610660552978516, 0.5565733909606934, 2.9387729167938232, 1.9796209335327148, 3.6842808723449707, 1.6361256837844849, 1.7877939939498901, 2.1143033504486084, 2.712251901626587, 2.260935068130493, 1.6389591693878174, 2.492370367050171, 1.7232080698013306, 1.605147361755371, 1.1260777711868286, 2.307535409927368, 1.629892349243164, 2.319119930267334, 1.336125135421753, 0.10986566543579102, 0.9414311647415161, 1.9096112251281738, 1.4574456214904785, 2.061216115951538, 1.6366311311721802, 0.2627279758453369, 1.7271734476089478, 2.0086302757263184, 2.471959114074707, 3.324103355407715, 0.8670984506607056, 1.9712315797805786, 0.21654987335205078, 2.6399247646331787, 1.5033255815505981, 1.7481744289398193, 2.962883949279785, 2.9590375423431396, 2.6144750118255615, 0.9561429023742676, 2.3821418285369873, 0.432753324508667, 1.5125832557678223, 1.9547278881072998, 1.078257441520691, 1.8474689722061157, 2.4515700340270996, 0.275618314743042, 2.510934591293335, 2.25717830657959, 0.52951979637146, 2.0766212940216064, 2.3271644115448, 1.377362608909607, 3.6006581783294678, 1.4637826681137085, 2.5179736614227295, 1.7293179035186768, 2.6407740116119385, 3.1089680194854736, 1.9546873569488525, 0.926156759262085, 3.2407937049865723, 2.361490488052368, 2.690196990966797, 2.750521421432495, 3.289503812789917, 1.402732014656067, 0.29643750190734863, 2.3112668991088867, 3.0662145614624023, 2.5348894596099854, 1.644921064376831, 1.3424220085144043, 1.5499951839447021, 2.1379806995391846, 2.421426773071289, 3.5233354568481445, 1.6223686933517456, 1.747490406036377, 3.3958725929260254, 3.8628218173980713, 2.246530532836914, 3.117540121078491, 1.1859837770462036, 2.1775102615356445, 1.210783839225769, 1.6578495502471924, 1.986811876296997, 1.6447227001190186, 2.187013626098633, 2.847158670425415, 3.278162956237793, 0.3479158878326416, 3.477090835571289, 1.4689399003982544, 3.2497687339782715, 1.3315529823303223, 1.0208570957183838, 0.8208907842636108, 1.17949378490448, 3.3481717109680176, 1.0849227905273438, 0.7406049966812134, 1.8354908227920532, 2.6664414405822754, 2.9732303619384766, 2.969026565551758, 2.8472423553466797, 1.2098842859268188, 2.1838364601135254, 1.4040266275405884, 1.6045799255371094, 1.3192123174667358, 2.489705801010132, 1.9445679187774658, 2.117537021636963, 1.9627575874328613, 1.8299171924591064, 1.5453038215637207, 2.114652156829834, 2.534897804260254, 1.4691851139068604, 0.8805190324783325, 0.7976373434066772, 3.3518173694610596, 1.6872026920318604, 1.8185358047485352, 1.1564971208572388, 1.9820830821990967, 3.922206401824951, 1.9168059825897217, 2.0267679691314697, 0.6601790189743042, 3.9481077194213867, 1.4947214126586914, 2.069546699523926, 0.7048784494400024, 2.179274797439575, 2.478595733642578, 1.6025822162628174, 2.4051451683044434, 1.8256185054779053, 0.5918091535568237, 2.461142063140869, 0.9580175876617432, 1.5736055374145508, 1.6788671016693115, 2.104290723800659, 2.3509504795074463, 1.4762043952941895, 1.559969186782837, 3.569949150085449, 1.99746835231781, 3.9138221740722656, 1.873133897781372, 1.3297832012176514, 1.8130919933319092, 1.2498466968536377, 1.8654234409332275, 1.8875031471252441, 0.9584814310073853, 2.6571617126464844, 2.5523810386657715, -0.07133793830871582, 1.829167366027832, 1.3850280046463013, 3.812614917755127, 1.9772908687591553, 2.398019552230835, 2.0983333587646484, 3.2802155017852783], "params": {"iterations": 1510, "learning_rate": 0.014286, "depth": 3, "l2_leaf_reg": 3.4047e-06, "bagging_temperature": 2.5656, "random_strength": 4.1266, "border_count": 207}, "time_end": "2026-03-01T15:06:32.840925"}