{"model": "catboost_minilm_features-extract_events", "type": "train", "seed": 42, "train_losses": [], "val_losses": [], "time_start": "2026-03-01T16:24:41.631942", "mse": 0.10927810191758713, "accuracy": 0.8737113402061856, "corr": 0.9820766170530557, "precision": [0.9897959183673469, 0.8368794326241135, 0.7307692307692307, 0.8251748251748252, 0.9469026548672567, 0.992], "recall": [0.8220338983050848, 0.9147286821705426, 0.95, 0.7814569536423841, 0.8294573643410853, 0.9612403100775194], "f1": [0.8981481481481481, 0.8740740740740741, 0.8260869565217391, 0.8027210884353742, 0.8842975206611571, 0.9763779527559056], "support": [118, 129, 120, 151, 129, 129], "confusion_matrix": [[97, 21, 0, 0, 0, 0], [1, 118, 10, 0, 0, 0], [0, 2, 114, 4, 0, 0], [0, 0, 32, 118, 1, 0], [0, 0, 0, 21, 107, 1], [0, 0, 0, 0, 5, 124]], "predictions": [2.714392971431908, 1.3298395325135604, 0.13283513801570912, 3.9335190508205153, 1.4897015420689852, 3.6506913680419544, 2.4930377679335565, 2.7143578933646513, 2.459241179514635, 2.8456147152247193, 1.9002202873883367, 3.7301995776858186, 3.036116883270154, 3.056260334509342, 1.6916998196483968, 0.44707287590809486, 1.7150956968498228, 2.998830043741426, 2.975662744650228, 1.7262085132755758, 1.3809470493507017, 0.5958240070504188, 0.7205068452765904, 1.8445538538294226, 0.9910445224398887, 2.790028285422205, 0.18503541166207915, 2.7059865782004895, 1.1205490464875665, 2.592785072145128, 1.7132600391222828, 2.23273604607616, 1.3710166667311048, 2.873263801222377, 0.9658510433879228, 1.8030632551604362, 0.09764329241088454, 0.3350353159923518, 0.15949712977483177, 1.7869672126353366, 3.755566078171058, 2.5132728616378843, 1.1199138071247607, 1.484187939315812, 0.3922635693359662, 2.1321843474152677, 2.5459044284303416, 3.964827107295749, 0.16919026569902362, 0.17969670479275202, 0.9896444499382437, 0.47757360858521114, 2.470994918572526, 1.3616860328241693, 3.048463545107202, 3.8797908427524694, 2.0980840440063666, 2.380147088193025, 2.8145001261944036, 4.088211980971296, 2.831103303196065, 0.30204662765133605, 3.199502967208905, 0.3423544072946476, 2.745051646940877, 2.209555709113997, 1.964267447368742, 1.2213058974461648, 1.935930585588916, 2.985156632722174, 1.7733754273009943, 0.09204202484216673, 0.3628897849049193, 2.762031694057786, 0.24255363623893222, 0.1817061437476002, 0.22106830138522726, 2.058993863354647, 3.8651168201649266, 3.744309078848658, 1.858850980891419, 1.804683284038487, 2.722315847944307, 2.233437249680563, 3.9813561066920036, 0.8268704244394305, 0.24142099253794358, 2.8946517558791576, 3.1748540145296307, 0.13206049438092782, 2.230935070564523, 2.6038646674837707, 3.494174756210737, 1.5882703811019938, 3.4938157445203095, 2.1738207523678357, 1.364850091271451, 0.6064208126742352, 2.8798761757882874, 1.184959655083911, 2.55974437196621, 1.1704555149531115, 1.1507464879081326, 0.0200314143971414, 1.9148740211338238, 0.5102526982957101, 3.174587356231755, 0.3216775095187483, 0.16930452733630474, 2.2526502644031763, 0.5604504119588054, 4.370601521327349, 1.3614844962595472, 0.1578328565862046, 0.043438770829006046, 2.4190593490383225, 0.3185608488655056, 3.0377647616266583, 2.7260661448283336, 0.4140275588527178, 0.15497129007867816, 4.405661835236036, 0.25409856952791854, 1.476503807706131, 2.292511720300461, 2.029523066866698, 2.463016090987011, 0.29697501055518716, 1.9455039858043865, 1.612800032422539, 0.7092606262518617, 2.3380499437919284, 3.8117625193678193, 1.7654153786144406, 0.030014953713944692, 2.2362402174701685, 1.7373162291150457, 0.47617948622480766, -0.11095425743928677, 0.8067869362184443, 2.382832408690483, 3.6443923106052667, 2.016797310951049, 1.3061127686920653, 0.4202436606536981, 2.589809177407579, 0.11652133823863631, 2.563935581769542, 2.403131319445216, 2.924676326916911, 3.0532930952317434, 3.1578918798638496, 3.6171227003230317, 3.857777772662484, 0.29729397658884915, 0.1283210229505083, 1.1003557366176446, 3.671569813487229, 1.4981244517446388, 0.10166823728468088, 2.2041193861376227, 3.8824599193485607, 2.409269768895724, 1.1892398834788125, 2.943914919405856, 2.9954281563570166, 2.510427090780733, 2.592743927186351, 1.9331719914080527, 0.9561379160094479, 1.9298656553889875, 2.4454083739198036, 3.000468656297034, 2.8718619092943785, 1.8356084312112415, 0.12515432004948135, 1.168215464183838, 1.9301189857914955, 0.6692179592139427, 3.6195893177664944, 3.6002311427413396, 2.664620472172403, 2.6227215218201, 0.3600637492657883, 2.746137588494451, 1.6171519480460614, 2.551133042512935, 1.8117342228978914, 2.615244548491549, 3.2349875972410254, 4.455065669180183, 2.398151675482614, 1.6381674175551237, 1.1995134296584296, 1.7875603157453177, 3.0901284570845875, 3.462854691670408, 4.038234520443384, 2.664436975031427, 1.735628770984631, 1.2638918156087193, 1.1648840711845219, 2.211881178581371, 2.3233036817269817, 3.0979124130172124, 0.40240080008209667, 1.323886634906801, 1.7133120023166133, 2.244222495100325, 0.7127200587995552, 3.006206362253902, 1.9883622481828689, 3.0918963035673315, 4.067719322861015, 1.793216221569585, 1.57708503175447, 1.4937681017496671, 2.4710800620118296, 1.8378107258019527, 1.297372259107392, 2.794604692795042, 1.7680837669834273, 0.41033839627985236, 1.4976450833690986, 3.104558795428198, 2.8480707972310957, 2.715023830272531, 1.6213305118263515, 1.8104994159175132, 3.3164168034948265, 1.4752873546662653, 3.0935240571343527, 2.3954641743498577, 3.814137856606063, 1.6392192777868027, 2.854147077176399, 2.1121533368339462, 2.7113836630510875, 2.3564781642717203, 3.8780330260551725, 1.6079478403289644, 2.2687343612847313, 2.401664240609663, 2.4506468485599795, 2.8274785657337556, 1.1805063696976077, 2.394377991485857, 0.8338190715835017, 0.5050747851094832, 0.2067007610202296, 0.23090583803327513, 3.751282254780664, 1.306954551898068, 1.0742727490896664, 0.3632957123824059, 2.7171426634402613, 0.5932245068403244, 2.7692585639898937, 2.480719503057662, 1.840945670682741, 0.8848707759555186, 0.8668189640202002, 1.802973974061187, 2.0582570311180564, 2.2362909802751307, 1.1473954039935161, 1.6721858758332044, 2.6310141803967646, 2.1737032779127547, 0.5547683756363411, 1.8446784843138166, 0.553086992663234, 0.16707130646977397, 3.293415518509699, 2.5627368303380247, 3.422504028997764, 2.2748759866525745, 2.663819951200873, 1.7308452230103881, 1.7189566402412981, 2.815153750089337, 2.8151507893830234, 0.23227586169044878, 1.4923401826088645, 0.9880283682916842, 2.502864896720455, 1.3426516452146056, 3.826329720307097, 1.7975045723478948, 0.07840680405740441, 1.3580023974612987, 0.8241124323892588, 1.8215324382637332, 1.2317050242260548, 2.1204475166868004, 0.016567221966771406, 1.3076394733299148, 0.638531759525234, 2.7701249577638962, 2.5026479001543844, 1.2363631918520852, 2.5802618877013073, 0.3443916496451225, 1.5398075211955575, 2.8198962347792484, 2.2331569302768632, 3.077688933275377, 2.1966436628750174, 3.524556161214737, 1.1264270966264198, 2.1971922943864612, 1.7641362347327694, 1.5278227162293194, 0.47023812957031064, 0.34156815112165617, 0.4949080043701697, 1.1403665045129072, 3.7259051698778265, 3.395116052978342, 2.0973014901627485, 2.571258150710625, 2.1230223490767663, 0.21699608875461296, 3.2102403310682743, 0.14866114430390986, 0.4439851946465203, 2.343373172701395, 3.916581824044238, 1.1661321316960176, 1.7187310485380176, 1.3795609969602765, 3.560356189861457, 2.678057685409306, 2.3531168232546813, 0.16636128190680743, 0.8226657391277332, 0.30252400068487884, 1.8214991923358494, 2.6544127704416693, 1.1057707468884446, 1.9673644839184035, 3.6992461612556085, 3.2523140211482975, 2.176741931334905, 2.985282518100907, 2.826066506311896, 2.637281779282755, 0.4176161629164268, 0.23877963748313036, 0.577625374678963, 0.12536442139953818, 4.710541224155097, 1.60363887146397, 2.522900849781681, 3.0785462996751836, 2.744678960533379, 2.112173176634708, 2.375509903714696, 0.997561675606641, 0.3785931663102873, 3.3251618608835836, 0.33311068066495864, 