{"model": "catboost_minilm_features-extract_polysemy", "type": "test", "seed": 41, "time_start": "2026-03-01T16:36:49.644714", "mse": 0.9425358777894045, "accuracy": 0.4026548672566372, "corr": 0.701925282549831, "precision": [0.7272727272727273, 0.2830188679245283, 0.3434343434343434, 0.54, 0.5384615384615384, 0.0], "recall": [0.1568627450980392, 0.45454545454545453, 0.6666666666666666, 0.4153846153846154, 0.2916666666666667, 0.0], "f1": [0.25806451612903225, 0.3488372093023256, 0.4533333333333333, 0.46956521739130436, 0.3783783783783784, 0.0], "support": [51, 33, 51, 65, 24, 2], "confusion_matrix": [[8, 27, 16, 0, 0, 0], [1, 15, 15, 2, 0, 0], [2, 7, 34, 7, 1, 0], [0, 4, 30, 27, 4, 0], [0, 0, 4, 13, 7, 0], [0, 0, 0, 1, 1, 0]], "predictions": [1.250291109085083, 1.2111420631408691, 2.514430046081543, 1.0843682289123535, 0.7269039154052734, 1.451250672340393, 3.187343120574951, 1.6825544834136963, 1.2149672508239746, 2.4988880157470703, 2.991299867630005, 2.376964569091797, 3.4402084350585938, 1.817683219909668, 1.6950397491455078, 1.736875057220459, 3.8654751777648926, 0.9414218664169312, 1.689693808555603, 3.515465259552002, 3.9373745918273926, 0.08015561103820801, 3.0130832195281982, 1.776768684387207, 1.3733820915222168, 2.984339952468872, 2.176783561706543, 2.21000337600708, 2.5733165740966797, 2.5094141960144043, 3.4607324600219727, 1.2984458208084106, 2.0001814365386963, 1.0919569730758667, 3.063629627227783, 2.4531126022338867, 1.377585768699646, 1.9942471981048584, 3.23386287689209, 0.728797435760498, 1.3659294843673706, 2.050042152404785, 1.0183076858520508, 2.097867250442505, 3.2644166946411133, 3.078885793685913, 1.4008680582046509, 2.580965757369995, 1.8878254890441895, 0.34671854972839355, 2.558281183242798, 2.258763551712036, 3.2932517528533936, 1.7750756740570068, 3.195420265197754, 0.6661745309829712, 3.198282480239868, 1.949732780456543, 3.5508923530578613, 1.476298213005066, 1.6998050212860107, 2.3181216716766357, 2.634096622467041, 2.3103716373443604, 1.5043045282363892, 2.454625368118286, 1.8346941471099854, 1.679288625717163, 0.9962384700775146, 2.368640184402466, 1.6009330749511719, 2.689535140991211, 1.150603175163269, 0.3145461082458496, 1.0528745651245117, 1.970487356185913, 1.5013017654418945, 1.8285914659500122, 1.4286370277404785, 0.2006831169128418, 1.7692053318023682, 1.9326691627502441, 2.2633860111236572, 3.3019657135009766, 1.0692082643508911, 2.052075147628784, 0.2145242691040039, 2.6519689559936523, 1.53457510471344, 1.602182388305664, 2.863400459289551, 2.941591501235962, 2.4587600231170654, 0.8599807024002075, 2.3083536624908447, 0.4768843650817871, 1.5575714111328125, 1.9210832118988037, 1.0212968587875366, 1.932654857635498, 2.722499132156372, 0.3200044631958008, 2.564486265182495, 2.2277908325195312, 0.5865898132324219, 1.9646676778793335, 2.203683614730835, 1.3683786392211914, 3.2975540161132812, 1.6059715747833252, 2.5859293937683105, 1.8378965854644775, 2.600882053375244, 3.128391742706299, 1.8825299739837646, 0.8205726146697998, 3.1895501613616943, 2.4696402549743652, 2.6535184383392334, 2.752629041671753, 3.3829078674316406, 1.5753352642059326, 0.28789377212524414, 2.181760549545288, 3.1711244583129883, 2.5040619373321533, 1.562532901763916, 1.0416563749313354, 1.551884651184082, 2.112987756729126, 2.22440242767334, 3.6240386962890625, 1.7246979475021362, 1.7030537128448486, 3.248667001724243, 3.949728012084961, 2.2617204189300537, 2.9361209869384766, 1.28672194480896, 2.43601393699646, 1.1909527778625488, 1.7122386693954468, 2.1226320266723633, 1.6466565132141113, 2.2118804454803467, 2.7732772827148438, 2.954510450363159, 0.48765993118286133, 3.6950788497924805, 1.2038229703903198, 3.4370245933532715, 1.196513295173645, 1.0428286790847778, 0.8972033262252808, 1.1894171237945557, 3.527247905731201, 1.1572242975234985, 0.8201475143432617, 1.8578360080718994, 2.631059408187866, 2.855318546295166, 3.0495288372039795, 2.8524818420410156, 0.902132511138916, 2.3400309085845947, 1.6902596950531006, 1.4807624816894531, 1.4444905519485474, 2.3726699352264404, 2.162482738494873, 2.236255168914795, 1.7992206811904907, 1.8092358112335205, 1.4391424655914307, 2.1316068172454834, 2.5794172286987305, 1.5380569696426392, 0.8709129095077515, 0.8575851917266846, 3.4775283336639404, 1.8798421621322632, 1.87152099609375, 0.9839121103286743, 2.1936538219451904, 3.927377700805664, 2.073216676712036, 2.188476085662842, 0.5876169204711914, 4.014986515045166, 1.550238013267517, 2.0155153274536133, 0.8239792585372925, 2.1736767292022705, 2.45573091506958, 1.529733419418335, 2.334693670272827, 1.7907507419586182, 0.40784692764282227, 2.2977774143218994, 1.0048869848251343, 1.728610634803772, 1.6932878494262695, 2.1117067337036133, 2.3812289237976074, 1.2967897653579712, 1.479945182800293, 3.616894006729126, 2.051872491836548, 3.610694408416748, 2.0347044467926025, 1.330854058265686, 1.5101408958435059, 1.3641276359558105, 1.7356408834457397, 1.9870755672454834, 1.1419199705123901, 2.6438024044036865, 2.570643901824951, -0.23142170906066895, 1.9001705646514893, 1.3513208627700806, 3.82570743560791, 1.9686219692230225, 2.489532709121704, 2.0805060863494873, 3.292304515838623], "params": {"iterations": 1510, "learning_rate": 0.014286, "depth": 3, "l2_leaf_reg": 3.4047e-06, "bagging_temperature": 2.5656, "random_strength": 4.1266, "border_count": 207}, "time_end": "2026-03-01T16:36:49.734175"}