{"model": "catboost_minilm_features-extract_pos_ngrams", "type": "train", "seed": 42, "train_losses": [], "val_losses": [], "time_start": "2026-03-01T16:05:33.771362", "mse": 0.11122590858904857, "accuracy": 0.8724226804123711, "corr": 0.9816586324219301, "precision": [0.9895833333333334, 0.8251748251748252, 0.7088607594936709, 0.8518518518518519, 0.9426229508196722, 1.0], "recall": [0.8050847457627118, 0.9147286821705426, 0.9333333333333333, 0.7615894039735099, 0.8914728682170543, 0.9457364341085271], "f1": [0.8878504672897196, 0.8676470588235294, 0.8057553956834532, 0.8041958041958042, 0.9163346613545816, 0.9721115537848606], "support": [118, 129, 120, 151, 129, 129], "confusion_matrix": [[95, 23, 0, 0, 0, 0], [1, 118, 10, 0, 0, 0], [0, 2, 112, 6, 0, 0], [0, 0, 36, 115, 0, 0], [0, 0, 0, 14, 115, 0], [0, 0, 0, 0, 7, 122]], "predictions": [2.6199112816979344, 1.2257890158228917, 0.2140522915634886, 3.849275352813966, 1.4219776599041496, 3.742904089695978, 2.455425433763187, 2.7112923607863553, 2.4068866924793935, 3.0244406048108092, 1.8232498465265974, 3.800381353381349, 2.9212423888722743, 3.1920382576236723, 1.6691962847954442, 0.3593505951069118, 1.7608778169088517, 2.943899848221106, 2.8630055124081335, 1.5891765542947214, 1.4092200258951226, 0.6070220415327301, 0.664782534131567, 1.8858873187074818, 1.0114207314944699, 2.9976803418030453, 0.17660790637268242, 2.8375500936629634, 1.073029073213166, 2.6462790301756867, 1.8632178743133816, 2.3147622110142088, 1.3969302429261194, 2.8962665316266776, 1.1070395680519416, 1.8176403100331175, 0.09159093026277443, 0.39270614538565063, 0.17235446976101665, 1.7305454931739543, 3.826376985080209, 2.6098522937221604, 1.166580128257728, 1.5897506416561504, 0.5629767544660647, 2.227849864141849, 2.5055873783220513, 3.8341808309071537, 0.1463415560039154, 0.15872496252761392, 0.9366764417213784, 0.3979178991896495, 2.481252215346566, 1.369118484220921, 2.9176332994844905, 3.796464903252054, 2.019560176111753, 2.3644656931873844, 2.779418898922173, 3.9929818632622935, 2.787527163255665, 0.23360876268149733, 3.140443651970621, 0.3959682810901666, 2.723935301493572, 2.1789127086476845, 2.152297051653031, 1.0468688765725573, 1.7737761908735241, 2.866211954596904, 1.7902237629621194, 0.07931049264412326, 0.3785097843210794, 2.7269756243056236, 0.2699893082420495, 0.15665156513007306, 0.23345598552719116, 2.106191608493795, 3.808806466345456, 3.8573425101722356, 1.861844500981329, 1.8266983293655819, 2.6048092642237415, 2.263316736805747, 3.9598823489416404, 0.8480495873154186, 0.2673865518334302, 2.8825171568897154, 3.136255443671204, 0.16984020081665552, 2.2291858814109866, 2.6453222571112334, 3.4921023730827776, 1.5765563386242456, 3.4845566616269905, 2.118968252130439, 1.3353346244164834, 0.5495895552097088, 2.8469686179896305, 1.1165573077019846, 2.582476094834641, 1.1055988631700613, 1.1779207946771246, -0.0609787630349059, 1.9732204560004467, 0.5483914006316086, 3.2469537058839437, 0.24315719291768545, 0.3053774114130725, 2.303177424633457, 0.6266781541281523, 4.405593984557665, 1.289161075512444, 0.2857609506948626, 0.04719082140284403, 2.4537157299107024, 0.2553050640069716, 3.0880190286097307, 2.600811141115861, 0.43126298801817775, 0.21736244309986752, 4.365111974783014, 0.21344946018411903, 1.4831190472358489, 2.2435860632418323, 2.020233919014788, 2.4392716860656196, 0.39593410444257504, 1.9903981978163636, 1.6049780059338912, 0.6374693849763882, 2.243655425859849, 3.8038561047477963, 1.7443737478860686, 0.0527136599352378, 2.1437779056946633, 1.5933117009066549, 0.4416119137031407, -0.1502704545678868, 0.7936656651013143, 2.3721803403323234, 3.8387702092597786, 2.047467000723779, 1.260347495264422, 0.41186121232594886, 2.6318525364381786, 0.14744229652326535, 2.4771794384607673, 2.286739587712971, 2.775487281883425, 2.8713034294251565, 3.083640648371492, 3.640541259654852, 4.009876385889765, 0.4075557686149125, 0.008438107518095261, 1.1332691031949822, 3.6963487172754634, 1.4728668016089699, 0.15582059232891643, 2.065952015080367, 3.834443908224805, 2.249565503066523, 1.2031375502725632, 2.966878963013983, 3.0845170279208087, 2.5102183189681804, 2.482821903878058, 1.8508401367292162, 1.010768576208695, 1.9486749050682928, 2.282685174653475, 3.0543094304565486, 2.922128694988121, 1.8398627983336786, -0.1142865295626585, 1.2115220876638582, 1.8310135955615747, 0.6945215171998962, 3.7015446664036507, 3.759520370136381, 2.6957622985391168, 2.6406271923860376, 0.3953866249103908, 2.9586439698990596, 1.6719091857280137, 2.559292813543653, 1.8826505507066087, 2.654706393976443, 3.3239730133275853, 4.234760490745198, 2.5608776022765762, 1.7079849701094716, 1.1639314291075753, 1.8360826311877283, 3.0242909927231305, 3.698512568532542, 4.122899229939436, 2.5809024134362657, 1.6961336472839827, 1.3359927948187857, 0.9784676728144672, 2.350276193471288, 2.3290904649686133, 3.1273534850231237, 0.3561171741434226, 1.3012561895533192, 1.8345262021160398, 2.211245887567949, 0.6836451203082134, 3.135490974702142, 2.0133053311342666, 3.019635290056785, 3.8439780982473, 1.7858770961598864, 1.5473815469165815, 1.488950078929924, 2.539627084195546, 1.8093481079838585, 1.2660593475671713, 2.855733124336146, 1.7571881181122229, 0.3422180571427056, 1.4463040033386885, 2.9568813798027995, 2.842072862168125, 2.6899603786153463, 1.6888551696235001, 1.8428120854602348, 3.3880325465844923, 1.573513435817676, 2.9282041536400794, 2.38738697099651, 3.7940429730751566, 1.6280766186567885, 2.893107142981701, 1.8572185848376992, 2.818126736190664, 2.3503916170573653, 3.8345958842386, 1.6519048630006221, 2.222294385533121, 2.4037167973811777, 2.578674236944237, 2.7452375688185433, 1.1614863974448826, 2.358423956111811, 0.8208959202992792, 0.4541023634842265, 0.23087225635440767, 0.3770342417262649, 3.774960079712741, 1.3526350397326998, 1.0196698712356196, 0.45189933536030713, 2.692926587342867, 0.591898850528485, 2.7109293065593127, 2.5832819893153802, 1.7069045098416407, 0.9902102866744513, 0.8561410732006818, 1.8377824036823405, 2.141867754682076, 2.0654155721783707, 1.134765968805872, 1.7274518368353329, 2.625600140775655, 2.0527034177244383, 0.6533969995276117, 1.7879427283360896, 0.6191378101571035, 0.21112261513531072, 3.1558354521848306, 2.4207740273837333, 3.415290521710308, 2.2033514885240844, 2.4021823159729108, 1.7946188182709315, 1.735353857171213, 2.7056197146115615, 2.8356818394037404, 0.17076631716990542, 1.374661274242311, 0.8680146652292566, 2.4083522144118676, 1.296135648652922, 3.797241358066536, 1.7226093131116975, 0.1473196649241828, 1.2768425879460106, 0.8503101760165752, 1.8460592236139335, 1.219534498660956, 2.0657776504596157, -0.040388255356522684, 1.4019826586062294, 0.6111193481816897, 2.7575879592994323, 2.4514109727284854, 1.4172813600255445, 2.5800318540466334, 0.2905064846063792, 1.6208639942964387, 2.802199608320488, 2.2754740879607604, 3.0277036118993865, 2.1821547808778865, 3.48565452900748, 1.0215411264034753, 2.2835731414271954, 1.813362106572317, 1.5572040714912725, 0.5166723692383561, 0.4452717335160754, 0.3867685097690101, 1.2015519807876633, 3.811700109898785, 3.3201231872082335, 2.127918038902644, 2.6725066539768534, 2.112455521336782, 0.19521843289933205, 3.1856963866334276, 0.16546823844590408, 0.3913518552623825, 2.526170279884922, 3.9053952667395206, 1.2036404575139936, 1.8413905476156764, 1.35846431912805, 3.5211544824876397, 2.699724324932133, 2.358817775375152, 0.12726919195128827, 0.8115690641882769, 0.42365682701975205, 1.924227563256325, 2.6848076162465846, 1.1539713399767018, 1.9246115819671301, 3.655306504620716, 3.2854312934025787, 1.8883570114342336, 2.9360834539019214, 2.919196868601507, 2.61909699512107, 0.37717380386184907, 0.27869406243521055, 0.5679410954098432, 0.06784769589210704, 4.673715050833042, 1.590345549414449, 2.4628412784244005, 3.199871923455742, 2.7639368790636936, 2.178256744932122, 2.571373585650127, 1.0110777176751866, 0.3265398077448278, 3.374230398251197, 