{"model": "catboost_minilm_features-minilm", "type": "train", "seed": 42, "train_losses": [], "val_losses": [], "time_start": "2026-03-01T14:53:23.210801", "mse": 0.13884227334350996, "accuracy": 0.8092783505154639, "corr": 0.9768537922985557, "precision": [0.9880952380952381, 0.7162162162162162, 0.6171428571428571, 0.7894736842105263, 0.9210526315789473, 0.9918032786885246], "recall": [0.7033898305084746, 0.8217054263565892, 0.9, 0.695364238410596, 0.813953488372093, 0.937984496124031], "f1": [0.8217821782178217, 0.7653429602888087, 0.7322033898305085, 0.7394366197183099, 0.8641975308641975, 0.9641434262948207], "support": [118, 129, 120, 151, 129, 129], "confusion_matrix": [[83, 35, 0, 0, 0, 0], [1, 106, 22, 0, 0, 0], [0, 7, 108, 5, 0, 0], [0, 0, 45, 105, 1, 0], [0, 0, 0, 23, 105, 1], [0, 0, 0, 0, 8, 121]], "predictions": [2.7419263003674756, 1.2731504132333809, 0.19277921921048868, 3.5928442922306476, 1.4192165196620845, 3.6794104202641233, 2.4599933443923283, 2.8154675806961755, 2.392409717845802, 3.058474879069426, 1.8165201795578412, 3.8178599853693025, 2.8782097652201903, 2.931428836058386, 1.5233345381732613, 0.4039036297762464, 1.6678427604919808, 3.2648981390995875, 2.7871443536732348, 1.827948228243551, 1.4887894220580675, 0.5448857397377997, 0.8505353698382383, 1.662765045464333, 1.0273510038446036, 2.8330904691911316, 0.25990492197661297, 2.8079711070109616, 1.056406996358769, 2.6863444374061953, 1.5345183038361132, 2.325822600870098, 1.3789453861882544, 2.7959747297912823, 1.1442239258345335, 1.6887007712751914, -0.05923052444027643, 0.5757279516904725, 0.19133268758525368, 1.7603941387366897, 3.7862679373956634, 2.52874545146968, 1.1707377697869634, 1.6204024844802267, 0.6267412139126392, 1.9393585426632094, 2.468534642291359, 4.041560349144139, 0.32524534168810737, 0.3852060934360737, 0.9157191282555521, 0.32680167732152166, 2.505705161659274, 1.375436742361041, 2.9358922359185473, 3.929575902527166, 2.1124889194915735, 2.2875393635374777, 2.670377260997581, 4.158975343782049, 2.6518784426224777, 0.43907830474295295, 3.109014901264662, 0.3515862370403253, 2.3929678598870807, 2.2079945810401247, 2.0100427148118802, 1.2220575637491076, 2.0704990947698962, 2.8201935342257602, 1.771870848371817, 0.010132374504594477, 0.4586561286818691, 2.876509986610053, 0.2865309451507807, 0.2241012871102006, 0.2805595858494585, 2.182266977852114, 3.7767072188532294, 3.8977351116077603, 1.8867861253987441, 1.832932129305703, 2.4755310411515485, 2.2902631107960474, 3.9487098632488467, 0.9486610925588486, 0.4098773853226705, 2.881747627380718, 3.1475181262192296, 0.22858319207279054, 2.1239638054471253, 2.639657294018184, 3.376192362543553, 1.634279174623834, 3.4030178248807736, 2.1958421440281675, 1.4025764403687653, 0.7927308462876241, 2.9110401037523874, 1.055364455154406, 2.462821161208961, 1.1442015655818787, 1.2500061898792225, 0.06811197405506642, 1.8225742275449566, 0.6691441224558339, 3.276320365986911, 0.45551575340967965, 0.16583490138589907, 2.200097044060197, 0.5450760962273093, 4.3649959049765945, 1.6045714439228063, 0.1474346222173648, -0.12176687425247001, 2.4811170332829144, 0.5000230356007656, 3.051890086346027, 2.7083107487763836, 0.3647212739045158, 0.23062356214959712, 4.351092301163909, 0.35403787887085914, 1.4894624448111613, 2.124812847911533, 1.9912920189513634, 2.362410459149304, 0.4196893767744587, 1.7420846686075475, 1.5508021295485945, 0.6540319838508428, 2.3065091661541732, 3.888451752053034, 1.7573219972474372, 0.01436489709972344, 2.3481344071573758, 1.8300216190349177, 0.3026373630292425, -0.05097067305284586, 0.8257122913002679, 2.45875504272568, 3.6466263406562507, 2.1564109748173874, 1.2421803061332504, 0.550655769997797, 2.7067200702294634, -0.01321881056297558, 2.4418537492350345, 2.1352169918241164, 3.09256309339841, 2.971528342256585, 3.0961680711351125, 3.6233014926929146, 4.057069771453871, 0.6479761816507101, 0.10017086629473715, 0.8984658357487945, 3.6893223565329425, 1.6538790108588468, 0.15794650637944763, 2.172248127287058, 3.9807409993114495, 2.4149643523421984, 0.9873681742768037, 2.901486762841798, 3.2125305791849263, 2.3837981137582136, 2.38806549684428, 1.8975550693748087, 0.951173349925257, 1.900424031163063, 2.2728157915281173, 3.0745487727899214, 2.626674208835398, 1.7471370356848872, 0.02723407588004223, 1.3432699605105747, 1.7919654162389669, 0.8744170376795029, 3.387050482916419, 3.6801571833090505, 2.651249103504514, 2.5179800566883856, 0.4319569005441588, 2.575720164844557, 1.6268273938517468, 2.4212690121009106, 1.8049713761554216, 2.6588639163701555, 3.417297531832181, 4.307640403686838, 2.432508301391198, 1.9062875185594672, 1.2960822268175454, 1.7101209304218035, 2.9271684821144133, 3.521598205381612, 3.9175351078010774, 2.517551112244194, 1.615361004386064, 1.4477140273335087, 1.1778489277453268, 2.1723687450663087, 2.461486233405613, 3.199646491359523, 0.6012604593610564, 1.4066439757150704, 1.5903051298762303, 2.3015398603298713, 0.7210380220441877, 2.988694841995771, 1.8189425139986084, 2.9998194251334938, 3.9181204070989386, 1.7333110369297793, 1.6631574812350447, 1.7160584329276143, 2.557860874944577, 1.905707514215373, 1.2232972669671107, 2.7853613755380415, 1.7493033837594443, 0.4916264294290298, 1.5689112114943393, 3.2872373163668933, 2.7379250610733896, 2.624887820784799, 1.447729462100487, 1.828361100482998, 3.147849199101917, 1.661412728001949, 2.854225577109728, 2.2696569644306317, 3.7255292002129994, 1.5114645971401697, 2.906999434492329, 1.9028008085954262, 3.1564500309473367, 2.3286547299807743, 3.6491225920560013, 1.6575175160677609, 2.2277750401800205, 2.3078445768248974, 2.531852907636346, 2.728973113403548, 1.2492781287029124, 2.3903580459096547, 0.7878843584999411, 0.7547001336012527, 0.37760818159567267, 0.3496814288361305, 3.673391773090814, 1.317724225421913, 1.0603132724828732, 0.343470811837959, 2.3683438688467735, 0.7637156822071367, 2.6902894683464287, 2.5452869539043874, 1.8123193955883687, 1.1480692742349152, 0.9312774332477447, 1.7723608965627213, 2.1657554334022393, 2.174715872662767, 0.9411693265995269, 1.6316172107585318, 2.648544224750087, 2.135184906618203, 0.6181972590158167, 1.8578895407538703, 0.5715328801937696, -0.18269735797735098, 3.2969856154900623, 2.4540809148571854, 3.378979099937636, 2.205682763977044, 2.5725487518562535, 1.7567028359897239, 1.7035436370041477, 2.7140473345883276, 3.0786592360185514, 0.25280603224226983, 1.4208467869871177, 0.7542471423015107, 2.4259011657978, 1.3570618048545713, 3.589260257911884, 1.6263226622261713, 0.019353329683133413, 1.2402615115738589, 0.6938611622239361, 1.7227656475237967, 1.3689283680911914, 1.9187356306471421, 0.015532053888589914, 1.3444244860270373, 0.5368029909956022, 2.7230843168432606, 2.439831235560234, 1.0801301770401406, 2.504419191295496, 0.33912624252837453, 1.6038233988131199, 2.804015316573877, 2.2748036570225887, 3.213334882554488, 2.2575289561046503, 3.4312855021161273, 1.0989147359217128, 2.1711071658126393, 1.7102259729394977, 1.5673568038514523, 0.4022996289243381, 0.4427205307335389, 0.5798344058039857, 1.2712381844133178, 3.836132073850261, 3.1080710521584543, 2.1023697400080277, 2.7547963038678485, 2.151066121139882, 0.09365482176744777, 3.1067309364688898, 0.22995932104996708, 0.5106900811484572, 2.3853229318552813, 4.196908814344303, 1.0804959528753322, 1.6122955955693739, 1.508122054587756, 3.412446826953964, 2.6056867623788826, 2.3665573557524953, 0.34916777616924044, 0.7613261622404723, 0.24897728464382451, 1.7194787634242636, 2.622679735065337, 1.2198837935156648, 2.0633522915160096, 3.4810318293100213, 3.066023743708976, 2.0584532457737277, 2.913945105339974, 2.762700961843108, 2.709210421046088, 0.23765941515797762, 0.2026927074984397, 0.372555606290661, 0.1537294286105868, 4.585901862884094, 1.5083507850901556, 2.432440892302453, 2.971009769575944, 2.583588870686119, 2.195577920125003, 2.2771281556296192, 1.1082034190410586, 0.24158076085601365, 3.248167917530957, 