{"model": "catboost_minilm_features-extract_ttr", "type": "test", "seed": 40, "time_start": "2026-03-01T15:21:31.992477", "mse": 0.9552440220505936, "accuracy": 0.3938053097345133, "corr": 0.6971079646162704, "precision": [0.7777777777777778, 0.3090909090909091, 0.32673267326732675, 0.5, 0.6153846153846154, 0.0], "recall": [0.13725490196078433, 0.5151515151515151, 0.6470588235294118, 0.36923076923076925, 0.3333333333333333, 0.0], "f1": [0.23333333333333334, 0.38636363636363635, 0.4342105263157895, 0.4247787610619469, 0.43243243243243246, 0.0], "support": [51, 33, 51, 65, 24, 2], "confusion_matrix": [[7, 26, 18, 0, 0, 0], [1, 17, 13, 2, 0, 0], [1, 8, 33, 8, 1, 0], [0, 4, 33, 24, 4, 0], [0, 0, 4, 12, 8, 0], [0, 0, 0, 2, 0, 0]], "predictions": [1.3719496726989746, 1.2903579473495483, 2.6837668418884277, 1.225344181060791, 0.859063982963562, 1.5781102180480957, 3.0047616958618164, 1.7303519248962402, 1.382500410079956, 2.7098281383514404, 3.1170382499694824, 2.368325710296631, 3.2711706161499023, 1.8822689056396484, 1.626094937324524, 1.7320902347564697, 3.8876242637634277, 0.99303138256073, 1.75631844997406, 3.5749316215515137, 3.892759084701538, 0.19188952445983887, 3.0038297176361084, 1.7782564163208008, 1.4927057027816772, 2.872161388397217, 2.270881175994873, 1.8233011960983276, 2.642235040664673, 2.196777105331421, 3.385645866394043, 1.2558705806732178, 1.993969202041626, 0.9581294059753418, 3.0394182205200195, 2.4489872455596924, 1.360138177871704, 1.9322537183761597, 3.2479395866394043, 0.8881644010543823, 1.1124778985977173, 2.1196935176849365, 1.0067613124847412, 2.0770747661590576, 3.332806348800659, 3.11582350730896, 1.282008171081543, 2.5918593406677246, 1.8273731470108032, 0.6169060468673706, 2.535679340362549, 2.1948208808898926, 3.431480646133423, 1.704509973526001, 3.027761936187744, 0.4936375617980957, 3.068338394165039, 1.979901671409607, 3.746657133102417, 1.7280752658843994, 1.7908198833465576, 2.231344223022461, 2.762235164642334, 2.1184885501861572, 1.5337731838226318, 2.429488182067871, 1.7803959846496582, 1.573390007019043, 1.109494686126709, 2.342024087905884, 1.5845510959625244, 2.5301859378814697, 1.0843453407287598, 0.24975347518920898, 1.1027287244796753, 1.9358134269714355, 1.404134750366211, 1.8397830724716187, 1.4620579481124878, 0.21983742713928223, 1.8765172958374023, 1.8623323440551758, 2.364213466644287, 3.2540528774261475, 0.7521481513977051, 2.126142978668213, 0.07622551918029785, 2.88063383102417, 1.3929979801177979, 1.8879799842834473, 2.9374213218688965, 3.0304465293884277, 2.5647151470184326, 0.8710112571716309, 2.4238829612731934, 0.5102106332778931, 1.373172640800476, 2.0340445041656494, 1.0941392183303833, 1.8830790519714355, 2.661550998687744, 0.22099900245666504, 2.4698729515075684, 2.137103319168091, 0.5879591703414917, 2.0473814010620117, 2.291443347930908, 1.308638095855713, 3.5364675521850586, 1.6196913719177246, 2.5947985649108887, 1.9894709587097168, 2.604573965072632, 2.818556070327759, 1.8925585746765137, 1.0925472974777222, 3.2973389625549316, 2.4264001846313477, 2.6486599445343018, 2.8009071350097656, 3.3964390754699707, 1.5396827459335327, 0.3993368148803711, 2.1987831592559814, 2.931328296661377, 2.410464286804199, 1.5987279415130615, 1.1929974555969238, 1.6114342212677002, 2.1400070190429688, 2.0419273376464844, 3.857123374938965, 1.6789427995681763, 1.6885850429534912, 3.3848466873168945, 3.7119226455688477, 2.4697060585021973, 2.9419779777526855, 1.4149936437606812, 2.0827033519744873, 1.257285714149475, 1.4556690454483032, 2.1221604347229004, 1.8831931352615356, 1.9710566997528076, 2.6452689170837402, 3.084045886993408, 0.47652101516723633, 3.6022024154663086, 1.5904710292816162, 3.303429365158081, 1.1878957748413086, 1.1322249174118042, 0.6850465536117554, 1.1670042276382446, 3.2883400917053223, 1.1063454151153564, 0.9955990314483643, 1.8896048069000244, 2.559286594390869, 2.968127965927124, 2.918123483657837, 2.829399585723877, 0.9774141311645508, 2.4760329723358154, 1.6020317077636719, 1.3733547925949097, 1.4414925575256348, 2.175982713699341, 2.111621856689453, 2.1653759479522705, 1.6711089611053467, 1.8883605003356934, 1.6339366436004639, 2.156470537185669, 2.5432417392730713, 1.6057966947555542, 0.8110235929489136, 0.7360248565673828, 3.3195316791534424, 1.9334115982055664, 1.8621023893356323, 1.0967222452163696, 2.11128306388855, 3.7112669944763184, 2.0795392990112305, 2.102224111557007, 0.903538703918457, 3.8500547409057617, 1.7026379108428955, 1.9027533531188965, 0.7312107086181641, 1.9213672876358032, 2.202683925628662, 1.7477633953094482, 2.3630635738372803, 1.6601612567901611, 0.5055725574493408, 2.3444676399230957, 0.9849976301193237, 1.697470784187317, 1.7914371490478516, 1.8270535469055176, 2.208442449569702, 1.382638931274414, 1.4921355247497559, 3.599496364593506, 1.9921436309814453, 3.916517734527588, 1.873905897140503, 1.2425209283828735, 1.5431851148605347, 1.2864993810653687, 1.7819857597351074, 1.9862887859344482, 1.1739147901535034, 2.6595683097839355, 2.4233946800231934, -0.19092893600463867, 1.829621434211731, 1.4847943782806396, 4.017925262451172, 2.1277048587799072, 2.3237674236297607, 1.8883695602416992, 3.207913398742676], "params": {"iterations": 1510, "learning_rate": 0.014286, "depth": 3, "l2_leaf_reg": 3.4047e-06, "bagging_temperature": 2.5656, "random_strength": 4.1266, "border_count": 207}, "time_end": "2026-03-01T15:21:32.108277"}