{"model": "catboost_minilm_features-minilm", "type": "test", "seed": 40, "time_start": "2026-03-01T14:52:06.675780", "mse": 0.9465438491170756, "accuracy": 0.39823008849557523, "corr": 0.7005559727404915, "precision": [0.75, 0.3050847457627119, 0.3125, 0.56, 0.6153846153846154, 0.0], "recall": [0.11764705882352941, 0.5454545454545454, 0.5882352941176471, 0.4307692307692308, 0.3333333333333333, 0.0], "f1": [0.2033898305084746, 0.391304347826087, 0.40816326530612246, 0.48695652173913045, 0.43243243243243246, 0.0], "support": [51, 33, 51, 65, 24, 2], "confusion_matrix": [[6, 25, 20, 0, 0, 0], [1, 18, 11, 3, 0, 0], [1, 12, 30, 7, 1, 0], [0, 4, 30, 28, 3, 0], [0, 0, 5, 11, 8, 0], [0, 0, 0, 1, 1, 0]], "predictions": [1.2325239181518555, 1.402177333831787, 2.701648712158203, 1.3128650188446045, 0.8415929079055786, 1.410930871963501, 3.107107162475586, 2.0302395820617676, 1.5562688112258911, 2.7498457431793213, 3.162517547607422, 2.3125216960906982, 3.46085786819458, 2.0569021701812744, 1.765729546546936, 1.851930856704712, 3.784602165222168, 1.3199881315231323, 1.5824365615844727, 3.6629934310913086, 3.9351234436035156, 0.22376537322998047, 2.8851799964904785, 1.7371406555175781, 1.8002917766571045, 3.4435651302337646, 2.042602300643921, 1.566213607788086, 2.622579336166382, 2.5703530311584473, 3.5512404441833496, 1.3202842473983765, 1.9547699689865112, 0.9536349773406982, 3.09244441986084, 2.5327279567718506, 1.368072748184204, 1.8848304748535156, 3.05614972114563, 0.6414721012115479, 1.5248973369598389, 2.1235837936401367, 0.9210129976272583, 1.9221692085266113, 3.5440382957458496, 2.7309186458587646, 1.1816537380218506, 2.8343992233276367, 2.040402412414551, 0.4757964611053467, 2.3122029304504395, 2.376396656036377, 3.392409324645996, 1.8866851329803467, 3.3258161544799805, 0.5560004711151123, 3.027963638305664, 1.8118231296539307, 3.6770379543304443, 1.4256641864776611, 1.7108674049377441, 2.2315568923950195, 2.672546625137329, 1.724927544593811, 1.621457576751709, 2.4708001613616943, 1.6593146324157715, 1.2224841117858887, 1.2161645889282227, 2.3821794986724854, 2.002053737640381, 2.5462045669555664, 1.3861432075500488, 0.6440954208374023, 1.0014426708221436, 1.8355517387390137, 1.4947677850723267, 1.525564432144165, 1.6335636377334595, 0.28595948219299316, 1.6688849925994873, 1.9056676626205444, 2.5783913135528564, 3.342776298522949, 0.9266407489776611, 2.1069135665893555, 0.2630164623260498, 2.7592129707336426, 1.4608087539672852, 1.9112021923065186, 3.186993360519409, 2.786257266998291, 2.609874963760376, 0.6874880790710449, 2.417772054672241, 0.4461045265197754, 1.3977153301239014, 2.0712101459503174, 1.2206255197525024, 1.7355817556381226, 2.463974714279175, 0.16023612022399902, 2.377680778503418, 2.1252548694610596, 0.7330935001373291, 2.252856731414795, 2.3307178020477295, 1.2291065454483032, 3.4576196670532227, 1.759059190750122, 2.8316800594329834, 1.5344433784484863, 2.6321802139282227, 2.9540257453918457, 1.7623436450958252, 1.1035521030426025, 3.253563642501831, 2.410334348678589, 2.6239681243896484, 2.8016645908355713, 3.1823742389678955, 1.5743539333343506, 0.35159969329833984, 2.279855251312256, 2.999237537384033, 2.509709596633911, 1.7555593252182007, 1.7174484729766846, 1.436124324798584, 1.8513904809951782, 1.9094864130020142, 3.49334454536438, 1.5996850728988647, 1.3926029205322266, 3.3779497146606445, 3.7991909980773926, 2.102534770965576, 2.9777255058288574, 0.6591578722000122, 2.0770211219787598, 0.956487774848938, 1.2327561378479004, 2.130709648132324, 1.8595314025878906, 1.9704947471618652, 2.940147638320923, 3.2721567153930664, 0.8587570190429688, 3.500462055206299, 1.2292602062225342, 3.4360978603363037, 1.2856526374816895, 1.0632667541503906, 0.920055627822876, 0.9393408298492432, 3.410370111465454, 1.1565098762512207, 0.8808149099349976, 1.9907848834991455, 2.64298939704895, 3.1274731159210205, 2.9476022720336914, 2.3908700942993164, 1.214852213859558, 2.4866583347320557, 1.4775240421295166, 1.731741189956665, 1.4266597032546997, 2.258169174194336, 2.283005952835083, 1.8885908126831055, 1.3345307111740112, 2.0225367546081543, 1.8415319919586182, 2.070518970489502, 2.608079433441162, 1.7876675128936768, 0.6982892751693726, 0.9167464971542358, 3.438262701034546, 1.681138277053833, 2.0007500648498535, 1.3198902606964111, 2.172761917114258, 3.6315174102783203, 1.9137823581695557, 1.9935383796691895, 0.8757667541503906, 3.8055195808410645, 1.4509583711624146, 1.7502962350845337, 0.6927261352539062, 2.3506662845611572, 2.3818795680999756, 1.4273340702056885, 2.376730442047119, 1.589856743812561, 0.6379636526107788, 2.2031469345092773, 1.0538837909698486, 1.5968434810638428, 1.732574224472046, 2.242643117904663, 1.9817283153533936, 1.145472764968872, 1.5674535036087036, 3.526066303253174, 2.2007923126220703, 3.682516098022461, 1.8487534523010254, 1.4323457479476929, 1.261295199394226, 1.28042471408844, 1.7591450214385986, 1.770405888557434, 0.8095924854278564, 2.8116204738616943, 2.5761101245880127, -0.12763476371765137, 1.9641703367233276, 1.5103836059570312, 4.039981365203857, 2.1663386821746826, 2.317335367202759, 1.9323711395263672, 3.199366807937622], "params": {"iterations": 1510, "learning_rate": 0.014286, "depth": 3, "l2_leaf_reg": 3.4047e-06, "bagging_temperature": 2.5656, "random_strength": 4.1266, "border_count": 207}, "time_end": "2026-03-01T14:52:06.785276"}