{"model": "catboost_minilm_features-extract_entity_categories", "type": "test", "seed": 41, "time_start": "2026-03-01T16:20:42.829839", "mse": 0.9588132166202283, "accuracy": 0.37610619469026546, "corr": 0.6948816615317075, "precision": [0.7777777777777778, 0.30357142857142855, 0.3137254901960784, 0.46808510638297873, 0.5833333333333334, 0.0], "recall": [0.13725490196078433, 0.5151515151515151, 0.6274509803921569, 0.3384615384615385, 0.2916666666666667, 0.0], "f1": [0.23333333333333334, 0.38202247191011235, 0.41830065359477125, 0.39285714285714285, 0.3888888888888889, 0.0], "support": [51, 33, 51, 65, 24, 2], "confusion_matrix": [[7, 27, 16, 1, 0, 0], [1, 17, 13, 2, 0, 0], [1, 9, 32, 8, 1, 0], [0, 3, 36, 22, 4, 0], [0, 0, 5, 12, 7, 0], [0, 0, 0, 2, 0, 0]], "predictions": [1.391675353050232, 1.2169467210769653, 2.7940635681152344, 1.0775341987609863, 0.9334254264831543, 1.2935665845870972, 2.9822285175323486, 1.693808913230896, 1.3332265615463257, 2.440584182739258, 3.0302934646606445, 2.2585012912750244, 3.396573066711426, 1.7338664531707764, 1.7390693426132202, 1.6876444816589355, 4.032702922821045, 1.089639663696289, 1.6295377016067505, 3.4434359073638916, 3.985158920288086, 0.1135714054107666, 2.9505832195281982, 1.8020957708358765, 1.6304502487182617, 2.8685948848724365, 2.020810127258301, 1.932466745376587, 2.462185859680176, 2.282543659210205, 3.5384223461151123, 1.0061825513839722, 2.083556890487671, 1.1603174209594727, 3.044910430908203, 2.2441179752349854, 1.4056625366210938, 1.9818812608718872, 2.875217914581299, 0.8674869537353516, 1.3420816659927368, 2.2177863121032715, 1.1375006437301636, 2.1214427947998047, 3.3267018795013428, 3.2822232246398926, 1.3277417421340942, 2.706486225128174, 1.878380537033081, 0.5446553230285645, 2.724651575088501, 2.058084011077881, 3.303940534591675, 1.6803815364837646, 3.095874309539795, 0.5917003154754639, 3.0101261138916016, 2.122725009918213, 3.8309483528137207, 1.5463933944702148, 1.7261074781417847, 2.172797203063965, 2.6213090419769287, 2.1021971702575684, 1.5780776739120483, 2.363447666168213, 1.9655821323394775, 1.64451003074646, 1.2773982286453247, 2.4343721866607666, 1.6977492570877075, 2.4251770973205566, 1.1262285709381104, 0.4492378234863281, 1.1294139623641968, 1.8367383480072021, 1.387925148010254, 1.8377821445465088, 1.7036737203598022, 0.19124817848205566, 1.741361379623413, 1.9417078495025635, 2.2609612941741943, 3.42525315284729, 0.7851591110229492, 1.8709357976913452, 0.10659670829772949, 2.692981481552124, 1.4842253923416138, 1.7364859580993652, 3.034160614013672, 2.9054348468780518, 2.589097023010254, 0.9010485410690308, 2.2019429206848145, 0.4389066696166992, 1.4078088998794556, 1.8994767665863037, 1.2137669324874878, 1.764601707458496, 2.8062448501586914, 0.3551905155181885, 2.2259485721588135, 2.1456518173217773, 0.844809889793396, 2.1865649223327637, 2.2122244834899902, 1.2500061988830566, 3.361612558364868, 1.5610594749450684, 2.7273004055023193, 1.8373814821243286, 2.7564778327941895, 2.955812454223633, 1.786482810974121, 0.8942239284515381, 3.0956287384033203, 2.260105609893799, 2.606233835220337, 2.73138165473938, 3.191068649291992, 1.4461543560028076, 0.26981163024902344, 2.2667922973632812, 2.971742630004883, 2.441262722015381, 1.6299536228179932, 1.4576995372772217, 1.561495304107666, 2.113917350769043, 2.04758882522583, 3.6355881690979004, 1.603541612625122, 1.5139741897583008, 3.437955856323242, 3.9109554290771484, 2.264388084411621, 3.1057238578796387, 1.2697504758834839, 2.320765256881714, 0.9277199506759644, 1.5610988140106201, 2.1639652252197266, 1.6575193405151367, 2.0949673652648926, 2.878863573074341, 3.1838595867156982, 0.43528246879577637, 3.7629332542419434, 1.3482154607772827, 3.466447353363037, 1.404626488685608, 1.0809226036071777, 0.7068358659744263, 1.2413465976715088, 3.199406385421753, 1.1453629732131958, 0.7706054449081421, 2.033430337905884, 2.6252057552337646, 2.9164021015167236, 2.962916374206543, 2.676208972930908, 1.035114049911499, 2.4189300537109375, 1.6115577220916748, 1.6193201541900635, 1.0891681909561157, 2.164576292037964, 2.0602993965148926, 2.087874174118042, 1.764026165008545, 2.094064712524414, 1.3682280778884888, 2.119075059890747, 2.5185701847076416, 1.399475336074829, 0.9012289047241211, 0.8940727710723877, 3.4531314373016357, 1.6940666437149048, 1.8663218021392822, 1.0630550384521484, 2.145209312438965, 3.9495558738708496, 1.9853651523590088, 2.1786720752716064, 0.862464427947998, 4.091102123260498, 1.5704656839370728, 1.9954769611358643, 0.6605676412582397, 2.020294666290283, 2.388258457183838, 1.5360620021820068, 2.5067756175994873, 1.675361156463623, 0.557861328125, 2.2268316745758057, 0.9216502904891968, 1.7153339385986328, 1.5139446258544922, 2.058762550354004, 1.978542447090149, 1.2382476329803467, 1.5103461742401123, 3.5733542442321777, 1.9416282176971436, 3.893096685409546, 1.9202133417129517, 1.3874019384384155, 1.4178800582885742, 1.4145320653915405, 1.9971835613250732, 1.7605316638946533, 1.281160831451416, 2.736337423324585, 2.4890620708465576, -0.1779770851135254, 1.812215805053711, 1.4379328489303589, 3.928734540939331, 2.218968152999878, 2.214735507965088, 2.0052542686462402, 3.166565179824829], "params": {"iterations": 1510, "learning_rate": 0.014286, "depth": 3, "l2_leaf_reg": 3.4047e-06, "bagging_temperature": 2.5656, "random_strength": 4.1266, "border_count": 207}, "time_end": "2026-03-01T16:20:42.939185"}