{"model": "catboost_minilm_features-extract_syllable_count_avg", "type": "train", "seed": 40, "train_losses": [], "val_losses": [], "time_start": "2026-03-01T15:27:51.262103", "mse": 0.11110213234178755, "accuracy": 0.8801546391752577, "corr": 0.9817180263298101, "precision": [0.99, 0.8455882352941176, 0.7098765432098766, 0.8602941176470589, 0.9576271186440678, 1.0], "recall": [0.8389830508474576, 0.8914728682170543, 0.9583333333333334, 0.7748344370860927, 0.875968992248062, 0.9612403100775194], "f1": [0.908256880733945, 0.8679245283018868, 0.8156028368794326, 0.8153310104529616, 0.9149797570850202, 0.9802371541501976], "support": [118, 129, 120, 151, 129, 129], "confusion_matrix": [[99, 19, 0, 0, 0, 0], [1, 115, 13, 0, 0, 0], [0, 2, 115, 3, 0, 0], [0, 0, 34, 117, 0, 0], [0, 0, 0, 16, 113, 0], [0, 0, 0, 0, 5, 124]], "predictions": [2.6897135201058364, 1.3284303783813383, 0.21877605188421212, 3.9114062341301903, 1.486260310688251, 3.675036454734525, 2.517708268828486, 2.771346154903715, 2.3794572647176673, 2.886241931246664, 1.816412924021418, 3.757808470003709, 3.031577808132391, 2.9258314911365595, 1.61863792591448, 0.4411347028192778, 1.7656657249979901, 3.0101592582971333, 2.870179439806522, 1.7501922681157516, 1.3925531154633424, 0.5379268729572735, 0.7410298726439759, 1.8242486019001807, 1.0754167557726821, 2.887771117613132, 0.17667371767609152, 2.82996663971031, 1.0812306971697716, 2.583853020658439, 1.705566717544783, 2.256867349387673, 1.3249815994364043, 2.8911642073582042, 0.9853192403768336, 1.7029841103798198, -0.006379652650480239, 0.4171811808135719, 0.20795199688676247, 1.7522756550510818, 3.780494435743312, 2.4307373969440236, 1.0914147360505253, 1.5640619959917672, 0.48008590516009075, 2.161866887716157, 2.5006622094935245, 3.925133041629759, 0.16326964953699497, 0.06034026864879971, 1.007905327079841, 0.43634566711503675, 2.486825978696943, 1.377876094062187, 3.084318404015109, 3.9620484614226212, 2.0671709540773646, 2.410993042209753, 2.7963206089172474, 4.201997971927317, 2.698277156855995, 0.2884999929630703, 3.228331891740992, 0.4402620224193612, 2.6755841545137047, 2.2335118243994807, 1.972826891717777, 1.2859793173426581, 2.0172043501340156, 3.011304503726152, 1.7033129564599698, 0.10831488964236602, 0.2992112827840647, 2.7018203536683276, 0.2388797864970762, 0.09355926634435718, 0.19265156618258272, 2.0899732642824285, 3.7456798415393795, 3.7327156569410795, 1.8766849805199728, 1.795664242648268, 2.678623411355318, 2.173783283221356, 3.9947502317259986, 0.9982080044811403, 0.30566171981876833, 2.8845629850448278, 3.156607999730113, 0.10382096166087207, 2.245249088574461, 2.6784178249516777, 3.4630380146297943, 1.4869362632786978, 3.511324892040683, 2.1452571865461474, 1.454812037217171, 0.5976101067338115, 2.8028537700378897, 1.1862393298055953, 2.494900627697564, 1.1816100547494952, 1.244727113766599, -0.07189058047811558, 1.9326263040375014, 0.5243654891489822, 3.2136743445173286, 0.28880632661892003, 0.22837033525587813, 2.331567492850684, 0.6119023422357173, 4.345687979130357, 1.210084731653257, 0.20302936448864362, -0.01882527755750818, 2.4566221691355508, 0.3240382537709392, 3.180334544770907, 2.761907596645024, 0.3601376314760043, 0.17984085494272728, 4.425373173600955, 0.2637621422395098, 1.5372967806986166, 2.3077650658313758, 1.9466856273206412, 2.416644585808007, 0.33824673335055744, 1.999369920505477, 1.6319038967077382, 0.5824432712870127, 2.1781739208045185, 3.7775710973381766, 1.7039846545583814, 0.037911032919512255, 2.2352758503156704, 1.7487193059253094, 0.42694292192366934, -0.11748905858027259, 0.7364231281694451, 2.3348234243877486, 3.702152560991394, 2.026761311081361, 1.176442767459842, 0.5188844344562253, 2.6419788312747925, 0.1810248543602948, 2.566530866748799, 2.257632093034699, 2.81164162031097, 2.889635239666074, 3.0365076857326807, 3.69882719643448, 3.939310811760432, 0.29744536271193445, 0.07817050366228218, 0.9716796822800939, 3.796432665876694, 1.5359282954154942, 0.23353702933523746, 2.162388084726629, 3.803073346367955, 2.325623094862903, 1.1875852497317372, 2.8373499882376225, 3.1857805734021687, 2.469140739979414, 2.635427028374219, 1.9089237540883621, 1.0006241801330658, 2.0450545003780736, 2.4354761662439324, 2.988115470666171, 2.7884400585064086, 1.810651794800228, 0.024425384553228735, 1.1783932217671949, 1.8171374596220469, 0.5932349462310724, 3.629111021073127, 3.6004180201359675, 2.758889732715393, 2.531685405117342, 0.4535507845900488, 2.7234406365857304, 1.6643049835048904, 2.5033511624929554, 1.8367783520675283, 2.57530955666127, 3.4048359585105525, 4.375416668839865, 2.4548903969383202, 1.679322743191109, 1.0957628072542527, 1.762494221372827, 3.1171383806136994, 3.5400602867450077, 4.1224540291450715, 2.6469110742288673, 1.6479453851637935, 1.2698571263069798, 1.1553453811526966, 2.131599896501674, 2.3648649479067347, 3.229883586968502, 0.38510385799170654, 1.3454184544456758, 1.7121764166714708, 2.26044929541494, 0.7277489143206828, 3.0546047365479208, 2.0555017799538335, 3.0613025145340327, 3.9207977584178533, 1.7692945584334558, 1.6244198114666464, 1.4811597882562104, 2.4297384024629323, 1.7290877503091293, 1.3027786281021307, 2.847872206340024, 1.6673416660925664, 0.3805029255638379, 1.4803077339403217, 3.0769524895002296, 2.8784431114079867, 2.648440336374621, 1.6194631983376981, 1.930945918597995, 3.3715550666133005, 1.5894597420883996, 3.0036534411555786, 2.3543185510736375, 3.857111778155673, 1.6300676956112576, 2.888415547837247, 2.093152105667087, 2.7725657833843185, 2.3028925224001267, 3.9054053373062105, 1.67226759605417, 2.2079861090501676, 2.4552852654855775, 2.518440689511443, 2.7653970892004334, 1.1898045990673196, 2.352572620560846, 0.8580705798518264, 0.4895330582657107, 0.2589725394197715, 0.375607606013304, 3.845983428664532, 1.308962764881839, 1.115012387549965, 0.4638067242006687, 2.6187955112596484, 0.6538189867990596, 2.7208465408369027, 2.473236667107931, 1.8887851248178844, 0.9056658761788894, 0.7937965543575394, 1.6517878791848577, 2.095185624960114, 2.231681898659725, 1.17720638492196, 1.713713028860885, 2.5956768692946364, 2.1587713532999637, 0.5046481577617781, 1.8291863729920874, 0.5831467974057825, 0.12175683631352507, 3.2481653807359616, 2.570822223551878, 3.388089728528388, 2.352524533624436, 2.5958501296244454, 1.7610567422611436, 1.7053362677884254, 2.7312841308854705, 2.934770426116428, 0.2045856082588302, 1.4958529445360276, 0.8626782679908234, 2.531610186350687, 1.4036124949035287, 3.8592630326224704, 1.859341018275681, 0.12308316205446745, 1.276895132723339, 0.8176525818053462, 1.8415869304468475, 1.2877804481508655, 2.16937844327724, -0.035511743071960034, 1.308909966991966, 0.6386912324386902, 2.6901582096463885, 2.44554481383912, 1.1787229835399682, 2.5880773960054086, 0.3053435767070849, 1.6217419375670956, 2.8184362483356433, 2.2481201540271805, 3.1665451418284936, 2.2068149150193097, 3.483174806692062, 1.066342573618118, 2.1904667525969375, 1.8144731572183606, 1.514050022958246, 0.37035590389171524, 0.4583494944938522, 0.3605279322925248, 1.149634510926265, 3.761764418814832, 3.377117675085452, 2.060462426667888, 2.707405182015391, 2.10634054827998, 0.23260731837132242, 3.1770282208179736, 0.17683504413378381, 0.3466649378028177, 2.3483070400705133, 3.8585700201361943, 1.0944145102418825, 1.7289697022237602, 1.3703006092367527, 3.436168936157364, 2.5737241428118973, 2.364606631677339, 0.23129630139570168, 0.7561134870741197, 0.3291336704736838, 1.834975789977849, 2.711861834557698, 1.1092968730259885, 1.9546890588996007, 3.6591979221587785, 3.2366967308757046, 2.127061048420887, 2.9577605386894237, 2.7832957251973114, 2.6954216848740105, 0.3924492070965857, 0.19162691131373188, 0.4963875913946034, 0.12143796425159348, 4.711524775171066, 1.5615730162150707, 2.515409660995781, 3.0648887580827475, 2.7274655700282007, 2.1115434145527012, 2.386232961623601, 1.0080231077440256, 0.3558452835338217, 3.335892357306256, 0.3673450292071454,