{"model": "catboost_minilm_features-extract_numeric_word_ratio", "type": "train", "seed": 42, "train_losses": [], "val_losses": [], "time_start": "2026-03-01T15:18:55.891263", "mse": 0.1086885160884237, "accuracy": 0.8762886597938144, "corr": 0.9821342070632338, "precision": [0.9897959183673469, 0.8405797101449275, 0.7116564417177914, 0.8507462686567164, 0.9491525423728814, 1.0], "recall": [0.8220338983050848, 0.8992248062015504, 0.9666666666666667, 0.7549668874172185, 0.8682170542635659, 0.9689922480620154], "f1": [0.8981481481481481, 0.8689138576779026, 0.8197879858657244, 0.8, 0.9068825910931174, 0.984251968503937], "support": [118, 129, 120, 151, 129, 129], "confusion_matrix": [[97, 21, 0, 0, 0, 0], [1, 116, 12, 0, 0, 0], [0, 1, 116, 3, 0, 0], [0, 0, 35, 114, 2, 0], [0, 0, 0, 17, 112, 0], [0, 0, 0, 0, 4, 125]], "predictions": [2.6662510804313095, 1.2878439125058212, 0.1356866839981814, 3.904410930621136, 1.439607739384695, 3.709093533653165, 2.4967821888244335, 2.6540196024161657, 2.352010426092801, 3.0008911790831703, 1.87694742320277, 3.895250195062184, 2.9941987178687817, 3.0773751303340853, 1.5729166478943317, 0.42136566401995346, 1.732938750178419, 2.8816931714316683, 2.8346124333313436, 1.7904203599429076, 1.409521449024396, 0.6457187562489486, 0.8171015881868433, 1.752864990775611, 1.0546978004460343, 2.8700738034176174, 0.1870654857193781, 2.7805881399842436, 1.0309063325641716, 2.699323735795137, 1.7747787728665578, 2.318368963305061, 1.382781178227885, 2.9303976957742743, 1.0463782739161038, 1.7268439774744249, 0.07202369614753401, 0.41591428137559516, 0.1671904090632479, 1.6963124745951537, 3.7574034334897215, 2.5797687939881304, 1.0847292259571473, 1.537232627664192, 0.5022571522000661, 2.064060791544442, 2.46441384912305, 3.8534046163756646, 0.19605586039679324, 0.2162887590995708, 1.0268485195711563, 0.46631850218632254, 2.5659675529642705, 1.3801136879184637, 3.030395915442539, 3.874799527523524, 1.9853264841925045, 2.391152485836022, 2.7604343796162176, 4.124652371037515, 2.856428354563778, 0.24977391293281848, 3.2805254908424484, 0.38807033779498346, 2.759745528543142, 2.2986467811136113, 1.9538761216699783, 1.3034292586663252, 1.9653577374044642, 2.946155830893523, 1.800108466867669, 0.09726897995488937, 0.3180451635977022, 2.774835129145134, 0.25215460753822017, 0.09183924704336022, 0.22402645032692847, 2.1855320806615137, 3.7794628373803496, 3.734970511441005, 1.8919807888267983, 1.7216844819798958, 2.710458929799302, 2.2051557938798254, 3.9531441846948354, 0.9704104082032108, 0.27726413250710014, 2.9403283134776586, 3.1183033431619354, 0.13266642021453334, 2.1944760646696566, 2.6302499308047707, 3.430390520333953, 1.5109839291583156, 3.555031334421972, 2.1624176765964647, 1.4379043237479299, 0.564898505268653, 2.827788782062326, 1.1321788206972996, 2.594492256218753, 1.1302490528002893, 1.1157668078694698, 0.031249602714860547, 1.9649913588021601, 0.5036778096383738, 3.303999902455355, 0.28035421396164484, 0.21819243332633587, 2.422378916988038, 0.5094105831526148, 4.345795103287682, 1.3234339087713145, 0.18404792415273663, 0.05864356276820537, 2.431203335547142, 0.4360134020365969, 3.2004591923424774, 2.680277688373323, 0.3885090200008978, 0.16561547939970955, 4.328196962499475, 0.2274365083739105, 1.4448554953214232, 2.354520517517578, 1.9812699142510988, 2.5328618572197477, 0.27974449305378357, 1.92243891878047, 1.5939418141380695, 0.6514405986088754, 2.2209093698509523, 3.918765109387169, 1.639396858533551, 0.08072633450455147, 2.256870620558726, 1.6886995128654878, 0.41264583388355147, -0.15900342611113683, 0.7547581933203009, 2.438222926663726, 3.780288345059688, 2.0743225268716428, 1.2619028534257342, 0.46046374644154575, 2.662961905154849, 0.11643666175669853, 2.5298333805657007, 2.250411368804959, 2.8405199244587447, 2.877712253139811, 3.0946419794462963, 3.668472833826146, 3.9165716864763525, 0.19323009322387152, 0.10537843585066886, 1.056903375206856, 3.593937189791462, 1.555471014796089, 0.10315322616660882, 2.170444780640895, 3.9029360732059692, 2.295121976971905, 1.0994204945421817, 2.9975684947448618, 3.1468451370502306, 2.4907780021294434, 2.5596409299156813, 1.9110575590100116, 0.9317011348542492, 1.8612622039575817, 2.3234080057240183, 2.966571978363555, 2.7227518550822745, 1.8682483286497047, 0.026371954510858497, 1.173493070876801, 1.9193623137405682, 0.5973607278556377, 3.658371377775915, 3.7142751718599367, 2.6650637992833475, 2.630660520606933, 0.3881019072453178, 2.6911112135666877, 1.60063376081523, 2.5422104277901436, 1.8230090739761253, 2.60179912087764, 3.519957343619515, 4.439334429253571, 2.480331784679247, 1.6607762094211846, 1.1919826747463325, 1.7976215248164764, 2.981790553098999, 3.532599185048232, 4.02553304255295, 2.6439870010036732, 1.6008199272117094, 1.3744739414700151, 1.1326042797738733, 2.2233648952426504, 2.269035244133637, 3.2341677477568336, 0.32991424315863105, 1.3208110986496167, 1.7700774874025687, 2.2452067847453785, 0.709473603147627, 3.1438238730457924, 1.9756606954679494, 3.0709868284148967, 3.941599603307437, 1.7351950191307162, 1.6261480444553404, 1.4537551813069087, 2.382138625462156, 1.7968942376701211, 1.2762065162207201, 2.8769115896056228, 1.6948072713727438, 0.3820838424023809, 1.45150952912151, 3.1427646164140546, 2.978121925970589, 2.7897750581809966, 1.6076460089935982, 1.76402372696181, 3.3547144626747825, 1.5152218685532057, 3.009071319263034, 2.379054082170494, 3.7726952293652425, 1.6595448978552332, 2.854023194251126, 1.9591267691877476, 2.8279825805357772, 2.3228233083881005, 3.823800108980766, 1.5185883548530636, 2.33897470181542, 2.3852504582178833, 2.628835613658859, 2.736054031663729, 1.1240329583441202, 2.381794390305003, 0.9145688832596608, 0.5636208063164718, 0.29343391891068027, 0.3911510828966773, 3.8065267811458505, 1.2938813702819547, 1.0709607487880548, 0.4390336677636779, 2.6930908509640616, 0.5603144808148088, 2.7317097749102563, 2.42375669166705, 1.808829855371092, 0.9309847562399869, 0.7787098378191994, 1.8172021964725427, 2.056769772312668, 2.2168516824186364, 1.156760481946036, 1.7088604576048132, 2.576031438619256, 2.1128146985520604, 0.5977467978114095, 1.7831793300357826, 0.6187442597533301, 0.15161451527158443, 3.20533057332431, 2.7045652427493145, 3.379052858817927, 2.3482943494658923, 2.634304219302563, 1.8777027529493018, 1.6990098063435835, 2.6827706362092254, 2.931168667666702, 0.2575346587337526, 1.4088396887621217, 0.886961515069604, 2.4760248018407167, 1.3327317278647386, 3.8940425433415022, 1.6961278268121813, 0.09046410238540759, 1.3161518654090287, 0.7509710985652851, 1.8244353598171439, 1.2599629906184933, 2.083798435544521, 0.04600355384703825, 1.337032948796622, 0.6079501418175648, 2.6909284993226064, 2.4968036636551356, 1.2968699434506716, 2.6992539616722535, 0.3887066710822862, 1.6173583354343994, 2.8286870083015825, 2.2187886812854094, 3.061644728934363, 2.2163705298112264, 3.6157580542896692, 1.0563498662043336, 2.270048324811414, 1.7226546144962362, 1.449527537890351, 0.41897468360000634, 0.4142323376692052, 0.4423536165216402, 1.1772621147750075, 3.770450655144487, 3.4231222710983347, 2.039404945421398, 2.6634351470951456, 2.105803567292858, 0.2685873227997799, 3.213165560692093, 0.11160088255395495, 0.30863620909660305, 2.409531449938581, 3.9818122282944124, 1.0698348585842654, 1.728723770334849, 1.4384430249472597, 3.5023616161853854, 2.625222468840226, 2.2629754807540716, 0.1780337437893662, 0.7264862587669361, 0.34344702993059295, 1.8198795904767955, 2.598599348147219, 1.077287260605337, 1.9615171330998187, 3.671975722054432, 3.2114318349700115, 2.1461993364164833, 3.0381197747630373, 2.8335911081634504, 2.6354326169865265, 0.39071995769226087, 0.18259105061039582, 0.5309555078647343, 0.16465820186103297, 4.596522066971723, 1.6221766057711466, 2.3739308038977884, 2.954550455495445, 2.726179531014329, 2.271262830274753, 2.487899776792908, 0.9665212517999833, 0.29427278860436523, 3.243468263776279, 