{"model": "catboost_minilm_features-extract_lexical_density", "type": "test", "seed": 42, "time_start": "2026-03-01T15:27:51.088920", "mse": 0.964697486852365, "accuracy": 0.39823008849557523, "corr": 0.6927624953599419, "precision": [0.7272727272727273, 0.3090909090909091, 0.32673267326732675, 0.5217391304347826, 0.6153846153846154, 0.0], "recall": [0.1568627450980392, 0.5151515151515151, 0.6470588235294118, 0.36923076923076925, 0.3333333333333333, 0.0], "f1": [0.25806451612903225, 0.38636363636363635, 0.4342105263157895, 0.43243243243243246, 0.43243243243243246, 0.0], "support": [51, 33, 51, 65, 24, 2], "confusion_matrix": [[8, 25, 18, 0, 0, 0], [1, 17, 13, 2, 0, 0], [2, 9, 33, 7, 0, 0], [0, 4, 32, 24, 5, 0], [0, 0, 5, 11, 8, 0], [0, 0, 0, 2, 0, 0]], "predictions": [1.2081198692321777, 1.2619746923446655, 2.6711435317993164, 1.1080962419509888, 0.9592734575271606, 1.4324126243591309, 3.1167917251586914, 1.6506197452545166, 1.4382518529891968, 2.387726306915283, 2.9455575942993164, 2.3466410636901855, 3.557375431060791, 1.815328598022461, 1.6809134483337402, 1.7647950649261475, 3.832699775695801, 0.8938256502151489, 1.4261733293533325, 3.5844597816467285, 3.9854373931884766, 0.0726168155670166, 3.1617238521575928, 1.8188523054122925, 1.3952596187591553, 2.807249069213867, 2.182189702987671, 1.949155569076538, 2.5104708671569824, 2.2935235500335693, 3.5759382247924805, 1.2064160108566284, 1.8510444164276123, 0.9913090467453003, 3.0632576942443848, 2.368497610092163, 1.508300542831421, 2.0946707725524902, 3.0589799880981445, 0.7812318801879883, 1.3691785335540771, 2.1233673095703125, 1.0096230506896973, 1.9138678312301636, 3.3036184310913086, 3.241115093231201, 1.3283940553665161, 2.4803872108459473, 1.9671847820281982, 0.3814847469329834, 2.437110424041748, 1.9736933708190918, 3.301694393157959, 1.7648332118988037, 3.2643096446990967, 0.35799312591552734, 3.1753287315368652, 1.9763929843902588, 3.7456870079040527, 1.7494875192642212, 1.9283267259597778, 1.9541678428649902, 2.7555840015411377, 2.1441407203674316, 1.5608158111572266, 2.4908511638641357, 1.9508262872695923, 1.852123498916626, 1.2681939601898193, 2.4231979846954346, 1.6528211832046509, 2.5073328018188477, 1.2197121381759644, 0.25722408294677734, 1.083253026008606, 1.9950618743896484, 1.3679239749908447, 1.9465131759643555, 1.4875465631484985, 0.15389227867126465, 1.9032831192016602, 1.8634963035583496, 2.401033878326416, 3.431609869003296, 0.8580857515335083, 1.9512314796447754, 0.3350541591644287, 2.7748754024505615, 1.4378327131271362, 1.7068140506744385, 3.0742006301879883, 3.0342471599578857, 2.740938186645508, 1.0084373950958252, 2.26560378074646, 0.4540843963623047, 1.5132849216461182, 2.0052685737609863, 1.1109135150909424, 1.8571858406066895, 2.5940821170806885, 0.18680810928344727, 2.441985845565796, 2.091923475265503, 0.6879394054412842, 1.9564927816390991, 2.3147947788238525, 1.395127296447754, 3.453061580657959, 1.4854285717010498, 2.3928630352020264, 1.8849214315414429, 2.6637911796569824, 3.0384559631347656, 1.7656967639923096, 0.9671611785888672, 3.305128574371338, 2.498178482055664, 2.911571502685547, 2.7638566493988037, 3.357651710510254, 1.6150422096252441, 0.22614002227783203, 2.21875262260437, 2.966470241546631, 2.6026365756988525, 1.7142102718353271, 1.2497243881225586, 1.398078441619873, 2.091376543045044, 2.332840919494629, 3.6000804901123047, 1.6558468341827393, 1.53139066696167, 3.3913707733154297, 3.8103528022766113, 2.123387336730957, 3.0715959072113037, 1.1882495880126953, 2.2166495323181152, 1.122635841369629, 1.526698350906372, 2.1285300254821777, 1.5450745820999146, 2.1433143615722656, 2.906538963317871, 3.2652652263641357, 0.5661762952804565, 3.7604787349700928, 1.3567991256713867, 3.1973066329956055, 1.090819239616394, 1.1399075984954834, 0.7951323986053467, 1.2808122634887695, 3.4775328636169434, 1.130540132522583, 0.9452707767486572, 1.8780598640441895, 2.5826961994171143, 2.9757449626922607, 3.0901477336883545, 2.782726764678955, 1.2170541286468506, 2.2987895011901855, 1.4370096921920776, 1.522442102432251, 1.2898770570755005, 2.3667843341827393, 2.082750082015991, 2.125852584838867, 1.899886131286621, 1.885111689567566, 1.594198226928711, 2.0666940212249756, 2.5476789474487305, 1.4066823720932007, 0.8589317798614502, 0.7872264385223389, 3.298278570175171, 1.7409157752990723, 1.8604578971862793, 1.0742692947387695, 2.2481961250305176, 3.9491944313049316, 1.972267746925354, 2.068850040435791, 0.7506343126296997, 4.080601692199707, 1.5718210935592651, 2.1958534717559814, 0.5927534103393555, 1.9973379373550415, 2.5516271591186523, 1.5019919872283936, 2.4472153186798096, 1.7254242897033691, 0.4957454204559326, 2.211787223815918, 1.105320930480957, 1.7805982828140259, 1.8389149904251099, 1.9775394201278687, 2.2393851280212402, 1.3888081312179565, 1.526362419128418, 3.496908664703369, 1.8692013025283813, 3.8100686073303223, 1.9240272045135498, 1.2655925750732422, 1.8178743124008179, 1.4447861909866333, 1.8263871669769287, 1.9606060981750488, 1.2158371210098267, 2.5124850273132324, 2.418006420135498, 0.017197608947753906, 1.928887128829956, 1.2954130172729492, 3.804633140563965, 2.087270975112915, 2.4936280250549316, 1.9428176879882812, 3.1996660232543945], "params": {"iterations": 1510, "learning_rate": 0.014286, "depth": 3, "l2_leaf_reg": 3.4047e-06, "bagging_temperature": 2.5656, "random_strength": 4.1266, "border_count": 207}, "time_end": "2026-03-01T15:27:51.198273"}