{"model": "catboost_minilm_features-extract_char_ngrams", "type": "test", "seed": 41, "time_start": "2026-03-01T15:00:35.508699", "mse": 1.019909306478845, "accuracy": 0.40707964601769914, "corr": 0.669257986336656, "precision": [0.7777777777777778, 0.296875, 0.3563218390804598, 0.5, 0.6111111111111112, 0.0], "recall": [0.13725490196078433, 0.5757575757575758, 0.6078431372549019, 0.36923076923076925, 0.4583333333333333, 0.0], "f1": [0.23333333333333334, 0.3917525773195876, 0.4492753623188406, 0.4247787610619469, 0.5238095238095238, 0.0], "support": [51, 33, 51, 65, 24, 2], "confusion_matrix": [[7, 27, 12, 5, 0, 0], [1, 19, 11, 2, 0, 0], [1, 10, 31, 8, 1, 0], [0, 8, 27, 24, 6, 0], [0, 0, 6, 7, 11, 0], [0, 0, 0, 2, 0, 0]], "predictions": [0.9277801513671875, 1.2579782009124756, 2.6466994285583496, 1.09346604347229, 0.850655198097229, 0.955796480178833, 3.2349300384521484, 1.417077660560608, 1.2488017082214355, 2.4764633178710938, 3.331174850463867, 2.057955741882324, 3.43983793258667, 2.148833751678467, 1.6863727569580078, 1.5287399291992188, 3.8555400371551514, 1.0120954513549805, 1.667851448059082, 3.798534870147705, 4.3126749992370605, 0.2354907989501953, 3.353835105895996, 1.7398972511291504, 1.4276224374771118, 2.5971391201019287, 2.1558072566986084, 1.694303035736084, 2.2469375133514404, 2.20263671875, 3.7871603965759277, 1.2382926940917969, 1.6784541606903076, 1.3982651233673096, 3.1773741245269775, 2.4743409156799316, 1.2543063163757324, 1.7518305778503418, 2.4932944774627686, 0.8039135932922363, 1.361808180809021, 2.005964517593384, 0.9916015863418579, 1.937175989151001, 3.337920665740967, 3.218966484069824, 1.303171992301941, 2.9023776054382324, 1.5346264839172363, 0.8376477956771851, 2.7228541374206543, 2.408622980117798, 3.523144245147705, 1.9360694885253906, 2.8816871643066406, 0.7225068807601929, 3.0876410007476807, 2.1773743629455566, 3.8634033203125, 1.3262073993682861, 1.8143484592437744, 1.8254693746566772, 2.6779448986053467, 2.093334436416626, 1.3629257678985596, 2.7406868934631348, 1.6030194759368896, 1.4705437421798706, 1.1236906051635742, 2.0366029739379883, 1.384218454360962, 2.692422389984131, 1.4501460790634155, 0.18308067321777344, 0.8632194995880127, 2.082383632659912, 1.3851526975631714, 1.9834243059158325, 1.3833390474319458, 0.3061373233795166, 1.3776295185089111, 1.6422687768936157, 2.5039398670196533, 3.6857988834381104, 0.7146867513656616, 2.3430392742156982, 0.016893386840820312, 2.873406171798706, 1.2833253145217896, 1.9511220455169678, 3.2551236152648926, 3.372864246368408, 2.574751853942871, 0.8931224346160889, 2.2405202388763428, 0.5064564943313599, 1.774621844291687, 1.6655919551849365, 1.4002715349197388, 1.9660427570343018, 2.668341875076294, 0.35955286026000977, 2.3013789653778076, 2.635963201522827, 0.6461585760116577, 2.3624556064605713, 1.6405537128448486, 1.5363938808441162, 3.3555209636688232, 1.8959823846817017, 2.411097764968872, 1.5619025230407715, 2.909130334854126, 2.9549989700317383, 1.9419971704483032, 0.9814550876617432, 3.296229362487793, 2.569671154022217, 2.7217984199523926, 2.8053946495056152, 3.5308475494384766, 1.6389946937561035, 0.2928295135498047, 1.9362187385559082, 3.1290478706359863, 2.613485336303711, 1.8722050189971924, 1.2946666479110718, 1.4927027225494385, 2.1642396450042725, 2.012688636779785, 3.8893651962280273, 1.2725450992584229, 1.4889471530914307, 3.1351451873779297, 3.7819395065307617, 2.5134637355804443, 3.307298421859741, 1.5743106603622437, 2.1218104362487793, 0.9107897281646729, 1.4537986516952515, 2.1731932163238525, 1.7351007461547852, 1.911177396774292, 2.856438398361206, 3.183898448944092, 0.3666863441467285, 3.763726234436035, 1.7790188789367676, 3.5013561248779297, 0.9638283252716064, 0.9899852275848389, 1.06931734085083, 0.8196225166320801, 3.2932472229003906, 1.06666100025177, 0.65946364402771, 1.7044191360473633, 2.699066400527954, 3.079601287841797, 3.0137267112731934, 2.681386947631836, 1.3448797464370728, 2.3747870922088623, 1.2711083889007568, 1.4547568559646606, 1.36510169506073, 2.645162343978882, 2.1205663681030273, 2.3218436241149902, 1.855695128440857, 2.206317186355591, 1.6741969585418701, 2.018259048461914, 2.52347469329834, 1.481581211090088, 0.804288387298584, 0.930009126663208, 3.5244762897491455, 1.5994250774383545, 1.9378643035888672, 1.1565805673599243, 2.2992138862609863, 4.094136714935303, 1.8633511066436768, 2.116177558898926, 0.9795961380004883, 4.012097358703613, 1.6196293830871582, 1.8530747890472412, 0.5287249088287354, 2.1595613956451416, 2.168757677078247, 1.5847054719924927, 2.509305715560913, 1.9729934930801392, 0.49225473403930664, 2.2202048301696777, 1.217782735824585, 1.7186388969421387, 1.6630947589874268, 2.1086812019348145, 2.238799571990967, 1.2147760391235352, 1.1544082164764404, 3.5860137939453125, 1.9752212762832642, 3.8145370483398438, 1.7693043947219849, 1.2876085042953491, 1.716120719909668, 1.3430166244506836, 2.090810537338257, 1.7367534637451172, 0.8601299524307251, 2.620051145553589, 2.5048701763153076, 0.06201028823852539, 1.7551453113555908, 1.4142059087753296, 3.8208329677581787, 1.9818713665008545, 2.4403140544891357, 2.1679370403289795, 3.1842219829559326], "params": {"iterations": 1510, "learning_rate": 0.014286, "depth": 3, "l2_leaf_reg": 3.4047e-06, "bagging_temperature": 2.5656, "random_strength": 4.1266, "border_count": 207}, "time_end": "2026-03-01T15:00:35.603436"}