{"model": "catboost_minilm_features-extract_syllable_count_avg", "type": "test", "seed": 40, "time_start": "2026-03-01T15:29:08.274591", "mse": 0.9695416867005595, "accuracy": 0.35398230088495575, "corr": 0.6909177527827111, "precision": [0.6666666666666666, 0.25, 0.2980769230769231, 0.5, 0.46153846153846156, 0.0], "recall": [0.11764705882352941, 0.3939393939393939, 0.6078431372549019, 0.36923076923076925, 0.25, 0.0], "f1": [0.2, 0.3058823529411765, 0.4, 0.4247787610619469, 0.32432432432432434, 0.0], "support": [51, 33, 51, 65, 24, 2], "confusion_matrix": [[6, 27, 18, 0, 0, 0], [1, 13, 17, 2, 0, 0], [2, 9, 31, 8, 1, 0], [0, 3, 33, 24, 5, 0], [0, 0, 5, 13, 6, 0], [0, 0, 0, 1, 1, 0]], "predictions": [1.2343851327896118, 1.3006027936935425, 2.6547882556915283, 1.2594914436340332, 0.8215984106063843, 1.8194777965545654, 2.976861000061035, 1.8723515272140503, 1.2292523384094238, 2.6179380416870117, 2.7483556270599365, 2.31927227973938, 3.5351123809814453, 1.8626654148101807, 1.7136592864990234, 1.6755316257476807, 3.8521313667297363, 0.9282689094543457, 1.5546107292175293, 3.4004650115966797, 3.8453221321105957, 0.40081238746643066, 2.8998918533325195, 1.7211267948150635, 1.643261432647705, 2.897106409072876, 2.1818714141845703, 1.7529668807983398, 2.6966021060943604, 2.3018288612365723, 3.3030519485473633, 1.2737289667129517, 2.1122841835021973, 1.1495931148529053, 3.1379029750823975, 2.433911085128784, 1.175623893737793, 2.0552027225494385, 3.1959352493286133, 0.8618204593658447, 1.2745884656906128, 2.176797866821289, 0.9063507318496704, 2.0087528228759766, 3.454972743988037, 3.119600772857666, 1.2639803886413574, 2.6110124588012695, 1.835277795791626, 0.340289831161499, 2.5212016105651855, 1.9674632549285889, 3.299255847930908, 1.707843542098999, 3.1308670043945312, 0.6374688148498535, 3.1274256706237793, 1.963230848312378, 3.7216854095458984, 1.5441210269927979, 1.9493176937103271, 2.229224681854248, 2.828575611114502, 2.076140880584717, 1.5936520099639893, 2.473254919052124, 1.9483041763305664, 1.7412848472595215, 1.0536847114562988, 2.44354248046875, 1.6634032726287842, 2.3773868083953857, 1.2314106225967407, 0.41835951805114746, 1.082482099533081, 1.778869390487671, 1.5687787532806396, 1.8830325603485107, 1.4451454877853394, 0.031119585037231445, 1.8995484113693237, 1.6971465349197388, 2.3774254322052, 3.2571871280670166, 0.8074971437454224, 2.0745441913604736, 0.14924025535583496, 2.8162646293640137, 1.5463166236877441, 1.804429292678833, 2.9203009605407715, 2.96549654006958, 2.5973477363586426, 0.9119138717651367, 2.361175537109375, 0.4385824203491211, 1.6125288009643555, 2.0050694942474365, 1.1645010709762573, 1.667547345161438, 2.509491205215454, 0.0706181526184082, 2.694699287414551, 2.138136863708496, 0.6196105480194092, 2.0674195289611816, 2.3054721355438232, 1.3651574850082397, 3.280564546585083, 1.4731429815292358, 2.689901113510132, 1.7089025974273682, 2.6657302379608154, 2.9899842739105225, 1.7878912687301636, 0.9104869365692139, 3.1336607933044434, 2.4509449005126953, 2.655916452407837, 2.794517993927002, 3.3998475074768066, 1.510270357131958, 0.20375657081604004, 2.144973039627075, 2.956704616546631, 2.441176414489746, 1.5497534275054932, 1.1804214715957642, 1.6575016975402832, 2.2413251399993896, 2.1257083415985107, 3.6156675815582275, 1.75704026222229, 1.6412785053253174, 3.2781054973602295, 3.7866342067718506, 2.254331588745117, 3.0374937057495117, 1.3678661584854126, 2.262793779373169, 1.0081758499145508, 1.5174682140350342, 2.095280647277832, 1.8414921760559082, 1.9811973571777344, 2.7093396186828613, 3.1090781688690186, 0.5370527505874634, 3.791379928588867, 1.3394252061843872, 3.4751107692718506, 1.2273118495941162, 0.9682818651199341, 0.6902142763137817, 1.2495700120925903, 3.505486488342285, 1.1206858158111572, 0.9558628797531128, 2.1188576221466064, 2.6428372859954834, 2.816634178161621, 3.03183913230896, 2.757615804672241, 1.0811644792556763, 2.361567974090576, 1.5872442722320557, 1.6425477266311646, 1.377312183380127, 2.30964732170105, 2.2381110191345215, 2.2401113510131836, 1.8250441551208496, 1.9628629684448242, 1.635793685913086, 2.1106138229370117, 2.702503204345703, 1.3683863878250122, 0.7633205652236938, 0.7493466138839722, 3.450446605682373, 1.9359616041183472, 1.7868626117706299, 1.146949052810669, 2.124903678894043, 3.9014923572540283, 2.253354072570801, 2.0110373497009277, 0.9836317300796509, 4.088726043701172, 1.558494210243225, 2.2150118350982666, 0.8567628860473633, 1.9687957763671875, 2.3283369541168213, 1.771193504333496, 2.4222874641418457, 1.6235356330871582, 0.5555168390274048, 2.2725672721862793, 0.9060829877853394, 1.9094886779785156, 1.7787047624588013, 1.7520147562026978, 2.0993103981018066, 1.3361213207244873, 1.6735950708389282, 3.5140576362609863, 2.017493963241577, 3.695835590362549, 2.025379180908203, 1.4354771375656128, 1.449339747428894, 1.2799712419509888, 1.8827265501022339, 2.0728445053100586, 0.9514886140823364, 2.4727511405944824, 2.581998586654663, -0.26494693756103516, 1.7309207916259766, 1.3196429014205933, 3.8816356658935547, 1.9969463348388672, 2.4318926334381104, 1.9638190269470215, 3.308655023574829], "params": {"iterations": 1510, "learning_rate": 0.014286, "depth": 3, "l2_leaf_reg": 3.4047e-06, "bagging_temperature": 2.5656, "random_strength": 4.1266, "border_count": 207}, "time_end": "2026-03-01T15:29:08.362284"}