{"model": "catboost_minilm_features-extract_ngram_word_length_by_char", "type": "train", "seed": 41, "train_losses": [], "val_losses": [], "time_start": "2026-03-01T15:06:32.905632", "mse": 0.1137969182964799, "accuracy": 0.8569587628865979, "corr": 0.981263305481924, "precision": [0.9894736842105263, 0.8, 0.6706586826347305, 0.8538461538461538, 0.9416666666666667, 0.9919354838709677], "recall": [0.7966101694915254, 0.8682170542635659, 0.9333333333333333, 0.7350993377483444, 0.875968992248062, 0.9534883720930233], "f1": [0.8826291079812206, 0.8327137546468402, 0.7804878048780488, 0.7900355871886121, 0.9076305220883534, 0.9723320158102767], "support": [118, 129, 120, 151, 129, 129], "confusion_matrix": [[94, 24, 0, 0, 0, 0], [1, 112, 16, 0, 0, 0], [0, 4, 112, 4, 0, 0], [0, 0, 39, 111, 1, 0], [0, 0, 0, 15, 113, 1], [0, 0, 0, 0, 6, 123]], "predictions": [2.525471934793189, 1.2040544196180956, 0.08459209432780312, 3.972292325498111, 1.450666993111848, 3.6836942374180977, 2.4636974690718723, 2.7415321699677535, 2.3714584742750877, 2.8876298632695283, 1.8304381285075044, 3.785206221863278, 3.1162917934824113, 2.991467498255022, 1.6175598059027032, 0.3845043597549851, 1.7385390205397924, 2.940572990168942, 2.8444116530632018, 1.786188353219512, 1.3782939940476397, 0.5888473237623058, 0.798930792915197, 1.726961177311154, 1.0369559141892417, 2.950397844033726, 0.20954986161796452, 2.765126824490593, 0.9716510349943195, 2.552790865428076, 1.6582340927145576, 2.279382925570399, 1.367176088989978, 2.931361761901197, 1.104854452168356, 1.7416834483334434, 0.04048446025815311, 0.4510964677793434, 0.21054913866514102, 1.7033479127701368, 3.836387940516139, 2.6048767783410787, 1.0614956048325028, 1.619643321181008, 0.525356809397671, 2.1778944244455, 2.380566155645109, 3.8877760131344683, 0.14305918732437473, 0.1997818515751164, 1.038479466862687, 0.42716838031498305, 2.4208255805131254, 1.388556778811982, 2.8606587535651333, 3.975088012742249, 2.0654013158808344, 2.3525719311790834, 2.7604300038839895, 4.146424138411488, 2.7431643334995153, 0.22694444506561773, 3.18656929423772, 0.4055435311564506, 2.6903443799907945, 2.1934477851869008, 1.9792558665392148, 1.3033689427908182, 1.943520661533129, 2.86507809030793, 1.7904605913268148, 0.09802811369152842, 0.34784840127762484, 2.6218842316416526, 0.2599124944887157, 0.15164967519431904, 0.17576682545365996, 2.0591367518104247, 3.7231610233173766, 3.7370452654908553, 1.8891305147419422, 1.752046374488474, 2.7120923917744544, 2.2336170715411865, 3.9535247682003005, 0.9576880875138756, 0.2965662147013073, 2.9187975397729025, 3.104854282406532, 0.1483400773273731, 2.2172476549420352, 2.729812132625548, 3.422340235211739, 1.493713233534948, 3.534002351535903, 2.103723126151901, 1.4953161432530502, 0.617381182853243, 2.8859133079398176, 1.1390816952741067, 2.5819316747936014, 1.1820916083030046, 1.191728388572484, 0.03158510529326364, 1.940467384597966, 0.5461116643660551, 3.29516567882774, 0.3373028743312516, 0.19135211757312698, 2.3642274881941545, 0.555944005371829, 4.463969367890728, 1.2674186237960863, 0.1816737453839541, 0.08638160412394846, 2.4427285823976113, 0.3170229542704628, 3.0818577775750917, 2.756818505214123, 0.4679722331368259, 0.1992661510348266, 4.351238138860664, 0.325663321069499, 1.571764201546644, 2.252469313372045, 1.9666978019938404, 2.3456132547351007, 0.32720190414360095, 2.0086307342632104, 1.5751580664868405, 0.6119862547397883, 2.271128445678032, 3.8261706783388205, 1.8138004527487723, 0.0658365185346601, 2.1791160098136246, 1.6734491783172638, 0.2810725940833567, -0.16527211619517068, 0.7947087326033571, 2.361999701601577, 3.8071407180467154, 2.0590964882813036, 1.2021364235396954, 0.4694830580653324, 2.4510234296288096, 0.1069615452714201, 2.477109803821118, 2.353666345133473, 2.8729867396524, 2.810130696406019, 3.101370410050156, 3.571091410149468, 4.013564835443482, 0.30745066271552135, 0.0986684470176118, 0.9710892165969445, 3.6332240126239164, 1.5394771185176241, 0.16417180615619165, 2.1492667055084076, 3.952938938769858, 2.370467399523259, 1.1676746853391946, 3.0062393218048546, 3.1050051449931813, 2.4914611943951255, 2.482116952448909, 1.8415691305098267, 1.0286477452502725, 2.0946007250264653, 2.4173884417693916, 2.9974497459331224, 2.750701248707731, 1.8631991159251355, 0.15005965862554227, 1.1646646776076806, 1.7613607363452695, 0.6555694829966674, 3.7528988312219287, 3.6328744532001096, 2.721417979188795, 2.5667038195961096, 0.3625281175530537, 2.7774604220841845, 1.6020559100852423, 2.513256796385698, 1.7969994934879487, 2.6277237060425755, 3.436171371301586, 4.388392725346722, 2.484008123635574, 1.7825539271268704, 1.2089001416585246, 1.8082830797017289, 3.0134268315959787, 3.5200790292848225, 4.154961870934281, 2.63245825422649, 1.6394921228214079, 1.2601732236457228, 1.1571039851404323, 2.2853576045139667, 2.4796029318179613, 3.1874110706990675, 0.3773769306332082, 1.4214800013821338, 1.7516810687287716, 2.2436628463485446, 0.6842186382115265, 3.1618733522338354, 1.9543955356126637, 3.103915835144616, 3.8679668645918515, 1.7371808148470382, 1.5568585477646946, 1.605038547563146, 2.3103212851318013, 1.7019577427381578, 1.2504811407168062, 2.8551800863231334, 1.7049867525187625, 0.36941926576057105, 1.50334139371272, 3.0932384867151073, 2.894105129842089, 2.749774965242424, 1.7114631196805101, 1.7797079499678794, 3.3497539069834024, 1.5522129899363015, 3.0924764817763712, 2.4015412180238807, 3.719105867278998, 1.5927684546805025, 2.9831888325749656, 2.054622661371313, 2.8523814771019564, 2.337980765912289, 3.8702232574777335, 1.562916773648115, 2.2163670854899955, 2.4424719719210994, 2.551666470692023, 2.6896676634069028, 1.181582995483105, 2.39173799263007, 0.8574554943881911, 0.4544608714100349, 0.33795656120652495, 0.3179380443215494, 3.8104758326994332, 1.2949043152029829, 1.0959441516230761, 0.39414764993200757, 2.6339090009440684, 0.6059397579687305, 2.6804313680267677, 2.3608634876386008, 1.8564633476289736, 0.9199069446724388, 0.890976801347839, 1.7549077164518267, 2.077657053840935, 2.2710788705226377, 1.1532322403367758, 1.7472856894377053, 2.547068258451801, 2.148608764426922, 0.622156569794635, 1.8016429145631352, 0.6351814551297079, 0.1494601796811601, 3.215295841605429, 2.529347028949931, 3.332076369669343, 2.2706324952375225, 2.5196239780982537, 1.7616680959494664, 1.6720420396320892, 2.6535227465091618, 2.951835302839181, 0.23079718240739977, 1.5094236830583525, 0.9245778182813715, 2.4883022734087388, 1.3512765009818513, 3.7820673022650153, 1.7715501034415166, 0.08111649688291145, 1.2728637782113723, 0.8193920980689517, 1.7675736146788907, 1.322711417180807, 2.0682736088784845, -0.012443578116580145, 1.2763607924720708, 0.6024995444405368, 2.786950295958786, 2.5435043081567, 1.2975344964258344, 2.615339354725503, 0.3190746997087057, 1.6342411612820953, 2.830396217603665, 2.245024522964722, 2.9282831045295463, 2.1280320013836738, 3.538409711885153, 1.1370192807878114, 2.172761949720384, 1.7607360577440638, 1.5258259162887313, 0.3330867201625707, 0.4776001923502817, 0.41672926989755465, 1.1189795155249815, 3.699325905521903, 3.39551652545571, 2.065527247348474, 2.6654644956605975, 2.0738307859159515, 0.2089014557419282, 3.2205929362818484, 0.19244391307824404, 0.4423876683911234, 2.40900881788554, 3.964039258514528, 1.1347715861091139, 1.8039155034301726, 1.455641083957801, 3.4426226446234307, 2.521262808596209, 2.2758384346263836, 0.22289197294162388, 0.7897535385131051, 0.2726166985908094, 1.8685938039256151, 2.6403133655633586, 1.1376128781843617, 1.868348941934241, 3.680095777803644, 3.28987308421001, 2.139281590437025, 3.022491368970293, 2.7626353960356353, 2.72233669681775, 0.3523732450513579, 0.20880845551844907, 0.6108943678254515, 0.14276368245220716, 4.5765147837858215, 1.564443285552045, 2.4709305658689353, 3.0779825415968283, 2.6746830540425957, 2.130933265912678, 2.579376314049857, 1.0065285575528655, 0.3368064158268105, 3.3339023482904393, 