{"model": "catboost_minilm_features-extract_pos_ngrams", "type": "train", "seed": 41, "train_losses": [], "val_losses": [], "time_start": "2026-03-01T16:04:30.811549", "mse": 0.1154178564177614, "accuracy": 0.865979381443299, "corr": 0.9809118569094114, "precision": [0.9894736842105263, 0.8111888111888111, 0.6848484848484848, 0.8582677165354331, 0.9504132231404959, 1.0], "recall": [0.7966101694915254, 0.8992248062015504, 0.9416666666666667, 0.7218543046357616, 0.8914728682170543, 0.9689922480620154], "f1": [0.8826291079812206, 0.8529411764705882, 0.7929824561403509, 0.7841726618705036, 0.92, 0.984251968503937], "support": [118, 129, 120, 151, 129, 129], "confusion_matrix": [[94, 24, 0, 0, 0, 0], [1, 116, 12, 0, 0, 0], [0, 3, 113, 4, 0, 0], [0, 0, 40, 109, 2, 0], [0, 0, 0, 14, 115, 0], [0, 0, 0, 0, 4, 125]], "predictions": [2.613208066584955, 1.3085390332421556, 0.20190213437023496, 3.8041276618459, 1.3819725629863384, 3.7336541743337057, 2.4401157764182133, 2.680120659575622, 2.335744644507769, 2.9734080953115773, 1.8317210577783047, 3.771970248987232, 2.9207018637545072, 3.1903132374969316, 1.6371868840915527, 0.3501927058382419, 1.788631163472697, 2.9456175473561226, 2.9789055906156503, 1.689059408433191, 1.3795593750462087, 0.5496209114550135, 0.6748605526569298, 1.7292019480454468, 1.0681383382914298, 2.894649706166004, 0.13693634843593072, 2.823635813471019, 1.0420262351586607, 2.5748643849743127, 1.8265282348881449, 2.256057172991515, 1.450978728726547, 2.8641592079183296, 1.005249308476279, 1.7565715790728054, 0.02799912688383399, 0.36390587198434377, 0.16659349190171735, 1.6559263163342808, 3.839198105139939, 2.5890788398458766, 1.1614916133425803, 1.5575584004082335, 0.6243540680186859, 2.1090489282891074, 2.503190985881461, 3.847854611766916, 0.22345101373590381, 0.10262232992043563, 0.9233038591332743, 0.3811186010193319, 2.5428816995473498, 1.3765104686521077, 2.9287370706038964, 3.876536284563728, 2.1056333651443238, 2.2988955145261856, 2.8432211720172025, 4.110359845625021, 2.8034601112415496, 0.2979819995317996, 3.140279986438415, 0.37891451030598944, 2.7297828463437765, 2.16970566983259, 2.0915553457018996, 1.168983648767835, 1.8750481818102123, 2.883854740110252, 1.7847720426097653, 0.07351368781719136, 0.3517283249890406, 2.75777294933042, 0.31290107822630286, 0.2847104560399343, 0.21185764867316736, 2.1258632064394964, 3.7095374097410954, 3.7075488971002644, 1.8603174304947154, 1.8060523802471173, 2.627080243110072, 2.213023875976362, 3.845216227572034, 0.8982314476017335, 0.2097140468047498, 2.9178847871732283, 3.1727356144314234, 0.1483751723100557, 2.313377913371263, 2.5593636097741697, 3.513780601630253, 1.6013324818554426, 3.4298891690948277, 2.075798641696962, 1.4073460207390034, 0.5441179888480872, 2.8685874626833314, 1.0515220088096264, 2.5522724824427203, 1.163793371766375, 1.1600157031199785, -0.12082988888114521, 1.8431445223128173, 0.4749159747628702, 3.395384709331724, 0.2649162436484396, 0.2905427954623403, 2.1884484844387053, 0.5407393456550387, 4.31550085210509, 1.4106328128880072, 0.18862920365777391, 0.10139203104967365, 2.476970118973215, 0.33944184015700474, 3.1469955283654127, 2.7446022233610394, 0.43168856020681723, 0.2372410967410028, 4.3441554711762285, 0.2855808628307215, 1.452935021537501, 2.2271043781613877, 2.003503923454371, 2.400369924996139, 0.31551868875252387, 1.9764338741062855, 1.6175610359842971, 0.6578344591440017, 2.237151474502191, 3.7945622142130158, 1.669248804861693, 0.00028391722952081366, 2.1626535913270124, 1.6958975912848335, 0.43164010060812386, -0.16597426583024077, 0.7993056523690416, 2.298295154913057, 3.7811184383477183, 2.0976026656560696, 1.227474943439162, 0.41246747872769607, 2.5585578477620663, 0.16562023506591128, 2.412154826756863, 2.434558535869839, 2.775834386077216, 2.8934112419668123, 3.153437147895649, 3.663864122154033, 3.932728983493201, 0.3950384308055863, 0.06436387381939435, 1.1109957248582505, 3.666824592312401, 1.4892149423907064, 0.16992647373704184, 2.1390626297745476, 3.8661038146534525, 2.3364214666158616, 1.217279709318601, 2.9189730799785245, 3.1024108605971588, 2.5548942870743336, 2.4699942113830256, 1.8533172290009428, 0.9862569876769971, 1.930868661623109, 2.237550267449974, 2.9674333512258895, 2.889329752603364, 1.7930603251815111, -0.0019971375033263072, 1.2001919910397387, 1.9413356818730452, 0.6076850520115484, 3.6729774219404727, 3.721379029539068, 2.6593513935962223, 2.6805418344863687, 0.43571343617336566, 2.851645436817048, 1.6378961852779232, 2.59557356717867, 1.8541486223823687, 2.607916188676958, 3.5071169232601647, 4.231026976304974, 2.4741332458815832, 1.717042684713906, 1.1952079737108738, 1.836961470521271, 2.9168671563682134, 3.5098399858195988, 4.208367499392368, 2.6429451012469283, 1.590343004336399, 1.416294367022349, 1.060910941975579, 2.3639613980378216, 2.3958640255752233, 3.1041901037086688, 0.32810773496889034, 1.3466072469634591, 1.7786833574266916, 2.132896913294994, 0.7319067513316175, 3.243059431222458, 1.9860601439966343, 3.0358723674236354, 3.912171895708995, 1.796374595691022, 1.5653551239202654, 1.563968080535975, 2.4680254021629873, 1.767646743232069, 1.2254899377270816, 2.9295563265235445, 1.699815229152167, 0.4299891587364706, 1.4974186634944242, 3.06888771970048, 3.06508734325921, 2.633564666253792, 1.7239225568288044, 1.7823869470242466, 3.3956909956920684, 1.654324632725166, 2.8720832180411775, 2.3718557088550836, 3.82521734559319, 1.609139093898024, 2.824771356376103, 1.877498279610272, 2.812758301227435, 2.2838069875484477, 3.8948924516850116, 1.7284134153738961, 2.22982313746124, 2.331021029420184, 2.630692785359425, 2.834340797778751, 1.1670721296454183, 2.325878681984836, 0.7929453734795513, 0.3994451373143595, 0.24523184345368731, 0.3800356614616103, 3.7625534189929772, 1.3021408182312226, 1.1030730654577263, 0.5606519810098003, 2.6288932449990554, 0.6166411499198623, 2.6781508550338846, 2.496375232169704, 1.6761360301218131, 0.9087214248704567, 0.7974371260865794, 1.7647020865481307, 2.0408608910106034, 2.177528640182238, 1.1188615486314846, 1.755815821034528, 2.5338847100994295, 2.0615271809755606, 0.6207918109373134, 1.8321348834104962, 0.6236469471170947, 0.19023102342083664, 3.1521558181646774, 2.3624245998101174, 3.43049200285142, 2.3499523809626472, 2.3982321548612955, 1.7613644298046327, 1.7765696769330759, 2.7925113527379666, 2.826932003795056, 0.14501588770400353, 1.381874300785274, 0.8422147030736529, 2.462121714203999, 1.2721418587272353, 3.7628224301102255, 1.8030086016173745, 0.16181232110769272, 1.3394564020362996, 0.9088500237745716, 1.8232640192313723, 1.2477580584486672, 2.04873524315907, 0.05439434152044553, 1.4625584029076621, 0.6321847249552626, 2.795310341484873, 2.4280779029263204, 1.3436845545818725, 2.6438291735410355, 0.29973939167442376, 1.621876307661707, 2.8263025714196184, 2.286796719527611, 3.2356200659277423, 2.244792529100428, 3.6168975809305337, 1.1217016857889988, 2.33602068525926, 1.8189867411107457, 1.5233732600819738, 0.5796225777426511, 0.4526657803891916, 0.35138124857444986, 1.223903690577817, 3.7940178205702892, 3.373869062213112, 2.159277332340107, 2.728929336281623, 2.1685388650365285, 0.1969999418155166, 3.278453000300205, 0.15676632060365758, 0.30278696523512716, 2.415342746814144, 4.013479879856164, 1.1371229258243596, 1.7979804509233424, 1.3695032572949428, 3.4497483452371602, 2.627332587905954, 2.414332880868668, 0.1814778704876936, 0.8404436692276418, 0.3067182824409391, 1.9376224120688375, 2.6856735521069184, 1.1526532934141815, 1.8812871496293684, 3.6133132326087796, 3.2481800086385597, 2.0189454859791827, 2.809363141810874, 2.885016005605811, 2.6400633447230795, 0.41927050063306304, 0.24404364795803257, 0.6178688383956006, 0.14742586391371848, 4.728815972884134, 1.650823314793645, 2.474944537855748, 3.2390557815291863, 2.7113386456496213, 2.1068400394210296, 2.4647617798215333, 0.888570644638456, 0.3137682666780792, 3.303366251948902, 0.3306107538323282, 