{"model": "catboost_minilm_features-extract_noun_phrase_lengths", "type": "test", "seed": 41, "time_start": "2026-03-01T16:16:28.588185", "mse": 0.970346123931975, "accuracy": 0.36283185840707965, "corr": 0.6892195661118442, "precision": [0.7272727272727273, 0.2830188679245283, 0.30097087378640774, 0.45652173913043476, 0.5384615384615384, 0.0], "recall": [0.1568627450980392, 0.45454545454545453, 0.6078431372549019, 0.3230769230769231, 0.2916666666666667, 0.0], "f1": [0.25806451612903225, 0.3488372093023256, 0.4025974025974026, 0.3783783783783784, 0.3783783783783784, 0.0], "support": [51, 33, 51, 65, 24, 2], "confusion_matrix": [[8, 26, 16, 1, 0, 0], [1, 15, 15, 2, 0, 0], [2, 9, 31, 8, 1, 0], [0, 3, 36, 21, 5, 0], [0, 0, 5, 12, 7, 0], [0, 0, 0, 2, 0, 0]], "predictions": [0.9919402599334717, 1.200862169265747, 2.704732894897461, 0.9577175378799438, 0.634556770324707, 1.64097261428833, 3.0077707767486572, 1.6151139736175537, 1.3300763368606567, 2.345109462738037, 2.943169116973877, 2.2634387016296387, 3.5515265464782715, 1.926391839981079, 1.6602753400802612, 1.6293280124664307, 3.883397102355957, 0.9782024621963501, 1.6540451049804688, 3.5252156257629395, 3.7972769737243652, 0.10653066635131836, 3.044785976409912, 1.7759277820587158, 1.2931058406829834, 2.9010071754455566, 2.3230581283569336, 2.0820868015289307, 2.438103437423706, 2.1980655193328857, 3.3336262702941895, 1.2537848949432373, 2.075802803039551, 1.081899881362915, 2.9141600131988525, 2.446260690689087, 1.3845186233520508, 1.9443848133087158, 3.284867286682129, 0.7471287250518799, 1.4775208234786987, 2.04612135887146, 0.9615446329116821, 1.8316948413848877, 3.3981173038482666, 3.2773592472076416, 1.3394103050231934, 2.671663522720337, 1.8760682344436646, 0.4657008647918701, 2.520632028579712, 2.108497381210327, 3.3407087326049805, 1.6171636581420898, 3.1059179306030273, 0.5974432229995728, 3.0780465602874756, 1.9949760437011719, 3.6234707832336426, 1.5991249084472656, 1.8260655403137207, 2.1847877502441406, 2.808742046356201, 2.1302926540374756, 1.5581028461456299, 2.4941532611846924, 1.9559096097946167, 1.5792824029922485, 1.0595958232879639, 2.4712560176849365, 1.630038857460022, 2.480334758758545, 1.0570486783981323, 0.36407470703125, 1.1199241876602173, 1.6743710041046143, 1.4101091623306274, 1.882206678390503, 1.4663645029067993, 0.3162252902984619, 1.6901495456695557, 1.9266496896743774, 2.406838893890381, 3.3976926803588867, 0.824562668800354, 1.86982262134552, 0.166733980178833, 2.680391550064087, 1.3799655437469482, 1.6891613006591797, 3.1509506702423096, 3.0769283771514893, 2.614284038543701, 0.9165421724319458, 2.2358360290527344, 0.4390127658843994, 1.7038745880126953, 1.8864208459854126, 1.1068739891052246, 1.7079144716262817, 2.561776876449585, 0.23099088668823242, 2.4234468936920166, 2.2336912155151367, 0.5340540409088135, 2.0523502826690674, 2.1207141876220703, 1.438166618347168, 3.3272392749786377, 1.4573239088058472, 2.5501790046691895, 1.7408106327056885, 2.5961530208587646, 3.305008888244629, 1.778420329093933, 0.9042472839355469, 3.2515201568603516, 2.3389639854431152, 2.790523052215576, 2.804798126220703, 3.2467081546783447, 1.4907933473587036, 0.14000439643859863, 2.182480812072754, 2.9410176277160645, 2.4547839164733887, 1.5254669189453125, 1.3769066333770752, 1.5432226657867432, 2.0856926441192627, 2.279334783554077, 3.5803704261779785, 1.5866718292236328, 1.509687900543213, 3.406303882598877, 3.6158599853515625, 2.2131450176239014, 2.805149555206299, 1.1829314231872559, 2.202946901321411, 0.8579635620117188, 1.5367233753204346, 2.0719759464263916, 1.481499195098877, 2.0421319007873535, 2.8407230377197266, 3.100419282913208, 0.4166271686553955, 3.6468701362609863, 1.329087495803833, 3.2662391662597656, 1.2096830606460571, 1.0368523597717285, 0.8417367935180664, 0.9851794242858887, 3.3424103260040283, 1.0870671272277832, 0.8145123720169067, 1.9427807331085205, 2.675199031829834, 2.876706123352051, 3.159350872039795, 2.672778844833374, 1.1521656513214111, 2.386286973953247, 1.4215116500854492, 1.7296421527862549, 1.2617206573486328, 2.256829023361206, 2.108393430709839, 2.1441030502319336, 1.7876455783843994, 1.8315002918243408, 1.5399295091629028, 2.1918792724609375, 2.584298849105835, 1.576487421989441, 0.9070966243743896, 0.47750377655029297, 3.308562755584717, 1.8619694709777832, 1.7510298490524292, 0.9676011800765991, 2.2257378101348877, 3.742245674133301, 2.0437538623809814, 2.09822154045105, 0.6507937908172607, 3.871807098388672, 1.628373384475708, 2.071761131286621, 0.7537112236022949, 2.2112061977386475, 2.314897298812866, 1.6033130884170532, 2.52254319190979, 1.6755303144454956, 0.5226238965988159, 2.160353422164917, 1.0844347476959229, 1.7259984016418457, 1.741523265838623, 2.0424270629882812, 2.146674156188965, 1.370222806930542, 1.6217386722564697, 3.512988328933716, 1.9456257820129395, 3.748617649078369, 1.9840571880340576, 1.4970816373825073, 1.6976706981658936, 1.340043306350708, 1.8022775650024414, 1.826735258102417, 1.1374081373214722, 2.5568175315856934, 2.365827798843384, -0.11970829963684082, 1.8169598579406738, 1.543703317642212, 3.8045129776000977, 2.0673341751098633, 2.4139487743377686, 2.053987503051758, 3.226003408432007], "params": {"iterations": 1510, "learning_rate": 0.014286, "depth": 3, "l2_leaf_reg": 3.4047e-06, "bagging_temperature": 2.5656, "random_strength": 4.1266, "border_count": 207}, "time_end": "2026-03-01T16:16:28.703586"}