{"model": "catboost_minilm_features-extract_stopwords", "type": "train", "seed": 41, "train_losses": [], "val_losses": [], "time_start": "2026-03-01T15:37:01.200857", "mse": 0.10789354011513959, "accuracy": 0.8788659793814433, "corr": 0.9822493527073799, "precision": [0.9900990099009901, 0.8571428571428571, 0.6987951807228916, 0.8625954198473282, 0.95, 1.0], "recall": [0.847457627118644, 0.8837209302325582, 0.9666666666666667, 0.7483443708609272, 0.8837209302325582, 0.9689922480620154], "f1": [0.91324200913242, 0.8702290076335878, 0.8111888111888111, 0.8014184397163121, 0.9156626506024096, 0.984251968503937], "support": [118, 129, 120, 151, 129, 129], "confusion_matrix": [[100, 18, 0, 0, 0, 0], [1, 114, 14, 0, 0, 0], [0, 1, 116, 3, 0, 0], [0, 0, 36, 113, 2, 0], [0, 0, 0, 15, 114, 0], [0, 0, 0, 0, 4, 125]], "predictions": [2.711799917706563, 1.2547950185823964, 0.15697794794545628, 3.9372284648048557, 1.534774811751861, 3.6834040379867137, 2.48060148236853, 2.6666828885958624, 2.399186107056582, 2.951616632205123, 1.8134843489818386, 3.810341961419683, 3.0361135209285735, 3.1165425518406504, 1.6191733406842277, 0.484626617518114, 1.7990984831159287, 2.8746235617457416, 2.8637311185690737, 1.6661646322253276, 1.3952272522999796, 0.6124581349305442, 0.6593224665333368, 1.6265226344008794, 1.0927728262963645, 2.7707197664618257, 0.14714177830573583, 2.838055026072798, 1.0825151601019753, 2.7007057151672433, 1.7003770625278931, 2.1769352611860717, 1.3788222618714352, 2.9001291077606606, 0.997397675989758, 1.7832403549995595, 0.06796002091399567, 0.379018680196181, 0.19017853162949283, 1.6452021651663766, 3.8427300947648684, 2.5159668954867263, 1.1614797927583747, 1.5529256842927626, 0.4145176532079713, 2.1688024729058664, 2.4628215394118125, 4.020613744331239, 0.2032948359285247, 0.16951934450422668, 0.9636057013224013, 0.40452379015450335, 2.4246487143278572, 1.4597765455832326, 2.942626595822464, 3.8352890437781397, 2.017337908194768, 2.309176145508973, 2.7422839566518737, 4.241237703271054, 2.7435550530493744, 0.2372560057453721, 3.214323836138097, 0.43094322128854, 2.647383999538256, 2.2816480773946295, 2.056144763498825, 1.2974107578781464, 1.9298722464632698, 2.8700910404897435, 1.737367732925191, 0.10485548551589918, 0.2821166223581848, 2.7663222366293065, 0.23550875579086838, 0.16029430958801605, 0.17983766366728204, 2.045500795715782, 3.7764523897210305, 3.780773633088308, 1.8217648499841659, 1.7282620499450358, 2.753916687408838, 2.163778898426149, 4.045202616167007, 1.0112823960356598, 0.32076201511126046, 2.8460521469259823, 3.1519674694232958, 0.07138613635230984, 2.1623632971098004, 2.7319801764961813, 3.5173266868250717, 1.501546882114569, 3.527880335089169, 2.1571458879690093, 1.4479740172107451, 0.5860495850384984, 2.8190925577911283, 1.1362610899067869, 2.5394465843835117, 1.0905270067955548, 1.1239170316239755, 0.007687100690449533, 1.8900801265956315, 0.46278692949359357, 3.3446075708984795, 0.3007126874879802, 0.266693221944172, 2.3092991479707883, 0.5737754456200654, 4.355079381326916, 1.235898229768554, 0.18440390956502917, -0.07331355352505575, 2.4837453560088814, 0.3396869236472613, 3.1702470863998875, 2.7052571153975675, 0.3552460289957655, 0.22893188839940448, 4.3941709192018825, 0.2381367721766714, 1.4521373163790154, 2.3145741722382107, 2.0526477667263543, 2.36438505719254, 0.3660272019419373, 2.035773154483226, 1.5658200870391594, 0.6362507972863614, 2.298807470546134, 3.9380578905052817, 1.7749366584011268, 0.03584191206560128, 2.2877446791868974, 1.732423929713344, 0.30118833141121826, -0.13050014296024104, 0.780460926986084, 2.365287520160629, 3.748542332479044, 2.0281706579117005, 1.2277688784511822, 0.4588824142376984, 2.6304390000665823, 0.09449655950057423, 2.517413620340629, 2.29673974850118, 2.793866478406369, 2.8200087557558526, 3.141109009953368, 3.6352817539468285, 3.9345680920007062, 0.3325939527390922, 0.12225108483315239, 1.022607486973779, 3.683850213428541, 1.5468866998141704, 0.15275535961919928, 2.103579325278124, 3.889900551792652, 2.3111004498078698, 1.159090100118382, 2.9355592681805014, 3.214195498165849, 2.457781610953668, 2.5574072040233875, 1.8617313109756926, 1.0316688276940087, 1.9657311080857216, 2.333040564884199, 3.0580447072152834, 2.8643415506770014, 1.7753219946735426, 0.09912325297431712, 1.182362556437169, 1.8212844100832681, 0.5246834274084684, 3.72390372350851, 3.6903940452378565, 2.6982595155753373, 2.536333032557002, 0.41132884785037716, 2.681096067081132, 1.6280100588376976, 2.5005777169212924, 1.827573159115296, 2.5339209001870633, 3.5373675513074714, 4.438764111412603, 2.3723849803566663, 1.7254968811542482, 1.1614661163455882, 1.742595256573103, 3.0905566702182066, 3.518262851947137, 4.151307604886798, 2.59825591286421, 1.7113656372392647, 1.342838035941871, 1.1629310459675937, 2.28854503982849, 2.3461493608407498, 3.192140274665933, 0.3505365074982394, 1.381754795070293, 1.7607442191270528, 2.134197869519763, 0.6622332314421719, 3.12068947644783, 2.0299993437888784, 3.000889342742951, 3.901252159785395, 1.6998181828199614, 1.612916685711309, 1.527119371389758, 2.3636157162832774, 1.7409026645467187, 1.3198738194579323, 2.837250064561057, 1.634184832077124, 0.3968850263422268, 1.4797751138878161, 3.099196074836219, 2.900308153735855, 2.6940411697991333, 1.6468705069976741, 1.7880857182690304, 3.3036943825901735, 1.5310978307587546, 2.9949884634715236, 2.3809433264654434, 3.813371254785925, 1.630205354774825, 2.8587622314919585, 2.083188243258842, 2.9292324107838135, 2.2883888546681903, 3.7255947847890245, 1.6156837408603155, 2.2492911532061433, 2.368805183933864, 2.4960363067043976, 2.7445672738558033, 1.1707051071086123, 2.422377317580839, 0.89625812926612, 0.5707147663719467, 0.29447883652581774, 0.3249934953810145, 3.805087542502519, 1.2940681444777118, 1.013360190630374, 0.45480771244129636, 2.670441852929252, 0.6025213761251078, 2.802218484111359, 2.466701424210152, 1.826762578362917, 0.9050967770669203, 0.8899600374375762, 1.7907785126725084, 2.111882389900066, 2.185154639281019, 1.1360874398816685, 1.727779471049846, 2.555954311112408, 2.087480490834964, 0.4980832696965467, 1.8636773308773735, 0.5993977570798887, 0.1939324906504103, 3.2876784464302635, 2.51546994584766, 3.3361196675973184, 2.3615280675170673, 2.6265175671205645, 1.730352472821088, 1.7091767230718826, 2.667945500053701, 2.884351574128235, 0.20152084938248782, 1.40787695306146, 0.8655343665460338, 2.5521911407518525, 1.3289728428673613, 3.7028741350003536, 1.7402319725221824, 0.029801470342235348, 1.2545344764771067, 0.8817306137845193, 1.8084550155929975, 1.2350099975929807, 2.1242639274510564, 0.06001156320290146, 1.3083400814746566, 0.6076719159209538, 2.77341462371208, 2.3922165311789843, 1.2330970109050652, 2.6820442734325396, 0.325379322400535, 1.6194391121559955, 2.818816853368122, 2.2632961362792656, 3.1121847837751266, 2.286659103252667, 3.500528103432315, 1.2189606120774503, 2.2311122764119733, 1.814363983962596, 1.6086914362686753, 0.36021242571175405, 0.36850907594272764, 0.454547522100051, 1.0805693501527693, 3.640022891910795, 3.4023667299244904, 2.1578581172012474, 2.7145281139051085, 2.1125191029549764, 0.21190298158146748, 3.248962496467697, 0.1846113051021745, 0.33747470917640454, 2.366516406580518, 3.996185653678708, 1.1878276622644355, 1.6985686422323703, 1.4355642658912, 3.463414589644231, 2.6701336980193395, 2.315249899693042, 0.14405099290266277, 0.8086564328146069, 0.2742664378046271, 1.904637607001167, 2.5764931928879133, 1.199552808325649, 1.936001641636535, 3.6398317119397126, 3.202600937696893, 2.1121194344176475, 2.9771048857853715, 2.810884024124232, 2.7539609503251237, 0.3355919941765362, 0.275713967934359, 0.4955184133990236, 0.08076387244611904, 4.717801805336085, 1.5886585044296857, 2.4931025189084286, 3.127537184582801, 2.625925868406007, 2.091641286439192, 2.4244023131701438, 0.9513461449900593, 0.3984880503840196, 3.3531190521222403, 0.3760848068235889, 0.4340339548107752,