{"model": "catboost_minilm_features-extract_supersense", "type": "train", "seed": 41, "train_losses": [], "val_losses": [], "time_start": "2026-03-01T16:27:14.772436", "mse": 0.11903404385710661, "accuracy": 0.8608247422680413, "corr": 0.9804258850763012, "precision": [0.9894736842105263, 0.8142857142857143, 0.6829268292682927, 0.8248175182481752, 0.9568965517241379, 1.0], "recall": [0.7966101694915254, 0.8837209302325582, 0.9333333333333333, 0.7483443708609272, 0.8604651162790697, 0.9612403100775194], "f1": [0.8826291079812206, 0.8475836431226765, 0.7887323943661971, 0.7847222222222222, 0.9061224489795918, 0.9802371541501976], "support": [118, 129, 120, 151, 129, 129], "confusion_matrix": [[94, 24, 0, 0, 0, 0], [1, 114, 14, 0, 0, 0], [0, 2, 112, 6, 0, 0], [0, 0, 38, 113, 0, 0], [0, 0, 0, 18, 111, 0], [0, 0, 0, 0, 5, 124]], "predictions": [2.7416653754194917, 1.1729257530951158, 0.1836380383472056, 3.7751056039590685, 1.4937088579908067, 3.689282683810412, 2.4656318910149535, 2.758357029604929, 2.4817930712234832, 2.799169008365542, 1.7412538326041105, 3.840267086752867, 3.099169058204601, 3.163543226698004, 1.728170475577357, 0.3058493005143208, 1.741059541628628, 2.906260153911088, 2.7720777335360696, 1.7765138616011242, 1.3652625506371097, 0.5954369828608264, 0.6897330676878912, 1.808075306556307, 0.9870265389920765, 2.7646487595638005, 0.167291450937606, 2.7460612591699065, 1.1198903323718143, 2.470190153299793, 1.7696548216477384, 2.2511011860882317, 1.3520840821126912, 2.891533559759662, 0.9666994665059685, 1.7825372593856548, -0.04712048450838191, 0.5744523043959795, 0.1830762541192077, 1.748785580875105, 3.681694435007315, 2.616533783200404, 1.1898467451516404, 1.5722849287951641, 0.48829388031671783, 2.1783744744156017, 2.5657402027476333, 3.798744691560377, 0.16260420099114725, 0.25660712835603716, 1.0528324798956308, 0.3667946222715277, 2.3722512481389577, 1.3696927833560002, 3.046852687844341, 3.8787126874019826, 1.9689325781741087, 2.2157148033970686, 2.7576120619717868, 4.126409165113217, 2.6128836819881287, 0.24650641951101893, 3.0428964295447134, 0.44277296949019584, 2.5945422772722893, 2.1052589597568185, 1.915987751289895, 1.2735602724852968, 1.8114257659108175, 3.0924346924261807, 1.682824777900899, 0.050542924797023936, 0.42074892301980515, 2.6486716935612025, 0.32906636353016294, 0.15978668452319633, 0.18691656213337282, 2.1848301090269597, 3.6599796259961437, 3.6575383746463057, 2.0036412611230645, 1.6440413446437185, 2.493681956489064, 2.2460045236905994, 3.9562084716641945, 0.8946401120070115, 0.2736834162991859, 3.009630759935221, 2.9343431610352337, 0.1545535110894276, 2.24486089751336, 2.6008629754481967, 3.416677623185901, 1.6155023853826518, 3.6212774409289086, 2.0765634851910844, 1.4961448713936094, 0.6786068227143427, 2.748005113454277, 1.2093428739570822, 2.477772558623092, 1.313637091702332, 1.2870694128039155, 0.11104504355936129, 1.927458867268157, 0.49575479329372163, 3.1364258284967566, 0.3287699240551256, 0.3500713727329172, 2.1913381166259205, 0.5716070032486282, 4.504816271944138, 1.31058715928018, 0.04355787714708104, 0.013146807123027848, 2.3334309629542505, 0.4107213166838042, 3.1318900228764472, 2.5916639720403642, 0.44337433055951836, 0.20176856719734904, 4.297639212492758, 0.17778662521528288, 1.5723435049830563, 2.267633822528368, 2.0637185678654437, 2.541179447577269, 0.3087768151244039, 2.0450600632927975, 1.6640549821856763, 0.6714982330780424, 2.544891793317201, 3.875894901131792, 1.6999188638153937, 0.13669210164432233, 2.376968409936176, 1.7916885907522153, 0.42543803633986954, -0.0632706744156093, 0.815662777020755, 2.3929980343191373, 3.7988302356218115, 2.0852268992646685, 1.2820060144145033, 0.43672723409138836, 2.426029260831368, 0.15177722011919892, 2.5608876756035435, 2.2127316947724376, 2.6129801041023297, 2.9530138280588365, 3.0790640401433897, 3.4959913949824544, 3.8196775893582102, 0.23286289552830342, 0.13433727853633304, 0.9929610155088737, 3.664426030208604, 1.6231676634840206, 0.15865318320916044, 2.075531836875582, 3.770635450448749, 2.4143477364961634, 1.1851412222073148, 3.0229693121583656, 3.1040018110036014, 2.5445945127495775, 2.4592044820101906, 1.990135482782051, 0.9488532778279883, 2.047817354468525, 2.3554138932316984, 2.9118406302618345, 2.809580630567835, 1.9548248759419233, 0.0769803195200014, 1.2417064475421002, 1.9609482320894895, 0.6576173814272519, 3.7735144835606387, 3.813652615403686, 2.593757318249308, 2.6146141384901807, 0.4259232995746558, 2.7367852241300707, 1.6488309364687366, 2.4401665075193044, 1.7570729640616802, 2.5608309399708618, 3.3525569634957, 4.338144318737184, 2.5044921425011295, 1.7259969247514846, 1.1702659750746554, 1.7110890839977304, 2.948391455202736, 3.5766660566099713, 4.000718904574326, 2.6350783080700793, 1.6419095743932524, 1.3806422601849564, 1.176730534438954, 2.247357153129864, 2.3859148836709423, 3.244090235304754, 0.46374505837827185, 1.3656685381781044, 1.751674096592227, 2.2110028218049256, 0.7304057632206216, 2.8795268717836877, 2.117087624402352, 3.181812173654715, 3.7108649024042553, 1.7392250953999298, 1.6061007427955023, 1.2966199001966845, 2.370397032221148, 1.8409436083055024, 1.2677691352892553, 3.031414575116324, 1.5345725223846585, 0.3491668392835452, 1.4535873829727677, 3.054050379624122, 2.7241115465078876, 2.680126282586286, 1.6941542370792724, 1.9416311746826467, 3.3683606048504644, 1.6372760043074592, 3.0653583399574735, 2.331896899826936, 3.7678029135148137, 1.7125721710691133, 2.939254425626084, 2.135475492047444, 2.772422324435933, 2.2296964420314365, 3.821595566602822, 1.6487954293467926, 2.2043921541929112, 2.384834099989094, 2.4925749916380533, 2.673581414891482, 1.2301504706492223, 2.309389049109248, 1.0366767852285734, 0.5350967964757203, 0.20551726475495435, 0.3443301174058284, 3.8811328348082297, 1.3140817521823023, 1.146062478271588, 0.4214751262462242, 2.713706649996359, 0.5703232684735389, 2.820143308334488, 2.4227281501099602, 1.876911060370246, 0.9666117012772784, 0.8768630129725135, 1.9435805212409565, 2.144286927475367, 2.293096202789444, 1.166368852327497, 1.7864218579973206, 2.429125262359221, 1.9831346203902287, 0.4801036719009075, 1.7919231452459847, 0.730341151050524, 0.1310274718206874, 3.3237995890138787, 2.5387327657052747, 3.3495648343883966, 2.2305906856145064, 2.509029846807639, 1.8401501570389294, 1.7233349710732555, 2.7490934491820234, 2.923806088768611, 0.39417526809250303, 1.225131113615848, 1.1010970553917363, 2.4284642464357957, 1.365402267763946, 3.6384770390394117, 1.7614311026424398, 0.15608368770912362, 1.4508483414103344, 1.002478738148836, 1.8758009475929633, 1.378399124071309, 2.0055949967742452, -0.06154577231532965, 1.2945088149358603, 0.6324919691170467, 2.71551004129566, 2.5540065809169215, 1.3684559849712632, 2.7923080141206076, 0.40226166882262415, 1.5028369992372306, 2.7711479356870905, 2.170340204694634, 2.9979374467544577, 2.044740989724587, 3.4231153464510085, 0.888295117915447, 2.2918421365199695, 1.740128778191973, 1.4570357601733372, 0.38781946119268573, 0.37465434567084266, 0.4225990818370646, 1.0798329806857487, 3.695665414639908, 3.3639016739843606, 2.018089289156366, 2.6807652480402613, 2.159926946081808, 0.16122537521545643, 3.0927843148761633, 0.08959724877031361, 0.37791291937555505, 2.5176005107185375, 3.8812939832010476, 1.0484546687046077, 1.7525828618530195, 1.5964406270340432, 3.3897624651900657, 2.656741948186163, 2.4065003870925277, 0.19261774259529751, 0.7393375240115532, 0.3711384633930219, 1.961618507356354, 2.7398548159455416, 1.140018469063906, 1.8873631706492167, 3.5735102924788977, 3.3801470005940133, 1.966685189595578, 3.1679065571388323, 2.799908764794704, 2.733898339410531, 0.47606379412841937, 0.16832093605656873, 0.4538528159426014, 0.1964298523264243, 4.543361520200385, 1.5602404620263794, 2.530362508908109, 3.085362749207304, 2.603272957327027, 2.2877861659650183, 2.428010200439175, 0.8707010041870504, 0.4521200746321723, 