{"model": "catboost_minilm_features-extract_events", "type": "train", "seed": 41, "train_losses": [], "val_losses": [], "time_start": "2026-03-01T16:23:24.367595", "mse": 0.1125458007780684, "accuracy": 0.8685567010309279, "corr": 0.9815346761562892, "precision": [0.9896907216494846, 0.8214285714285714, 0.6932515337423313, 0.8432835820895522, 0.9572649572649573, 1.0], "recall": [0.8135593220338984, 0.8914728682170543, 0.9416666666666667, 0.7483443708609272, 0.8682170542635659, 0.9689922480620154], "f1": [0.8930232558139535, 0.8550185873605948, 0.7985865724381626, 0.7929824561403509, 0.9105691056910569, 0.984251968503937], "support": [118, 129, 120, 151, 129, 129], "confusion_matrix": [[96, 22, 0, 0, 0, 0], [1, 115, 13, 0, 0, 0], [0, 3, 113, 4, 0, 0], [0, 0, 37, 113, 1, 0], [0, 0, 0, 17, 112, 0], [0, 0, 0, 0, 4, 125]], "predictions": [2.6580225355368117, 1.361547775791065, 0.15398474195431033, 3.919148264340037, 1.4360461346565656, 3.683601299588081, 2.411338155750541, 2.7065628243565323, 2.417265366996602, 2.9493499522943014, 1.8884008465353799, 3.7786195722494798, 3.0443096822871447, 3.0684254081889213, 1.6895823789297202, 0.3432690719965601, 1.7039383239633206, 2.901827106009056, 2.9898751900445353, 1.729025146660459, 1.3694034506487067, 0.7230018577002786, 0.7505754680486056, 1.7502501170004765, 0.9742970041482195, 2.783048917027232, 0.15945188133903088, 2.8513790989765173, 1.116499860003199, 2.5280560688490064, 1.7491209904423723, 2.2024392756996334, 1.3159066473100984, 2.962037679126816, 1.0271608422900635, 1.7578872153101304, 0.09900124654730158, 0.3956119015073378, 0.18774245572957193, 1.7299430062151664, 3.8159441617221574, 2.490839187956971, 1.1482457990862671, 1.584986738555878, 0.4956789507650887, 2.1631864792682967, 2.425632611202435, 3.9065551304101844, 0.14573545084351158, 0.13481928327559833, 1.0525529842216328, 0.38991277104397914, 2.4472143204211982, 1.4183433135965884, 3.077243166026893, 3.972838959464077, 2.0535503416775067, 2.3454119015005013, 2.7459778616785453, 4.005001692381661, 2.786998258216946, 0.24240769006102258, 3.1944082048959213, 0.3718040769279609, 2.593842359986495, 2.338155706582205, 1.9366496439664496, 1.2390752572161616, 2.0190527652801995, 2.987796491779858, 1.8082659176068065, 0.02406614920468675, 0.32411529487784785, 2.7748552655554586, 0.1888928415969171, 0.16511190646314766, 0.22885751950700817, 2.122315489292312, 3.7910942257835982, 3.777074143050734, 1.875203013873425, 1.7300910856754679, 2.651022274526435, 2.160218864790197, 3.93416114884542, 0.8393352356709347, 0.29391089354823796, 2.920367818743018, 3.1934715598509884, 0.1307266833896743, 2.1816467066861476, 2.674320840988086, 3.499296218831823, 1.5389420527277942, 3.521412370878644, 2.2046645919146375, 1.3657351297963207, 0.5221242458836719, 2.868920488601992, 1.1487345652911398, 2.554117097424923, 1.18529030892002, 1.1508730201296593, 0.012089827346343007, 1.8831094255129723, 0.5466775809764324, 3.2741713493878195, 0.311804659526389, 0.17426884803184395, 2.270208518766921, 0.5595051742450186, 4.34851087941918, 1.4382016825600563, 0.11969650094169326, 0.06333411057547611, 2.449905296520758, 0.32306948803346636, 3.0937956479639945, 2.6900450456830187, 0.44443635649264124, 0.17237352577043996, 4.443239634404291, 0.3153453777173074, 1.5457806549961974, 2.2146015845741993, 1.9897642063979584, 2.4991379481567964, 0.330487317724931, 2.0022467949747287, 1.6349227339006092, 0.6828731924996503, 2.3917983150708078, 3.7995359595382623, 1.7778749834396952, -0.040226747116240524, 2.213913602498142, 1.7448440949130077, 0.4619842717807372, -0.11060298702249716, 0.7575430840545745, 2.3357090560041094, 3.685970634271035, 2.0819143987091633, 1.3032423848425694, 0.5088428809456804, 2.694544477096365, 0.17609712586226856, 2.502395863196366, 2.322635202016709, 2.783909244809871, 2.915189481625114, 3.177692805097558, 3.659947913752016, 3.863128105972102, 0.24642721751015495, 0.10254112622993006, 0.9872368814113761, 3.7381046840423955, 1.5829480852057891, 0.134568924804773, 2.1367821174113724, 3.7522421100533294, 2.307322553224537, 1.122089762902091, 3.1199575661552466, 3.126152367427659, 2.5332394843504575, 2.5519386261164883, 1.8988899732324191, 0.9281809696425474, 2.021373132950958, 2.3907972694761086, 3.1067817237914, 2.8992350043806208, 1.7783115562243963, 0.09586712254631147, 1.125408377259638, 1.8318691238950593, 0.6242411078203018, 3.649617498030834, 3.7062653778974086, 2.6730388700197287, 2.594867843422733, 0.38448167834482927, 2.752275217817121, 1.668355946314088, 2.553641903718698, 1.7849300664053374, 2.542736935260715, 3.35675526979324, 4.460041929553963, 2.4039821536134633, 1.6364209034453174, 1.1657847965846246, 1.755453626221331, 3.05548400267719, 3.5091965041394557, 4.0021521539284635, 2.5610130596834644, 1.7049463885980196, 1.3444427168909097, 1.14089934513503, 2.275334991897331, 2.3665298240907306, 3.2179687678692135, 0.37820088331878177, 1.3723943516443584, 1.7222433871334077, 2.2220954256719945, 0.7339073439547239, 3.032934243288911, 1.8822534710786853, 3.142215007271683, 4.019248301884582, 1.7641516222984213, 1.5741491460069383, 1.466017588524863, 2.4276666052498834, 1.7724232332040288, 1.2621225926986033, 2.860706551895501, 1.7551210772451764, 0.3892084314790587, 1.5222503991169671, 3.1747986658406755, 2.861612173067787, 2.6577932147985774, 1.6803085915824043, 1.8504763488803144, 3.3501809515485093, 1.552495188392495, 3.0713748174148847, 2.2897100404336244, 3.886061174148139, 1.604004186505711, 2.918001744058632, 1.882315328306327, 2.852707894577718, 2.2809438793573777, 3.7472097702349307, 1.6328920162348768, 2.257379955491496, 2.4001477679470553, 2.454913394827141, 2.773145860416896, 1.2136803033986865, 2.422165262532117, 0.9076292367504262, 0.5051414036229467, 0.28818854335313127, 0.3601780958721599, 3.8781688954770894, 1.311043387604668, 1.1393978459155178, 0.478241088667823, 2.738247806653727, 0.6221578293704075, 2.6905099556904446, 2.399390476726657, 1.7639578823902515, 0.9664873952709261, 0.889514142355277, 1.7671061189233863, 2.153957819499453, 2.09470337269482, 1.170765240698998, 1.6825149427765749, 2.5444091446898756, 2.1394154463063666, 0.5675632545438913, 1.8468506252822907, 0.6332437157830939, 0.10669633607439932, 3.347611132601528, 2.523510840993433, 3.4131178129022635, 2.28637364007035, 2.6028109811091227, 1.7636614872611722, 1.7357619638973256, 2.73417025086828, 2.991690223854737, 0.2710967979218175, 1.4300768535331287, 0.9316393095987157, 2.449983590634552, 1.345905901776981, 3.808371544010024, 1.7590486518009942, 0.0820126204545697, 1.3559651753121917, 0.8362255945121011, 1.8067872172451436, 1.228195042769151, 2.1983888408476204, 0.04455607498072878, 1.2684113464506186, 0.6113809892111799, 2.736533289415891, 2.4489449858944923, 1.3145589255269738, 2.5808522919019135, 0.2377385083621748, 1.6380358342639703, 2.8278009222296916, 2.2887990873043083, 3.021081115047986, 2.2312382391373977, 3.469692181008707, 1.0765359998379769, 2.160124894572649, 1.8056806980360922, 1.4783384754031503, 0.42104528623556936, 0.5098717152416912, 0.43903050730576343, 1.1020012402051877, 3.812500258231556, 3.431727401342667, 2.0925478523602927, 2.6678371590071124, 2.0722981065970325, 0.246693430187511, 3.169686614917216, 0.19450124696794413, 0.3950127156513399, 2.342044873450324, 3.87441478050695, 1.191661758875918, 1.7665355545311645, 1.3280708315196241, 3.5585097252723434, 2.6124950633203357, 2.3743783934679534, 0.22440356631578506, 0.7006646068911684, 0.3455222824694033, 1.8127791668554432, 2.6678362027365368, 1.17019583431639, 2.0511584027809073, 3.6828344066065384, 3.2742527536388906, 2.0522157741158407, 2.951339320922708, 2.80294171302091, 2.6559720541378593, 0.41702539998805754, 0.22072151556262032, 0.48058279695848594, 0.0875546501544906, 4.64018755299511, 1.5258242861011881, 2.4466761271567816, 3.069339409011523, 2.7233805119984185, 2.0545644261642346, 2.4090291562916444, 0.8525695214226772, 0.38322299989741815, 3.375529007326961, 0.38170439177360516, 