{"model": "catboost_minilm_features-extract_dependency_tree_structure", "type": "train", "seed": 41, "train_losses": [], "val_losses": [], "time_start": "2026-03-01T16:07:56.142793", "mse": 0.10968697214826628, "accuracy": 0.8762886597938144, "corr": 0.9820103258791686, "precision": [0.9897959183673469, 0.8333333333333334, 0.7080745341614907, 0.8478260869565217, 0.9655172413793104, 1.0], "recall": [0.8220338983050848, 0.8914728682170543, 0.95, 0.7748344370860927, 0.8682170542635659, 0.9689922480620154], "f1": [0.8981481481481481, 0.8614232209737828, 0.8113879003558719, 0.8096885813148789, 0.9142857142857143, 0.984251968503937], "support": [118, 129, 120, 151, 129, 129], "confusion_matrix": [[97, 21, 0, 0, 0, 0], [1, 115, 13, 0, 0, 0], [0, 2, 114, 4, 0, 0], [0, 0, 34, 117, 0, 0], [0, 0, 0, 17, 112, 0], [0, 0, 0, 0, 4, 125]], "predictions": [2.6847248024407486, 1.3292686138606469, 0.22026807213877975, 3.943475827458276, 1.389993881986289, 3.657410762939552, 2.3768330487748566, 2.6713612584210438, 2.417229721212557, 2.9639785593137336, 1.8163897214069715, 3.804730382490903, 3.073017663490577, 3.0410152155390535, 1.6144733920114218, 0.3618048792049757, 1.7547598836847564, 2.949528291900754, 2.9683632019947908, 1.7866553094739317, 1.4367192152607424, 0.5464098132863229, 0.7138307837574427, 1.7123161743804172, 1.0115931045999398, 2.826337637545688, 0.16003430338745028, 2.80324512958631, 1.0620899179198668, 2.591199061106339, 1.692349024915358, 2.26292755462869, 1.3762744615913318, 2.933732794863403, 1.1026273630980357, 1.6723754679381884, 0.03832058990836629, 0.3703308973341808, 0.16277007667048027, 1.7168926170226937, 3.7732848189825607, 2.5418230503188943, 1.1799615439948088, 1.6236267112803555, 0.3947669113307919, 2.120512798793854, 2.446439267445448, 3.9316497756601114, 0.1820833033161069, 0.15421817317189035, 1.113763498784717, 0.4299872047724378, 2.4701250078906662, 1.3825568691237424, 3.0141028542054227, 3.964962946542064, 2.0774383753083705, 2.4016612014851355, 2.790742073601726, 4.08848070103476, 2.7451724501054637, 0.21701902914373328, 3.1602452915572843, 0.3824677788067925, 2.615244272156231, 2.284912162498675, 1.9592355746850272, 1.366823488715297, 1.9198411647100788, 2.925355096058297, 1.7558720945358215, -0.04547299037681318, 0.35703571851110505, 2.800563926371125, 0.2048237024679036, 0.1532763797844181, 0.16409890351754708, 2.1428685494747635, 3.7282173159699683, 3.708007737344788, 1.868040899417362, 1.8119956147868432, 2.6735583021433427, 2.1771319760650374, 3.8796706982236704, 1.0020067021802386, 0.2517684592481926, 2.8130708685926824, 3.144914974693287, 0.07557337750942494, 2.2062286818176813, 2.635391640105332, 3.462488871366077, 1.5725093137533457, 3.5344780476393476, 2.061587769740393, 1.4500024860051102, 0.5555526014027607, 2.82051228982356, 1.1553107787086416, 2.604548755335388, 1.1522004901604916, 1.1722724918743288, 0.11580103884802861, 1.9733009411186186, 0.4585905342109968, 3.2403528264241346, 0.3088323927627883, 0.23304292336632582, 2.196054092770824, 0.5088910566285569, 4.397576537641844, 1.3077706435283558, 0.11644505196162624, -0.003313671274403518, 2.497434589989613, 0.3361730903635203, 3.1400022813467015, 2.683732901080327, 0.41196280981975253, 0.16534067335125613, 4.476608178087901, 0.279887027613281, 1.4910592678412897, 2.290716311013606, 2.0676453290679015, 2.5785221499881166, 0.32833525878545977, 1.9586834079192035, 1.6456527823180762, 0.6504681809956345, 2.2769367315535223, 3.775466658472278, 1.7370460320841514, 0.0049479283382973804, 2.2575171970045895, 1.7181480211948998, 0.5154290549894478, -0.10530719694107704, 0.7437209962578268, 2.3277227899151365, 3.7925436581487846, 2.0749829935575876, 1.196815941345605, 0.48910400908506935, 2.6560248324748135, 0.14442946719920702, 2.4694061054972085, 2.2982644043563716, 2.8160327676079597, 2.8535501672871053, 3.1459347461469482, 3.6124726792965416, 3.8841794029370913, 0.22989477156630178, 0.08748171849926312, 1.0613103335268705, 3.6603963271522795, 1.562427306985914, 0.10602166269284696, 2.1407856961830265, 3.884749623144514, 2.307091702024956, 1.192717422079255, 2.956246661345527, 3.1099002620689635, 2.5354872723196187, 2.4773313306614826, 1.9077714410468647, 0.9475601693833458, 1.9076332169802772, 2.463358308033289, 3.040936832928289, 2.8485725637281942, 1.782711661412271, 0.054769936786504214, 1.1812819251701971, 1.8834496522516089, 0.6670667674376964, 3.646664840828861, 3.707152062518004, 2.7059476262334234, 2.6632455971832987, 0.41035760737339144, 2.7265496687564577, 1.6607324504824246, 2.5441911483377693, 1.8454967484654106, 2.5788427361285695, 3.401559885876565, 4.4124486611620535, 2.3457352875876096, 1.732328207297512, 1.1626837247825084, 1.7230534642821609, 3.0174622077049476, 3.5603267154218328, 4.056313114395356, 2.566558846151973, 1.6465538719403514, 1.2893212005013277, 1.1586908568629148, 2.208560108123259, 2.3404987468491636, 3.2034580781070225, 0.3700121406884267, 1.3263957923135785, 1.791231647693127, 2.2396487808639076, 0.753105431852769, 2.967957795361886, 1.9645205757922928, 3.1306995462335743, 4.022466206802037, 1.7389046009444313, 1.6124500704009983, 1.5048146625421135, 2.391040149994429, 1.7886239468220158, 1.3411640688712303, 2.867921306230467, 1.6903750548554062, 0.41261483909056373, 1.4596314809733952, 3.1509339627526907, 2.8842247102998435, 2.8761137464946818, 1.720246938036263, 1.730746345912425, 3.380454007914219, 1.6405811075527477, 2.9395750031623242, 2.41686891769775, 3.7301968330059543, 1.6285539864414529, 2.8385075848027514, 2.039834530284977, 2.823532275048619, 2.290164421703988, 3.903506878955458, 1.6284574889710282, 2.2576586797998908, 2.367073807125375, 2.5709024976190995, 2.77048671902141, 1.2178544421306758, 2.269114230669978, 0.8498176200301879, 0.5526911496664011, 0.1986931210890428, 0.3409497204093297, 3.8436054917103553, 1.3947458367806322, 1.062983969446161, 0.4201373693506074, 2.7532790016819715, 0.5949008670856204, 2.6222618472146983, 2.4511706500389074, 1.8302556194234256, 0.8773805151379073, 0.8309602457353611, 1.7243302106491352, 2.113960512291543, 2.242733212086913, 1.167467867111343, 1.715417643407858, 2.49584196953094, 2.1715582162877194, 0.51033239790121, 1.796909410105221, 0.5502613913370649, 0.1286068350781373, 3.2687753538378335, 2.5301224621383573, 3.4082771823126663, 2.2101125804402155, 2.5506988994678728, 1.7276180031561417, 1.718851421506637, 2.7476346807233787, 2.960606104636309, 0.259494713701542, 1.508980450732829, 0.9388971327784823, 2.5340386768601615, 1.318777140095875, 3.859629766597055, 1.7114716678755277, 0.12932430878387757, 1.384270337261194, 1.0005161717853417, 1.7888179027887698, 1.2116300082278177, 2.1228535006802804, 0.07115404509355017, 1.3401736561490734, 0.582064368749226, 2.7379467285380077, 2.473956269745115, 1.3061238215536013, 2.701201503444371, 0.318699827934136, 1.5561158358142086, 2.7981565685495973, 2.300201196457959, 3.129043831630307, 2.2533864660176395, 3.4590840242458443, 1.1393222800524987, 2.129374563359683, 1.7948705340036328, 1.5660376513565093, 0.35351473796824084, 0.4037022931027159, 0.30463155277771437, 1.2401607237947785, 3.7982673628088013, 3.3835849070165738, 2.042484035080259, 2.582064926837689, 2.1081728195250973, 0.2330225946858384, 3.190338231125545, 0.18981066365828125, 0.3419633593882927, 2.3973394409675333, 3.8782479497127205, 1.1047004068751856, 1.7664729382918707, 1.4119688703181745, 3.5027748377898105, 2.6083336889347213, 2.3887829500969544, 0.19640725480050003, 0.7738306343265915, 0.24355619035451115, 1.9099819758422456, 2.6316130809217646, 1.2055961540224978, 1.9201453125530272, 3.558990833876117, 3.1874974501230984, 2.139114528954051, 2.9300027323504447, 2.8341374002785127, 2.7390766701745672, 0.38506451397602204, 0.2105544487226756, 0.5395873223008771, 0.10491726755033737, 4.540464744236897, 1.5395755407882987, 2.5443367724035113, 2.9906410459469916, 2.7419360566124804, 2.1371939237483506, 2.4992335463393847, 0.944309685171995, 0.35260745420773976, 