{"model": "catboost_minilm_features-extract_ttr", "type": "train", "seed": 42, "train_losses": [], "val_losses": [], "time_start": "2026-03-01T15:22:52.663765", "mse": 0.1075398631392883, "accuracy": 0.8724226804123711, "corr": 0.9823760203139215, "precision": [0.9896907216494846, 0.8214285714285714, 0.7018633540372671, 0.8467153284671532, 0.9655172413793104, 1.0], "recall": [0.8135593220338984, 0.8914728682170543, 0.9416666666666667, 0.7682119205298014, 0.8682170542635659, 0.9689922480620154], "f1": [0.8930232558139535, 0.8550185873605948, 0.8042704626334519, 0.8055555555555556, 0.9142857142857143, 0.984251968503937], "support": [118, 129, 120, 151, 129, 129], "confusion_matrix": [[96, 22, 0, 0, 0, 0], [1, 115, 13, 0, 0, 0], [0, 3, 113, 4, 0, 0], [0, 0, 35, 116, 0, 0], [0, 0, 0, 17, 112, 0], [0, 0, 0, 0, 4, 125]], "predictions": [2.659294462157551, 1.262679079683076, 0.21536734693428405, 3.8919886672005193, 1.4609527407850564, 3.786175033247197, 2.468068988480173, 2.6479635105395407, 2.358054701791816, 2.8532580642752676, 1.857476275892235, 3.7353049498890094, 3.084917745573423, 3.128008437613939, 1.5900397554890708, 0.42897886628359183, 1.8197583846605516, 2.9742334355543463, 2.9171393271234614, 1.7285463307266078, 1.3701316257790692, 0.5573337067206061, 0.6694861722565664, 1.7468177191180647, 1.0115276097734809, 2.885944994448981, 0.17133492165806574, 2.7134556386156303, 1.0536745050634666, 2.519210157965408, 1.7741961957541517, 2.2978898333363595, 1.364632591385158, 2.9464962840544464, 1.1058639517553877, 1.7563602594789192, -0.005155399817590389, 0.4088519104186239, 0.17883351660518487, 1.725589922029715, 3.824286176234998, 2.539001979407951, 1.0833915494730113, 1.5944382137948838, 0.46655881524025267, 2.136467983101304, 2.4656832299546556, 3.9071142484500285, 0.14646195464727807, 0.08523214528631762, 1.0546076458809532, 0.42741010738083585, 2.477149238405464, 1.3490257847683385, 2.8770513941880607, 3.922635674644873, 2.089446079282567, 2.368550175591025, 2.8268406502470076, 4.191653051785736, 2.794830558241736, 0.2144317138813081, 3.3090485095291418, 0.3850193090577507, 2.649005008063691, 2.2720040626358977, 2.0942358627672006, 1.2217661030125997, 1.9465612405158816, 2.8209083181167762, 1.7133583503490706, 0.0899414748593359, 0.34893902417897227, 2.8526097370759915, 0.2660021806263426, 0.17957934825337896, 0.19784866414769064, 2.164966163588226, 3.7367718659179996, 3.7014250006740204, 1.8229638677951003, 1.7391405201079775, 2.6765045176225097, 2.1961583325311165, 3.9923636139856944, 0.9693841500146352, 0.3238861122521075, 2.9245394858825544, 3.170675945536529, 0.11634009795140843, 2.170410665540708, 2.652617774515547, 3.4523080945956206, 1.543759375761081, 3.60468334117441, 2.241095272095844, 1.442314030000925, 0.5782306962667605, 2.867206325011232, 1.133271088516423, 2.48799119868847, 1.1874641658974108, 1.0727110380279923, 0.10406708136610465, 1.9027780957942635, 0.5152238766591877, 3.325574360956205, 0.32661343596764025, 0.2396573223818943, 2.262401288985987, 0.5621129265893601, 4.368742789032562, 1.2662416615856023, 0.1375918078895828, 0.03382939491822068, 2.4425867783709827, 0.34019536784026316, 3.146353067630354, 2.7250283549887606, 0.37126908941502856, 0.20154039700702908, 4.441397824938642, 0.21729391478747928, 1.556210029235995, 2.309163901038124, 2.1155071624617694, 2.382673254406474, 0.32460134396437956, 1.8869025546900513, 1.636695564718929, 0.653157929561401, 2.3027182928627576, 3.7446258533810255, 1.7345273961236276, -0.025346820913777268, 2.282171569663336, 1.7568694526401556, 0.4012243660880701, -0.10380770919275184, 0.7438084782080907, 2.391513883354304, 3.749980500697425, 2.1118365101069956, 1.2162036690232718, 0.3860290491592475, 2.630426806949401, 0.13532555094496557, 2.5767870377609925, 2.3357334992621612, 2.834211478507977, 2.8656151721371317, 3.1328490968926337, 3.6011094728416206, 3.8274319134151824, 0.2010354847208724, 0.03007456884813564, 1.0218046717072808, 3.5870766942054457, 1.4962102261452006, 0.05919870667812699, 2.2180918088460944, 3.7973527829372458, 2.33913968647549, 1.191699080504916, 3.034256943114742, 3.1662464336319385, 2.486925598373495, 2.5207076873572127, 1.8662280783043768, 1.0187325789659882, 1.9420473422088942, 2.403645176576962, 2.9943586503673663, 2.885406132769341, 1.7942180686379667, -0.04283584460078771, 1.1455209083108824, 1.8748800908490253, 0.6506265799541839, 3.7273299104994484, 3.743636910279976, 2.71701033998615, 2.6504182508946323, 0.42058662726886276, 2.7256147630272114, 1.6510840857251559, 2.4742797682512343, 1.812210683179718, 2.5469227884444203, 3.4186390956868826, 4.465179550840712, 2.3979434470076564, 1.7822426973537333, 1.2786295096625737, 1.7871290239489983, 2.9400422007492697, 3.5663468345696305, 4.138442802495236, 2.5815164517777767, 1.610932775659764, 1.3407962498171082, 1.1440970949362472, 2.2716055100308514, 2.367759491117317, 3.1168093333703895, 0.44068020788398776, 1.3244818992665295, 1.7840205106240612, 2.248584145051306, 0.6841842675906533, 3.071043339636047, 1.991755692424158, 3.0421962880539204, 3.913238722212859, 1.7312740774984008, 1.7200639856816697, 1.5680502189341592, 2.4481224687184957, 1.806193974570509, 1.2503583997151253, 2.8562089230012693, 1.7002327864521565, 0.32879646110700245, 1.42373866646514, 3.1286751580440995, 2.8075000402411927, 2.709837610762537, 1.7684627677240568, 1.7820825800876297, 3.3733777020772933, 1.6526957536604614, 3.010179749553906, 2.3757595201210293, 3.6841293660076655, 1.6942194491332672, 2.9121583206019426, 2.0516641990993536, 2.8290909068923886, 2.3452360388409357, 3.771885353228604, 1.652188069158506, 2.267491300300751, 2.3582472463229234, 2.4795784700092134, 2.8542222052179653, 1.19865042944635, 2.423125178571378, 0.8928643903364522, 0.5468064924031144, 0.3246261085886628, 0.3519278806758006, 3.8528556564638072, 1.2961198955051132, 1.1146145274372323, 0.43363733020498296, 2.698714119656811, 0.6146160216497332, 2.7214897155367597, 2.4685526143821988, 1.813329696120043, 0.8613366835352023, 0.8466825657723358, 1.854871702908539, 2.119676799279107, 2.2044302980653963, 1.2087299113812005, 1.744970327415171, 2.5047067762250483, 2.1456762575551465, 0.546834239785581, 1.8349319246326226, 0.6277735922719141, 0.08308037015581027, 3.3348862679302953, 2.6222569485386904, 3.4377139583739265, 2.1873670942622048, 2.560454883108548, 1.7992807876434662, 1.7138120735691857, 2.766379660908036, 3.0605381473849183, 0.2582742618411715, 1.4391707399243443, 0.8522426091695392, 2.515830462862002, 1.2804016967852616, 3.7159857430658185, 1.7354617899338942, -0.02208102842297155, 1.3310851742231717, 0.8226113746698351, 1.7680819703843376, 1.177941129575511, 2.1850324623448727, 0.034089597161548024, 1.2816561592197735, 0.574226485245154, 2.6378824645331918, 2.5733014405982555, 1.2102538428121625, 2.6023384909885268, 0.2949966998704183, 1.5854634493853874, 2.8495629330357133, 2.2953379777157465, 2.9700615920483906, 2.2618042037923365, 3.3456571330669513, 1.1170159947728302, 2.2349804277600747, 1.7506439398260132, 1.5151889867244481, 0.40060001208278884, 0.35573715566614394, 0.4197564428630982, 1.1600349043974894, 3.758238707824299, 3.4093215468583087, 2.028645556851916, 2.7024529130609465, 2.0420927323977955, 0.23604692288337548, 3.137518484679736, 0.12647517478033654, 0.38626276381282043, 2.407257632985835, 4.055540361376467, 1.0880598170145575, 1.7294859568579883, 1.3859020688208636, 3.4108759357044893, 2.7232201789530444, 2.3835688100985464, 0.10686677275592738, 0.7454222248636846, 0.2767619267237764, 1.8188776169042176, 2.6656312651474714, 1.1523591441426855, 1.8836786504470542, 3.631207006185438, 3.1819575129323643, 2.1367467970480405, 2.9241164947980622, 2.744851688341401, 2.6873864584275546, 0.3620369516287205, 0.20231603603649395, 0.5740053204472473, 0.1564500710519643, 4.53077137492955, 1.5319705511884956, 2.4936439958320262, 2.9734520624664054, 2.650808863981269, 2.1548322916703553, 2.431338669529983, 1.007767194600277, 0.4293767360243739, 