{"model": "catboost_minilm_features-extract_sentence_length_by_word_avg", "type": "test", "seed": 41, "time_start": "2026-03-01T15:15:09.685117", "mse": 0.9713722773755054, "accuracy": 0.36283185840707965, "corr": 0.690106023929762, "precision": [0.7142857142857143, 0.24074074074074073, 0.3137254901960784, 0.49056603773584906, 0.6, 0.0], "recall": [0.09803921568627451, 0.3939393939393939, 0.6274509803921569, 0.4, 0.25, 0.0], "f1": [0.1724137931034483, 0.2988505747126437, 0.41830065359477125, 0.4406779661016949, 0.35294117647058826, 0.0], "support": [51, 33, 51, 65, 24, 2], "confusion_matrix": [[5, 27, 19, 0, 0, 0], [1, 13, 17, 2, 0, 0], [1, 9, 32, 9, 0, 0], [0, 5, 30, 26, 4, 0], [0, 0, 4, 14, 6, 0], [0, 0, 0, 2, 0, 0]], "predictions": [1.2774624824523926, 1.267809271812439, 2.717794179916382, 1.1239057779312134, 0.7583420276641846, 1.7376941442489624, 3.1001553535461426, 1.771763801574707, 1.3540455102920532, 2.5914323329925537, 3.0503203868865967, 2.3254878520965576, 3.3673462867736816, 1.9366333484649658, 1.730785608291626, 1.8228309154510498, 3.821289539337158, 1.0230445861816406, 1.690288782119751, 3.366342544555664, 3.8499667644500732, 0.1154181957244873, 2.966027021408081, 1.5718495845794678, 1.463024377822876, 2.9389142990112305, 2.237873077392578, 1.8794806003570557, 2.525355339050293, 2.53611159324646, 3.2991831302642822, 1.240275502204895, 2.0346617698669434, 0.9834924936294556, 3.230126142501831, 2.465301275253296, 1.4331014156341553, 2.019232988357544, 3.0143892765045166, 0.8743548393249512, 1.406893253326416, 2.336261749267578, 0.9547451734542847, 2.0315866470336914, 3.4237594604492188, 3.1974403858184814, 1.2485463619232178, 2.690840244293213, 1.9940452575683594, 0.5516072511672974, 2.5262856483459473, 2.119641065597534, 3.3330235481262207, 1.7586207389831543, 3.1973838806152344, 0.5248274803161621, 2.963648796081543, 2.058736801147461, 3.683122158050537, 1.6436907052993774, 2.0273659229278564, 2.1792566776275635, 2.7412519454956055, 2.110323905944824, 1.5444278717041016, 2.481358051300049, 1.8161152601242065, 1.5524215698242188, 1.0110290050506592, 2.342966079711914, 1.8697013854980469, 2.5533394813537598, 1.2829450368881226, 0.20514416694641113, 0.859656810760498, 1.8055047988891602, 1.5228573083877563, 1.923911213874817, 1.621166467666626, 0.07915973663330078, 1.86002779006958, 1.792079210281372, 2.4952380657196045, 3.3311972618103027, 0.837977409362793, 2.120311975479126, 0.1359236240386963, 2.7236180305480957, 1.6303153038024902, 1.601121425628662, 2.721683979034424, 2.876569986343384, 2.59818172454834, 0.8892158269882202, 2.2818500995635986, 0.5183120965957642, 1.6272937059402466, 2.02968430519104, 1.2906907796859741, 1.6792019605636597, 2.49757719039917, 0.29296088218688965, 2.469482660293579, 2.2524428367614746, 0.6622699499130249, 2.031733989715576, 2.3387937545776367, 1.2761510610580444, 3.48958420753479, 1.7322378158569336, 2.4991395473480225, 1.8555431365966797, 2.707714557647705, 2.963906764984131, 1.7788134813308716, 1.0237655639648438, 3.212459087371826, 2.4440665245056152, 2.6489882469177246, 2.6726441383361816, 3.3727002143859863, 1.583882451057434, 0.3388533592224121, 2.15846848487854, 3.215360164642334, 2.549870014190674, 1.6357287168502808, 1.2036901712417603, 1.6244540214538574, 2.2388720512390137, 2.3175814151763916, 3.5449728965759277, 1.5473754405975342, 1.5461186170578003, 3.0555419921875, 3.7398056983947754, 2.4538230895996094, 2.9463539123535156, 1.3346647024154663, 2.187098264694214, 0.9444231986999512, 1.445326328277588, 2.0097122192382812, 1.6196775436401367, 2.1741201877593994, 2.796823501586914, 3.067972183227539, 0.5566660165786743, 3.7557404041290283, 1.2788231372833252, 3.379032850265503, 1.2448115348815918, 1.2038276195526123, 0.7489901781082153, 1.007978081703186, 3.4150445461273193, 1.1997299194335938, 0.9325298070907593, 1.867807149887085, 2.738507032394409, 2.8318533897399902, 3.109391927719116, 2.73740553855896, 1.0171949863433838, 2.3751285076141357, 1.5914437770843506, 1.5915553569793701, 1.2227128744125366, 2.413785696029663, 1.9610166549682617, 2.0556859970092773, 1.7441771030426025, 1.842832088470459, 1.6926262378692627, 2.0338029861450195, 2.5476675033569336, 1.3908439874649048, 0.748310923576355, 0.6469720602035522, 3.4183921813964844, 1.7467067241668701, 1.6970837116241455, 1.0966311693191528, 2.0616331100463867, 3.793274402618408, 2.015479326248169, 2.0191049575805664, 0.6154462099075317, 4.015888214111328, 1.6836638450622559, 2.1158480644226074, 0.7632108926773071, 1.893452525138855, 2.4467735290527344, 1.7267603874206543, 2.349059581756592, 1.7602689266204834, 0.5859603881835938, 2.2781386375427246, 0.9624181985855103, 1.6979279518127441, 1.5850770473480225, 1.767011284828186, 2.262882947921753, 1.2047152519226074, 1.5384700298309326, 3.4809930324554443, 1.9463223218917847, 3.7942447662353516, 2.0321238040924072, 1.447590708732605, 1.4174901247024536, 1.2940558195114136, 1.8417980670928955, 2.148325204849243, 0.9993185997009277, 2.671372413635254, 2.6721084117889404, -0.013998270034790039, 1.863032579421997, 1.4654418230056763, 3.875492572784424, 1.9585835933685303, 2.623427629470825, 1.973488688468933, 3.3205957412719727], "params": {"iterations": 1510, "learning_rate": 0.014286, "depth": 3, "l2_leaf_reg": 3.4047e-06, "bagging_temperature": 2.5656, "random_strength": 4.1266, "border_count": 207}, "time_end": "2026-03-01T15:15:09.783051"}