{"model": "catboost_minilm_features-extract_pos_frequency", "type": "test", "seed": 40, "time_start": "2026-03-01T16:00:52.052680", "mse": 0.9368025746149861, "accuracy": 0.39823008849557523, "corr": 0.704444745498001, "precision": [0.7272727272727273, 0.3157894736842105, 0.3333333333333333, 0.5, 0.5384615384615384, 0.0], "recall": [0.1568627450980392, 0.5454545454545454, 0.6078431372549019, 0.4, 0.2916666666666667, 0.0], "f1": [0.25806451612903225, 0.4, 0.4305555555555556, 0.4444444444444444, 0.3783783783783784, 0.0], "support": [51, 33, 51, 65, 24, 2], "confusion_matrix": [[8, 27, 15, 1, 0, 0], [1, 18, 11, 3, 0, 0], [2, 9, 31, 7, 2, 0], [0, 3, 32, 26, 4, 0], [0, 0, 4, 13, 7, 0], [0, 0, 0, 2, 0, 0]], "predictions": [1.2766668796539307, 1.3231165409088135, 2.6809284687042236, 1.2492042779922485, 0.7725260257720947, 1.645424723625183, 3.0933711528778076, 1.748983383178711, 1.3152709007263184, 2.5371999740600586, 2.89028000831604, 2.310849666595459, 3.494326114654541, 2.0176033973693848, 1.8176288604736328, 1.7238099575042725, 3.6233127117156982, 0.996138334274292, 1.424965262413025, 3.604210376739502, 3.96010160446167, 0.2761507034301758, 2.9456119537353516, 1.7944722175598145, 1.6860237121582031, 3.0362682342529297, 2.4141311645507812, 1.962078332901001, 2.6046323776245117, 2.5699923038482666, 3.322749137878418, 1.192785382270813, 1.9822050333023071, 0.9103899002075195, 3.1484103202819824, 2.5818393230438232, 1.3003578186035156, 2.1602063179016113, 3.224104642868042, 0.8109884262084961, 1.5375258922576904, 2.263216257095337, 0.8582133054733276, 1.9980671405792236, 3.4311041831970215, 3.129246950149536, 1.3509043455123901, 2.704469680786133, 2.025968313217163, 0.4587373733520508, 2.598529577255249, 2.2891299724578857, 3.1175060272216797, 1.7399805784225464, 3.0707991123199463, 0.5502556562423706, 3.031883716583252, 2.0824577808380127, 3.5818257331848145, 1.6533808708190918, 1.7436386346817017, 2.0463600158691406, 2.605541706085205, 2.142242670059204, 1.6139860153198242, 2.57094669342041, 1.6899915933609009, 1.6921555995941162, 1.088690996170044, 2.438992738723755, 1.7858548164367676, 2.5178399085998535, 1.389122724533081, 0.3181118965148926, 1.006251335144043, 1.8981242179870605, 1.3409299850463867, 1.7966737747192383, 1.4917126893997192, 0.20830702781677246, 1.800687551498413, 1.908704400062561, 2.39888596534729, 3.258179187774658, 0.626144528388977, 2.009223222732544, 0.37746500968933105, 2.7799782752990723, 1.4683759212493896, 1.7855949401855469, 2.9380412101745605, 3.0149645805358887, 2.557079315185547, 0.6925345659255981, 2.319159507751465, 0.49033021926879883, 1.5313358306884766, 1.5734682083129883, 0.9588805437088013, 1.8720612525939941, 2.6080572605133057, 0.24411797523498535, 2.384366273880005, 2.134040594100952, 0.5985947847366333, 2.1386678218841553, 2.268192768096924, 1.2861446142196655, 3.161165714263916, 1.599003553390503, 2.6929972171783447, 1.8495045900344849, 2.72513747215271, 3.078519821166992, 1.9891661405563354, 0.7670979499816895, 3.1480023860931396, 2.3802988529205322, 2.7382917404174805, 2.702559232711792, 3.1539247035980225, 1.7309696674346924, 0.347930908203125, 2.1787540912628174, 3.094167470932007, 2.4758663177490234, 1.5520925521850586, 1.1610134840011597, 1.4463659524917603, 2.051339626312256, 2.300240993499756, 3.751361608505249, 1.7008256912231445, 1.573313593864441, 3.166264295578003, 3.8192014694213867, 2.2994186878204346, 2.7695770263671875, 1.2857677936553955, 2.2405216693878174, 1.1716030836105347, 1.6268229484558105, 2.013124465942383, 1.5658984184265137, 2.348872184753418, 2.9148154258728027, 3.0147106647491455, 0.35802793502807617, 3.7347464561462402, 1.3667625188827515, 3.4209601879119873, 1.2838233709335327, 0.92564857006073, 0.7159730195999146, 1.0092244148254395, 3.4870729446411133, 1.0437623262405396, 0.7375317811965942, 2.019895553588867, 2.628413200378418, 3.0743966102600098, 3.1421422958374023, 2.973015069961548, 1.182681918144226, 2.465580463409424, 1.7750563621520996, 1.4594374895095825, 1.3549902439117432, 2.3253767490386963, 2.1157243251800537, 2.140937566757202, 1.6981329917907715, 2.0797359943389893, 1.4741413593292236, 2.043092966079712, 2.554896831512451, 1.3574986457824707, 0.9422107934951782, 0.8227359056472778, 3.2377524375915527, 1.5658831596374512, 1.6659737825393677, 1.0258667469024658, 2.2503819465637207, 3.9007315635681152, 1.9769965410232544, 2.111351251602173, 0.934306263923645, 4.133854866027832, 1.491816759109497, 2.0392706394195557, 0.7981265783309937, 2.0853378772735596, 2.3800666332244873, 1.4649244546890259, 2.3699564933776855, 1.8903017044067383, 0.4858248233795166, 2.3144266605377197, 1.0379952192306519, 1.477498173713684, 1.7496076822280884, 2.0784549713134766, 2.101987361907959, 1.4192477464675903, 1.5315067768096924, 3.546968460083008, 1.8979058265686035, 3.948953151702881, 1.9923166036605835, 1.1121556758880615, 1.4977431297302246, 1.4447941780090332, 1.9013240337371826, 1.900305986404419, 1.1514081954956055, 2.7974281311035156, 2.519536018371582, -0.0358881950378418, 1.973141074180603, 1.2665072679519653, 3.673935651779175, 1.9057090282440186, 2.4249823093414307, 1.943958044052124, 3.50730037689209], "params": {"iterations": 1510, "learning_rate": 0.014286, "depth": 3, "l2_leaf_reg": 3.4047e-06, "bagging_temperature": 2.5656, "random_strength": 4.1266, "border_count": 207}, "time_end": "2026-03-01T16:00:52.141332"}