{"model": "catboost_minilm_features-extract_preposition_imageability_avg", "type": "test", "seed": 42, "time_start": "2026-03-01T16:54:33.536292", "mse": 0.9585306583615611, "accuracy": 0.3893805309734513, "corr": 0.6952108425311107, "precision": [0.6666666666666666, 0.2909090909090909, 0.3333333333333333, 0.5217391304347826, 0.5714285714285714, 0.0], "recall": [0.11764705882352941, 0.48484848484848486, 0.6666666666666666, 0.36923076923076925, 0.3333333333333333, 0.0], "f1": [0.2, 0.36363636363636365, 0.4444444444444444, 0.43243243243243246, 0.42105263157894735, 0.0], "support": [51, 33, 51, 65, 24, 2], "confusion_matrix": [[6, 25, 20, 0, 0, 0], [2, 16, 13, 2, 0, 0], [1, 8, 34, 7, 1, 0], [0, 6, 30, 24, 5, 0], [0, 0, 5, 11, 8, 0], [0, 0, 0, 2, 0, 0]], "predictions": [1.2285583019256592, 1.2478723526000977, 2.4268717765808105, 1.2514134645462036, 0.7548952102661133, 1.5320804119110107, 3.1755127906799316, 1.5948257446289062, 1.3862032890319824, 2.3185861110687256, 3.093235731124878, 2.348616361618042, 3.5523715019226074, 1.8177249431610107, 1.7472751140594482, 1.6547677516937256, 3.8683419227600098, 0.9060406684875488, 1.7294740676879883, 3.545976161956787, 4.013990879058838, 0.0857396125793457, 3.08998441696167, 1.649951457977295, 1.2760882377624512, 2.9043350219726562, 2.2935473918914795, 2.002041816711426, 2.6223604679107666, 2.4322168827056885, 3.37349271774292, 1.2513206005096436, 1.908277153968811, 1.274141788482666, 2.8697752952575684, 2.4181735515594482, 1.3338675498962402, 1.8763179779052734, 2.9830665588378906, 0.7874206304550171, 1.416365623474121, 2.096024513244629, 0.9734784364700317, 2.1063032150268555, 3.408684730529785, 3.0997443199157715, 1.1561119556427002, 2.5865862369537354, 1.898144245147705, 0.5053688287734985, 2.518043279647827, 2.3164403438568115, 3.3945281505584717, 1.904334306716919, 3.2305901050567627, 0.6880735158920288, 2.920022487640381, 1.9705586433410645, 3.711580514907837, 1.4688221216201782, 1.7608319520950317, 2.165663242340088, 2.6140689849853516, 2.139887809753418, 1.4986004829406738, 2.42500638961792, 1.9214154481887817, 1.7158710956573486, 1.193839192390442, 2.4220550060272217, 1.6639487743377686, 2.3244855403900146, 1.1606018543243408, 0.41932129859924316, 1.0482429265975952, 1.8069095611572266, 1.3860597610473633, 1.775672197341919, 1.5656499862670898, 0.16039037704467773, 1.692908763885498, 1.9824068546295166, 2.4305431842803955, 3.2925260066986084, 0.9073604345321655, 1.9310951232910156, 0.19922685623168945, 2.6567327976226807, 1.4750583171844482, 1.8816518783569336, 2.9845590591430664, 3.0919454097747803, 2.6508278846740723, 0.8738887310028076, 2.2468411922454834, 0.42113351821899414, 1.6783740520477295, 1.8173303604125977, 1.0933057069778442, 1.7814396619796753, 2.6866090297698975, 0.19250106811523438, 2.581458330154419, 2.153262138366699, 0.6161004304885864, 2.059221029281616, 2.293966054916382, 1.359393835067749, 3.5953569412231445, 1.6543278694152832, 2.598828077316284, 1.7221664190292358, 2.580021619796753, 3.001920700073242, 1.8447424173355103, 1.084296703338623, 3.3422157764434814, 2.3555450439453125, 2.8596370220184326, 2.6953349113464355, 3.3891830444335938, 1.5717194080352783, 0.2675669193267822, 2.1826541423797607, 2.995462656021118, 2.497122287750244, 1.6587028503417969, 1.2823984622955322, 1.5521585941314697, 2.1826670169830322, 2.110750913619995, 3.681509017944336, 1.5888209342956543, 1.4753036499023438, 3.3299942016601562, 3.7758591175079346, 2.429036855697632, 3.0999057292938232, 1.1718339920043945, 2.1787667274475098, 0.9960267543792725, 1.508531928062439, 2.037961959838867, 1.6851967573165894, 2.078206777572632, 2.861645221710205, 3.049689769744873, 0.540986180305481, 3.596248149871826, 1.3584167957305908, 3.155116319656372, 1.2511146068572998, 0.9875591993331909, 0.8556911945343018, 1.1281845569610596, 3.4122819900512695, 1.1070774793624878, 0.6791132688522339, 2.0335941314697266, 2.8034205436706543, 3.043496608734131, 2.9331514835357666, 2.9270057678222656, 1.0816353559494019, 2.351961612701416, 1.4945731163024902, 1.6909732818603516, 1.3045191764831543, 2.485400438308716, 2.0420470237731934, 2.0691401958465576, 1.6746430397033691, 1.8485431671142578, 1.424660325050354, 2.0074143409729004, 2.7041139602661133, 1.3414698839187622, 0.893714189529419, 0.9149751663208008, 3.383517265319824, 1.7858500480651855, 1.8014142513275146, 1.019106388092041, 2.0250120162963867, 3.972890853881836, 1.8932421207427979, 2.168020725250244, 0.4599931240081787, 3.964080333709717, 1.5664172172546387, 2.0576725006103516, 0.7132409811019897, 2.1757049560546875, 2.5507915019989014, 1.5305312871932983, 2.3004612922668457, 1.8651981353759766, 0.5884073972702026, 2.3840224742889404, 0.9440779685974121, 1.7969871759414673, 1.8139734268188477, 2.1448116302490234, 2.2416317462921143, 1.33258056640625, 1.656329870223999, 3.6497292518615723, 1.7457411289215088, 3.6849684715270996, 2.082292318344116, 1.4560707807540894, 1.6477668285369873, 1.5227348804473877, 1.853941559791565, 1.8959310054779053, 1.0411489009857178, 2.76733660697937, 2.484692096710205, -0.1454312801361084, 1.905559778213501, 1.5728731155395508, 3.743100166320801, 2.0659894943237305, 2.425590753555298, 2.1441352367401123, 3.1312592029571533], "params": {"iterations": 1510, "learning_rate": 0.014286, "depth": 3, "l2_leaf_reg": 3.4047e-06, "bagging_temperature": 2.5656, "random_strength": 4.1266, "border_count": 207}, "time_end": "2026-03-01T16:54:33.631912"}