{"model": "catboost_minilm_features-extract_noun_phrase_lengths", "type": "train", "seed": 41, "train_losses": [], "val_losses": [], "time_start": "2026-03-01T16:15:00.744015", "mse": 0.11284073693381787, "accuracy": 0.8698453608247423, "corr": 0.9813946508696382, "precision": [0.9895833333333334, 0.8068965517241379, 0.7044025157232704, 0.8582089552238806, 0.9572649572649573, 0.992], "recall": [0.8050847457627118, 0.9069767441860465, 0.9333333333333333, 0.7615894039735099, 0.8682170542635659, 0.9612403100775194], "f1": [0.8878504672897196, 0.8540145985401459, 0.8028673835125448, 0.8070175438596491, 0.9105691056910569, 0.9763779527559056], "support": [118, 129, 120, 151, 129, 129], "confusion_matrix": [[95, 23, 0, 0, 0, 0], [1, 117, 11, 0, 0, 0], [0, 5, 112, 3, 0, 0], [0, 0, 36, 115, 0, 0], [0, 0, 0, 16, 112, 1], [0, 0, 0, 0, 5, 124]], "predictions": [2.706928300770869, 1.2696952284671819, 0.19204019723391186, 3.835208467561742, 1.518713509004792, 3.7073905240007474, 2.5082530263868965, 2.6839754160507345, 2.4032189722222332, 2.8909877328982923, 1.8189436993591026, 3.8073700450640438, 3.1518227686887923, 2.9954130312104588, 1.5926206503571256, 0.371853112509263, 1.8274967518962786, 2.9044680212015552, 2.84364351468416, 1.6890658243706347, 1.4400231743001168, 0.5925709629653257, 0.7198622671081176, 1.764122579575584, 0.8920155262691767, 2.8601795448059177, 0.18918609670969255, 2.7195117759632974, 1.184433489909417, 2.5204166435504898, 1.7203020776377138, 2.254997993584214, 1.3971326422726469, 2.8978688087565834, 1.1170505946393794, 1.7234171279341237, 0.029925499076173256, 0.5480659896960955, 0.18559119547040215, 1.7436099343142182, 3.7945042247276044, 2.467964695323179, 1.144845698510571, 1.6003350837454082, 0.45314094786744485, 2.134615198625048, 2.4840541173272834, 3.946131223733744, 0.2128097685186825, 0.09175100890171972, 1.0852962090473806, 0.40559388466988544, 2.4800830609599354, 1.422007563965506, 2.808229659132718, 4.014739330128324, 2.107133111958289, 2.3739523171903536, 2.757460503144613, 4.275877371068406, 2.743222760934994, 0.1742627001685948, 3.218373234643012, 0.3759030131635219, 2.6090443112801256, 2.281839191625635, 2.1058364369090157, 1.2204828781537278, 1.9224562756814156, 2.874658683929489, 1.7741104723182133, 0.16458751357590007, 0.31053330453316175, 2.781891529079368, 0.2792515596072964, 0.14389175359708517, 0.1920425209045198, 2.114861493627884, 3.821204652363724, 3.7662231084399886, 1.8907911520917824, 1.7367989793603242, 2.7436116332019265, 2.1359337436689207, 3.917841748584173, 0.912944787326144, 0.2979113898582537, 2.851827398852851, 3.1500147173037414, 0.09145426398026091, 2.270602415006331, 2.6381390642599096, 3.4559430309663948, 1.4472222933644097, 3.530164335364941, 2.1460872704859497, 1.4537047913210055, 0.600174879431856, 2.96759129661019, 1.1872677619378205, 2.5446853427457268, 1.1686921568112223, 1.1177276615662937, -0.0023115679481318097, 1.9006262103003064, 0.5301064804225408, 3.1476726602109366, 0.3455930290410545, 0.30507913511652385, 2.3457400518855516, 0.6227718580827941, 4.309454037640288, 1.384825872239487, 0.09491923339130137, 0.11268285210891404, 2.4509293009361914, 0.3607595651867639, 3.0890845303261534, 2.732987785152865, 0.4251744836858733, 0.20065460084964082, 4.398001824586732, 0.2942145324279082, 1.4959688389896224, 2.2461530907588783, 2.094007589073945, 2.422315255772705, 0.398168332052089, 1.9476643275442984, 1.629823058203861, 0.6073549864854828, 2.3686999290124597, 3.8207086957125878, 1.7402963807067504, 0.09255064388453027, 2.295225571676891, 1.6495244152339819, 0.45973804939202445, -0.14544704767147376, 0.7948755939147996, 2.430862295194119, 3.716322414735828, 2.073683372639864, 1.2286137793021958, 0.45921721547142447, 2.643637476911209, 0.1631799137371055, 2.500342704887733, 2.309018927475308, 2.860875894062242, 2.8462009247575764, 3.069637870812648, 3.61711535864742, 3.811148497483184, 0.2657449262299516, 0.10810827213180385, 1.0093674770982297, 3.6287592414687566, 1.5684375015452856, 0.11642850332252896, 2.1578546099563733, 3.784066647513802, 2.3660898549829685, 1.1866523966347498, 2.9956993337215456, 3.102394356785479, 2.50954914614023, 2.5087658048922123, 1.8859758185261883, 0.9749087750030485, 1.939024802576988, 2.392624486002942, 2.984360577681684, 2.8559522423889936, 1.7428784336532042, 0.020870792870775645, 1.1740254251707731, 1.8027572107204874, 0.674672862588805, 3.754372643580589, 3.7101167354884317, 2.6260185693526585, 2.6289891095378035, 0.3988611604160175, 2.680658408312842, 1.6046625750219068, 2.5991514781430514, 1.771240670826654, 2.5740663114299513, 3.424743955264623, 4.431587975221915, 2.459874138464368, 1.8190392413677987, 1.2588695241975398, 1.7113337082430058, 3.0303922859725363, 3.54403064135399, 4.202550398911148, 2.568211145365067, 1.6094352612593947, 1.3392962410788065, 1.1614748603538898, 2.1904404050592774, 2.364357036814218, 3.148869986332887, 0.4630454742583723, 1.3948152566797642, 1.7713876190572095, 2.1831749216347593, 0.67124144589923, 3.10673093194288, 1.8537190389187481, 3.063682909129712, 3.928308507369178, 1.7586344118605632, 1.669884050347736, 1.4375742106181888, 2.4483667556896984, 1.6519423267040527, 1.2559026790205507, 2.8049584044212397, 1.6876246246355047, 0.31830709525258083, 1.457706466639486, 3.069345878529699, 2.8377862109704655, 2.811580733500621, 1.6863137234768542, 1.8954241302813455, 3.354244065228646, 1.5223558629093588, 3.0004125697507646, 2.3794291173550284, 3.7811016398797523, 1.7379121134874302, 2.9435204020686854, 1.9128869534625883, 2.811797364321394, 2.217334714447386, 3.794866116488329, 1.663349274940595, 2.261668541961801, 2.4434181786085425, 2.451745735496519, 2.7546930077442875, 1.1748049787921377, 2.3850320259064635, 0.8752272414119537, 0.5278747033143387, 0.361856950573316, 0.3770881127095671, 3.776899330846895, 1.371383248866043, 1.0243431606733284, 0.49776384712450916, 2.7017425109234052, 0.6536709922820734, 2.6864055555278723, 2.4861397360553448, 1.7939270261816498, 0.9139079683783469, 0.8562352634782362, 1.8014592122509498, 2.0489502291445927, 2.245173674356175, 1.1214032396875078, 1.6667831422037291, 2.5670762158879508, 2.106167175686984, 0.539992002803779, 1.8100681530592806, 0.5900730896720356, 0.13978893774029455, 3.3634477075728366, 2.548037785489295, 3.384810908301115, 2.2328237651532272, 2.5748452723183837, 1.816230550113724, 1.7506438434277327, 2.7335303243518903, 2.91853392576596, 0.23383460871471717, 1.4581240558307669, 0.9187360857229836, 2.554975982614171, 1.351522279332902, 3.7973303807582433, 1.7839972492798404, 0.07464346666521582, 1.286394183153753, 0.7482521701435161, 1.8177518587606438, 1.230465067774118, 2.12977368490543, -0.007035231610997172, 1.2626806661969914, 0.6199669661561675, 2.798466234684111, 2.4721527188395913, 1.3083250712259382, 2.597773688119246, 0.29453090525774295, 1.5639318785074154, 2.8449605477368225, 2.3127503474189326, 3.0181891033062573, 2.1582910335389123, 3.4985237943106235, 1.0964586250318598, 2.127892323503813, 1.7732670758526519, 1.494746494547379, 0.38912853546055937, 0.3989009151546212, 0.4181897590106791, 1.1739574520247686, 3.7991049660161282, 3.4128748814446928, 2.0244067400683696, 2.7599113283209875, 2.1110910456828456, 0.2151756634236608, 3.146031562721779, 0.10888834896550481, 0.415840080404986, 2.3913765730154197, 4.03247172532244, 1.0890895759312622, 1.7582505115513465, 1.4058403242644226, 3.4459311228015506, 2.5960679118157413, 2.2919072060646815, 0.2501214941416059, 0.7677232145053718, 0.29820374667895333, 1.8868798881967985, 2.7331016521863782, 1.187978077230786, 1.8811403947260605, 3.6004932403124768, 3.309016312128166, 2.0952503662506965, 2.94627799634924, 2.7885915023271264, 2.604534465916804, 0.3497197222612436, 0.19450396360244993, 0.5396247934163763, 0.10649423613405107, 4.664189891809775, 1.4547577939768992, 2.514856716762856, 3.0145608252269147, 2.6343388485928365, 2.0601934388389656, 2.477146122186411, 0.8457844111492496, 0.3705802931187927, 