{"model": "catboost_minilm_features-extract_events", "type": "train", "seed": 40, "train_losses": [], "val_losses": [], "time_start": "2026-03-01T16:22:07.450421", "mse": 0.11187468069545484, "accuracy": 0.8737113402061856, "corr": 0.9815332441473971, "precision": [0.9897959183673469, 0.8296296296296296, 0.6956521739130435, 0.855072463768116, 0.9661016949152542, 0.9920634920634921], "recall": [0.8220338983050848, 0.8682170542635659, 0.9333333333333333, 0.7814569536423841, 0.8837209302325582, 0.9689922480620154], "f1": [0.8981481481481481, 0.8484848484848485, 0.797153024911032, 0.8166089965397924, 0.9230769230769231, 0.9803921568627451], "support": [118, 129, 120, 151, 129, 129], "confusion_matrix": [[97, 21, 0, 0, 0, 0], [1, 112, 16, 0, 0, 0], [0, 2, 112, 6, 0, 0], [0, 0, 33, 118, 0, 0], [0, 0, 0, 14, 114, 1], [0, 0, 0, 0, 4, 125]], "predictions": [2.7152379091234344, 1.4598896056431763, 0.19018822449114792, 3.881239976573819, 1.5057429765967847, 3.6472267084467314, 2.4387385098642484, 2.6942900290490317, 2.416449556210044, 2.878070039653299, 1.832428082896696, 3.773215184959705, 3.099094671263689, 3.1203394067517243, 1.6393319853916102, 0.386100578798795, 1.711097957035335, 2.9514156252349513, 2.952410563725669, 1.6940748546405502, 1.3236427623470617, 0.6629412681875106, 0.6924246414852997, 1.7123341628278665, 0.9738762111910697, 2.8522538159548114, 0.21313062119056347, 2.717153564537405, 1.0928717396508452, 2.6784462318877313, 1.7308012354190845, 2.2621418231310404, 1.3316220836008585, 3.037290006849722, 1.0885189610569725, 1.6916589410607623, 0.014447136609285316, 0.4687914430973903, 0.1722827406691776, 1.7531541316604333, 3.8003755086526265, 2.5969291212013275, 1.1921532924188407, 1.5529842497066553, 0.5098491549499364, 2.0708229977546635, 2.515121157790979, 3.920136639230292, 0.15973022028111616, 0.1324127395356962, 1.0738035293907777, 0.4315862450933894, 2.3671557132060586, 1.4081743431089364, 2.8914705744163554, 3.969307700170818, 2.1517812174615143, 2.3905990715659673, 2.8187494475477193, 4.0712316818454966, 2.7559564456640304, 0.2194060795391417, 3.1666492977649385, 0.37036139048078454, 2.54483346291061, 2.2868935469685043, 2.0028256040756935, 1.1840476251604732, 1.933387930526549, 2.9005997812848947, 1.7154659322635237, 0.07745819208573446, 0.2710533048018342, 2.7785449535907825, 0.2507387922607749, 0.1647912162217806, 0.17530752019191542, 2.1000542193783054, 3.7435375210455692, 3.8058767835882277, 1.9041301460498175, 1.7707910500268067, 2.761843979045677, 2.1850877510801605, 3.9269612260941646, 0.93424684882084, 0.3283466927991636, 2.8202989469620574, 3.169242447925125, 0.16679166605676032, 2.18069226292348, 2.5760616662371043, 3.5032263842061084, 1.5202092609724014, 3.6329007934813085, 2.162761280565072, 1.3424430646658476, 0.5844036207792878, 2.811792987563286, 1.1172117614765043, 2.52478867802801, 1.088262048912422, 1.1764020441126948, -0.07487664590532672, 1.9267436972467387, 0.5542148516276655, 3.1936101291529404, 0.2960414889156766, 0.2283125182979715, 2.232510683655724, 0.5940376573176802, 4.339373123181497, 1.3639240575801448, 0.13293741637834522, -0.04305437125044387, 2.5352133388462152, 0.32073034594209426, 3.2092533038599864, 2.8051630029607737, 0.4396357791786265, 0.17548232639350259, 4.436908389830448, 0.25407859353141404, 1.4500007776368604, 2.330499473904457, 2.1089083896853436, 2.508777601723124, 0.36715425237923194, 1.9452538825461005, 1.571502253542565, 0.6127162143968019, 2.2908506832217954, 3.8398821570117785, 1.7687333949994457, 0.03227764107409392, 2.274406098223109, 1.6907205626412263, 0.40627789211433907, -0.12481575984554283, 0.8151102345875485, 2.3537244416204044, 3.7976343801189376, 2.019083880508416, 1.2912567343294954, 0.437261585217394, 2.4810086514629526, 0.17515587431199542, 2.5017618580279524, 2.2967449689740724, 2.871727119115995, 2.890323959053786, 3.092408333189303, 3.5550282815430476, 3.871192748035505, 0.3728568571588742, 0.04061241159490825, 1.0772714931609988, 3.6322405338830444, 1.5193895407233544, 0.14854429021300275, 2.146653220938423, 3.8595245413931587, 2.3517161533787063, 1.1642375688660587, 2.9473780241499363, 3.0653127910693065, 2.4978168472939917, 2.5377249340577226, 1.8325699622002847, 0.9843536766676373, 2.0863571594571284, 2.4297409774109986, 2.953474556906088, 2.8727758182410232, 1.8190001302973684, 0.16439087501540328, 1.2249840818530289, 1.842865310406688, 0.6202322745076725, 3.6413383521768106, 3.6010622962936796, 2.600907464763743, 2.6212457704298253, 0.41815115954900994, 2.7763309390165603, 1.642797416538287, 2.5703423593819275, 1.8109349331475906, 2.572627359874007, 3.4348537361760174, 4.448546131895378, 2.3824561651725453, 1.726979851760992, 1.270913472306752, 1.7182543088677575, 3.2247298281524315, 3.528412716717425, 4.163535962250785, 2.5838896713943122, 1.6820067746729395, 1.2498894120594903, 1.2068970709950815, 2.1905484540304996, 2.3921330834942007, 3.2275353193168552, 0.4036741018859922, 1.3396964371463544, 1.6632268686481289, 2.0069868779251343, 0.7256347802649967, 3.0494739235408663, 1.9496427880974514, 3.17235120482537, 3.7938922165338473, 1.7250428467033996, 1.6031872371064417, 1.5325514012950063, 2.4701374250604977, 1.7141819897902368, 1.3079846814089597, 2.795310162939066, 1.781784799477074, 0.3768604492416765, 1.5086983991251328, 3.145634522561909, 2.832396824098028, 2.7253088281286595, 1.6131448676202678, 1.7367041956912033, 3.3184114300720737, 1.6095812153903875, 3.0308690901465036, 2.34665043088295, 3.7262493376726855, 1.6211234350296908, 2.9925311924745177, 2.0734969984009743, 2.8347489892949485, 2.3100490347599534, 3.7245717196737558, 1.5699119540798243, 2.2608375789089123, 2.4011478446324106, 2.6036156515630307, 2.8380816656206567, 1.2614929715213274, 2.3461259626054605, 0.7999259569818122, 0.5085520603105209, 0.292114029654182, 0.4391057465563395, 3.850869453331941, 1.317029679621118, 1.1179116248137142, 0.43925207922125864, 2.7154086818170526, 0.5996478820084181, 2.657618835297672, 2.4443836693809784, 1.8566183493993573, 0.9281794972419077, 0.8580638785206662, 1.7461574216435907, 2.128626318723275, 2.2193237013227107, 1.2247603228963437, 1.7856942406799148, 2.6155528501637595, 2.1563595036624084, 0.5404923981086596, 1.778504407496674, 0.6516685224248357, 0.08749077959083262, 3.2970787127210377, 2.5016353183417173, 3.4094594150324578, 2.294367577738571, 2.6009189569672158, 1.7916448133929372, 1.6724118396814815, 2.636001584551761, 2.874822146964167, 0.2659637390790808, 1.5111688439672464, 0.8454567226773682, 2.5302811308568898, 1.2817826351576773, 3.839799806020646, 1.8198426022740142, 0.038984397843456975, 1.3055334642038565, 0.856559099697225, 1.7899059020982322, 1.2500922950225943, 2.0986747534329266, -0.02681484719009264, 1.2688215183231342, 0.6591951662366844, 2.722202728716964, 2.4946200621152954, 1.2476146553536926, 2.6501878585679526, 0.2722350183001083, 1.6378094924305922, 2.884632000411875, 2.283942389260785, 3.134617113837072, 2.255438023292552, 3.490384079270008, 1.037325134927431, 2.188824636282706, 1.8065134159602287, 1.5165826982127553, 0.4085447747026376, 0.35096019139600365, 0.39530826719709866, 1.0387820100200862, 3.6785572593280738, 3.4113184822434883, 2.045506636774355, 2.698617350661214, 2.111068123044631, 0.2527570360657565, 3.113635229061116, 0.13645567810305836, 0.42775041939266556, 2.399592700371752, 4.0344635748254785, 1.1664140705318753, 1.7127810742724758, 1.4474044099707157, 3.4883351881027824, 2.7039325238321217, 2.354322303512603, 0.1940554940728969, 0.7400624316513398, 0.29915455969229, 1.7881483969929866, 2.529967378521473, 1.1737617258375315, 1.9247612757706407, 3.5499034965127807, 3.3672928306663463, 2.124052916443338, 2.934756100346783, 2.758672952906328, 2.671813449434609, 0.36219641111443046, 0.21728134174593183, 0.465667490222172, 0.1555984060720621, 4.718676710140921, 1.6162654008271997, 2.543023341006195, 2.9197353234873678, 2.6302633733649734, 2.117975732941163, 2.4401675713860995, 0.9111611451154573, 