{"model": "catboost_minilm_features-extract_numeric_word_ratio", "type": "train", "seed": 41, "train_losses": [], "val_losses": [], "time_start": "2026-03-01T15:17:41.708288", "mse": 0.11063770246994845, "accuracy": 0.8711340206185567, "corr": 0.9817913285535853, "precision": [0.98989898989899, 0.8248175182481752, 0.6956521739130435, 0.8529411764705882, 0.9495798319327731, 1.0], "recall": [0.8305084745762712, 0.875968992248062, 0.9333333333333333, 0.7682119205298014, 0.875968992248062, 0.9612403100775194], "f1": [0.9032258064516129, 0.849624060150376, 0.797153024911032, 0.8083623693379791, 0.9112903225806451, 0.9802371541501976], "support": [118, 129, 120, 151, 129, 129], "confusion_matrix": [[98, 20, 0, 0, 0, 0], [1, 113, 15, 0, 0, 0], [0, 4, 112, 4, 0, 0], [0, 0, 34, 116, 1, 0], [0, 0, 0, 16, 113, 0], [0, 0, 0, 0, 5, 124]], "predictions": [2.7855734627939346, 1.326274642470487, 0.18815537768821056, 3.9271366552875024, 1.5105281567540971, 3.719078240112922, 2.47863954685044, 2.7727727820035977, 2.434627152340746, 2.8564181576519454, 1.859577187266488, 3.6880934608617038, 3.1107261859014725, 3.041948419214804, 1.5213016836508602, 0.32463078201730156, 1.7697630053641629, 2.8761296611421274, 2.810237215175894, 1.743705617191531, 1.3656184097586348, 0.6065087100180393, 0.7758341482562146, 1.81834228770439, 0.9258221513224167, 2.848245510318275, 0.18884469981068053, 2.836203468079279, 1.1517992580797296, 2.6223330764130597, 1.7968677189114244, 2.351436159529427, 1.4292474364642407, 2.9513236424142586, 1.04094509630498, 1.7555436143273595, 0.02693922174966179, 0.35141750869493205, 0.2348684206334899, 1.697368366880564, 3.8784326236030227, 2.5932031958660895, 1.1156041094035656, 1.6328655240755747, 0.5136682110796671, 2.121604012962739, 2.5912960031302283, 3.933276362738363, 0.1675966998117775, 0.1631003726230733, 0.9739092598918644, 0.44465946446406157, 2.3943799541351414, 1.3569750380738739, 2.9096579854706763, 3.955141983640846, 2.1112268022334693, 2.3907711314862223, 2.749476062680252, 4.116834037750317, 2.8157631605736726, 0.3057157099664636, 3.1572507955831086, 0.36115020238175166, 2.5726704794673285, 2.218623782264794, 2.049539555051088, 1.213002112748373, 1.9356875772564535, 2.974288396492457, 1.6590860491347583, 0.13607390498418548, 0.3829474569448186, 2.77331306409598, 0.21991884065757983, 0.13802524441737152, 0.16225702169934975, 2.09292118218745, 3.8247386977714264, 3.699537572692094, 1.86336339428521, 1.7198649119258718, 2.697800798703624, 2.1979581475105476, 4.007284137281937, 0.8710706194623765, 0.24818366697883265, 3.0209036849681983, 3.2010663374627706, 0.11140387139031072, 2.1761492640347315, 2.6792282590927408, 3.5236112532221924, 1.5394142170635077, 3.5509059568975507, 2.194899909128112, 1.4004162791443937, 0.531265734680999, 2.8190198004504086, 1.1386639240411285, 2.5492213416252, 1.1360216303321438, 1.1219706080241423, -0.015196373957109266, 1.8727622901594887, 0.5153084508433261, 3.178438403959425, 0.3111361144690368, 0.24661048885164272, 2.338661137933937, 0.5502009002628232, 4.34049426329168, 1.3937402448939986, 0.1156553322286129, 0.048701901169831086, 2.4173503018223603, 0.2901477921871489, 3.022366228122975, 2.7917571683248656, 0.34694798183049214, 0.16835213142755867, 4.469026924458689, 0.24318866929880611, 1.4383093026215763, 2.4100588525615203, 2.07149222707462, 2.3799471690258316, 0.38748636318363117, 1.9545055984171205, 1.6389789403878041, 0.7117620987249362, 2.294540453059104, 3.807943154734933, 1.7395964825167816, -0.011994110660864532, 2.226537509403768, 1.7179804903950038, 0.4294483183763762, -0.1679079810491655, 0.8193530572893748, 2.3484133946013834, 3.675209024164516, 2.0104315920605265, 1.2630044435500971, 0.5061048541651942, 2.595966948379816, 0.16583808690128876, 2.4977328644009256, 2.3264541247001813, 2.7935905242716825, 2.934424733772575, 3.1188381703950774, 3.5520085564622903, 3.891741778454347, 0.32311052969059295, 0.09794597385621273, 1.0329947803214679, 3.63672389577677, 1.5173862802567113, 0.13105562606642218, 2.1554368337533973, 3.897125704265928, 2.471139234615068, 1.1883442396195705, 2.9878856615933578, 3.0927795115804804, 2.489737789129802, 2.522395864341455, 1.9451230631653451, 0.9483468758134472, 2.0834487994312942, 2.4200232881021266, 2.9433875491575403, 2.8091803665887465, 1.9093280285430083, 0.03263823701043744, 1.184940084710276, 1.8302034834030123, 0.6734084845586783, 3.6739762078471827, 3.6590896582597927, 2.6917909636075406, 2.709322581364709, 0.41187172175363074, 2.699608020961934, 1.6363005886067516, 2.599694884378794, 1.8962800467619143, 2.575209706039573, 3.3570417233973453, 4.473500169461822, 2.4165372699986585, 1.6829770258600205, 1.1634308359924155, 1.8080108474440584, 3.0516245335172845, 3.5169679622191383, 4.014898731545637, 2.586740933422267, 1.7033488805353731, 1.2620677791935553, 1.159558638521194, 2.2313319077489564, 2.3837038785594995, 3.1578355856613682, 0.42309954038689357, 1.320442335039501, 1.8020539425569795, 2.1120683690723614, 0.7148932798010132, 3.041886157216795, 1.9669300537184833, 3.148061267419349, 3.8846237768414866, 1.7221186563511974, 1.5886727438047665, 1.5573576165581875, 2.461735619336833, 1.741979771779266, 1.2018032927984386, 2.974587489766365, 1.6510327301940984, 0.4265790756928185, 1.5160366029957966, 3.1396396589364963, 2.878794923950023, 2.716538794064429, 1.6850008361765392, 1.7978881342717545, 3.3845698510316113, 1.5876038542803315, 2.9762582816445216, 2.335165536626844, 3.726856452532785, 1.6208205307922192, 2.7987086747385415, 2.063310032802109, 2.9067660215495135, 2.3023887324309498, 3.821609365006975, 1.6186631402193308, 2.201556302241807, 2.330035584331615, 2.5621806215102074, 2.7556117279380836, 1.2509732588463611, 2.380708054022752, 0.8618572491606193, 0.49482491386747185, 0.27933582388458866, 0.3342749943858885, 3.731423642986403, 1.3243967331005817, 1.1378960822175415, 0.4513254291972064, 2.747037891267688, 0.6032073322759544, 2.739149949098317, 2.5247529425541018, 1.781665821245451, 0.8481425978494113, 0.8622965541988938, 1.722072677856064, 2.0297559157823666, 2.245680614511413, 1.1724869795958741, 1.7582189826801897, 2.526824032038605, 2.096494149505892, 0.6317035361922207, 1.804607778123413, 0.5558177530023842, 0.16340627068774616, 3.1830176711552984, 2.6417454030980236, 3.366707944601236, 2.2998492857256347, 2.639100611989828, 1.7672985564516814, 1.73366884436538, 2.7249475086567174, 2.8914545775294562, 0.18584669872552828, 1.4546468287543295, 0.9887964873257047, 2.549476030220393, 1.3418432949335508, 3.727962785401715, 1.8049548024215287, 0.12405489889277899, 1.2606668454753933, 0.7957267558317653, 1.8205263671334238, 1.2343875667702868, 2.1548730034742665, -0.020677198318476364, 1.2882276814946318, 0.6186687545115674, 2.7700680544783474, 2.50024751574734, 1.3116659451405133, 2.6653754554406373, 0.31502585734808175, 1.603836534761398, 2.8200787382033994, 2.287880361597425, 3.1169517236668556, 2.178781289728332, 3.618151559093139, 1.0585791448995692, 2.2674130854913948, 1.746414579375666, 1.5048884618507494, 0.4753289016674529, 0.42182228399530697, 0.4016947170134908, 1.1063547931688626, 3.7262596294825894, 3.412690715034519, 2.1125027645879944, 2.7511220218215247, 2.119817201765343, 0.21974506143960326, 3.207359261445508, 0.11803978144998473, 0.3983515975371019, 2.2959747695173536, 3.986089454726569, 1.1729268103229333, 1.8132157422694917, 1.4757928046091071, 3.4307678280272818, 2.5457913183002185, 2.269563308619898, 0.21016111432108664, 0.7208319618889005, 0.28674683580203597, 1.928810985917478, 2.547560486026962, 1.1808154078324282, 1.849705319552879, 3.628866196561436, 3.351873972866803, 2.127521301346982, 2.927650684819911, 2.8300581450095157, 2.6851947061859387, 0.3864150375888227, 0.19637727348469092, 0.48192615027916963, 0.09781547164140658, 4.600851242984071, 1.4975986420819454, 2.448317342446542, 2.938436501972862, 2.7099221013420345, 2.124868561260684, 2.500619741468029, 1.0186457407323317, 0.41252261534307566, 