{"model": "catboost_minilm_features-extract_char_ngrams", "type": "test", "seed": 40, "time_start": "2026-03-01T14:59:37.960367", "mse": 0.9961413137849497, "accuracy": 0.3893805309734513, "corr": 0.6791655697350281, "precision": [0.7142857142857143, 0.2833333333333333, 0.35106382978723405, 0.5106382978723404, 0.5, 0.0], "recall": [0.09803921568627451, 0.5151515151515151, 0.6470588235294118, 0.36923076923076925, 0.375, 0.0], "f1": [0.1724137931034483, 0.3655913978494624, 0.45517241379310347, 0.42857142857142855, 0.42857142857142855, 0.0], "support": [51, 33, 51, 65, 24, 2], "confusion_matrix": [[5, 27, 16, 3, 0, 0], [1, 17, 12, 3, 0, 0], [1, 9, 33, 7, 1, 0], [0, 7, 28, 24, 6, 0], [0, 0, 5, 10, 9, 0], [0, 0, 0, 0, 2, 0]], "predictions": [1.2049272060394287, 1.1332287788391113, 2.5474109649658203, 0.8776655197143555, 0.6877771615982056, 0.9384808540344238, 3.154839277267456, 1.398813009262085, 1.2940679788589478, 2.521637439727783, 3.163327217102051, 2.1898436546325684, 3.4480061531066895, 2.0235652923583984, 1.9146398305892944, 1.5459136962890625, 3.9075236320495605, 0.9568029642105103, 1.5223567485809326, 3.687859535217285, 4.133076190948486, 0.2521791458129883, 3.2140276432037354, 1.6786091327667236, 1.4975675344467163, 2.8240652084350586, 2.1366875171661377, 1.7620261907577515, 2.2765448093414307, 2.0632834434509277, 3.6492035388946533, 1.391287922859192, 1.7845308780670166, 1.546366572380066, 3.1249048709869385, 2.5176749229431152, 1.0457563400268555, 1.956895351409912, 2.7050046920776367, 0.8406296968460083, 1.4680464267730713, 1.876961350440979, 1.0106655359268188, 2.097360134124756, 3.5354700088500977, 3.314800262451172, 1.2077974081039429, 2.8776941299438477, 1.610530138015747, 0.6949210166931152, 2.8839683532714844, 2.1937832832336426, 3.640799045562744, 1.8730260133743286, 3.0378825664520264, 0.9549822807312012, 2.986793041229248, 2.029066801071167, 3.928842544555664, 1.2938545942306519, 1.9516196250915527, 1.9366462230682373, 2.6478469371795654, 2.346935987472534, 1.2256780862808228, 2.6978487968444824, 1.6593437194824219, 1.109397292137146, 1.1922636032104492, 2.314412832260132, 1.4333959817886353, 2.820967435836792, 1.4354435205459595, 0.44744014739990234, 0.8292933702468872, 2.1683788299560547, 1.5252950191497803, 2.0135998725891113, 1.2339836359024048, 0.24601507186889648, 1.3570038080215454, 1.7576639652252197, 2.505455732345581, 3.5593433380126953, 0.9306991100311279, 2.3178555965423584, -0.0159146785736084, 2.4876604080200195, 1.3300057649612427, 1.9553313255310059, 3.003913402557373, 3.3216006755828857, 2.508387327194214, 0.8678529262542725, 2.2271103858947754, 0.4516639709472656, 1.6234772205352783, 1.7397501468658447, 1.1688354015350342, 2.174103260040283, 2.6724886894226074, 0.4792301654815674, 2.126593589782715, 2.53556489944458, 0.6238358020782471, 2.0295708179473877, 1.6855976581573486, 1.608912706375122, 3.382502555847168, 1.8654136657714844, 2.4568979740142822, 1.640448808670044, 2.724583148956299, 2.880539655685425, 2.090397834777832, 1.1753178834915161, 3.363737106323242, 2.3520803451538086, 2.9768505096435547, 2.936382532119751, 3.442378520965576, 1.6122229099273682, 0.598867654800415, 2.0489046573638916, 2.92055082321167, 2.5666182041168213, 1.9601459503173828, 1.5192229747772217, 1.5732460021972656, 2.145566463470459, 1.8535517454147339, 3.7155771255493164, 1.1783275604248047, 1.6160272359848022, 3.1526474952697754, 3.552201986312866, 2.3428637981414795, 3.0273056030273438, 1.7787690162658691, 2.2204113006591797, 1.0866169929504395, 1.1773974895477295, 2.152956485748291, 1.5583150386810303, 1.9250202178955078, 2.813687801361084, 3.0829195976257324, 0.5544232130050659, 3.6683757305145264, 1.7183958292007446, 3.2195627689361572, 0.8881218433380127, 0.9278343915939331, 1.0220390558242798, 0.9106451272964478, 3.504920721054077, 1.007225751876831, 0.6842808723449707, 1.5750714540481567, 3.0030455589294434, 2.8072991371154785, 3.0026674270629883, 2.8695590496063232, 1.4238253831863403, 2.5501132011413574, 1.5579389333724976, 1.552860975265503, 1.487561583518982, 2.624398946762085, 1.9635788202285767, 2.214801788330078, 1.8827829360961914, 2.075910806655884, 1.690821886062622, 2.0705442428588867, 2.659088611602783, 1.4240143299102783, 0.7273396253585815, 1.4150090217590332, 3.536818265914917, 1.4580069780349731, 1.8614859580993652, 1.280758023262024, 2.299203395843506, 4.16635274887085, 1.9423342943191528, 2.0857958793640137, 0.812191367149353, 4.0322160720825195, 1.5703821182250977, 2.1056125164031982, 0.6297258138656616, 2.046656608581543, 2.1709635257720947, 1.5177462100982666, 2.7366790771484375, 1.764594316482544, 0.5287772417068481, 2.3008546829223633, 1.1268620491027832, 1.6344492435455322, 1.4602291584014893, 2.0496163368225098, 2.392164707183838, 1.248707890510559, 1.2125093936920166, 3.632795810699463, 1.9558649063110352, 4.196244239807129, 2.015523910522461, 1.3468633890151978, 1.5425183773040771, 1.279794692993164, 2.2219109535217285, 1.5826716423034668, 0.9554321765899658, 2.438584566116333, 2.3568570613861084, -0.025638103485107422, 1.597152829170227, 1.5396616458892822, 3.817561149597168, 1.9264847040176392, 2.3546009063720703, 2.180706024169922, 3.241161346435547], "params": {"iterations": 1510, "learning_rate": 0.014286, "depth": 3, "l2_leaf_reg": 3.4047e-06, "bagging_temperature": 2.5656, "random_strength": 4.1266, "border_count": 207}, "time_end": "2026-03-01T14:59:38.074971"}