{"model": "catboost_minilm_features-extract_tense", "type": "test", "seed": 40, "time_start": "2026-03-01T16:31:18.377309", "mse": 0.972277202705801, "accuracy": 0.37610619469026546, "corr": 0.6892068822155986, "precision": [0.625, 0.2982456140350877, 0.336734693877551, 0.46, 0.5384615384615384, 0.0], "recall": [0.09803921568627451, 0.5151515151515151, 0.6470588235294118, 0.35384615384615387, 0.2916666666666667, 0.0], "f1": [0.1694915254237288, 0.37777777777777777, 0.4429530201342282, 0.4, 0.3783783783783784, 0.0], "support": [51, 33, 51, 65, 24, 2], "confusion_matrix": [[5, 27, 17, 2, 0, 0], [1, 17, 12, 3, 0, 0], [2, 8, 33, 7, 1, 0], [0, 5, 32, 23, 5, 0], [0, 0, 4, 13, 7, 0], [0, 0, 0, 2, 0, 0]], "predictions": [1.2270325422286987, 1.2231781482696533, 2.6800284385681152, 1.1679431200027466, 0.8307290077209473, 1.503607988357544, 3.1193795204162598, 1.6159906387329102, 1.1662999391555786, 2.443464994430542, 3.1236143112182617, 2.4002773761749268, 3.5646770000457764, 1.9516088962554932, 1.8840044736862183, 1.7824749946594238, 3.838364601135254, 0.8826806545257568, 1.4655627012252808, 3.452397108078003, 3.892704963684082, -0.05837512016296387, 2.9217703342437744, 1.7562670707702637, 1.3976681232452393, 2.872148275375366, 2.177124500274658, 2.0371408462524414, 2.5684876441955566, 2.542165756225586, 3.4207444190979004, 1.2588857412338257, 2.1008903980255127, 1.0086159706115723, 3.0132434368133545, 2.519887685775757, 1.3072035312652588, 1.9811968803405762, 3.005514621734619, 0.9186186790466309, 1.509202003479004, 2.061553716659546, 0.8919550180435181, 2.0139827728271484, 3.2845096588134766, 3.2213616371154785, 1.425211787223816, 2.6125073432922363, 1.9202754497528076, 0.43395519256591797, 2.4214346408843994, 2.2772223949432373, 3.3144941329956055, 1.5515153408050537, 3.243373394012451, 0.5628945827484131, 2.934537172317505, 1.8283641338348389, 3.6313636302948, 1.4758224487304688, 1.7704203128814697, 1.8960363864898682, 2.565239429473877, 2.134544849395752, 1.6054373979568481, 2.5635411739349365, 2.0073835849761963, 1.620621681213379, 1.0921837091445923, 2.3377950191497803, 1.7446057796478271, 2.5091915130615234, 1.2596021890640259, 0.44277262687683105, 0.8980742692947388, 1.8808038234710693, 1.409642219543457, 1.829662799835205, 1.4475773572921753, 0.09590458869934082, 1.7715516090393066, 1.8443503379821777, 2.4354045391082764, 3.325789213180542, 0.7914541959762573, 1.9401323795318604, 0.33985114097595215, 2.6242854595184326, 1.5102555751800537, 1.865519642829895, 2.799755334854126, 3.0793750286102295, 2.776000499725342, 0.8970961570739746, 2.144150733947754, 0.5108983516693115, 1.6701996326446533, 1.9663742780685425, 1.1619176864624023, 1.859220027923584, 2.486513376235962, 0.36859560012817383, 2.3452389240264893, 2.1225991249084473, 0.576441764831543, 2.1669671535491943, 2.280787706375122, 1.4033492803573608, 3.301157236099243, 1.6949650049209595, 2.6263034343719482, 1.8236992359161377, 2.6215527057647705, 3.090851306915283, 1.7861714363098145, 1.0696229934692383, 3.2338030338287354, 2.4190165996551514, 2.6174850463867188, 2.705737590789795, 3.520171880722046, 1.653554916381836, 0.24940896034240723, 2.1832144260406494, 3.063429832458496, 2.788273811340332, 1.6336181163787842, 1.4778798818588257, 1.5550737380981445, 1.947383165359497, 2.2735142707824707, 3.7295923233032227, 1.6521296501159668, 1.633198618888855, 3.363947629928589, 3.9946627616882324, 2.2375714778900146, 2.9169845581054688, 1.2794101238250732, 2.3802413940429688, 0.8186280727386475, 1.5504109859466553, 1.9853675365447998, 1.6012895107269287, 2.087228775024414, 2.6844310760498047, 2.9955711364746094, 0.6752766370773315, 3.680861473083496, 1.3354671001434326, 3.255708932876587, 1.1091609001159668, 0.99053955078125, 0.8746846914291382, 1.1518197059631348, 3.4243974685668945, 1.1601077318191528, 0.7367303371429443, 1.8350235223770142, 2.6603169441223145, 2.9306631088256836, 3.0354163646698, 2.7789971828460693, 0.934290885925293, 2.308096170425415, 1.5615365505218506, 1.604590892791748, 1.3879181146621704, 2.3280982971191406, 2.0846216678619385, 2.255307674407959, 1.698647141456604, 1.824859619140625, 1.4642736911773682, 2.325654983520508, 2.453432559967041, 1.4829283952713013, 0.908478856086731, 0.8711287975311279, 3.17452335357666, 1.7102792263031006, 1.8165744543075562, 1.0285675525665283, 1.988029956817627, 3.9109344482421875, 1.9365975856781006, 2.2302632331848145, 0.7904922962188721, 3.9466819763183594, 1.4281644821166992, 2.0147109031677246, 0.8623236417770386, 2.0947141647338867, 2.5024220943450928, 1.598048210144043, 2.5713284015655518, 1.7982306480407715, 0.5826966762542725, 2.286215305328369, 0.946263313293457, 1.6550722122192383, 1.8830536603927612, 2.0758442878723145, 2.097167730331421, 1.2542611360549927, 1.4895877838134766, 3.7187962532043457, 1.9272775650024414, 3.7629265785217285, 1.855857491493225, 1.327813744544983, 1.5215117931365967, 1.3972883224487305, 1.7521796226501465, 1.8878616094589233, 1.2252858877182007, 2.612826347351074, 2.344134569168091, -0.17490339279174805, 1.8578362464904785, 1.2602216005325317, 3.65529203414917, 1.7998318672180176, 2.350607395172119, 1.9172842502593994, 3.0783965587615967], "params": {"iterations": 1510, "learning_rate": 0.014286, "depth": 3, "l2_leaf_reg": 3.4047e-06, "bagging_temperature": 2.5656, "random_strength": 4.1266, "border_count": 207}, "time_end": "2026-03-01T16:31:18.484145"}