{"model": "catboost_minilm_features-extract_noun_phrase_lengths", "type": "test", "seed": 40, "time_start": "2026-03-01T16:15:00.590941", "mse": 0.9697767891859995, "accuracy": 0.3805309734513274, "corr": 0.6918577275368312, "precision": [0.7777777777777778, 0.2962962962962963, 0.32038834951456313, 0.5, 0.5, 0.0], "recall": [0.13725490196078433, 0.48484848484848486, 0.6470588235294118, 0.38461538461538464, 0.20833333333333334, 0.0], "f1": [0.23333333333333334, 0.367816091954023, 0.42857142857142855, 0.43478260869565216, 0.29411764705882354, 0.0], "support": [51, 33, 51, 65, 24, 2], "confusion_matrix": [[7, 25, 19, 0, 0, 0], [1, 16, 14, 2, 0, 0], [1, 9, 33, 7, 1, 0], [0, 4, 32, 25, 4, 0], [0, 0, 5, 14, 5, 0], [0, 0, 0, 2, 0, 0]], "predictions": [1.2940922975540161, 1.198986291885376, 2.641855239868164, 1.1884852647781372, 0.6998571157455444, 1.5783748626708984, 3.1244544982910156, 1.696728229522705, 1.3518080711364746, 2.4123497009277344, 3.0259251594543457, 2.2617404460906982, 3.3923346996307373, 1.9818321466445923, 1.7970538139343262, 1.7592949867248535, 3.8473591804504395, 1.0351500511169434, 1.6695647239685059, 3.427952766418457, 3.7102909088134766, 0.05414938926696777, 2.974069595336914, 1.653404712677002, 1.6134980916976929, 3.0260274410247803, 2.23234224319458, 2.0489001274108887, 2.5045626163482666, 2.3818769454956055, 3.350163221359253, 1.3102635145187378, 1.959086537361145, 1.0021289587020874, 3.1714582443237305, 2.497756004333496, 1.2533040046691895, 2.1528210639953613, 3.126845121383667, 0.8607337474822998, 1.3103574514389038, 2.4056265354156494, 0.8207982778549194, 2.1126708984375, 3.3307435512542725, 3.1099867820739746, 1.3874342441558838, 2.6731605529785156, 1.9266068935394287, 0.5770828723907471, 2.539370059967041, 2.0077102184295654, 3.063436985015869, 1.763440489768982, 3.2189626693725586, 0.6584082841873169, 2.8964452743530273, 1.9240472316741943, 3.4824376106262207, 1.8254389762878418, 1.9453154802322388, 2.1071691513061523, 2.828798770904541, 2.286865234375, 1.5490493774414062, 2.425473928451538, 1.898979902267456, 1.7852946519851685, 1.0111624002456665, 2.3280904293060303, 1.8310294151306152, 2.4137203693389893, 1.4258068799972534, 0.2525451183319092, 1.3448412418365479, 1.8424848318099976, 1.359177827835083, 2.008836030960083, 1.5895146131515503, 0.10260462760925293, 1.9356052875518799, 1.917970895767212, 2.4419267177581787, 3.1334168910980225, 0.8778634071350098, 1.9146379232406616, 0.2870469093322754, 2.6873421669006348, 1.4240257740020752, 1.9417715072631836, 2.9052484035491943, 3.0592188835144043, 2.4532172679901123, 0.9552254676818848, 2.221926212310791, 0.48418760299682617, 1.5131855010986328, 1.9321329593658447, 0.9708982706069946, 1.7684365510940552, 2.509855031967163, 0.2715799808502197, 2.521892786026001, 2.253030300140381, 0.7549154758453369, 2.1301658153533936, 2.1207799911499023, 1.3510997295379639, 3.494741916656494, 1.4961858987808228, 2.7453253269195557, 1.6753817796707153, 2.617763042449951, 3.0462422370910645, 1.8533129692077637, 0.9447194337844849, 3.335766315460205, 2.4589030742645264, 2.7317771911621094, 2.6671805381774902, 3.4186148643493652, 1.7403895854949951, 0.21534442901611328, 2.163329601287842, 3.1080257892608643, 2.580998659133911, 1.60996413230896, 1.027813196182251, 1.545760154724121, 2.212024211883545, 2.117791175842285, 3.675029754638672, 1.7778022289276123, 1.5808498859405518, 3.297088623046875, 3.9039158821105957, 2.2623050212860107, 2.6510443687438965, 1.444532036781311, 2.161355495452881, 1.0840511322021484, 1.466347098350525, 2.0722107887268066, 1.5182117223739624, 2.177785873413086, 2.829831123352051, 3.1533942222595215, 0.3218417167663574, 3.6507296562194824, 1.4884459972381592, 3.1773123741149902, 1.1626094579696655, 1.0893232822418213, 0.7492470741271973, 1.1803863048553467, 3.3092546463012695, 1.1479265689849854, 0.7979433536529541, 1.9228017330169678, 2.694957971572876, 2.8213605880737305, 3.1942999362945557, 2.831054210662842, 0.9830900430679321, 2.447341203689575, 1.6717190742492676, 1.420408844947815, 1.4763693809509277, 2.3684890270233154, 2.1201300621032715, 2.227863311767578, 1.7431135177612305, 1.9302749633789062, 1.8447364568710327, 2.0743460655212402, 2.565009355545044, 1.4273786544799805, 0.9192513227462769, 0.9386893510818481, 3.2056784629821777, 1.8884286880493164, 1.6216086149215698, 1.0748240947723389, 2.3177361488342285, 4.049931049346924, 2.0364038944244385, 2.2660744190216064, 0.8390318155288696, 4.118873119354248, 1.6384611129760742, 2.1746773719787598, 0.7369551658630371, 1.9645874500274658, 2.4221534729003906, 1.563448429107666, 2.4360029697418213, 1.8535619974136353, 0.5963581800460815, 2.3497097492218018, 0.9687944650650024, 1.7598707675933838, 1.72841477394104, 1.970597743988037, 2.082432985305786, 1.4097412824630737, 1.48627769947052, 3.631545066833496, 1.8589071035385132, 3.5975747108459473, 2.0043435096740723, 1.25042724609375, 1.6080856323242188, 1.4214119911193848, 1.7405285835266113, 1.9690067768096924, 1.3619158267974854, 2.616579055786133, 2.4466617107391357, -0.10184144973754883, 1.8580459356307983, 1.5434694290161133, 3.926809787750244, 2.0626978874206543, 2.487308979034424, 1.911625623703003, 3.387822389602661], "params": {"iterations": 1510, "learning_rate": 0.014286, "depth": 3, "l2_leaf_reg": 3.4047e-06, "bagging_temperature": 2.5656, "random_strength": 4.1266, "border_count": 207}, "time_end": "2026-03-01T16:15:00.683086"}