{"model": "catboost_minilm_features-extract_3+syllable_count_ratio", "type": "train", "seed": 41, "train_losses": [], "val_losses": [], "time_start": "2026-03-01T15:33:13.519362", "mse": 0.11298321246795863, "accuracy": 0.865979381443299, "corr": 0.9814428588179487, "precision": [0.98989898989899, 0.8382352941176471, 0.6807228915662651, 0.8283582089552238, 0.9568965517241379, 1.0], "recall": [0.8305084745762712, 0.8837209302325582, 0.9416666666666667, 0.7350993377483444, 0.8604651162790697, 0.9689922480620154], "f1": [0.9032258064516129, 0.8603773584905661, 0.7902097902097902, 0.7789473684210526, 0.9061224489795918, 0.984251968503937], "support": [118, 129, 120, 151, 129, 129], "confusion_matrix": [[98, 20, 0, 0, 0, 0], [1, 114, 14, 0, 0, 0], [0, 2, 113, 5, 0, 0], [0, 0, 39, 111, 1, 0], [0, 0, 0, 18, 111, 0], [0, 0, 0, 0, 4, 125]], "predictions": [2.7009486419014967, 1.3525040180031982, 0.17192192033619147, 3.799571187510654, 1.5074928732976445, 3.783671266710466, 2.491599029436805, 2.663625082452698, 2.4082914029868094, 2.9303831163532696, 1.8359779815917905, 3.8137611194689836, 3.1134154597269745, 3.018076029522331, 1.6564084373061987, 0.4081750748908797, 1.745599825778816, 2.854165758825971, 2.9128864121403995, 1.793936509617422, 1.372507433641122, 0.6035438307791092, 0.6746821980667084, 1.7781436338678869, 1.1694378489997517, 2.8419028099072285, 0.18278905394389522, 2.7878839913553444, 1.0717859036961572, 2.5556629714550443, 1.7777865163299014, 2.2524443037320525, 1.4185740628154102, 3.0046906734882657, 1.0686925026908776, 1.7979732206680232, 0.08065083790098537, 0.4418912996469935, 0.17067830163674058, 1.7181381319805105, 3.8505991085076676, 2.5017247923278814, 1.127740218338744, 1.5311931119714317, 0.4960244880673259, 2.178659167942401, 2.4999605643922123, 3.90890533556888, 0.1274363251188726, 0.10096301777758931, 1.047973288307045, 0.4008319458192031, 2.4978926802813635, 1.4191155764616206, 3.0676258124142297, 3.8771171507489086, 2.0241557287729512, 2.3244535891829474, 2.7851342193332256, 4.163206542418285, 2.7705756140323428, 0.3260284645708986, 3.2069714101894222, 0.40110972694571956, 2.6216766373372344, 2.2490360684483606, 2.051649719758012, 1.317305402463624, 2.083748008527922, 2.9038693054588767, 1.6756767484630997, 0.09327373692044061, 0.40903974731118353, 2.691456223805692, 0.19780870016298913, 0.15392841020926396, 0.30814301204775907, 2.0303437585377986, 3.8247122477781152, 3.790437697507101, 1.8597411014285035, 1.7139047087425099, 2.6423765196952833, 2.115672961565855, 4.0712970846519925, 0.9730432122218486, 0.3160222379250075, 2.825323198606958, 3.2739432409204996, 0.16023584229358478, 2.2310973961464438, 2.6254819040095283, 3.387386568049808, 1.5047868190488305, 3.487445050083965, 2.1609938030442613, 1.4161608239362062, 0.5060841503574296, 2.8678386190594587, 1.2008697521001677, 2.547868706702939, 1.1937359190452068, 1.1922753765271576, -0.12403357086232303, 1.8584745309876947, 0.5399315660225528, 3.208864157536649, 0.3425661343323898, 0.2239655711752282, 2.306975878808874, 0.5646448982430625, 4.397280880412786, 1.293099106394758, 0.15855478054631877, 0.03207500405061259, 2.5291218803985265, 0.42759211399724206, 3.058894750182054, 2.657407125464026, 0.4149879451648584, 0.1857516207770895, 4.407162330631144, 0.28416226236835174, 1.5107549333614445, 2.216999980089102, 2.090346163739432, 2.384250118700267, 0.3511444322553108, 2.016869605022867, 1.6211019707801697, 0.6028619020310819, 2.2599991004407767, 3.795722384218943, 1.708983350156977, 0.04979889217847866, 2.1970695650707004, 1.8066846719969218, 0.4298321850799338, -0.1436181282098259, 0.8154921842846452, 2.340426628503083, 3.6499770658544555, 2.1069957246574402, 1.2742699260687702, 0.48061164434524395, 2.5952892457823964, 0.15485065031361023, 2.4830662698511796, 2.3132267701879545, 2.9665546347933094, 2.873675237440543, 3.077553233901666, 3.671781261476546, 3.850373328685878, 0.28481092558379206, 0.10361259356728247, 1.0644106103706485, 3.570818450403621, 1.5571005247533765, 0.15336486619437517, 2.198305167470644, 3.8238971392134316, 2.2843719627516363, 1.1821299349485774, 3.0867546700110156, 3.1812730140638994, 2.4769451082932368, 2.5926426106836127, 1.9515362857816174, 0.922101686911027, 1.9235586025748543, 2.436644823586355, 3.1173799892492857, 2.8486814956818964, 1.7732559552589056, 0.08676743505866291, 1.186656126214884, 1.8018208442823944, 0.6670430545073891, 3.683454979530965, 3.703600861868825, 2.696079426986658, 2.606047043017728, 0.3464407813111836, 2.6238729451229545, 1.6171078689890477, 2.540554408980979, 1.8185589363196768, 2.5790253894493627, 3.384306522898198, 4.485917477862748, 2.3460497398096565, 1.6657195265476914, 1.1278609702322866, 1.6811848743906215, 3.044963357691966, 3.466375679700504, 4.176438553098927, 2.524403199206779, 1.7252259489933262, 1.32180956255083, 1.152986566705143, 2.240308383134334, 2.2947826189857383, 3.1402491610507726, 0.3710582452188791, 1.404458867619032, 1.7432438807787953, 2.2541814924576835, 0.7435660753191022, 3.0882190396864546, 2.0245440458208166, 3.093055159897725, 4.071342144669602, 1.7345579408012144, 1.6279848950714828, 1.4727716943683462, 2.381335862563788, 1.7344536606242027, 1.3602219699356657, 2.8611710221871283, 1.726704603652588, 0.47544822670211273, 1.447105091478291, 3.1219278447512497, 2.830925776565146, 2.708584564073393, 1.6488363936327242, 1.7574239251763184, 3.288637661998145, 1.528059592659575, 2.9895675760045908, 2.388667661702774, 3.7698424723559163, 1.6553153999176184, 2.8574936407956555, 2.0783297872857145, 2.8290233750818157, 2.306182135280492, 3.8513968016093654, 1.600576366445158, 2.266583977244539, 2.3427500661117304, 2.4256202028197196, 2.7671591609467368, 1.2193085420324492, 2.4307230995786244, 0.8380464210487841, 0.4828924980224625, 0.30689715343865975, 0.364921150875984, 3.774054078003628, 1.3309557846272224, 0.9485940472076522, 0.3672195651119394, 2.701376120802613, 0.6309755380371094, 2.7624248853921234, 2.448389545115218, 1.7732670167121114, 0.948890381959363, 0.8250212383921116, 1.7996418216712529, 2.087210931272109, 2.230865101512083, 1.161153567087949, 1.7271078220177376, 2.613166995052767, 2.070289981500695, 0.5171071771303795, 1.8108420509307805, 0.624662924430635, 0.10307830961557318, 3.3314048989273317, 2.509722126088323, 3.4263650124463387, 2.2789505963616263, 2.6078724873872465, 1.6826932696369044, 1.8020845371333967, 2.7521518084551206, 2.938956804101301, 0.25586009828225587, 1.5088084138104123, 0.985078912808, 2.438931536189302, 1.2385541180161455, 3.7852698551371278, 1.8479029437529575, 0.029033245505404093, 1.343452193352059, 0.9176491879684845, 1.8335743844770134, 1.3102522574885993, 2.1598798793528573, 0.06615073981883146, 1.2789641922303205, 0.5958098092547017, 2.6753051115146222, 2.4725663408943865, 1.2967787458673823, 2.652152577360633, 0.2991392837764377, 1.5948547670349718, 2.7946580515972435, 2.2710683283182576, 3.1171800112221293, 2.228407166715446, 3.55695410973515, 1.1099703328426713, 2.2012846920805456, 1.7846964880839402, 1.5873651791536143, 0.41078924656073434, 0.40574542716396067, 0.3707072170759895, 1.1500219542324897, 3.7287850243984355, 3.3831201906260207, 2.0932187082152334, 2.6954712672135157, 2.0888173063815945, 0.2114987504528396, 3.3022091674386966, 0.1305294825464025, 0.40789795438210374, 2.4271373147708104, 4.014749039477205, 1.1605347311972531, 1.732346733145255, 1.444273301213169, 3.4064630740971733, 2.5650779542788293, 2.343358991998501, 0.20068149014004977, 0.7690330190598234, 0.31616755045830525, 1.8724859441924535, 2.5216674761459337, 1.1651311594587723, 1.9232311147334291, 3.6077966461479622, 3.1297891181317428, 2.164309074329496, 2.944336398728127, 2.808938883927212, 2.68368896963689, 0.3947605390470046, 0.2755625015594019, 0.5026564707967311, 0.09672570757275123, 4.746622923646672, 1.532233350865677, 2.532874733160126, 2.980940727347408, 2.613293553628032, 2.1355081711546875, 2.4518684786049345, 0.961161887281974, 0.34555310052781696, 