{"model": "catboost_minilm_features-minilm", "type": "train", "seed": 40, "train_losses": [], "val_losses": [], "time_start": "2026-03-01T14:50:54.896965", "mse": 0.13632062881242119, "accuracy": 0.8170103092783505, "corr": 0.9773400980992134, "precision": [0.9886363636363636, 0.7342657342657343, 0.6228571428571429, 0.8045112781954887, 0.9210526315789473, 0.983739837398374], "recall": [0.7372881355932204, 0.813953488372093, 0.9083333333333333, 0.7086092715231788, 0.813953488372093, 0.937984496124031], "f1": [0.8446601941747572, 0.7720588235294118, 0.7389830508474576, 0.7535211267605634, 0.8641975308641975, 0.9603174603174603], "support": [118, 129, 120, 151, 129, 129], "confusion_matrix": [[87, 31, 0, 0, 0, 0], [1, 105, 23, 0, 0, 0], [0, 7, 109, 4, 0, 0], [0, 0, 43, 107, 1, 0], [0, 0, 0, 22, 105, 2], [0, 0, 0, 0, 8, 121]], "predictions": [2.815434565090581, 1.2410170555171245, 0.15171278222629692, 3.571315930739864, 1.4527213293654189, 3.7031831101648787, 2.474949768469328, 2.852901385331033, 2.44208510866344, 2.8895571782227787, 1.7536758954997163, 3.8240068512826855, 2.8786810047075018, 2.9173439649616446, 1.5217315437922139, 0.4145339562514816, 1.6727959730583062, 3.1236135763391033, 2.881090889661503, 1.8584463531779591, 1.4539050931719326, 0.5364546279058491, 0.8588645071080272, 1.780683903620306, 1.089635829448277, 2.910521926924241, 0.22640454229598372, 2.7831072741258267, 1.0511156572619869, 2.6462131182542494, 1.4400216971172635, 2.430211055086724, 1.4705540218429018, 2.962238583781697, 1.243744659849385, 1.7651353862558308, 0.01837325440490245, 0.6071441755280986, 0.16451631235098363, 1.655282363832953, 3.8937444681083075, 2.4759576223237136, 1.1187800123916283, 1.5129183733460436, 0.6175805487241481, 2.121005316486703, 2.4351792107795314, 4.108607409601509, 0.3047531980449665, 0.3783831760199856, 0.8851896878437984, 0.4637863929645021, 2.6054787460239583, 1.3934491403724372, 2.924886429321356, 4.081642347680005, 2.104527956117288, 2.249636664647242, 2.6533934648514146, 4.173901481413727, 2.6188057157483673, 0.3573983200436808, 3.1603841209138754, 0.324007903083003, 2.4227989698190795, 2.240902486539664, 2.0852459438053157, 1.181966461948777, 1.9683603081207264, 2.9722162409980455, 1.8112410843063986, 0.08341721981650041, 0.5097832001422227, 2.8468460696398377, 0.28250517392103314, 0.25078831219546194, 0.1788663878160559, 2.275446937796737, 3.658536013251368, 3.7933355359489873, 1.8384349375024525, 1.794377317996875, 2.464911891709916, 2.232585315367563, 3.900420624100695, 1.0215428029407132, 0.4007423463894946, 2.815274585117807, 3.182124591247028, 0.23604824263166702, 2.098024385419804, 2.6343212018888296, 3.356694499205643, 1.5905159011804741, 3.5684672446131036, 2.175141402186553, 1.445105130113905, 0.70712243913989, 2.889894607057232, 0.9151187762661348, 2.3193915321044196, 1.1650164942087737, 1.299991694148455, 0.09754998249496394, 1.9245113905177351, 0.6697094468436711, 3.1900465375667215, 0.4406716926923302, 0.1881532468883771, 2.1164641287640036, 0.5587815008906045, 4.302591331725138, 1.5749789364858522, 0.17941103646127843, -0.11720330795397871, 2.394298238346117, 0.4788604851215106, 3.0948854880569145, 2.7300531180106304, 0.34089127101505046, 0.23234786810216512, 4.328244288647116, 0.373458982783061, 1.5162211778623622, 2.121990653677873, 2.0868936161056304, 2.4426681536883543, 0.44287201687412026, 1.808463593958535, 1.613956343285548, 0.6122382949675436, 2.2780924294494356, 3.912236741993068, 1.7660073147907944, -0.09228809713326225, 2.3101615087726373, 1.8293279658755586, 0.28758289265277304, -0.05678607447606421, 0.8504632493619952, 2.515290273818674, 3.7720718552213746, 2.1523391192020958, 1.2562911921902555, 0.5309831362304758, 2.6602432042631308, -0.053357262673255246, 2.458269649001524, 2.247541804936723, 3.0373933980705203, 3.01203616418245, 3.1135941241327605, 3.5528425393611798, 3.852154634019887, 0.6540662971452049, 0.08268490549421159, 1.03430845603424, 3.633888491170981, 1.5479927683439088, 0.1619612280568825, 2.1875159377010926, 3.908822591797581, 2.452169885793117, 0.9427366181064842, 2.888470541014454, 3.213231195991913, 2.2770516199477995, 2.4805920068333824, 1.9277875314464474, 1.0272304906486482, 1.8389399087581482, 2.2824235392698498, 3.1773550836952387, 2.6296831302531865, 1.7494062318462598, -0.11273275267479033, 1.3112031891775602, 1.6417472291767932, 0.8470344471313458, 3.355619979678764, 3.715813395875996, 2.6469500089429445, 2.522401990083993, 0.4426807972328488, 2.5409088678917304, 1.62035503286245, 2.5396658347461987, 1.8492896425287908, 2.6590798207090685, 3.295656812648671, 4.351989006744231, 2.470068105711306, 1.9396110710388954, 1.2506212431637396, 1.7846613352514606, 2.9709537556426437, 3.410007821249233, 3.9104424862071125, 2.537531710126985, 1.6743490629681759, 1.4440372162594517, 1.223483843450104, 2.119347991664408, 2.4549495221229285, 3.2262372000067745, 0.618219181298888, 1.3428729732505862, 1.6890493472360077, 2.309204926463918, 0.7932184593710181, 3.020531767018023, 1.8807564932221714, 3.0542120301865228, 4.016787520176495, 1.7305692977648737, 1.6745376376326626, 1.7103918598807946, 2.5083553409135764, 1.8003095017017452, 1.2557290954272398, 2.6944854962221183, 1.737057735019126, 0.4962161755846868, 1.579989486213643, 3.1184348935962523, 2.918831996902115, 2.465191016367829, 1.4697092645786316, 1.7650882229401215, 3.079539494218694, 1.473955658823094, 2.8319013293475974, 2.357275053412254, 3.6839807281165786, 1.556723182783124, 2.7829639217940874, 1.9034395518708247, 3.233839846769018, 2.2623517615895623, 3.6254651230218498, 1.7199721672780346, 2.3085384942861977, 2.4592274740903775, 2.673945537410532, 2.7530226729272504, 1.2431683178338324, 2.4095709681416735, 0.8342423585160694, 0.7475831830535693, 0.4364119440594725, 0.3078965213815237, 3.6556944711751913, 1.3400656577840668, 1.0704131929759966, 0.3247912700617803, 2.4918677134822045, 0.7558066021604988, 2.7931560172819268, 2.556532661741188, 1.8093496090108716, 1.052869592714347, 1.0206912805418251, 1.829180746852389, 2.089274351389814, 2.1743137917468403, 0.9542390782636541, 1.6851490614738873, 2.6406800765466114, 2.106263012628533, 0.6243649942782037, 1.8267956405502543, 0.5839196903101878, -0.20800178244497447, 3.2062970283383527, 2.3919121844621745, 3.4000008239641106, 2.137193075695569, 2.593562980338574, 1.7355111433934813, 1.7545731749910187, 2.595114036164613, 3.0575355861506517, 0.1956488113040975, 1.4099536011075997, 0.7778357871732116, 2.4881702142743403, 1.261015377530488, 3.576299473125255, 1.7313255186524703, 0.10004723592991516, 1.1725554434032828, 0.7767764933438235, 1.7128953083696883, 1.3915241097279696, 1.9234869785237123, -0.04196219297219628, 1.335515008924927, 0.5309896351031702, 2.716315366125897, 2.4616535117165803, 1.1871482219563112, 2.548835151265769, 0.31936787671568867, 1.6124677903980311, 2.7933137702466064, 2.2394276972909193, 3.0900589168666714, 2.2718356828329522, 3.389089810716968, 1.0155000902318554, 2.1300923719076708, 1.699828964024014, 1.5511335503016481, 0.38812417323097836, 0.4400695410241857, 0.4554635513812002, 1.2276409410978795, 3.7900381294671766, 3.2388685547385867, 1.934677606744545, 2.8679166078421607, 2.196808700571712, 0.11645536142827417, 3.089060071990648, 0.13371476383166048, 0.4650525442373912, 2.285945461920998, 4.1887807567331725, 1.038321849895404, 1.5818611660740567, 1.5141275692014133, 3.4177540727678397, 2.625454803150226, 2.27392956553001, 0.24779773724192466, 0.8075065842147693, 0.22517299531632373, 1.7946611487009112, 2.6212727387085755, 1.1957022955422052, 2.013969834202695, 3.448169618749329, 3.1583977031047064, 2.009631285178224, 2.9899754983769773, 2.7750397388996375, 2.7412980492276398, 0.41185857686332117, 0.17846041693070447, 0.3411323430712403, 0.1833715417009647, 4.63608188004266, 1.5485312677813619, 2.3980073374520288, 2.8754310010488733, 2.4583667139675165, 2.256771736999717, 2.2947639014064727, 1.1819708422160284, 0.3599869507130222, 3.186736985125342, 