{"model": "catboost_minilm_features-extract_dependency_tree_relations", "type": "test", "seed": 42, "time_start": "2026-03-01T16:13:39.036979", "mse": 0.9309830900886857, "accuracy": 0.3893805309734513, "corr": 0.7081607616313301, "precision": [0.7777777777777778, 0.30612244897959184, 0.3076923076923077, 0.5094339622641509, 0.6363636363636364, 0.0], "recall": [0.13725490196078433, 0.45454545454545453, 0.6274509803921569, 0.4153846153846154, 0.2916666666666667, 0.0], "f1": [0.23333333333333334, 0.36585365853658536, 0.4129032258064516, 0.4576271186440678, 0.4, 0.0], "support": [51, 33, 51, 65, 24, 2], "confusion_matrix": [[7, 25, 19, 0, 0, 0], [1, 15, 16, 1, 0, 0], [1, 8, 32, 10, 0, 0], [0, 1, 33, 27, 4, 0], [0, 0, 4, 13, 7, 0], [0, 0, 0, 2, 0, 0]], "predictions": [1.1158901453018188, 1.066072940826416, 2.6335999965667725, 1.2597514390945435, 0.9027042388916016, 1.5587847232818604, 2.9969239234924316, 1.5980323553085327, 1.5194339752197266, 2.607372760772705, 2.8655924797058105, 2.5247066020965576, 3.1897525787353516, 1.868219256401062, 1.8105494976043701, 1.7913976907730103, 3.6319494247436523, 1.0534499883651733, 1.3625829219818115, 3.454206705093384, 3.749009609222412, 0.1428544521331787, 3.2301104068756104, 1.6960663795471191, 1.5486692190170288, 2.9950156211853027, 2.461463451385498, 2.084873676300049, 2.4309918880462646, 2.781341075897217, 3.3614981174468994, 1.2115005254745483, 1.8332998752593994, 0.6932181119918823, 3.1384572982788086, 2.442699670791626, 1.4199570417404175, 1.9310715198516846, 3.418212652206421, 0.7685708999633789, 1.5348951816558838, 2.020871877670288, 0.938295841217041, 1.7768620252609253, 3.3686928749084473, 3.056727886199951, 1.1282531023025513, 2.55515456199646, 1.8485655784606934, 0.4728260040283203, 2.8125786781311035, 1.9990005493164062, 3.433030843734741, 1.9753446578979492, 3.0339457988739014, 0.4558897018432617, 3.114036798477173, 1.8012282848358154, 3.630681037902832, 1.658095121383667, 1.8374669551849365, 2.254794120788574, 2.3763298988342285, 2.1687231063842773, 1.6718456745147705, 2.2772057056427, 1.8327083587646484, 1.7420299053192139, 1.0915169715881348, 2.4591338634490967, 1.7629106044769287, 2.469195604324341, 1.1235042810440063, 0.5604478120803833, 0.949881911277771, 1.9743529558181763, 1.5763477087020874, 1.9886205196380615, 1.5059889554977417, 0.40694475173950195, 2.0514352321624756, 1.8164514303207397, 2.038640022277832, 3.4023828506469727, 0.6857768297195435, 2.145089864730835, 0.3059811592102051, 2.933180332183838, 1.3547176122665405, 2.0295279026031494, 2.9707510471343994, 2.8517048358917236, 2.8532602787017822, 0.7769119739532471, 2.466296434402466, 0.3939390182495117, 1.5894415378570557, 1.3857072591781616, 1.0729377269744873, 1.6232404708862305, 2.725148916244507, 0.2709496021270752, 2.367055892944336, 2.0204174518585205, 0.9776191711425781, 1.939427375793457, 2.597014904022217, 1.1244393587112427, 3.39770770072937, 1.7338804006576538, 2.7148029804229736, 1.6454906463623047, 2.5290162563323975, 3.264831781387329, 1.9846885204315186, 1.0085586309432983, 3.3546388149261475, 2.232062578201294, 2.530251979827881, 2.8249154090881348, 3.5234081745147705, 1.2678959369659424, 0.47640156745910645, 2.034886121749878, 2.872161626815796, 2.1946260929107666, 1.6083425283432007, 0.8395277261734009, 1.6840204000473022, 2.121194362640381, 2.518223524093628, 3.6336870193481445, 1.5612540245056152, 1.5355193614959717, 3.423537254333496, 3.8000826835632324, 2.1610045433044434, 3.268003225326538, 0.8910461664199829, 2.06455659866333, 1.0834484100341797, 1.8154687881469727, 2.0410444736480713, 1.660684585571289, 1.912779688835144, 2.8327698707580566, 3.2350337505340576, 0.6335879564285278, 4.093540191650391, 1.4454667568206787, 3.20989727973938, 1.5558909177780151, 1.3424876928329468, 1.0562283992767334, 1.37138032913208, 3.466475486755371, 1.2118388414382935, 0.8828326463699341, 2.048671245574951, 2.680248975753784, 2.871931314468384, 3.3155007362365723, 2.919252395629883, 1.3179494142532349, 2.4188969135284424, 1.5763216018676758, 1.681526780128479, 1.5623698234558105, 2.4492740631103516, 2.1696348190307617, 1.9386869668960571, 1.5475409030914307, 1.9709858894348145, 1.2749078273773193, 2.0588576793670654, 2.6504597663879395, 1.5284078121185303, 0.9070762395858765, 0.8480902910232544, 3.2127487659454346, 1.818178653717041, 1.7049803733825684, 0.9261369705200195, 2.312610149383545, 3.682680130004883, 2.102970600128174, 2.1638383865356445, 0.8274991512298584, 4.14223051071167, 1.6198846101760864, 1.8153767585754395, 0.8371810913085938, 1.8686509132385254, 2.7098045349121094, 1.434264898300171, 2.2173826694488525, 2.1536147594451904, 0.6635850667953491, 2.241813898086548, 0.9315052032470703, 1.8289508819580078, 1.5946415662765503, 1.9437894821166992, 2.3910725116729736, 1.651679515838623, 1.5505924224853516, 3.386181592941284, 1.8359203338623047, 3.7365307807922363, 2.055690050125122, 1.3705567121505737, 1.6911548376083374, 1.3893811702728271, 1.9173030853271484, 1.8846033811569214, 1.2575560808181763, 2.5982139110565186, 2.420746088027954, 0.2468104362487793, 2.018317937850952, 1.3255131244659424, 3.7104973793029785, 1.64347505569458, 2.5996041297912598, 1.8954360485076904, 3.407456398010254], "params": {"iterations": 1510, "learning_rate": 0.014286, "depth": 3, "l2_leaf_reg": 3.4047e-06, "bagging_temperature": 2.5656, "random_strength": 4.1266, "border_count": 207}, "time_end": "2026-03-01T16:13:39.156325"}