{"model": "catboost_minilm_features-extract_ngram_word_length_by_char", "type": "train", "seed": 42, "train_losses": [], "val_losses": [], "time_start": "2026-03-01T15:07:47.745605", "mse": 0.11105409308151995, "accuracy": 0.8762886597938144, "corr": 0.9817769279206727, "precision": [0.9897959183673469, 0.8345323741007195, 0.696969696969697, 0.8625954198473282, 0.9661016949152542, 1.0], "recall": [0.8220338983050848, 0.8992248062015504, 0.9583333333333334, 0.7483443708609272, 0.8837209302325582, 0.9689922480620154], "f1": [0.8981481481481481, 0.8656716417910447, 0.8070175438596491, 0.8014184397163121, 0.9230769230769231, 0.984251968503937], "support": [118, 129, 120, 151, 129, 129], "confusion_matrix": [[97, 21, 0, 0, 0, 0], [1, 116, 12, 0, 0, 0], [0, 2, 115, 3, 0, 0], [0, 0, 38, 113, 0, 0], [0, 0, 0, 15, 114, 0], [0, 0, 0, 0, 4, 125]], "predictions": [2.5838784383429347, 1.2829483626461269, 0.11597334637411505, 3.9406873474558908, 1.4727415929374903, 3.663072093179884, 2.5132566109766703, 2.7538997118814215, 2.4125550197245498, 3.0087191479807798, 1.8736343903865997, 3.6913675666516053, 3.1183487279900413, 2.9828772881412062, 1.6099131755685339, 0.4471304473705522, 1.7140378024354046, 2.9640518581934288, 2.91368842035435, 1.7531723514167483, 1.4100932485354023, 0.6032294432305818, 0.7111514104488783, 1.7806302919321753, 1.1136889289789915, 2.952100701154162, 0.15179890798899764, 2.9050704062478143, 1.0815185848934559, 2.6209922754750763, 1.7103860073539148, 2.232235237816219, 1.465499780092259, 2.9780065666513744, 1.0239594584963811, 1.8552908191560666, -0.0001975955096185089, 0.4437521036455663, 0.24326827984404398, 1.7203591570793546, 3.8701857320160515, 2.4612122942225536, 1.1529657082589333, 1.6063810669458727, 0.47871802487547654, 2.1482745498190723, 2.433540192524001, 3.817994973884214, 0.17425146073977826, 0.2224879267998392, 1.0861598957367646, 0.40569591795364346, 2.4010121818377272, 1.388533012978573, 3.111258749618157, 3.8902214313342682, 1.9499517664215207, 2.4167767917582297, 2.7108190107445456, 4.12907252360546, 2.749325196923631, 0.180008637917211, 3.2460273290753494, 0.3753968955007627, 2.6223672311895445, 2.253971007828088, 1.9603663997158904, 1.1920736484164058, 1.884735559950156, 2.9595889811670157, 1.7624529300642005, 0.13014510831501713, 0.3489137806061273, 2.745515033712758, 0.18088962912777795, 0.13197662597494686, 0.1955300623589289, 1.9605085602272614, 3.7408894736902747, 3.7233259310414613, 1.9048165002949409, 1.8224612574737558, 2.6447575190522805, 2.161257166250487, 3.8613516808821498, 0.8535358835594249, 0.22011770175756373, 2.9165459181540303, 3.2819486211124804, 0.11032250158762613, 2.278569241303792, 2.792269267812581, 3.465636729128585, 1.5112247342106517, 3.4851991302771106, 2.0767150650896844, 1.406350268241891, 0.6968244070946215, 2.9377364426771058, 1.0770254886693347, 2.518494358374011, 1.1672105105736597, 1.1402436875147466, 0.07787232397483068, 1.855678941290598, 0.45992435127470976, 3.2347944912282163, 0.31977930187138215, 0.19921959039898818, 2.2902320719555678, 0.5215158754069043, 4.369009978590253, 1.2581772238764497, 0.22914343539587145, -0.030709431893589656, 2.4390914292701664, 0.2942987057187323, 3.248685536592749, 2.7624843989645953, 0.3858166110658492, 0.1693324288849456, 4.4679409104410395, 0.2701759574809133, 1.5497323769371865, 2.2935326729654735, 2.0760262832056973, 2.3175748166425487, 0.357160093752793, 2.0245802342830306, 1.6068473888758188, 0.6847943635767775, 2.2688763958923124, 3.8478478454595155, 1.7128549513317766, -0.018127486615418853, 2.251423168973024, 1.7901524148762418, 0.41050778608190663, -0.12954679305320393, 0.7379887795404201, 2.3434406624682422, 3.6968355621804814, 2.019260648392831, 1.211202192413114, 0.4272651377083472, 2.62439789381471, 0.09060783675918938, 2.4689510748959265, 2.315184284331289, 2.904392185512062, 2.928488932546934, 3.065822059230454, 3.6482171722643653, 3.944415135284384, 0.2765941795676383, 0.02491583660573804, 1.0554457970951983, 3.727376329087037, 1.4769456555235696, 0.10953096662521267, 2.191689990644647, 3.868522006279216, 2.3209250858630557, 1.1740261848360145, 2.9313034840663583, 3.1651369042433077, 2.4894330114385963, 2.457779355050244, 1.8604799311250995, 1.0807161083399082, 2.024931161062371, 2.3312890470362704, 3.0788545949627864, 2.798702751985929, 1.7724840543558174, 0.08611397029669954, 1.170282421780956, 1.8754542511044079, 0.6621233399028219, 3.6538703807743254, 3.6690370839387327, 2.7041496631256723, 2.579969007477221, 0.39618561226187765, 2.748994558460662, 1.6693812946286535, 2.4982528642644493, 1.8028133301303524, 2.5225589104362833, 3.348365757688246, 4.425470439591651, 2.3811673799577404, 1.6982806187259474, 1.2443686030673382, 1.781647301447189, 3.12111687839648, 3.52552904453366, 4.176097302774856, 2.6312507146347386, 1.7280528467624428, 1.307006230246169, 1.1825852025871781, 2.289655268615866, 2.3220577537978975, 3.1806773640445365, 0.37490996640602203, 1.3329756435803024, 1.6795334253707808, 2.1795071269320285, 0.7171925377227526, 3.0722888018468995, 1.9838164847076842, 3.041358116853881, 3.8379789032286737, 1.7299574071642305, 1.5870942519971165, 1.4926867538784083, 2.4339500483343812, 1.8190729930969032, 1.3071664968865933, 2.9369348699397326, 1.6399677269739783, 0.3884864769867544, 1.4956606537626496, 3.0654724204529717, 2.7954702411592773, 2.772269922085803, 1.5718407083848394, 1.8024882837380556, 3.274273707552716, 1.6531116000016262, 3.050835103841568, 2.306624526794235, 3.791164036578178, 1.684609250302795, 2.9678840923467407, 2.069844459280703, 2.8493863278403815, 2.272635486033927, 3.8485296134573157, 1.613834221129098, 2.2346695213569228, 2.3450712885734784, 2.498519483538332, 2.8324805486519837, 1.22454896906909, 2.461039413616974, 0.8186661062020886, 0.5369048954714326, 0.2644572046582425, 0.3213105562088199, 3.8164540977982644, 1.255872032863226, 1.1322541055398188, 0.42645828370495087, 2.710886800326396, 0.6191318496227887, 2.7262026952114113, 2.391765067746309, 1.871746862279446, 0.9402264676285708, 0.8498670348557731, 1.701870332657148, 2.113676671783592, 2.3210182585390475, 1.1861436222658057, 1.649741425611877, 2.646129271448302, 2.055787858473427, 0.5796626454993219, 1.8614611320397314, 0.667981350672125, 0.1086425930340651, 3.2324562595374826, 2.597647390439388, 3.4291523361689595, 2.3128573433550677, 2.5692716380634937, 1.7960930777593704, 1.739572705008644, 2.7783859760374074, 2.9398950640618438, 0.26824069183145083, 1.4946979241687652, 0.8478410137895653, 2.5619931913552274, 1.3082558500523704, 3.8755364822258644, 1.7428320075499864, 0.06957269635051677, 1.308832219764321, 0.7971806354699666, 1.849452399203729, 1.251237950949934, 2.2203402055265755, -0.00796086284811981, 1.2872490921868518, 0.6022357146044999, 2.6691079091878582, 2.5047087291308765, 1.2258007629393175, 2.6167175432086385, 0.3745925775381327, 1.5761594050371177, 2.8089901912283555, 2.215949017210424, 3.0733429706309154, 2.1676213971485536, 3.491105074746149, 1.0986118212442606, 2.195433464155644, 1.8019208180089237, 1.5735801632900173, 0.43729642369078014, 0.40540845494572686, 0.4567044433178009, 1.1644341132317262, 3.7171241499697, 3.4207779919891035, 2.089169747339856, 2.7090173825608033, 2.1431402194436604, 0.29402916662606815, 3.169608488720198, 0.11737287690193421, 0.36002627930259523, 2.4339637417173723, 3.9183639943611253, 1.1105072519788857, 1.7124297507291781, 1.3877863437393267, 3.504298068042465, 2.710704552365232, 2.3185242577124137, 0.14991623663752085, 0.7504072085343856, 0.30848386000413175, 1.7782408509762502, 2.5531648577128236, 1.183454637135242, 1.8800339753788844, 3.6869011320877956, 3.2041971210325815, 2.167956787134409, 2.891871494855722, 2.8128744764417046, 2.703136085629973, 0.3854130643355367, 0.17406002438637103, 0.5823008831903502, 0.0914591970912797, 4.798703022808053, 1.5615728068981296, 2.5463585749226243, 3.0329847291463317, 2.7269507949866183, 2.1309711307731214, 2.495597336838621, 0.9934651424685128, 