{"model": "catboost_minilm_features-extract_contractions", "type": "test", "seed": 40, "time_start": "2026-03-01T15:48:48.084772", "mse": 0.9744787568052756, "accuracy": 0.37610619469026546, "corr": 0.6884804228072907, "precision": [0.6666666666666666, 0.33962264150943394, 0.3113207547169811, 0.45652173913043476, 0.5833333333333334, 0.0], "recall": [0.11764705882352941, 0.5454545454545454, 0.6470588235294118, 0.3230769230769231, 0.2916666666666667, 0.0], "f1": [0.2, 0.4186046511627907, 0.42038216560509556, 0.3783783783783784, 0.3888888888888889, 0.0], "support": [51, 33, 51, 65, 24, 2], "confusion_matrix": [[6, 26, 19, 0, 0, 0], [1, 18, 11, 3, 0, 0], [2, 7, 33, 9, 0, 0], [0, 2, 38, 21, 4, 0], [0, 0, 5, 12, 7, 0], [0, 0, 0, 1, 1, 0]], "predictions": [1.163623332977295, 1.3905024528503418, 2.5855815410614014, 1.4184616804122925, 0.761276364326477, 1.626293659210205, 3.216092586517334, 1.6386497020721436, 1.10186767578125, 2.2740633487701416, 3.065504312515259, 2.4610283374786377, 3.315106153488159, 1.9025118350982666, 1.62190580368042, 1.6979951858520508, 3.8586559295654297, 1.1496970653533936, 1.4953304529190063, 3.590592384338379, 3.693105459213257, 0.31806492805480957, 3.031036376953125, 1.6662659645080566, 1.5519609451293945, 2.8665363788604736, 2.217625379562378, 1.7932014465332031, 2.6521952152252197, 2.484553813934326, 3.3237643241882324, 1.1976890563964844, 1.947635531425476, 1.1517232656478882, 3.043625593185425, 2.546476364135742, 1.534172534942627, 1.9730567932128906, 3.0762062072753906, 0.9296356439590454, 1.6061248779296875, 1.9155919551849365, 0.9572371244430542, 1.887580156326294, 3.301379919052124, 3.0810024738311768, 1.2630748748779297, 2.8921751976013184, 1.9157081842422485, 0.4266364574432373, 2.50445294380188, 2.1190171241760254, 3.3046836853027344, 1.8564643859863281, 3.391793727874756, 0.5965994596481323, 3.1147031784057617, 1.9946380853652954, 3.61842679977417, 1.6141875982284546, 1.80322265625, 2.0911102294921875, 2.5713369846343994, 2.0863962173461914, 1.336558222770691, 2.4649884700775146, 1.809727668762207, 1.7774748802185059, 1.2870396375656128, 2.3259236812591553, 1.5460853576660156, 2.377117156982422, 1.1750962734222412, 0.10306143760681152, 1.129075288772583, 1.9159247875213623, 1.4152052402496338, 1.810542345046997, 1.5455251932144165, 0.16863512992858887, 1.791678547859192, 2.0604400634765625, 2.20499324798584, 3.193467140197754, 0.834741473197937, 2.1153013706207275, 0.2872178554534912, 2.672804594039917, 1.475177526473999, 1.8119025230407715, 2.826448440551758, 2.965991973876953, 2.703122615814209, 0.8837341070175171, 2.2948033809661865, 0.3502938747406006, 1.4945584535598755, 1.839815616607666, 1.1584594249725342, 1.8132660388946533, 2.4839422702789307, 0.2450563907623291, 2.3818745613098145, 2.2387406826019287, 0.6531388759613037, 1.8631837368011475, 2.121849536895752, 1.3956871032714844, 3.3966705799102783, 1.588310718536377, 2.6222152709960938, 1.7886221408843994, 2.480264902114868, 3.0075457096099854, 1.6997151374816895, 0.9586941003799438, 3.2531239986419678, 2.372377395629883, 2.715167760848999, 2.5856926441192627, 3.4941751956939697, 1.7555816173553467, 0.11688613891601562, 2.349388599395752, 3.265754222869873, 2.4297192096710205, 1.7255959510803223, 1.1999515295028687, 1.60601806640625, 1.9415881633758545, 2.3407020568847656, 3.7230262756347656, 1.6796290874481201, 1.6037168502807617, 3.342841148376465, 3.775631904602051, 2.407862663269043, 3.0173864364624023, 1.2688207626342773, 2.3108744621276855, 1.1899210214614868, 1.5498731136322021, 1.9905531406402588, 1.6743080615997314, 2.0099871158599854, 2.9847569465637207, 3.153731346130371, 0.6373114585876465, 3.7130684852600098, 1.443545937538147, 3.3337361812591553, 1.1558458805084229, 0.9871629476547241, 0.8908208608627319, 1.0132696628570557, 3.6276044845581055, 1.3195255994796753, 0.6930109262466431, 1.6817007064819336, 2.642291307449341, 3.0884902477264404, 2.741598129272461, 2.8980982303619385, 0.9556232690811157, 2.239506483078003, 1.5492172241210938, 1.6659729480743408, 1.4290803670883179, 2.2498366832733154, 2.196432590484619, 2.1784493923187256, 1.816469430923462, 1.88450288772583, 1.5528737306594849, 2.1721439361572266, 2.440284490585327, 1.5929776430130005, 0.8460901975631714, 0.6360834836959839, 3.2277846336364746, 1.8210928440093994, 1.7023730278015137, 1.0574932098388672, 2.106541872024536, 3.546218156814575, 2.0008413791656494, 2.053241491317749, 0.6702090501785278, 4.045836925506592, 1.7475721836090088, 2.047274589538574, 0.7200783491134644, 1.8927717208862305, 2.3409149646759033, 1.4335453510284424, 2.4988033771514893, 1.649646520614624, 0.5781601667404175, 2.2935473918914795, 0.8237733840942383, 1.4579627513885498, 1.6999902725219727, 1.8856979608535767, 2.268333911895752, 1.2209720611572266, 1.5156235694885254, 3.335318088531494, 1.9112956523895264, 3.76893949508667, 1.8946291208267212, 1.3880854845046997, 1.502511739730835, 1.2834548950195312, 1.6732463836669922, 1.981123447418213, 1.3623584508895874, 2.554713487625122, 2.520534038543701, -0.057967424392700195, 2.02748441696167, 1.446940302848816, 3.6189041137695312, 2.158747911453247, 2.4008665084838867, 1.9631035327911377, 3.3515782356262207], "params": {"iterations": 1510, "learning_rate": 0.014286, "depth": 3, "l2_leaf_reg": 3.4047e-06, "bagging_temperature": 2.5656, "random_strength": 4.1266, "border_count": 207}, "time_end": "2026-03-01T15:48:48.192089"}