{"model": "catboost_minilm_features-extract_word_concreteness", "type": "train", "seed": 41, "train_losses": [], "val_losses": [], "time_start": "2026-03-01T16:40:16.971200", "mse": 0.1138845597533913, "accuracy": 0.8634020618556701, "corr": 0.9812475065953308, "precision": [0.9896907216494846, 0.8188405797101449, 0.69375, 0.8226950354609929, 0.9482758620689655, 1.0], "recall": [0.8135593220338984, 0.875968992248062, 0.925, 0.7682119205298014, 0.8527131782945736, 0.9612403100775194], "f1": [0.8930232558139535, 0.846441947565543, 0.7928571428571428, 0.7945205479452054, 0.8979591836734694, 0.9802371541501976], "support": [118, 129, 120, 151, 129, 129], "confusion_matrix": [[96, 22, 0, 0, 0, 0], [1, 113, 15, 0, 0, 0], [0, 3, 111, 6, 0, 0], [0, 0, 34, 116, 1, 0], [0, 0, 0, 19, 110, 0], [0, 0, 0, 0, 5, 124]], "predictions": [2.6050015579554833, 1.1955399080030775, 0.2941236069452211, 3.835937862962294, 1.522249451074274, 3.8187435647340533, 2.438580765500463, 2.6163067548401773, 2.4597969857600646, 3.0492852673881115, 1.8280298114660283, 3.7829970453777024, 2.967124413231693, 3.1095388323665225, 1.6122003132671123, 0.42660503431336094, 1.6127218949060032, 2.881755998500447, 3.1474833108204745, 1.6822360776721843, 1.4189296384269507, 0.6054119927481685, 0.6174611403475221, 1.8157644452252049, 1.0807192996762116, 2.764668384781244, 0.18459070780694598, 2.8547853442289814, 1.0426052807145108, 2.7121826828567572, 1.7747157690382915, 2.2075760210966826, 1.3930280279550338, 2.9281972163461485, 1.2020263228794323, 1.7848762044030027, 0.06932505060856986, 0.4350946439759067, 0.1792729336451493, 1.735956326362364, 3.867474703930085, 2.5661667090489395, 1.0675913542732085, 1.594767345265653, 0.537822335224406, 2.1506319211232543, 2.4500048304004554, 4.007469995461581, 0.1197159875506717, 0.06721695425753671, 0.969756086706085, 0.3969693398426908, 2.4003890309361156, 1.3942127661641774, 2.996523532471576, 3.9761094201279104, 1.9160910849410364, 2.396984280934748, 2.7441326142214977, 4.1347592016986745, 2.768568941992738, 0.23206148898092538, 3.268397398661134, 0.3790943887587179, 2.6185684890838257, 2.213852165541347, 1.9095543642215844, 1.159027614394819, 1.8957709164629775, 2.907585815384763, 1.7568527752971315, 0.08014354151267522, 0.2408660033979073, 2.892131569043937, 0.17946219930796348, 0.10352024499764534, 0.14693707502432485, 2.080966141164739, 3.796434308913932, 3.6590820590211095, 1.8517618279335164, 1.8377534692519546, 2.7104487125732835, 2.100182577450604, 4.0101337735427744, 0.9375412286388523, 0.25766020478736085, 2.8757779318859873, 3.1261549967431455, 0.13241458923148164, 2.1838849569739778, 2.6117099250472906, 3.48957017928467, 1.415836726940125, 3.579332007890983, 2.2881908411912417, 1.3957288481739034, 0.6188087833535423, 2.8979602023300646, 1.1223701556545145, 2.530411703502694, 1.128018929528893, 1.2365122317451702, 0.09413873273131568, 1.8527391531656465, 0.5151025232045765, 3.1907462381953433, 0.32883924800232034, 0.23704669212978358, 2.355457776287726, 0.5326020583960138, 4.346702827852173, 1.3918596726038408, 0.19573462247273277, 0.0664722782792957, 2.444824802475973, 0.22299176974954227, 3.275377920902184, 2.689973266609396, 0.4049819007765789, 0.3330249337741482, 4.358224086052351, 0.37641224149945707, 1.5089085565351252, 2.2379646642601867, 1.9616798096127228, 2.43485238746999, 0.4153142763175328, 1.8284130786390662, 1.6703645600238892, 0.7021178717407572, 2.3611886078843574, 3.774670656421467, 1.7579540848424247, 0.07733523364127004, 2.203751899849114, 1.6657890072051131, 0.486030854397129, -0.04499501182742183, 0.7896449041765947, 2.417240912846758, 3.6535975096721227, 1.970466370763619, 1.2582139411478757, 0.41052943209701453, 2.606205763369588, 0.1314234931911047, 2.4316535192880337, 2.2196478997284403, 2.9205183546455973, 2.8629430991396805, 3.173416933517837, 3.5870132011373927, 3.9066857449787005, 0.31385030658556445, 0.05669150495568642, 1.0969137188929263, 3.6946369780999078, 1.4855015909533786, 0.3056869439011862, 2.0837312404901294, 3.764226669768135, 2.3579427208905535, 1.173410238779135, 2.873778254530258, 3.034281564878639, 2.5156713077910187, 2.5649001308795203, 1.8328931642149549, 1.0002367915889865, 2.0415476159444306, 2.380792713272802, 3.076422191576234, 2.7251836809425583, 1.8918040344903153, 0.09586447462588188, 1.2794369211170107, 1.7810012882490538, 0.666107489596337, 3.594211621912334, 3.6492332513260224, 2.644871849841804, 2.6580425672072123, 0.37904803680019405, 2.776147897921469, 1.5957386613792663, 2.5575827254304766, 1.8362363969688174, 2.617997124248115, 3.208446317579149, 4.478155965519946, 2.4503041662862293, 1.735495482585631, 1.2120944292545202, 1.7612627277161197, 3.1490762987845797, 3.429508576971472, 4.010744491939736, 2.5569029976215236, 1.7228190066691966, 1.293922693578724, 1.1920572959020943, 2.188678907610052, 2.3855691465545528, 3.071083648548205, 0.44405317781794995, 1.3821921195917577, 1.715351126137354, 2.1460528997773376, 0.7535491521538562, 3.1265566750662446, 1.9523436781939998, 3.145223634394943, 3.877972899745284, 1.7201520320919352, 1.617382566747691, 1.6136316615079367, 2.5202739146730724, 1.8343199928324525, 1.3178411598817281, 2.8996312684889665, 1.739894964614852, 0.41750963401123053, 1.5333124685976516, 3.009946357801146, 2.7699381258695435, 2.7688158355984602, 1.742704315370013, 1.7891154911731064, 3.274210277122704, 1.6985744496101842, 3.0304986208359255, 2.3726683213574526, 3.8318408981981857, 1.7667691818474975, 2.9239029590218193, 1.9534196596673512, 2.809006114187202, 2.284556437239911, 3.806386137560001, 1.5511919624089274, 2.318552323181058, 2.491854220521657, 2.6600186880523333, 2.8086948618049243, 1.2873772758977768, 2.316273263634804, 0.826515226721863, 0.48969497282179386, 0.24392125878021265, 0.4003229067410059, 3.8143211669478054, 1.2810002982554005, 1.087208052793389, 0.4832934038393142, 2.7545431488720697, 0.5602985988772515, 2.710335899346072, 2.487426247884217, 1.751761040642796, 0.9196474676339403, 0.8909010181478547, 1.7408824317695561, 2.1425721626058456, 2.321603252131881, 1.0653165573429066, 1.6817730026798774, 2.5151359960586186, 2.0427578171083156, 0.5546577225857157, 1.8224908681494334, 0.5684133241786793, 0.1175028593307954, 3.3697786252582547, 2.582223883309537, 3.4246558953100403, 2.321136318626311, 2.6883367198619217, 1.7437013638885528, 1.6987059389763304, 2.729909939182053, 2.8834655302338645, 0.25962653596749696, 1.4292132293255313, 0.9022559077339742, 2.571565853919405, 1.226886219734944, 3.7752495587288206, 1.840070465191278, 0.11608580959400072, 1.2138304965539293, 0.8284198200609265, 1.849738826155784, 1.2328485605434796, 2.2185606965144453, 0.03882221281528553, 1.2141584018829572, 0.690280359002243, 2.731225190218924, 2.5520489745767656, 1.276582620991703, 2.658494505310925, 0.3473775790003448, 1.6091361491830853, 2.8520024717750214, 2.4234269191303883, 3.0203750172193833, 2.2518812432734987, 3.42805566757167, 1.0771488174260975, 2.2565653754586243, 1.8304758356014665, 1.5187770419949036, 0.508284825530182, 0.48146274683302437, 0.49077470718159466, 1.1809226480269592, 3.663016844618, 3.394369446392132, 1.9984404067791628, 2.631044771106041, 2.0761865233015824, 0.2172296924361503, 3.139555592813803, 0.2518489177684029, 0.42330710797422144, 2.488241326629249, 3.917743975118658, 1.0069943819080944, 1.6020265469443866, 1.2812153592046955, 3.6854173675993014, 2.633910060722802, 2.3734263478155566, 0.10426316740788488, 0.7580971034505251, 0.32557209853061053, 1.8391266417463634, 2.5465844304005456, 1.1851857226113665, 1.9383214272998317, 3.615693483430613, 3.2772042647409254, 1.9355695504897523, 2.8987967218862143, 2.919498758073257, 2.7136451863549946, 0.48555948573641894, 0.25546972223133757, 0.5815617350989437, 0.07102798800320498, 4.725398929689901, 1.512451516165731, 2.4232559255390944, 2.9562779507713692, 2.593705502302074, 2.08439974422481, 2.486621048598535, 0.9602429901944733, 0.3595965902861864, 3.2045911191530667, 0.3811893373981481, 