{"model": "catboost_minilm_features-extract_ttr", "type": "train", "seed": 40, "train_losses": [], "val_losses": [], "time_start": "2026-03-01T15:20:11.095517", "mse": 0.11358306536962261, "accuracy": 0.8672680412371134, "corr": 0.9813107229163571, "precision": [0.9897959183673469, 0.8273381294964028, 0.6894409937888198, 0.837037037037037, 0.9495798319327731, 1.0], "recall": [0.8220338983050848, 0.8914728682170543, 0.925, 0.7483443708609272, 0.875968992248062, 0.9612403100775194], "f1": [0.8981481481481481, 0.8582089552238806, 0.7900355871886121, 0.7902097902097902, 0.9112903225806451, 0.9802371541501976], "support": [118, 129, 120, 151, 129, 129], "confusion_matrix": [[97, 21, 0, 0, 0, 0], [1, 115, 13, 0, 0, 0], [0, 3, 111, 6, 0, 0], [0, 0, 37, 113, 1, 0], [0, 0, 0, 16, 113, 0], [0, 0, 0, 0, 5, 124]], "predictions": [2.7550860933865184, 1.273069701449215, 0.13527678533722431, 3.9166344461000193, 1.4998390220053046, 3.7997516793065786, 2.524508099309598, 2.779965745529313, 2.4175783572292584, 2.8874721620836725, 1.8239755657263397, 3.770829080561265, 2.981967033792701, 3.007375090235312, 1.590951582863827, 0.46303286030662294, 1.7902447056987092, 2.860034830277149, 2.962215984471386, 1.7356909352453662, 1.4046669042741364, 0.5018093672946664, 0.7070706884731106, 1.785149818356416, 1.029677821673941, 3.046953608167739, 0.17862630520373246, 2.7754173034899248, 1.0898758346760884, 2.6024151567983274, 1.771372353950387, 2.2819598970061046, 1.3541645672281775, 3.0269876567502507, 1.0637174260837379, 1.7430655168423184, 0.010535813853386866, 0.44630330638563054, 0.16319117447056009, 1.8028768335965584, 3.8645150132571326, 2.504465990756638, 1.1250529701010208, 1.5904257853836854, 0.4965225076734803, 1.983522892067982, 2.403442660130599, 3.8164837385537806, 0.16518120309037476, 0.16693919547469793, 1.0607682138165013, 0.40652353216283066, 2.4429180071030814, 1.3788991922065406, 2.9016858267786114, 4.048826953124117, 2.056886845075246, 2.32158238495469, 2.786000359788788, 4.16545537449541, 2.7547682123336474, 0.21245188509339252, 3.1424702162364193, 0.3431808581367046, 2.5900611365161392, 2.3440288689985693, 2.1030963047597337, 1.2908623124748488, 2.0759298427463517, 2.9354721407094324, 1.7252892475138828, 0.15521753852931175, 0.30742268129385986, 2.622676191229834, 0.22998158260689028, 0.09424281879142571, 0.1909395739260651, 2.082766772232545, 3.7151053207910216, 3.749434552147636, 1.9225150394943409, 1.8180705488888578, 2.700763305287886, 2.1698384427180564, 3.9912038661725147, 0.9260208993158043, 0.3176910188371793, 2.7918472104224636, 3.205330808569541, 0.16386895611705343, 2.2355526849758265, 2.6212086221526043, 3.4557025831448756, 1.5416603444919446, 3.4992907644127103, 2.140460567035102, 1.4672676400776106, 0.5546725259269789, 2.9107215175726235, 1.192356875557056, 2.5256622451163158, 1.1709351516913136, 1.1875388643336944, 0.0429106504972796, 1.9656449338255337, 0.5032908660793416, 3.2449082718653983, 0.26255185798064096, 0.23225268019417022, 2.3267301465059074, 0.5404823982680396, 4.379836941949116, 1.1971939444840989, 0.19869191073304782, 0.018235502148848948, 2.4347033036563497, 0.4022937558747972, 3.1376825406591116, 2.7719712421235982, 0.3617356349117751, 0.17511555945846968, 4.392924701364024, 0.28948773749863665, 1.6283327595389308, 2.2664193413378584, 2.0416609416305986, 2.3919161330328094, 0.39199259237597905, 2.0564382580703415, 1.610385717948534, 0.6415177555205314, 2.3386295965834316, 3.809830935744036, 1.7279981448764372, 0.06551138777484944, 2.2379762596899666, 1.770631877605532, 0.406647848370858, -0.15473173404288154, 0.7988352394243547, 2.288218504448602, 3.710798758178563, 2.0179594771126697, 1.284022658806923, 0.4354248260083442, 2.63412458475137, 0.14349134487521642, 2.474981000607935, 2.199010250635851, 2.8305335656134925, 2.8994068688121577, 3.0860453134913066, 3.6902547450068584, 3.9289692371338027, 0.4120025401938676, 0.13097455733347196, 1.0711600490444768, 3.7836001610330903, 1.5202090341253978, 0.10574688631480988, 2.146825517143384, 3.8539650018496427, 2.3499747850493864, 1.1876254686565448, 2.9968947639378944, 3.1624015205675713, 2.470388152165496, 2.545570802906492, 1.9812155348861005, 0.94445372656438, 1.9672944301341144, 2.328322792305473, 3.1545433640441334, 2.828474852654061, 1.7633991013291168, 0.05556453485537238, 1.1203035831891368, 1.8468898179800097, 0.6237955374790702, 3.749120637915067, 3.631586175582772, 2.740644488996335, 2.6731868120415476, 0.4029438448901814, 2.636464848193232, 1.5674830666818282, 2.5231241342988207, 1.8096888718556152, 2.5833458047488502, 3.4155132386660245, 4.347964442523967, 2.350169995892294, 1.6430797676078304, 1.1884017095150843, 1.726166550383342, 3.14582311455055, 3.5146997356958636, 4.1178036750655345, 2.5135681167575736, 1.648988236213948, 1.2166539245379324, 1.1872095518744372, 2.1779390459138903, 2.3334794080208696, 3.093718117794703, 0.43365978967686836, 1.3526428499087115, 1.7144703111186532, 2.2210467159673324, 0.7138303675483646, 3.0408034461290017, 1.9647954096908846, 3.072797591174697, 3.9297775953770753, 1.7830344528939333, 1.6051806412239928, 1.500863403196292, 2.3457337184168368, 1.762893472681951, 1.2951367018825124, 2.9253031352373156, 1.659379461907191, 0.3706266740298654, 1.4841112290823362, 3.116396316112734, 2.857175069769611, 2.6920890154384467, 1.6402803893533626, 1.7300042904436514, 3.3547609985917735, 1.517297824866072, 2.9443830672874705, 2.288608117865826, 3.7667075190229595, 1.6012838932508462, 2.8918789498126496, 1.9134114155549122, 2.8537056518075063, 2.1369489826445913, 3.8690079276834943, 1.6803030573804583, 2.2051651538246233, 2.4546865341665476, 2.5426051765969855, 2.8344248129855965, 1.1905443320035856, 2.304067400011514, 0.8247128036278064, 0.5337176438649069, 0.3121126662464162, 0.3747669596449046, 3.8329620678994116, 1.2944343119185917, 1.1198230236338096, 0.3804008423229672, 2.68000515188037, 0.5917640292610284, 2.73083024901737, 2.4154533911460203, 1.83645419976924, 0.936442254930042, 0.854247207752868, 1.7515424826682124, 2.211228078097178, 2.2048942373381166, 1.190162539378731, 1.6501480273411322, 2.5824099416980304, 2.1211231412724345, 0.6103960757355182, 1.8875442073544066, 0.6500152099098644, 0.12619208605809273, 3.2342828540168576, 2.501801318025506, 3.345534928869447, 2.3202350872971587, 2.484093122399305, 1.6955402273949622, 1.7692209323064496, 2.539906030278431, 2.890564455029107, 0.23331955177755725, 1.4680227548148974, 0.8763008498382043, 2.506801416006525, 1.364176647927233, 3.7266177082448846, 1.8044057382465373, 0.150304708604712, 1.3082210200392461, 0.9928003882694421, 1.8445143261492571, 1.2554709905242047, 2.094025668640083, 0.04171911940282236, 1.2631404180502295, 0.5961434979153302, 2.685098613734858, 2.526908576312479, 1.2384906800127833, 2.562357873249684, 0.3136969046160152, 1.5474341198299237, 2.874185065610902, 2.305457845264427, 3.143574512449428, 2.211617084030135, 3.6247190188295697, 1.0902210476675123, 2.2480836607446166, 1.792338759429918, 1.5208493836129402, 0.2973734625157407, 0.4184665524450204, 0.3693942163654005, 1.1545902113129625, 3.761353817684976, 3.2875249694697306, 2.106416321540106, 2.671521383127784, 2.1879053598136284, 0.18532035683635817, 3.172313041644136, 0.18004811472318805, 0.3708922373755845, 2.296093950658875, 4.00680018796513, 1.1630283656400475, 1.7574877233186494, 1.4289413607111818, 3.4030970143539494, 2.607253615683812, 2.383212582399142, 0.21628863315839997, 0.7390831718303941, 0.3669419855131273, 1.8404299667372939, 2.6563462747387994, 1.1954620437080266, 1.940677931344967, 3.6896009369463147, 3.2182192060094494, 2.1130794174734566, 2.9344969443833664, 2.8032308347820236, 2.683826204526996, 0.34365144930295477, 0.18162602245399517, 0.5323832497304768, 0.009308711581196949, 4.644823891821183, 1.566656110878352, 2.5184166406824833, 3.0646994056302104, 2.657398528988368, 2.1535020413165245, 2.4330977488521657, 0.9514472763122974, 0.3743989153584262, 3.247172964219714, 0.43102342692348694,