{"model": "catboost_minilm_features-extract_dependency_tree_structure", "type": "test", "seed": 41, "time_start": "2026-03-01T16:09:07.143282", "mse": 0.9615699397573705, "accuracy": 0.3893805309734513, "corr": 0.6942711528960629, "precision": [0.6666666666666666, 0.32727272727272727, 0.3269230769230769, 0.5, 0.625, 0.0], "recall": [0.11764705882352941, 0.5454545454545454, 0.6666666666666666, 0.38461538461538464, 0.20833333333333334, 0.0], "f1": [0.2, 0.4090909090909091, 0.43870967741935485, 0.43478260869565216, 0.3125, 0.0], "support": [51, 33, 51, 65, 24, 2], "confusion_matrix": [[6, 26, 19, 0, 0, 0], [1, 18, 12, 2, 0, 0], [2, 8, 34, 6, 1, 0], [0, 3, 35, 25, 2, 0], [0, 0, 4, 15, 5, 0], [0, 0, 0, 2, 0, 0]], "predictions": [1.2066501379013062, 1.2478928565979004, 2.5019450187683105, 1.161138892173767, 0.7929445505142212, 1.6072652339935303, 3.0448222160339355, 1.673426628112793, 1.215682029724121, 2.5105247497558594, 3.021469831466675, 2.3845949172973633, 3.2510011196136475, 2.08674955368042, 1.7589842081069946, 1.748487114906311, 3.7920727729797363, 0.8986024856567383, 1.541489839553833, 3.4215567111968994, 3.789879322052002, 0.12380313873291016, 3.0279347896575928, 1.793701171875, 1.4544835090637207, 2.762079954147339, 2.1805007457733154, 1.7867779731750488, 2.589473009109497, 2.466799259185791, 3.432461738586426, 1.142471194267273, 2.168872594833374, 1.1889430284500122, 3.0257270336151123, 2.464827299118042, 1.4849797487258911, 2.0891337394714355, 3.092465877532959, 0.6394566297531128, 1.4215714931488037, 2.2500052452087402, 0.9097288846969604, 2.076967239379883, 3.41276216506958, 3.103872299194336, 1.3814953565597534, 2.6433470249176025, 1.8909536600112915, 0.35628294944763184, 2.492959499359131, 2.107055902481079, 3.3299472332000732, 1.7181782722473145, 3.2743539810180664, 0.5019457340240479, 3.2157206535339355, 1.918691873550415, 3.484043836593628, 1.637334942817688, 1.8241978883743286, 2.2007009983062744, 2.5982418060302734, 2.088052988052368, 1.6277434825897217, 2.4798707962036133, 1.9016883373260498, 1.5670561790466309, 1.1336685419082642, 2.337266206741333, 1.6764228343963623, 2.467829465866089, 1.0456910133361816, 0.2031419277191162, 1.0432558059692383, 2.1379332542419434, 1.3853343725204468, 1.8803579807281494, 1.5564218759536743, 0.2859001159667969, 1.7209303379058838, 1.9380924701690674, 2.3624632358551025, 3.3191637992858887, 0.8436853885650635, 1.9600468873977661, 0.20711588859558105, 2.8615870475769043, 1.4726903438568115, 1.8251346349716187, 2.8139820098876953, 2.9820799827575684, 2.3969810009002686, 0.759956955909729, 2.3853864669799805, 0.47644495964050293, 1.4107980728149414, 1.8494322299957275, 1.1769391298294067, 1.8353135585784912, 2.4589853286743164, 0.24739313125610352, 2.4169113636016846, 2.3028345108032227, 0.6299521923065186, 2.101161241531372, 2.323897361755371, 1.340406894683838, 3.4665586948394775, 1.675545334815979, 2.5042812824249268, 1.792039155960083, 2.5662553310394287, 2.905667304992676, 1.672897219657898, 1.0871398448944092, 3.355339527130127, 2.304661750793457, 2.752338171005249, 2.640489101409912, 3.2123074531555176, 1.567184329032898, 0.20361900329589844, 2.2524361610412598, 3.04734206199646, 2.3474209308624268, 1.4934914112091064, 1.3427066802978516, 1.5154874324798584, 2.081028699874878, 2.199336051940918, 3.454596519470215, 1.5930683612823486, 1.6495283842086792, 3.449343681335449, 3.8294878005981445, 2.4258248805999756, 2.950347900390625, 1.277895450592041, 2.054164409637451, 1.1249537467956543, 1.6144850254058838, 1.9480960369110107, 1.550764799118042, 2.1573972702026367, 2.8204398155212402, 3.017096996307373, 0.5021250247955322, 3.428616762161255, 1.3914198875427246, 3.3462870121002197, 1.1786174774169922, 0.8897949457168579, 0.9713188409805298, 1.2276732921600342, 3.4925851821899414, 0.9668365716934204, 0.833558201789856, 1.9372549057006836, 2.6144657135009766, 2.852095365524292, 2.877606153488159, 2.718252658843994, 1.1549913883209229, 2.3503057956695557, 1.5857727527618408, 1.6295411586761475, 1.4100018739700317, 2.2842085361480713, 2.0571722984313965, 2.0805513858795166, 1.718628168106079, 1.8432869911193848, 1.4690697193145752, 2.151028633117676, 2.6015660762786865, 1.55226731300354, 0.8888118267059326, 0.5871353149414062, 3.0860824584960938, 1.7834223508834839, 1.7712593078613281, 1.1713579893112183, 2.072589635848999, 3.6787099838256836, 1.7713329792022705, 2.1641414165496826, 0.6612002849578857, 3.9153523445129395, 1.6268962621688843, 1.9622503519058228, 0.8114056587219238, 1.9984455108642578, 2.468750238418579, 1.661595344543457, 2.3531315326690674, 1.9057605266571045, 0.53001868724823, 2.3621041774749756, 0.9238648414611816, 1.6580569744110107, 1.7023351192474365, 2.0681705474853516, 2.1356277465820312, 1.3655345439910889, 1.4435741901397705, 3.6733033657073975, 2.036461591720581, 3.686307668685913, 1.9543719291687012, 1.4465709924697876, 1.6173328161239624, 1.3523046970367432, 1.6968166828155518, 1.9610198736190796, 1.3235459327697754, 2.5812740325927734, 2.466785430908203, 0.04957294464111328, 1.989102840423584, 1.3119175434112549, 3.918417453765869, 2.001013994216919, 2.5112006664276123, 2.016801357269287, 3.378155469894409], "params": {"iterations": 1510, "learning_rate": 0.014286, "depth": 3, "l2_leaf_reg": 3.4047e-06, "bagging_temperature": 2.5656, "random_strength": 4.1266, "border_count": 207}, "time_end": "2026-03-01T16:09:07.235116"}