{"model": "catboost_minilm_features-extract_stopwords", "type": "train", "seed": 42, "train_losses": [], "val_losses": [], "time_start": "2026-03-01T15:38:21.662147", "mse": 0.11155555462570621, "accuracy": 0.8634020618556701, "corr": 0.9816280133712229, "precision": [0.9896907216494846, 0.8129496402877698, 0.6981132075471698, 0.823943661971831, 0.9478260869565217, 1.0], "recall": [0.8135593220338984, 0.875968992248062, 0.925, 0.7748344370860927, 0.8449612403100775, 0.9612403100775194], "f1": [0.8930232558139535, 0.8432835820895522, 0.7956989247311828, 0.7986348122866894, 0.8934426229508197, 0.9802371541501976], "support": [118, 129, 120, 151, 129, 129], "confusion_matrix": [[96, 22, 0, 0, 0, 0], [1, 113, 15, 0, 0, 0], [0, 4, 111, 5, 0, 0], [0, 0, 33, 117, 1, 0], [0, 0, 0, 20, 109, 0], [0, 0, 0, 0, 5, 124]], "predictions": [2.671165068435358, 1.3072889368273601, 0.23147291538499326, 3.945481416558381, 1.4349658232084015, 3.6367796178730085, 2.5100613144534925, 2.734519346223417, 2.4121088396496533, 2.867739355220607, 1.8838526331115188, 3.8099720447588177, 3.039423358967693, 2.942689620793773, 1.6021689188338875, 0.47033145711017, 1.7159081311437225, 2.8812062827663687, 2.849918070027394, 1.7977174826785234, 1.3687451175328413, 0.5784687864868912, 0.7626589632788374, 1.7155414092038876, 0.9880560469792448, 2.8154011126345297, 0.23762210697138286, 2.7100385303415386, 1.0738885230039945, 2.50903291270188, 1.7806691131548096, 2.236948723292948, 1.2780934726009645, 2.9322871376000537, 1.0729896276169224, 1.8359682550086573, -0.03763658230097411, 0.3277349532950269, 0.18220948532632653, 1.7271094678525887, 3.8035813548424198, 2.4896935103381455, 1.1176885883801742, 1.609814038215747, 0.47702917696031566, 2.0988868062630406, 2.5052255954208364, 3.839454779280909, 0.15232599247772605, 0.14954855217165886, 1.04122223402764, 0.36683373557119925, 2.5323051206279295, 1.3407892286372154, 3.1077392516323705, 3.970406274883659, 1.9830264154210797, 2.399817496810924, 2.79321074132245, 4.125239643184393, 2.7671574820194578, 0.22274756656606964, 3.0944783721179867, 0.3044011618204139, 2.6355590546219783, 2.1483359009650127, 2.017205572480987, 1.2277052307700744, 1.9028764292243527, 2.981278568286977, 1.759080146684689, 0.07403761653684571, 0.23147222182647953, 2.7999947447070483, 0.22523237857254053, 0.16726794341735074, 0.19454092453466476, 2.11774577029862, 3.755192967352656, 3.7143980707674142, 1.8496104990606523, 1.8248991461550055, 2.6349674450739795, 2.230511632817955, 3.8891095519164756, 0.9116275479753213, 0.24776243401816123, 2.9028888603308296, 3.1120707184322285, 0.13438071692620168, 2.2512744324602445, 2.642349233540519, 3.459431367673015, 1.5783918267076347, 3.565513595297074, 2.1627455218869214, 1.369896616325573, 0.5497827491702656, 2.8652067567111117, 1.0895648248214775, 2.547754428151391, 1.1845384163017556, 1.2032211980231777, -0.010680739410104945, 1.9594580117758844, 0.5173843411535883, 3.2144576331237587, 0.3585775622852614, 0.24668236505934615, 2.29149703027937, 0.5517544445221223, 4.384301698878802, 1.2716511575530467, 0.13943293014444658, 0.03595642833685497, 2.463192563694114, 0.31769196745482287, 3.1642117349659875, 2.714435612019808, 0.46923961045230866, 0.19921269444808143, 4.380773480326307, 0.21073608731262095, 1.5231946093059354, 2.310141805731523, 1.982332961722038, 2.4246802381745964, 0.37337599894276297, 2.0140803281331077, 1.634862335373326, 0.6317048885220002, 2.271345007569561, 3.786572121506218, 1.7370346244202575, 0.0317802290753435, 2.27325858045619, 1.705883318287626, 0.4139964968513441, -0.168277553083656, 0.77805094893334, 2.481663674919778, 3.7122249494498827, 2.044844817601111, 1.2839866715161936, 0.4464733349092387, 2.557943304231876, 0.16296597772413435, 2.5283153508263805, 2.2840981908909637, 2.8909839838103064, 2.8336039959392414, 3.0960160062437425, 3.6532777899408453, 3.788601063096486, 0.3087805973097706, 0.09481964252308073, 1.0716412058634728, 3.696878944013191, 1.5782963734724134, 0.1377470628929478, 2.2062505458357045, 3.837989846968761, 2.267178784126571, 1.176267416413833, 3.079094670103993, 3.1276086884803904, 2.5269211786737427, 2.558283729398415, 1.923847540338461, 1.0697028953934837, 1.90190351267369, 2.398399779466106, 3.1508042119264994, 2.8231772518161087, 1.8341813107683422, 0.0432278760571303, 1.191287752895309, 1.8911802047928177, 0.6711193983544237, 3.6469942325713616, 3.7457667455217947, 2.6620711368312655, 2.6103279827517105, 0.41055645804474095, 2.771286415495057, 1.6143802663140998, 2.5148010419880498, 1.8496748532997933, 2.5515700030280084, 3.42436750328846, 4.429360561601081, 2.4456497977038847, 1.7685277505054922, 1.1491863219540797, 1.723980826621019, 3.0071553536795355, 3.483292019042256, 4.047979595323067, 2.5822929644370016, 1.6377748411641941, 1.3778822145074547, 1.1688716942402195, 2.250646429569099, 2.36208718408298, 3.2113941440253533, 0.3160536268903398, 1.3486300222812295, 1.7244820485436145, 2.1855881618069484, 0.7098416387468247, 3.0742274962309346, 1.9401228664836134, 3.082865524093685, 3.8693317901292925, 1.7987421179934437, 1.5832679894796646, 1.6044075253433594, 2.406320760691095, 1.724866805655017, 1.3235675297589118, 2.86277357911454, 1.649499672505807, 0.40192904175383326, 1.5480862598726048, 3.057425662239261, 2.869858751546356, 2.793974331421344, 1.6485719981501763, 1.9035866963757166, 3.3774407405081686, 1.5302228276759393, 3.037138375570337, 2.3217748366621622, 3.8258575885635784, 1.6301794481790415, 2.9115339718389017, 1.9922715212290552, 2.8818292723989196, 2.2953596129007554, 3.823506469512138, 1.609638630956868, 2.2699440316136195, 2.3303809066402605, 2.5626953358237414, 2.786971657354133, 1.1443797210760784, 2.349402542274982, 0.9187652166839835, 0.5173185010479997, 0.2907931725630295, 0.23815747240104335, 3.774270146783743, 1.2490366039716612, 0.987718025836932, 0.45982450822921805, 2.654968947658691, 0.662022795504795, 2.7235514577562245, 2.4285884043374066, 1.8475981195645703, 0.9424782940270775, 0.7878656812307367, 1.7711894762924922, 2.152305571502829, 2.2446845705159766, 1.1081967332978777, 1.704965473179741, 2.518808251984205, 2.1223908235944458, 0.5207081553774495, 1.836628361545707, 0.6200925565842224, 0.13542062547963774, 3.2187823589526845, 2.576163372598258, 3.4025336067319483, 2.266710730755059, 2.5791819023156783, 1.7985179789776868, 1.6857392956043624, 2.717674218661792, 2.9600843793461262, 0.24041344421858968, 1.4725651997386553, 0.9156268678223287, 2.46123946068481, 1.3002243904018664, 3.8059238778563427, 1.7666416473698079, 0.0688976041900875, 1.2888866003380386, 0.8008857338933753, 1.8340733139061185, 1.2188117904759777, 2.159493715123028, 0.08034038013889333, 1.2498513553452744, 0.5526424044160947, 2.746346122058716, 2.457050440390572, 1.2626415439614262, 2.6223299823749078, 0.31319752401644285, 1.5859270071796727, 2.8406752622591513, 2.3073706831908196, 3.0696368235815457, 2.210975715397162, 3.596449809437574, 1.0768070065121218, 2.2519895452499163, 1.7792862070882918, 1.5108901131202535, 0.45135534635010277, 0.3685564702962161, 0.3968839416465255, 1.1563317364921946, 3.782773875786746, 3.3374329562352387, 2.050079014657799, 2.5972176636893023, 1.9997679019431516, 0.28441979930776107, 3.1584304124593934, 0.19476772899396932, 0.4416890287852815, 2.3811940364331, 3.9079733866211503, 1.2051348577352157, 1.7119655882880367, 1.4096719918792897, 3.460105798409421, 2.6045570474363426, 2.377440283855687, 0.1678285440898728, 0.7740198900567143, 0.2734108711596157, 1.9497700359552477, 2.6168591768421967, 1.1701548703686129, 1.9708785023690938, 3.644847114144772, 3.244993134346325, 2.1097846273348413, 2.9556789822422846, 2.7993686946034804, 2.677869041241751, 0.32036156334923627, 0.23295339695244488, 0.6199335320419965, 0.09922968195182325, 4.622473593119702, 1.5610867516531464, 2.5210977309766225, 3.0358762425586376, 2.6987497567251766, 2.1020079450780305, 2.478313487120252, 0.927193999808805, 0.3851280508488495, 3.2658565441166836, 