{"model": "catboost_minilm_features-extract_casing_bigrams", "type": "train", "seed": 42, "train_losses": [], "val_losses": [], "time_start": "2026-03-01T15:58:22.198622", "mse": 0.1132053969155765, "accuracy": 0.8724226804123711, "corr": 0.9813178824060639, "precision": [0.99, 0.8321167883211679, 0.7018633540372671, 0.8467153284671532, 0.9487179487179487, 1.0], "recall": [0.8389830508474576, 0.8837209302325582, 0.9416666666666667, 0.7682119205298014, 0.8604651162790697, 0.9612403100775194], "f1": [0.908256880733945, 0.8571428571428571, 0.8042704626334519, 0.8055555555555556, 0.9024390243902439, 0.9802371541501976], "support": [118, 129, 120, 151, 129, 129], "confusion_matrix": [[99, 19, 0, 0, 0, 0], [1, 114, 14, 0, 0, 0], [0, 4, 113, 3, 0, 0], [0, 0, 34, 116, 1, 0], [0, 0, 0, 18, 111, 0], [0, 0, 0, 0, 5, 124]], "predictions": [2.6734887144426596, 1.3109739077860951, 0.20081247432259897, 4.02381300537831, 1.4674602762093363, 3.6990892940151685, 2.475779157785141, 2.727657182763679, 2.4040643227731167, 2.9651657725112743, 1.8929286661790692, 3.833017100841494, 2.959008182660418, 3.071455863767983, 1.5831944077736935, 0.414313134331175, 1.7337359937160843, 2.9177572306369743, 2.97262200205446, 1.7439819493802773, 1.4549613396113577, 0.6521138183260677, 0.8160983123748855, 1.7156351287842564, 1.0406684128634207, 2.7995364759571144, 0.18790417489208266, 2.6989897059202144, 1.0217439933824077, 2.58169325719558, 1.7123662415464214, 2.2751564519950698, 1.3771150734659954, 2.919087078587106, 1.101177039538306, 1.7834165573066922, 0.1110959698054228, 0.46908992614024214, 0.20551223663636353, 1.7512641098143913, 3.873301235270384, 2.4806014209682514, 1.1288983983928809, 1.6388212082913585, 0.539158082275645, 2.09439282300888, 2.5564612934820143, 3.890484349672205, 0.21694192522293543, 0.12708601781328976, 1.02809971330145, 0.389399381981161, 2.5174621791151233, 1.3727878354226353, 3.062586679224701, 3.9971889341381632, 2.078972313819359, 2.311046619918005, 2.768833688774298, 4.165373345851727, 2.6682964686063766, 0.2762832159939297, 3.1269878387180934, 0.318724750824809, 2.5826457123436364, 2.203365088351929, 1.9520752098320941, 1.1878338685086605, 1.9325280073161406, 2.8842242291527893, 1.645243692062196, 0.0957389095946346, 0.3230702589589778, 2.7772947211368955, 0.3582298804264834, 0.19129512529092718, 0.1944084161855093, 2.0933212438311752, 3.7817049385367687, 3.709655128476177, 1.7549263644166462, 1.757600717028657, 2.668256164212662, 2.1353272018080633, 3.9071907471516445, 0.9492731256572582, 0.34619758848016735, 2.8484108625068374, 3.1667858709797376, 0.15167599302104895, 2.24571959721162, 2.7003979454563156, 3.4876669026772986, 1.5533868196616716, 3.5428145650126233, 2.2085155979034345, 1.421461752193647, 0.49698778441069447, 3.008412571484781, 1.0988489445815859, 2.5343473518832567, 1.1405900497432309, 1.2569564037371581, -0.03676350605108336, 1.896686003998136, 0.4372504929891088, 3.179391604513055, 0.3596415808378528, 0.1520923102469096, 2.27184510258388, 0.5244967706101757, 4.418764352385903, 1.3572502607855557, 0.17085183937253223, 0.049545310540533016, 2.4859156793680715, 0.3387761527435349, 3.0546749157343305, 2.681222629887596, 0.43827402233486934, 0.14913915983399617, 4.3601840112506425, 0.26573511323566246, 1.543610799624397, 2.2654019181455727, 2.0529345587900636, 2.466165195239535, 0.3253818417959713, 2.015160932754236, 1.6586523833160736, 0.6118913951115044, 2.361156028058412, 3.788362800973795, 1.6865228816671611, 0.06858229468207488, 2.2617071118940717, 1.6568508287975607, 0.3265370868611326, -0.08157921073018226, 0.7737758187087675, 2.3331447514999626, 3.5829901650780487, 2.101383229764319, 1.1768329346050017, 0.40583201853226347, 2.6235890479944666, 0.12624352168286945, 2.509915007075721, 2.316780203548303, 2.847504493880181, 2.8861423724840964, 3.1257768204842526, 3.6073145148707777, 3.9277569708451168, 0.31715186824267905, 0.13696760491003523, 0.8966829988672969, 3.7598360237765904, 1.543263929830339, 0.19027682062582985, 2.1578673063096137, 3.9068271027838266, 2.2968424870318143, 1.1713007478914133, 3.041709178535762, 3.1500513038025644, 2.466764912560987, 2.5036578625704093, 1.829572861184504, 0.9831821335171973, 2.0064784235539785, 2.3549094519692733, 2.9521393648332763, 2.7934690828185955, 1.7825852182128128, 0.11900874452625043, 1.132777434123783, 1.8113908684118827, 0.686054153799543, 3.663617445400928, 3.6439519962113613, 2.6925604473927987, 2.626503365335732, 0.4519407517408296, 2.743107935940772, 1.5985594043716396, 2.5729378558907827, 1.7994160820845952, 2.5067579689526447, 3.339659120715992, 4.402845905954631, 2.3028581907456434, 1.727138653147131, 1.1674155504766879, 1.828569239291845, 3.129969581629525, 3.515288812537714, 4.136639320820526, 2.5693428761536357, 1.7181780872327346, 1.2911077976908956, 1.161456217370496, 2.2596324285734513, 2.4482981673756843, 3.218371590235791, 0.3972943830186897, 1.4768988711672713, 1.6970965205726598, 2.1526320852878404, 0.6762750667010933, 3.224556818228708, 1.9291949566313893, 2.9756388786683288, 3.839083628287862, 1.8311223531172032, 1.6214110062743265, 1.5089428240904335, 2.415868134645243, 1.7020635293789306, 1.3479789532850988, 2.8958402191536345, 1.6106191300157096, 0.38692273383888764, 1.5133719129666217, 3.0842228652351826, 2.869389879476999, 2.7846315213965727, 1.5574984633587394, 1.8339950401595186, 3.2887748529433405, 1.4782013310623494, 3.0014845809647337, 2.409149331045037, 3.787200464501148, 1.553191326664524, 2.9532312463062054, 2.0508431339273057, 2.8021546911918693, 2.327910170421163, 3.8906517935832006, 1.633073654191416, 2.2734596634929054, 2.469406763756951, 2.5672116539078846, 2.8659626646358114, 1.1603035970025655, 2.361976701925035, 0.8824830881396246, 0.47139131093413233, 0.3319499579377023, 0.2752045121951965, 3.8691061373108804, 1.295720046091438, 0.9307262555439733, 0.42700664991416826, 2.6370871593853953, 0.6585119816525622, 2.8099657657018464, 2.4908541175463474, 1.9208518278175368, 0.9572688058979271, 0.8392249929031994, 1.736205302803543, 2.099018293397325, 2.280057879456316, 1.1302546465678478, 1.706253106311574, 2.5526861224950204, 2.0987858512649153, 0.5098648627829419, 1.9155039441931918, 0.5371563213736408, 0.17849879535560254, 3.3194107100683192, 2.570833975873857, 3.436552940473738, 2.222256490660356, 2.5835871735754186, 1.7302922450170164, 1.738479720117167, 2.661645474236668, 2.9556710545763485, 0.30711888852289215, 1.455575219428398, 0.9384215136423557, 2.502954340546684, 1.2941849705722446, 3.8049245406333223, 1.7327301543930007, 0.06606216246883223, 1.2436251984134081, 0.8653258548416534, 1.8077858418766826, 1.268312658936118, 2.076525560117398, 0.06700490080828292, 1.2966621143843218, 0.6394031481674591, 2.7199468466422103, 2.5057497493208354, 1.2865012638679236, 2.5859192224835192, 0.368024875083115, 1.6611481457617856, 2.8076120647565133, 2.2933866115050665, 3.073268474099518, 2.2969975857800895, 3.624689130442005, 1.13162496986266, 2.2061962600981686, 1.7939128390914787, 1.5288702002158558, 0.34492058011795645, 0.4547600094637958, 0.35025654068402634, 1.1737745837405862, 3.762190340502139, 3.3691643230273733, 2.0863257262165904, 2.671732724965053, 2.074234092671789, 0.23408507498188103, 3.1666639282556437, 0.12443729171492768, 0.418831767065726, 2.4173378250064235, 3.8628334448671335, 1.097179703235645, 1.7823749217151326, 1.3496010592309615, 3.4821066447617355, 2.6823205719593046, 2.315285654650723, 0.14058317635427242, 0.7707450411587471, 0.26469538899759737, 1.9040273697158132, 2.6961211954285456, 1.0993148003908473, 1.9474224140855965, 3.625620639336897, 3.1968421039573416, 2.1912746648777808, 3.0325339105600175, 2.7378442845124673, 2.7101737560907786, 0.43611274574003955, 0.1913154225100131, 0.5972382360083481, 0.18401681400982683, 4.669088001399212, 1.5018626071286842, 2.4542915975629955, 3.1444267163818904, 2.7197920574942787, 2.0723840008276984, 2.4677675420055483, 0.9312927769688817, 0.3722023579802225, 3.3458491751924764, 