{"model": "catboost_minilm_features-extract_articles", "type": "test", "seed": 42, "time_start": "2026-03-01T15:43:29.826321", "mse": 0.9601267521413909, "accuracy": 0.38495575221238937, "corr": 0.6933237608580065, "precision": [0.6666666666666666, 0.2909090909090909, 0.32, 0.5111111111111111, 0.5714285714285714, 0.0], "recall": [0.1568627450980392, 0.48484848484848486, 0.6274509803921569, 0.35384615384615387, 0.3333333333333333, 0.0], "f1": [0.25396825396825395, 0.36363636363636365, 0.423841059602649, 0.41818181818181815, 0.42105263157894735, 0.0], "support": [51, 33, 51, 65, 24, 2], "confusion_matrix": [[8, 26, 17, 0, 0, 0], [2, 16, 13, 2, 0, 0], [2, 9, 32, 7, 1, 0], [0, 4, 34, 23, 4, 0], [0, 0, 4, 12, 8, 0], [0, 0, 0, 1, 1, 0]], "predictions": [1.168369174003601, 1.3029345273971558, 2.6640195846557617, 1.1712442636489868, 1.0242074728012085, 1.4814108610153198, 3.168224573135376, 1.8969123363494873, 1.3001734018325806, 2.581125020980835, 3.0895020961761475, 2.1754915714263916, 3.3201241493225098, 1.8909108638763428, 1.4599212408065796, 1.594022274017334, 3.9184675216674805, 1.2000892162322998, 1.5159528255462646, 3.662339210510254, 3.9189705848693848, 0.07824826240539551, 3.0560967922210693, 1.7883274555206299, 1.5724929571151733, 2.8687856197357178, 2.3598153591156006, 1.985008716583252, 2.483978033065796, 2.3007004261016846, 3.504734516143799, 1.1904269456863403, 1.9577831029891968, 1.006514549255371, 3.0113413333892822, 2.4422030448913574, 1.444663405418396, 2.1023786067962646, 2.9705536365509033, 0.8197283744812012, 1.3857334852218628, 2.385031223297119, 0.8826638460159302, 2.3052785396575928, 3.558259963989258, 3.2598061561584473, 1.3496443033218384, 2.6329095363616943, 1.7696561813354492, 0.39365649223327637, 2.5124149322509766, 2.180246114730835, 3.4083476066589355, 1.5114084482192993, 3.212090492248535, 0.3968803882598877, 3.067415714263916, 1.8915722370147705, 3.6764791011810303, 1.6707849502563477, 1.6948952674865723, 1.8755700588226318, 2.7601137161254883, 2.2019758224487305, 1.515342116355896, 2.4366564750671387, 1.7905454635620117, 1.8157223463058472, 1.1121786832809448, 2.312371253967285, 1.734896183013916, 2.65104341506958, 1.2108553647994995, 0.3637502193450928, 1.023980736732483, 2.1234302520751953, 1.3566136360168457, 1.8357354402542114, 1.4971086978912354, 0.0496523380279541, 1.798567295074463, 1.9281210899353027, 2.314387083053589, 3.3420255184173584, 0.8103156089782715, 1.9641835689544678, 0.30312514305114746, 2.66353178024292, 1.5410428047180176, 1.708284616470337, 2.830471992492676, 2.9857265949249268, 2.463979959487915, 0.933580756187439, 2.1437079906463623, 0.5085785388946533, 1.4961097240447998, 1.9243810176849365, 1.1105554103851318, 1.763271450996399, 2.3735084533691406, 0.21319341659545898, 2.594731330871582, 2.2454683780670166, 0.48504114151000977, 1.9102306365966797, 2.2251951694488525, 1.2731579542160034, 3.4731194972991943, 1.476478934288025, 2.5835177898406982, 1.7325317859649658, 2.5177464485168457, 3.002500295639038, 1.7678126096725464, 0.8859356641769409, 3.16512393951416, 2.4337377548217773, 2.6754043102264404, 2.5864744186401367, 3.2749381065368652, 1.5545532703399658, 0.21140313148498535, 2.0655219554901123, 2.992341995239258, 2.4158883094787598, 1.545640468597412, 1.2400504350662231, 1.4879690408706665, 2.1552655696868896, 2.1053004264831543, 3.604937791824341, 1.6800850629806519, 1.6645030975341797, 3.296963691711426, 3.8807623386383057, 2.177154064178467, 2.9353063106536865, 1.1012026071548462, 2.101470470428467, 1.2681015729904175, 1.511902093887329, 1.9692046642303467, 1.6049778461456299, 2.1021649837493896, 2.837453842163086, 3.1409428119659424, 0.32290196418762207, 3.6540732383728027, 1.3403265476226807, 3.3374013900756836, 1.1903162002563477, 1.0477758646011353, 0.8469492197036743, 1.1192090511322021, 3.360159397125244, 1.23569655418396, 0.7102631330490112, 1.7562737464904785, 2.479738235473633, 2.904585838317871, 3.1427254676818848, 2.762575149536133, 1.0164854526519775, 2.30271315574646, 1.3625011444091797, 1.5822532176971436, 1.1284712553024292, 2.3109841346740723, 2.0666921138763428, 2.034838914871216, 1.8933045864105225, 2.045279026031494, 1.502432942390442, 2.115626335144043, 2.6385159492492676, 1.4347050189971924, 0.9506182670593262, 0.9686410427093506, 3.4332809448242188, 1.7875516414642334, 1.7347590923309326, 1.0866261720657349, 2.3357813358306885, 3.751526355743408, 2.1202645301818848, 2.1223323345184326, 0.7033997774124146, 4.045240879058838, 1.6516287326812744, 2.003908157348633, 0.6948161125183105, 1.9448994398117065, 2.3522744178771973, 1.6713167428970337, 2.319524049758911, 1.8590681552886963, 0.4262676239013672, 2.208296537399292, 0.9210162162780762, 1.702989935874939, 1.7108628749847412, 2.0009093284606934, 2.2372384071350098, 1.1659833192825317, 1.4285346269607544, 3.6069865226745605, 1.8459796905517578, 3.837307929992676, 1.9244188070297241, 1.1780726909637451, 1.3168606758117676, 1.5367786884307861, 1.6830239295959473, 1.8505055904388428, 1.1847014427185059, 2.607647657394409, 2.6759512424468994, -0.021124601364135742, 1.75620436668396, 1.3794939517974854, 3.7942161560058594, 1.9283093214035034, 2.3807597160339355, 2.011066198348999, 3.3353705406188965], "params": {"iterations": 1510, "learning_rate": 0.014286, "depth": 3, "l2_leaf_reg": 3.4047e-06, "bagging_temperature": 2.5656, "random_strength": 4.1266, "border_count": 207}, "time_end": "2026-03-01T15:43:29.912203"}