{"model": "catboost_minilm_features-extract_supersense", "type": "train", "seed": 40, "train_losses": [], "val_losses": [], "time_start": "2026-03-01T16:25:58.214158", "mse": 0.11803542432355019, "accuracy": 0.8530927835051546, "corr": 0.9806659204552796, "precision": [0.9896907216494846, 0.8129496402877698, 0.6666666666666666, 0.8134328358208955, 0.9401709401709402, 1.0], "recall": [0.8135593220338984, 0.875968992248062, 0.9166666666666666, 0.7218543046357616, 0.8527131782945736, 0.9612403100775194], "f1": [0.8930232558139535, 0.8432835820895522, 0.7719298245614035, 0.7649122807017544, 0.8943089430894309, 0.9802371541501976], "support": [118, 129, 120, 151, 129, 129], "confusion_matrix": [[96, 22, 0, 0, 0, 0], [1, 113, 15, 0, 0, 0], [0, 4, 110, 6, 0, 0], [0, 0, 40, 109, 2, 0], [0, 0, 0, 19, 110, 0], [0, 0, 0, 0, 5, 124]], "predictions": [2.8904740071532444, 1.2117443666403824, 0.1664961735206405, 3.8198493498291297, 1.424082972532084, 3.6428496567503563, 2.457108550895162, 2.7368471301900708, 2.492791957386864, 2.8490124726598247, 1.8030411577985683, 3.9664248531633994, 3.0504624633392963, 3.0950245420133404, 1.759701368890587, 0.3078250826234741, 1.8265372793867383, 2.858050096258436, 2.8144543782340974, 1.769475162777771, 1.369859961166991, 0.5657889081408431, 0.6988460874860072, 1.7447418822444394, 1.0259799905246823, 2.817832673951319, 0.1560331176887546, 2.75996654553887, 1.1054640239277622, 2.584830894893083, 1.6945645134938638, 2.1693358125935793, 1.4187589900929551, 3.040102417186219, 0.9785047040620536, 1.7702593948473981, 0.04242648483723199, 0.5724107218823036, 0.19726765124552514, 1.708977375329254, 3.7229633937590707, 2.6406440664533286, 1.1973485572676499, 1.708439758103792, 0.5602164430004422, 2.329253495939157, 2.606350084117802, 3.8051453437661715, 0.2657224367683968, 0.2280549109973502, 1.0851029372982872, 0.4483248487889382, 2.4663855846284455, 1.4005130670277688, 2.91425708976153, 3.853989441957812, 1.9990598590504145, 2.176539757064374, 2.6245623681500447, 4.113004436282336, 2.598798471845984, 0.26562785970746194, 3.015680690338203, 0.4105548411536355, 2.5366102733170215, 2.2495406384919194, 1.9034472991909772, 1.347291456367113, 1.8223928343271631, 2.9836461024109804, 1.730668848087641, -0.004658340638903358, 0.3978567202973422, 2.6754646793575585, 0.3225695519166045, 0.12897658325310246, 0.2967280648212651, 2.163799292564222, 3.8509849952422686, 3.758601064665202, 2.0348896257321263, 1.599209318097519, 2.6105707658384567, 2.2627505156631504, 3.8560759535938076, 0.9276695752695288, 0.20771372677023248, 2.9576424552358342, 3.073369840544149, 0.14740346743302934, 2.1794589304837526, 2.609864391054962, 3.3098754393006287, 1.6023753614722054, 3.478011538543122, 2.1281713148835637, 1.4463725573095747, 0.5890067822807719, 2.7758756169255276, 1.2067925179868761, 2.5404404543529004, 1.2549165653049386, 1.2651707004022097, -0.01217195764607526, 1.8947135249322145, 0.46892220020188446, 3.2066052277789363, 0.30541329847031573, 0.31684331849471015, 2.3093498104512222, 0.6163659606636729, 4.5420441967388925, 1.2408927092929443, 0.06496499693255497, 0.029455587908082226, 2.3223062611881566, 0.2557780121148707, 3.1458405955752693, 2.6324538996420497, 0.45425279691810827, 0.2143822550296819, 4.376968389737738, 0.2365080083950004, 1.6222618993275035, 2.1044693077379097, 2.154551231871817, 2.5030054212643393, 0.27294624169540427, 1.9540557502389742, 1.6498093816152584, 0.6312013375144092, 2.5259893279397367, 3.8664469950774514, 1.8060158558188983, 0.10357882474250024, 2.3098057153488285, 1.7868521612439476, 0.48179374673522757, -0.10237184651209974, 0.818376744416955, 2.388228802561958, 3.696189541406703, 1.9949792042611787, 1.1834061780909098, 0.4683925650740637, 2.388606892789979, 0.11956941675390587, 2.4865594400265145, 2.2824597320941913, 2.6334357915548794, 2.9017754075640303, 3.0689039951719512, 3.400162467402105, 3.850379985912702, 0.20546069559432656, 0.11484007522002582, 1.0446239749000803, 3.5556071285356166, 1.5840424997045606, 0.2116054084677379, 2.0813628386485, 3.757650950753053, 2.3560989015529614, 1.1646753145400777, 3.1411138402689556, 3.0116468727864794, 2.5811643201273946, 2.389807117612671, 2.0316868818120315, 0.949378515623335, 1.9680215472377234, 2.325757090067342, 2.9261512242631498, 2.7019636450052906, 1.7848003023781485, 0.08709951659644988, 1.1604550606093667, 1.8991529808725325, 0.6869627490642825, 3.702519194719738, 3.7825124343005996, 2.6525694173256977, 2.7396505018521027, 0.40645377920875747, 2.763050204962324, 1.6596882408980718, 2.493979553982572, 1.803619762910654, 2.4683490365006397, 3.3637901650970554, 4.28789801673577, 2.530246799967644, 1.7910058877081267, 1.1090680851981385, 1.600097623233859, 2.9873338631692077, 3.605992636313294, 3.9328385522805616, 2.6261167102005385, 1.6387404470709457, 1.4637294463373245, 1.194149075396672, 2.2531481288043027, 2.3674651062896093, 3.2831855461688755, 0.39283237521826564, 1.3604251988169604, 1.7425726214532777, 2.2569396170364695, 0.7959093310121466, 2.9586291428379874, 2.076292481922308, 3.233868624413531, 3.758413187099284, 1.7579448832207398, 1.6026575666964238, 1.2167271062419343, 2.239241883350951, 1.7631444379180956, 1.2597687867300635, 3.134840156877324, 1.6895283974173059, 0.45941771227195183, 1.575074640941806, 2.8963471324049093, 2.801415482007964, 2.6898471776036077, 1.5920391553349242, 1.874003413172221, 3.3458919130905294, 1.531961921567905, 3.064127041613735, 2.2671268835878142, 3.727732940651722, 1.7051124223133916, 2.952591781295563, 2.109472583289291, 2.8034252789574916, 2.2619491124332995, 3.788399928064904, 1.6524751601937169, 2.2058046649485608, 2.428056144233438, 2.482455218482391, 2.579710128900123, 1.2409402988667688, 2.2281638002012274, 0.9365543680082062, 0.5113592082663558, 0.2155247597363208, 0.37559153759427266, 3.7658720255798768, 1.2985173219284751, 1.1019292826134848, 0.449544784643229, 2.6345786807715306, 0.5441926003419841, 2.787973390111109, 2.4475058147695434, 1.9364121779362504, 0.9359290569739689, 0.7680192359712854, 1.816802550208289, 2.1474708769171222, 2.2561066269579797, 1.2038104648247232, 1.7567719707585512, 2.455690865719474, 1.9316450820118538, 0.493892830192864, 1.7820548481329443, 0.6737342652166451, 0.15623590825474043, 3.347222819189661, 2.5532377241922206, 3.339275268991721, 2.2374761213758547, 2.5466112898787236, 1.718305861122411, 1.6982174132717407, 2.775345250226441, 2.908216192055357, 0.37752018430215495, 1.3522657694299125, 1.0682678942284012, 2.476879970423563, 1.3666800774776224, 3.586899307905023, 1.794342156537161, 0.1335515957177269, 1.3979716286256831, 1.0495311754616519, 1.8255685691307444, 1.325826821262964, 2.083587042133753, 0.093029528637119, 1.3854020437730385, 0.5604029376276776, 2.7599277001850435, 2.4684913788482663, 1.3893075749260824, 2.7689235456924077, 0.36249223884453263, 1.4677783544410996, 2.8096436911351876, 2.219390361423084, 2.8819299293032947, 2.2694213602304547, 3.519275863046802, 1.1470633134715371, 2.219830970813431, 1.7286251307439766, 1.5828382003937964, 0.46009579722043137, 0.43395159027633046, 0.48628816350416004, 0.8819967234372574, 3.5792618536407645, 3.281740598401659, 1.898901157300548, 2.748091236275412, 2.2821641235185495, 0.12268819402619613, 3.0810116860047794, 0.2070859300312642, 0.3718233572826528, 2.574589982901814, 3.923921202657674, 1.1536265424800196, 1.6635841060524181, 1.5573240498560412, 3.3575898605354464, 2.6529027703866515, 2.3553969899744174, 0.16320712978612395, 0.815155946854923, 0.3385427423713785, 1.9489572398444532, 2.6886422848136915, 1.222759236393576, 1.867361602481831, 3.4653148218400913, 3.3479521157207577, 1.9433790811242067, 3.061153137515431, 2.7761395437083283, 2.6771166709417344, 0.3586624752028622, 0.20015576020577974, 0.4472148489142742, 0.10689582973730127, 4.6193387411627445, 1.5442138775729632, 2.461964792530787, 3.0040484392693547, 2.5110556248528115, 2.258855165400351, 2.3958988040998928, 0.7847314514750847, 0.4766620276893554, 