{"model": "catboost_minilm_features-extract_lexical_density", "type": "test", "seed": 41, "time_start": "2026-03-01T15:26:35.225866", "mse": 0.9613070771362366, "accuracy": 0.39823008849557523, "corr": 0.6945089037249157, "precision": [0.7272727272727273, 0.3333333333333333, 0.34, 0.4791666666666667, 0.5384615384615384, 0.0], "recall": [0.1568627450980392, 0.5454545454545454, 0.6666666666666666, 0.35384615384615387, 0.2916666666666667, 0.0], "f1": [0.25806451612903225, 0.41379310344827586, 0.4503311258278146, 0.40707964601769914, 0.3783783783783784, 0.0], "support": [51, 33, 51, 65, 24, 2], "confusion_matrix": [[8, 24, 18, 1, 0, 0], [1, 18, 12, 2, 0, 0], [2, 7, 34, 7, 1, 0], [0, 5, 33, 23, 4, 0], [0, 0, 3, 14, 7, 0], [0, 0, 0, 1, 1, 0]], "predictions": [1.3790959119796753, 1.2169573307037354, 2.731550693511963, 1.2203922271728516, 1.022466778755188, 1.6410765647888184, 3.0865674018859863, 1.780534029006958, 1.4371057748794556, 2.418915033340454, 3.028092861175537, 2.334118604660034, 3.4238109588623047, 1.9208917617797852, 1.7712373733520508, 1.7741748094558716, 3.7627458572387695, 1.0777201652526855, 1.58416748046875, 3.4588751792907715, 3.784311294555664, 0.29274630546569824, 2.9676320552825928, 1.6518192291259766, 1.4840539693832397, 2.9274744987487793, 2.075124740600586, 1.8662277460098267, 2.673444986343384, 2.533748149871826, 3.4771065711975098, 1.2347710132598877, 2.0594258308410645, 1.0935115814208984, 3.0669777393341064, 2.487316131591797, 1.3448814153671265, 2.0141139030456543, 3.0397207736968994, 0.7886110544204712, 1.5386743545532227, 2.13926362991333, 0.9356420040130615, 1.8523578643798828, 3.2888741493225098, 3.225255250930786, 1.2064107656478882, 2.940880298614502, 1.9005858898162842, 0.47655820846557617, 2.500239133834839, 2.0936379432678223, 3.2039308547973633, 1.6769829988479614, 3.1423306465148926, 0.7427893877029419, 2.9406681060791016, 2.1773250102996826, 3.589113235473633, 1.552057147026062, 1.7763307094573975, 2.0150246620178223, 2.797435998916626, 2.1232500076293945, 1.5347871780395508, 2.363516330718994, 1.746217966079712, 1.667891263961792, 1.215003252029419, 2.5029568672180176, 1.6679939031600952, 2.6181800365448, 1.351883053779602, 0.2807338237762451, 1.1135029792785645, 1.8722032308578491, 1.4816726446151733, 1.9956458806991577, 1.4864540100097656, 0.07720732688903809, 1.803776741027832, 1.9371623992919922, 2.349419116973877, 3.3482542037963867, 0.7831333875656128, 2.077177047729492, 0.07879948616027832, 2.6559336185455322, 1.5743430852890015, 1.7632843255996704, 2.8502347469329834, 2.928494453430176, 2.4228923320770264, 0.8515076637268066, 2.351823329925537, 0.44281697273254395, 1.3816654682159424, 1.8629908561706543, 1.164992332458496, 1.8432235717773438, 2.5050511360168457, 0.2954845428466797, 2.491929769515991, 2.1424367427825928, 0.5209368467330933, 1.9358205795288086, 2.5422778129577637, 1.4687281847000122, 3.4885032176971436, 1.5612602233886719, 2.501739978790283, 1.6917459964752197, 2.5007007122039795, 2.8864128589630127, 1.7890137434005737, 1.023298740386963, 3.2672011852264404, 2.5220372676849365, 2.7976255416870117, 2.8010058403015137, 3.359358310699463, 1.564507007598877, 0.14745807647705078, 2.2009639739990234, 3.032984733581543, 2.4620120525360107, 1.511073112487793, 1.390974760055542, 1.4870479106903076, 2.0878000259399414, 2.431008815765381, 3.61183500289917, 1.685024380683899, 1.5666903257369995, 3.521249294281006, 3.6795992851257324, 2.248720645904541, 2.970254421234131, 1.2434539794921875, 2.221967935562134, 1.1032609939575195, 1.3380893468856812, 2.1933538913726807, 1.5834804773330688, 2.0093348026275635, 2.962461471557617, 3.1261420249938965, 0.4979097843170166, 3.674846649169922, 1.375489592552185, 3.3734230995178223, 1.2461696863174438, 1.0453437566757202, 0.8746473789215088, 1.125974178314209, 3.5104591846466064, 1.1880415678024292, 0.9144042730331421, 1.9761961698532104, 2.6911330223083496, 2.8859500885009766, 3.0966391563415527, 2.903834104537964, 0.993084192276001, 2.2689099311828613, 1.544196367263794, 1.586502194404602, 1.3931256532669067, 2.325723886489868, 2.120518684387207, 2.097165584564209, 1.9002807140350342, 1.8032763004302979, 1.4977431297302246, 2.1887130737304688, 2.493145704269409, 1.4700063467025757, 0.8951964378356934, 0.7794772386550903, 3.159931182861328, 1.7360098361968994, 1.700016736984253, 1.1946951150894165, 1.9913148880004883, 3.897533893585205, 2.0074222087860107, 2.1030101776123047, 0.6818519830703735, 4.006997108459473, 1.758646845817566, 2.022348642349243, 0.7844029664993286, 2.0767791271209717, 2.381237506866455, 1.5971184968948364, 2.2750000953674316, 1.698598861694336, 0.48145389556884766, 2.1872620582580566, 1.0627801418304443, 1.7093544006347656, 1.656604528427124, 1.8932623863220215, 2.2730469703674316, 1.3288711309432983, 1.444042444229126, 3.5213241577148438, 1.9571418762207031, 3.9593582153320312, 2.0933992862701416, 1.434037208557129, 1.6361935138702393, 1.4724102020263672, 1.75856351852417, 2.004577159881592, 0.9720109701156616, 2.4035418033599854, 2.4630024433135986, -0.09159564971923828, 1.8000750541687012, 1.2366286516189575, 3.8175745010375977, 1.890812635421753, 2.4009876251220703, 1.9388384819030762, 3.304213523864746], "params": {"iterations": 1510, "learning_rate": 0.014286, "depth": 3, "l2_leaf_reg": 3.4047e-06, "bagging_temperature": 2.5656, "random_strength": 4.1266, "border_count": 207}, "time_end": "2026-03-01T15:26:35.334234"}