{"model": "catboost_minilm_features-extract_tense", "type": "test", "seed": 42, "time_start": "2026-03-01T16:33:51.342050", "mse": 0.9420355565604525, "accuracy": 0.3938053097345133, "corr": 0.7033943301102007, "precision": [0.7272727272727273, 0.2916666666666667, 0.32, 0.509090909090909, 0.5833333333333334, 0.0], "recall": [0.1568627450980392, 0.42424242424242425, 0.6274509803921569, 0.4307692307692308, 0.2916666666666667, 0.0], "f1": [0.25806451612903225, 0.345679012345679, 0.423841059602649, 0.4666666666666667, 0.3888888888888889, 0.0], "support": [51, 33, 51, 65, 24, 2], "confusion_matrix": [[8, 23, 19, 1, 0, 0], [1, 14, 16, 2, 0, 0], [2, 8, 32, 8, 1, 0], [0, 3, 30, 28, 4, 0], [0, 0, 3, 14, 7, 0], [0, 0, 0, 2, 0, 0]], "predictions": [1.1294416189193726, 1.2763891220092773, 2.687617063522339, 1.2230873107910156, 0.8126806020736694, 1.6136295795440674, 3.130488395690918, 1.6459375619888306, 1.1371662616729736, 2.5267581939697266, 3.009258985519409, 2.3329410552978516, 3.3521511554718018, 1.7836182117462158, 1.7220103740692139, 1.7399983406066895, 3.670699119567871, 0.8902378082275391, 1.7217888832092285, 3.4349234104156494, 3.749648094177246, 0.16158151626586914, 3.0825023651123047, 1.811892032623291, 1.589192509651184, 2.815648078918457, 2.2557175159454346, 1.958726167678833, 2.6850028038024902, 2.435697555541992, 3.4078874588012695, 1.1950877904891968, 2.0496020317077637, 1.1547781229019165, 3.0441813468933105, 2.3783581256866455, 1.3722587823867798, 2.0653223991394043, 3.3652896881103516, 0.9126518964767456, 1.5878574848175049, 2.2995502948760986, 0.942650556564331, 2.0468690395355225, 3.3583362102508545, 3.3286707401275635, 1.3655577898025513, 2.752977132797241, 2.0054540634155273, 0.4895298480987549, 2.5232746601104736, 2.013268232345581, 3.3990631103515625, 1.7222139835357666, 3.252129554748535, 0.5349172353744507, 3.2046751976013184, 1.9713213443756104, 3.5620436668395996, 1.657914638519287, 1.8232500553131104, 2.1738483905792236, 2.5395307540893555, 2.236750364303589, 1.4027763605117798, 2.41231632232666, 1.850074052810669, 1.6842020750045776, 1.1155685186386108, 2.272543430328369, 1.705918312072754, 2.514681100845337, 1.0816524028778076, 0.4401369094848633, 1.1746511459350586, 1.816190242767334, 1.6394438743591309, 1.7475560903549194, 1.5676528215408325, 0.21459102630615234, 1.7129688262939453, 2.1032824516296387, 2.6342318058013916, 3.2350258827209473, 0.7323936223983765, 2.1170573234558105, 0.27205991744995117, 2.5719053745269775, 1.541666030883789, 1.7247238159179688, 3.069746732711792, 2.914165735244751, 2.7777605056762695, 0.8649029731750488, 2.3338661193847656, 0.49814820289611816, 1.5738049745559692, 1.8354902267456055, 1.042062520980835, 1.9412391185760498, 2.618823766708374, 0.2966029644012451, 2.556936264038086, 2.2608656883239746, 0.7280570268630981, 1.8729928731918335, 2.3637194633483887, 1.254799246788025, 3.6524806022644043, 1.7249979972839355, 2.610607624053955, 1.6419196128845215, 2.6458311080932617, 2.9859044551849365, 1.5995595455169678, 1.1922303438186646, 3.299436330795288, 2.6166493892669678, 2.785886287689209, 2.7155888080596924, 3.4951722621917725, 1.513282299041748, 0.3240339756011963, 2.202293872833252, 3.1578500270843506, 2.526261568069458, 1.432265043258667, 1.36638343334198, 1.7057201862335205, 2.2893502712249756, 2.3543918132781982, 3.6478934288024902, 1.6045860052108765, 1.6729588508605957, 3.3961117267608643, 3.882988452911377, 2.367011547088623, 2.9451186656951904, 1.09843111038208, 2.329496383666992, 1.116236686706543, 1.557516098022461, 2.1064441204071045, 1.6225346326828003, 2.0874829292297363, 2.944073438644409, 3.0910935401916504, 0.4127187728881836, 3.7880120277404785, 1.3964484930038452, 3.3056538105010986, 1.2304010391235352, 1.0790976285934448, 0.8251900672912598, 1.0886223316192627, 3.4232571125030518, 1.158030390739441, 0.814478874206543, 2.0876872539520264, 2.728745937347412, 2.9427056312561035, 3.0885157585144043, 2.845900058746338, 1.0737107992172241, 2.2497987747192383, 1.5427546501159668, 1.7471462488174438, 1.347536563873291, 2.360985517501831, 2.3035366535186768, 2.060168981552124, 1.7134637832641602, 1.976088047027588, 1.6607933044433594, 2.2350664138793945, 2.509629964828491, 1.3531265258789062, 0.8227455615997314, 0.6797174215316772, 3.362372398376465, 1.7346832752227783, 1.720062255859375, 1.0558795928955078, 2.1439332962036133, 3.899869203567505, 1.9356306791305542, 2.2430214881896973, 0.6632634401321411, 4.214263916015625, 1.5098493099212646, 2.1236073970794678, 0.855523943901062, 1.9086010456085205, 2.544728994369507, 1.7316081523895264, 2.2778518199920654, 1.8442074060440063, 0.43931126594543457, 2.4083199501037598, 1.00907564163208, 1.706152319908142, 1.7498681545257568, 2.0834784507751465, 2.085118293762207, 1.495324730873108, 1.6781980991363525, 3.7018604278564453, 2.192436695098877, 3.7121827602386475, 1.8867743015289307, 1.286536693572998, 1.564223051071167, 1.458899736404419, 1.9249166250228882, 1.9876244068145752, 1.1703729629516602, 2.6058249473571777, 2.49851655960083, -0.1298379898071289, 1.7121217250823975, 1.357543706893921, 3.778897523880005, 2.0332539081573486, 2.6904211044311523, 1.9970977306365967, 3.3460330963134766], "params": {"iterations": 1510, "learning_rate": 0.014286, "depth": 3, "l2_leaf_reg": 3.4047e-06, "bagging_temperature": 2.5656, "random_strength": 4.1266, "border_count": 207}, "time_end": "2026-03-01T16:33:51.454880"}