{"model": "catboost_minilm_features-extract_char_ngrams", "type": "test", "seed": 42, "time_start": "2026-03-01T15:01:32.296953", "mse": 1.0310155011254631, "accuracy": 0.3584070796460177, "corr": 0.6646210891277988, "precision": [0.75, 0.25757575757575757, 0.32967032967032966, 0.4444444444444444, 0.5, 0.0], "recall": [0.11764705882352941, 0.5151515151515151, 0.5882352941176471, 0.3076923076923077, 0.3333333333333333, 0.0], "f1": [0.2033898305084746, 0.3434343434343434, 0.4225352112676056, 0.36363636363636365, 0.4, 0.0], "support": [51, 33, 51, 65, 24, 2], "confusion_matrix": [[6, 29, 14, 2, 0, 0], [1, 17, 12, 3, 0, 0], [1, 12, 30, 7, 1, 0], [0, 8, 31, 20, 6, 0], [0, 0, 4, 12, 8, 0], [0, 0, 0, 1, 1, 0]], "predictions": [1.3985533714294434, 1.1721941232681274, 2.5572097301483154, 1.088240623474121, 0.8199228048324585, 1.0684248208999634, 3.28515625, 1.471057415008545, 1.2222126722335815, 2.4141812324523926, 3.393895149230957, 2.2729618549346924, 3.279844284057617, 2.0372095108032227, 1.6126189231872559, 1.4550327062606812, 3.9153714179992676, 1.2366821765899658, 1.72467839717865, 3.6161065101623535, 4.066289901733398, 0.2897937297821045, 3.312119483947754, 1.7252309322357178, 1.4531948566436768, 2.552914619445801, 2.248398542404175, 1.809359073638916, 2.2323696613311768, 2.458510160446167, 3.7095136642456055, 1.1340477466583252, 1.7357771396636963, 1.4844119548797607, 3.155890941619873, 2.5968072414398193, 1.1303730010986328, 1.8656256198883057, 2.707136392593384, 0.7924011945724487, 1.5930014848709106, 2.03643536567688, 0.8685303926467896, 2.013359785079956, 3.410674571990967, 3.325044870376587, 1.2803916931152344, 3.0297739505767822, 1.6736276149749756, 0.760240912437439, 2.871274709701538, 2.3870139122009277, 3.753850221633911, 2.261026620864868, 2.8889784812927246, 0.6638256311416626, 3.047316789627075, 2.0904245376586914, 3.965390205383301, 1.3047727346420288, 1.9162487983703613, 1.859039306640625, 2.8251256942749023, 2.2124528884887695, 1.5182864665985107, 2.6455423831939697, 1.6494910717010498, 1.411301851272583, 1.1356576681137085, 2.152226686477661, 1.4236054420471191, 2.8019208908081055, 1.301639437675476, 0.16687560081481934, 0.8284591436386108, 2.1978886127471924, 1.7264912128448486, 2.221041202545166, 1.4230190515518188, 0.08216643333435059, 1.3431363105773926, 1.6524653434753418, 2.5713253021240234, 3.796748161315918, 0.781834602355957, 2.1738834381103516, -0.0999307632446289, 2.7998082637786865, 1.1848310232162476, 1.8502256870269775, 3.220357656478882, 3.48738956451416, 2.46236252784729, 1.027623176574707, 1.985224723815918, 0.6029385328292847, 1.7144261598587036, 1.8220491409301758, 1.2708033323287964, 2.0310676097869873, 2.5691475868225098, 0.6159477233886719, 2.3492090702056885, 2.3326570987701416, 0.6114505529403687, 2.0601491928100586, 1.3822410106658936, 1.5020273923873901, 3.404618501663208, 1.7579572200775146, 2.504258871078491, 1.4896060228347778, 2.6639904975891113, 2.777550220489502, 1.920839548110962, 1.163792371749878, 3.434149742126465, 2.3327949047088623, 2.822962760925293, 2.7131478786468506, 3.391817092895508, 1.7723033428192139, 0.44378066062927246, 1.9024527072906494, 3.1367757320404053, 2.5340352058410645, 1.89518141746521, 1.5256608724594116, 1.483344316482544, 2.1943747997283936, 2.1808440685272217, 3.7470450401306152, 1.2305870056152344, 1.413676381111145, 3.317955255508423, 3.66459321975708, 2.4126205444335938, 3.440617084503174, 1.5628459453582764, 2.0801994800567627, 0.9458186626434326, 1.3927794694900513, 2.0841968059539795, 1.831885814666748, 1.8888128995895386, 2.83978533744812, 2.970930814743042, 0.4470655918121338, 3.541287422180176, 1.610381841659546, 3.339571952819824, 1.0448648929595947, 0.9190268516540527, 1.0756032466888428, 0.8951989412307739, 3.577120780944824, 1.0878268480300903, 0.600927472114563, 1.5990965366363525, 2.732612133026123, 2.97230863571167, 2.842599630355835, 2.951766014099121, 1.407720685005188, 2.321430206298828, 1.3858922719955444, 1.4920384883880615, 1.400308609008789, 2.47251558303833, 1.9837565422058105, 2.235936403274536, 1.8978538513183594, 2.1048636436462402, 1.614161491394043, 1.9063611030578613, 2.4641904830932617, 1.571744441986084, 0.6786799430847168, 1.037733793258667, 3.3843674659729004, 1.565140724182129, 1.921419382095337, 1.164587140083313, 2.349513053894043, 4.031002521514893, 2.076946258544922, 1.8876103162765503, 0.8471544981002808, 3.883418083190918, 1.375836968421936, 1.8673770427703857, 0.6030755043029785, 2.232431650161743, 2.1574552059173584, 1.4829723834991455, 2.653857707977295, 1.8103381395339966, 0.4937610626220703, 2.075514316558838, 0.9401935338973999, 1.670148253440857, 1.2821300029754639, 1.9989370107650757, 2.3047351837158203, 1.2426652908325195, 1.3315125703811646, 3.764688491821289, 1.7162657976150513, 4.071246147155762, 2.0049657821655273, 1.3482630252838135, 1.4533032178878784, 1.3138306140899658, 1.9735076427459717, 1.774853229522705, 0.9929971694946289, 2.3371970653533936, 2.3389618396759033, -0.0770564079284668, 1.824448585510254, 1.6015636920928955, 3.8887486457824707, 2.0139245986938477, 2.2867534160614014, 2.2634944915771484, 3.3254129886627197], "params": {"iterations": 1510, "learning_rate": 0.014286, "depth": 3, "l2_leaf_reg": 3.4047e-06, "bagging_temperature": 2.5656, "random_strength": 4.1266, "border_count": 207}, "time_end": "2026-03-01T15:01:32.384445"}