{"model": "catboost_minilm_features-extract_syllable_count_avg", "type": "test", "seed": 42, "time_start": "2026-03-01T15:31:47.827826", "mse": 0.9565607843271571, "accuracy": 0.4026548672566372, "corr": 0.6959595905325098, "precision": [0.6666666666666666, 0.3, 0.35789473684210527, 0.52, 0.5833333333333334, 0.0], "recall": [0.11764705882352941, 0.5454545454545454, 0.6666666666666666, 0.4, 0.2916666666666667, 0.0], "f1": [0.2, 0.3870967741935484, 0.4657534246575342, 0.45217391304347826, 0.3888888888888889, 0.0], "support": [51, 33, 51, 65, 24, 2], "confusion_matrix": [[6, 27, 17, 1, 0, 0], [1, 18, 12, 2, 0, 0], [2, 9, 34, 5, 1, 0], [0, 6, 29, 26, 4, 0], [0, 0, 3, 14, 7, 0], [0, 0, 0, 2, 0, 0]], "predictions": [1.2203125953674316, 1.2480281591415405, 2.5459330081939697, 1.1759202480316162, 0.8301244974136353, 1.343411922454834, 3.0043561458587646, 1.720670461654663, 1.384951114654541, 2.666724920272827, 3.217820882797241, 2.3381011486053467, 3.214268684387207, 1.9358854293823242, 1.6710002422332764, 1.8658276796340942, 3.8952114582061768, 0.9439492225646973, 1.4830455780029297, 3.646665096282959, 4.092422962188721, -0.07397055625915527, 2.9843387603759766, 1.8241792917251587, 1.4804967641830444, 2.9929893016815186, 2.225790023803711, 1.868694543838501, 2.6715943813323975, 2.414768695831299, 3.410883665084839, 1.1644885540008545, 2.0833988189697266, 1.0320223569869995, 3.0307445526123047, 2.1962709426879883, 1.391918659210205, 2.2442023754119873, 3.008701801300049, 0.9084655046463013, 1.4881519079208374, 2.245023250579834, 0.7057323455810547, 2.097252130508423, 3.3408901691436768, 3.0228168964385986, 1.344635009765625, 2.7249884605407715, 2.0299131870269775, 0.3999369144439697, 2.4845004081726074, 2.026516914367676, 3.2107229232788086, 1.6638097763061523, 3.436699151992798, 0.6585344076156616, 3.057497024536133, 2.050100564956665, 3.6958556175231934, 1.4720805883407593, 1.6888096332550049, 2.2264087200164795, 2.592242956161499, 1.9649369716644287, 1.3324238061904907, 2.557478189468384, 1.808685064315796, 1.7175003290176392, 1.2315102815628052, 2.460550308227539, 1.6860874891281128, 2.5430829524993896, 1.2307699918746948, 0.3586394786834717, 1.1861977577209473, 1.9645259380340576, 1.297594666481018, 1.9186372756958008, 1.3809490203857422, 0.04176807403564453, 1.632049560546875, 1.9263529777526855, 2.232109546661377, 3.3361141681671143, 1.0209850072860718, 2.0496695041656494, 0.20917272567749023, 2.7893857955932617, 1.3065218925476074, 1.676609754562378, 2.858555555343628, 3.0677073001861572, 2.370521068572998, 0.7931158542633057, 2.2004904747009277, 0.39461421966552734, 1.6240234375, 1.909691572189331, 1.0803087949752808, 1.9329943656921387, 2.4509432315826416, 0.29574060440063477, 2.511248826980591, 2.1390655040740967, 0.6170729398727417, 2.177868366241455, 2.3967230319976807, 1.3226271867752075, 3.455953598022461, 1.4530657529830933, 2.537842035293579, 1.7529466152191162, 2.8388288021087646, 2.9774539470672607, 1.9252774715423584, 1.044029951095581, 3.169715166091919, 2.4551620483398438, 2.8340728282928467, 2.4649252891540527, 3.3316919803619385, 1.7099815607070923, 0.25373268127441406, 2.2269480228424072, 3.073521614074707, 2.5950913429260254, 1.5765948295593262, 1.1525895595550537, 1.61506986618042, 2.266723871231079, 2.163147211074829, 3.7576136589050293, 1.5735716819763184, 1.7316563129425049, 3.3585352897644043, 3.8847739696502686, 2.3105149269104004, 3.0710463523864746, 1.390235185623169, 2.2052836418151855, 0.9277727603912354, 1.3984516859054565, 2.16274094581604, 1.6914386749267578, 2.013199806213379, 2.842461109161377, 3.1443121433258057, 0.522135853767395, 3.6476316452026367, 1.2949872016906738, 3.223522186279297, 1.1753278970718384, 0.9826787710189819, 0.9736677408218384, 1.253355860710144, 3.4350745677948, 1.2147579193115234, 0.6261240243911743, 2.0248653888702393, 2.785822629928589, 2.8644044399261475, 3.15449857711792, 2.855642795562744, 0.9984511137008667, 2.4237279891967773, 1.4990850687026978, 1.6354036331176758, 1.3501763343811035, 2.235901355743408, 2.1671435832977295, 2.039180278778076, 1.7750439643859863, 1.957993984222412, 1.5093986988067627, 2.026130199432373, 2.7348692417144775, 1.4600321054458618, 0.9666436910629272, 0.8315047025680542, 3.23148775100708, 1.8644371032714844, 1.99464750289917, 1.109792709350586, 2.2490575313568115, 3.9199838638305664, 2.005261182785034, 2.067225694656372, 0.6607613563537598, 4.012631893157959, 1.6367578506469727, 2.093410015106201, 0.7736979722976685, 1.895719051361084, 2.5114006996154785, 1.6291401386260986, 2.3914167881011963, 1.7694824934005737, 0.5106290578842163, 2.2785844802856445, 0.9820743799209595, 1.645233392715454, 1.7217457294464111, 2.1491923332214355, 2.133840560913086, 1.4699387550354004, 1.4670075178146362, 3.770885944366455, 2.0070183277130127, 3.730801582336426, 2.0336005687713623, 1.2413411140441895, 1.5697808265686035, 1.4244507551193237, 1.6613821983337402, 1.9249465465545654, 1.1353614330291748, 2.5533735752105713, 2.4206149578094482, -0.02645134925842285, 1.925140142440796, 1.5169206857681274, 3.699535369873047, 2.0277931690216064, 2.5098190307617188, 2.064520835876465, 3.344371795654297], "params": {"iterations": 1510, "learning_rate": 0.014286, "depth": 3, "l2_leaf_reg": 3.4047e-06, "bagging_temperature": 2.5656, "random_strength": 4.1266, "border_count": 207}, "time_end": "2026-03-01T15:31:47.948643"}