{"model": "catboost_minilm_features-extract_numeric_word_ratio", "type": "train", "seed": 40, "train_losses": [], "val_losses": [], "time_start": "2026-03-01T15:16:25.462863", "mse": 0.1117241678580742, "accuracy": 0.8685567010309279, "corr": 0.9816136145595198, "precision": [0.9896907216494846, 0.8248175182481752, 0.6829268292682927, 0.8549618320610687, 0.9508196721311475, 1.0], "recall": [0.8135593220338984, 0.875968992248062, 0.9333333333333333, 0.7417218543046358, 0.8992248062015504, 0.9689922480620154], "f1": [0.8930232558139535, 0.849624060150376, 0.7887323943661971, 0.7943262411347518, 0.9243027888446215, 0.984251968503937], "support": [118, 129, 120, 151, 129, 129], "confusion_matrix": [[96, 22, 0, 0, 0, 0], [1, 113, 15, 0, 0, 0], [0, 2, 112, 6, 0, 0], [0, 0, 37, 112, 2, 0], [0, 0, 0, 13, 116, 0], [0, 0, 0, 0, 4, 125]], "predictions": [2.826988228469058, 1.3408657603296563, 0.17688487791827656, 3.8590755495049316, 1.4541660687857099, 3.707918981459927, 2.4647670747025785, 2.689278367049772, 2.4674605436474835, 3.008295560600968, 1.8144104019493836, 3.737050884420883, 3.0759627200762085, 3.069162298352312, 1.5612707304466256, 0.4138870189201236, 1.763683097602414, 2.805070274732402, 2.854008995702827, 1.6835198480611904, 1.4217210652680716, 0.5658642838818566, 0.7706509013295977, 1.7426846621250691, 1.0401714237662119, 2.85705578906503, 0.2768815648843779, 2.845873797491493, 0.9511441746279181, 2.571278943765593, 1.7872630535960072, 2.234484874884808, 1.3594242380589814, 2.9450633371371597, 1.0715132413802324, 1.7157251809069591, 0.032478091938879405, 0.42062496877387634, 0.17224002448423903, 1.7271913150315452, 3.8308450033706842, 2.597802562825979, 1.1168189944143645, 1.518122452653319, 0.4917505388995682, 2.1485851817767134, 2.3330484744986846, 3.9285809064964834, 0.16601547698273134, 0.10786920172742054, 1.0005946722362997, 0.3975905368716539, 2.4987673851749115, 1.372227542110622, 2.97732061716965, 3.949795467112949, 2.092552325386026, 2.3809512139536944, 2.8012704241436026, 4.141777188026371, 2.775636756297532, 0.24649109083259457, 3.185402245808437, 0.4386065860464501, 2.604340775439957, 2.294233609399, 2.061116489907935, 1.2876443764372247, 2.005919555792675, 2.936374507067938, 1.7250987597846899, 0.1295352751309422, 0.3190387731458828, 2.7398542265229584, 0.3077734658234208, 0.12927657742009124, 0.2342394883212382, 2.0851889038633766, 3.784156257590367, 3.7631993715181276, 1.9494474735599028, 1.6762550469118418, 2.648328223482773, 2.168955465027267, 4.032405225900924, 0.8984648459918996, 0.32620751894925304, 2.922517835003808, 3.174841317042138, 0.15819969705766956, 2.2450405410576537, 2.624918888950801, 3.523524867368571, 1.5334438856250123, 3.5041186938598425, 2.16073370058435, 1.484259195777062, 0.5793513384826905, 2.91497353436235, 1.0972419394821438, 2.564346370229443, 1.16166121698245, 1.2209117816817217, -0.028648939228020698, 1.9146347123233463, 0.5769391310122605, 3.2808218486577942, 0.2885859328202973, 0.20539909544675838, 2.249300392987743, 0.5288030796886889, 4.432343488698655, 1.3010111651438923, 0.24043237934887296, 0.11451397256862927, 2.503494438623043, 0.3397405047082498, 3.179429537689251, 2.656066476830691, 0.439447213909272, 0.25577390934911337, 4.418491605693179, 0.2551473447269985, 1.3787834494980715, 2.287987943569631, 2.0044889679966236, 2.421738891011049, 0.2963635843838719, 1.986208311094924, 1.5703004472940196, 0.6454360432619164, 2.1516044700369337, 3.822205078561174, 1.7480841154058484, 0.013784919948746754, 2.243707828015272, 1.7489585792172284, 0.38053304326940207, -0.1639540491247149, 0.8066786880626722, 2.4145123827683914, 3.653810394518165, 2.108983724585801, 1.3436706658584008, 0.4323458767300652, 2.558141869954679, 0.12825485415730675, 2.47033805256529, 2.254709026513311, 2.822600946501808, 2.81917144867909, 3.169294149540077, 3.6865887166512987, 3.860568561937539, 0.2652534241392477, 0.11732387542408418, 0.9633008303014567, 3.563874717731232, 1.520605988648093, 0.13535565634830293, 2.186246165380548, 3.9231365445654376, 2.4028033124517725, 1.1878813225786284, 3.0181354059747614, 3.017223956137552, 2.4212571439550072, 2.536069477232159, 1.8155324668978814, 0.950319983265477, 2.0472944588720217, 2.453914684598412, 2.965119168713105, 2.8192233114893708, 1.804290042114257, 0.11382386789207466, 1.1883994762249503, 1.8557353136282555, 0.6277275796203357, 3.701942857939155, 3.6931851966181397, 2.649389209308893, 2.718628181022326, 0.3672126163131728, 2.6438099212926884, 1.6935884717826708, 2.5802745666517284, 1.8179121205956004, 2.5162202684967743, 3.4298085366580935, 4.412570651342291, 2.5258837342709115, 1.7109152015211577, 1.1604533382168682, 1.7645593993102686, 3.0862711246199406, 3.5134244642653947, 4.06891987274834, 2.5903858888753626, 1.6908595694851616, 1.3661398605836041, 1.1036698146089967, 2.2196272830181214, 2.3275356640232117, 3.045405833953044, 0.4123476918061306, 1.378721215877218, 1.7533301684266873, 2.2271133834791232, 0.6593733511280166, 3.0413041812104407, 1.9016627350981135, 3.1153520233668073, 4.0419208777905, 1.797029388293924, 1.6307002740439844, 1.5338699685074866, 2.4005979867243923, 1.7769588455980543, 1.281279133635446, 2.957635956836086, 1.796644153064431, 0.39417882880261823, 1.5032624133124832, 3.0995209327148503, 2.8560870567144545, 2.7698640644878396, 1.6595539560421726, 1.8032975376341254, 3.3668267404081624, 1.5382575069571796, 2.9286039942803246, 2.42726017099513, 3.761909279221716, 1.6362287073126862, 2.9114476159984193, 2.0658837920965083, 2.850926919693369, 2.2495985356461135, 3.854118162311895, 1.5657680840047414, 2.2708956579033472, 2.3789689394215294, 2.552390015279053, 2.8098460025747456, 1.210555708250139, 2.3509381027350806, 0.8870269408848481, 0.49180271590069813, 0.3120874972442049, 0.3502373543191757, 3.806676754755892, 1.3438022119295474, 1.0482785453351817, 0.4033950722693711, 2.707938387383939, 0.6311520874642209, 2.7434332001442883, 2.408033291903804, 1.7762570626676533, 0.9428315186367415, 0.8858201423412477, 1.825311816264557, 2.035820505850961, 2.195065899456169, 1.146951786530838, 1.6741091199392923, 2.5468518214887528, 2.1180873538072538, 0.5374771239111986, 1.7664047026625442, 0.5851042881386193, 0.12034926774091792, 3.2897488561458035, 2.52583746666444, 3.2956395922654482, 2.225898097444517, 2.49957775225694, 1.7704731043900601, 1.7876754809276958, 2.6649073089053945, 2.839454480963737, 0.23197212009824675, 1.5130159053215935, 0.9657187579931727, 2.5390513588296733, 1.2956182598018993, 3.6706003974386823, 1.7932768370249712, 0.12100197343212082, 1.2289507304071114, 0.8537348768712045, 1.8364185934539865, 1.2311642573404795, 2.1310372505000745, 0.011192770013062958, 1.242301479179009, 0.6438976795224323, 2.792416514448853, 2.490376815553497, 1.3533987429896137, 2.5690829814244007, 0.36385889666627547, 1.5475553398970983, 2.8101503909836447, 2.345987575821336, 3.051233457660146, 2.226949546550731, 3.501571124027444, 1.1355458362346509, 2.177138665218353, 1.788534000501847, 1.4235993617357126, 0.411631454941332, 0.3476844743697929, 0.35685187600060386, 1.1314817894856137, 3.815767047098283, 3.387718057106563, 2.0683024364453675, 2.6306426996429315, 2.13936830564871, 0.20678276111042138, 3.169630159938933, 0.218238857709526, 0.3790472416364734, 2.3432260284604816, 3.9931797416319554, 1.1001873760973755, 1.709262679764545, 1.3672357132128725, 3.4284767189207264, 2.6308151997939873, 2.435506916911963, 0.19452653974959144, 0.7866594972477248, 0.3167365449622368, 1.878970527047342, 2.7250355498934997, 1.1314260598193595, 1.9243989477599273, 3.623545359037492, 3.2860279712491707, 2.098306772410796, 2.9847832311216544, 2.826583388656918, 2.5971801370763146, 0.372218302487092, 0.16360201387411832, 0.6004020255342439, 0.14099971907201558, 4.692622297918412, 1.582574890801571, 2.4743639090106617, 2.9803428434209893, 2.722574033287698, 2.165535337739128, 2.4245128693632814, 1.041956701096097, 0.27668401715751445, 3.384291127794143, 0.34881228073433723, 