{"model": "catboost_minilm_features-extract_casing", "type": "train", "seed": 42, "train_losses": [], "val_losses": [], "time_start": "2026-03-01T15:53:55.003651", "mse": 0.1132414561953443, "accuracy": 0.8711340206185567, "corr": 0.9813353521355144, "precision": [0.9897959183673469, 0.8201438848920863, 0.6918238993710691, 0.8646616541353384, 0.9435483870967742, 1.0], "recall": [0.8220338983050848, 0.8837209302325582, 0.9166666666666666, 0.7615894039735099, 0.9069767441860465, 0.9534883720930233], "f1": [0.8981481481481481, 0.8507462686567164, 0.7885304659498208, 0.8098591549295775, 0.924901185770751, 0.9761904761904762], "support": [118, 129, 120, 151, 129, 129], "confusion_matrix": [[97, 21, 0, 0, 0, 0], [1, 114, 14, 0, 0, 0], [0, 4, 110, 6, 0, 0], [0, 0, 35, 115, 1, 0], [0, 0, 0, 12, 117, 0], [0, 0, 0, 0, 6, 123]], "predictions": [2.623850128437405, 1.353854668442945, 0.16822150395342428, 3.8148503145988553, 1.5157422211796732, 3.6760242727937973, 2.51818936237993, 2.7317640112077877, 2.451337365895694, 3.007039960184655, 1.8620398443463086, 3.694055763064276, 3.027989840609423, 3.064418366173801, 1.5939473948288403, 0.34754165366869927, 1.8074073020607977, 2.95600998510807, 2.966615544717008, 1.750427991155102, 1.423391787131541, 0.6556331732590417, 0.7068651633092822, 1.7184076986356835, 1.1097883415345322, 2.7798509232188504, 0.18147849347524359, 2.8761795352969814, 1.121348276144025, 2.5566868785158934, 1.666458373661825, 2.300341027142336, 1.371967471936458, 2.956343170628819, 1.0762838956155492, 1.7041126011727608, 0.11492771093482768, 0.4540620760543743, 0.19603694336400723, 1.7247512801893081, 3.7720646580638846, 2.570753009302229, 1.1185081825157257, 1.5784046111631962, 0.4278708563838842, 2.13068730986266, 2.4870980502030484, 3.976385847651926, 0.1622981798620038, 0.24974346990972984, 1.1059542055515612, 0.4284875334338265, 2.4202747727527982, 1.440203594692932, 2.9881096206177378, 3.8745867756114283, 1.9608499250544955, 2.337351736829393, 2.7715273425572535, 4.21569630215218, 2.805206451652387, 0.25109888103356903, 3.2105904271256676, 0.33312225287938224, 2.6602888046495288, 2.2273101881392328, 1.9822412779669332, 1.2038525446082098, 1.9016005018549418, 2.8962856705852884, 1.6561816630494468, 0.12418091669016329, 0.2879516369185149, 2.717342882461555, 0.2178255704742389, 0.16165196638831647, 0.330548290055257, 2.178181862541288, 3.7591583979847245, 3.732023025994619, 1.8374659068566475, 1.7599474925380387, 2.6498620851029844, 2.1975289690975144, 3.8880844464005224, 0.9495410251905028, 0.2465923339079814, 2.9646304887166264, 3.206999733454956, 0.08940735686940338, 2.2207502255050198, 2.65077245040404, 3.505751804971922, 1.560380583654175, 3.505294962076606, 2.1720014317598575, 1.337686607371613, 0.5619791177438054, 2.853773045864785, 1.2095944788831918, 2.500228315275649, 1.1623393857521183, 1.2049049315052802, 0.00782215491339322, 1.9070551184934645, 0.5629463619741963, 3.2762976603058824, 0.3331294259626074, 0.28408530243720964, 2.2100892234083127, 0.5136497046418416, 4.267584048253596, 1.3312022688976581, 0.16994425334897878, 0.10832692316901671, 2.556532695835989, 0.3306992386397458, 3.116305817343555, 2.836043360939364, 0.3541984714094548, 0.1454457430683802, 4.424107277332266, 0.2960170282936274, 1.5274460828396892, 2.282567310812985, 2.0313987412224286, 2.4170466971901257, 0.3335741472206588, 1.9221124458278962, 1.6549780643558316, 0.6325195201555873, 2.327187997257514, 3.7914777063663223, 1.6889079694174849, 0.05816717815776418, 2.300110327280314, 1.7201642005958515, 0.40608278440983225, -0.16993975389868776, 0.7635027856748493, 2.3604067466334455, 3.7776414413647412, 2.050323127499371, 1.2393889407016194, 0.44434966378974794, 2.5712043756534513, 0.1303669739739326, 2.5462477222675624, 2.271032774721785, 2.8490360722470522, 2.819487565456672, 3.1147892135239723, 3.642486807042304, 3.957008260147282, 0.2333861154386998, 0.11928138252044551, 0.9932771881396816, 3.7049507251997627, 1.508308015813616, 0.17123228638374677, 2.1557180950539387, 3.861407544054981, 2.340898637399831, 1.2320401821104237, 2.8605095044315605, 3.071645120440564, 2.4776504219938404, 2.502893080511262, 1.9321464062743523, 1.0324461662386668, 1.941416541101665, 2.4149585057167164, 2.95475654726029, 2.682106655784428, 1.7346757122187833, 0.05576951535444685, 1.139891874877187, 1.8765853076620456, 0.641409092918011, 3.6385727104085603, 3.6686142887995734, 2.689234011545389, 2.6843710014592475, 0.41432835185245054, 2.700987584605786, 1.6384002696327213, 2.488712262270646, 1.797805553162256, 2.5217595529995154, 3.3856053857781516, 4.381714175110765, 2.3945949060663954, 1.6733396347561145, 1.2981370845565443, 1.8310852098545534, 3.0750408764203385, 3.5006582363852856, 4.1127650206300554, 2.6173448679211098, 1.6454481493698427, 1.3721022088233228, 1.153461029996273, 2.244413083850636, 2.402340719871206, 3.2189972175047767, 0.3648347825141709, 1.361654560380097, 1.809855009383899, 2.2492224771349685, 0.6813548365941646, 3.103167556619628, 1.9662475194915423, 2.998034234849608, 3.8195539379612358, 1.737174940384234, 1.6916034965150635, 1.4363149770045012, 2.410422728084547, 1.8044754154968743, 1.2464421636611305, 2.969042104657435, 1.6265642500933013, 0.4557406862404063, 1.620949964710701, 2.9097518091091734, 2.975914547433923, 2.705130464700047, 1.748741302836922, 1.8125075470568173, 3.3504632179509644, 1.614203335079001, 2.9347439007209846, 2.4590429107299996, 3.7325742913174245, 1.669986239553184, 2.9008117633404593, 2.0646665582275014, 2.835370146255813, 2.3259418626863875, 3.869923492159791, 1.613952799788398, 2.251409423314943, 2.4391793632099183, 2.5525197571120324, 2.6788499032035467, 1.215469679535711, 2.345098506706029, 0.8339138780532658, 0.46993949220396436, 0.2661995621252493, 0.36079299765833683, 3.8051879614291124, 1.3015702541727174, 1.0871148680208782, 0.3846972276672771, 2.693500997745493, 0.6020436701757088, 2.7248357388817768, 2.460729957354735, 1.8024154183085668, 0.8611543420463206, 0.836915124872704, 1.732351547231834, 2.0070043233652997, 2.2144306386567916, 1.1821242356810475, 1.7605593555782721, 2.592719139798862, 2.2413189990763907, 0.5445792413955977, 1.8171795711980887, 0.5978368856133676, 0.1530970256402706, 3.2940319029935505, 2.6295111154647577, 3.387555068979168, 2.2599576699835353, 2.621271494903947, 1.7681199835075079, 1.6625706572604484, 2.6229518835072665, 2.8516620504718757, 0.2783383415627343, 1.4796833508190772, 0.906965440479413, 2.540369145068777, 1.319051491354866, 3.8186541361761686, 1.7586392537918414, 0.0718589234280742, 1.2728879824379578, 0.8742227827093718, 1.8027608236721036, 1.2150056958841478, 2.1651642440297403, 0.08219310592733375, 1.2851647314242107, 0.6240451442387214, 2.6363278809761614, 2.4550191985518257, 1.182390684704614, 2.58532954164895, 0.29044563211685537, 1.6616200073668213, 2.829908145120842, 2.325593006336709, 3.232804840368673, 2.1850008669130863, 3.5126090213762846, 1.0983851128500979, 2.211250130709714, 1.7066572534436657, 1.5326366412759969, 0.34115150723220733, 0.370581780040077, 0.4474871635999844, 1.2367760108122146, 3.7981962711318387, 3.500506768113958, 2.013295679051139, 2.606130788548853, 2.1990830140334756, 0.16998159854739914, 3.2122606908645146, 0.20204014731564923, 0.409714277832252, 2.4166790496156993, 3.907362708699093, 1.1383369766776341, 1.7417170464889224, 1.406348504337425, 3.4943992271908355, 2.6373388573156844, 2.330557522009923, 0.0836134381471414, 0.8057004109418993, 0.29250073750684313, 1.9287332627880256, 2.6564891482075974, 1.1792757984522724, 1.9369096004741544, 3.538098495808412, 3.239495121224352, 2.1383645804910474, 2.9921794774420967, 2.7527503166657885, 2.7441644902738105, 0.3950955245264147, 0.2432634606223285, 0.5955237732397975, 0.1377138717562838, 4.706346924667842, 1.5589605210874176, 2.541665851650309, 3.0966075712282497, 2.6672505896341248, 2.0848445270933116, 2.400418886855782, 1.032558102792259, 0.39944292142336657, 3.3300014036149053, 0.4161779728513748, 