{"model": "catboost_minilm_features-extract_places", "type": "train", "seed": 41, "train_losses": [], "val_losses": [], "time_start": "2026-03-01T16:55:53.593904", "mse": 0.11184014232294245, "accuracy": 0.8698453608247423, "corr": 0.9816173495618552, "precision": [0.9897959183673469, 0.8285714285714286, 0.6871165644171779, 0.8484848484848485, 0.957983193277311, 1.0], "recall": [0.8220338983050848, 0.8992248062015504, 0.9333333333333333, 0.7417218543046358, 0.8837209302325582, 0.9612403100775194], "f1": [0.8981481481481481, 0.862453531598513, 0.7915194346289752, 0.7915194346289752, 0.9193548387096774, 0.9802371541501976], "support": [118, 129, 120, 151, 129, 129], "confusion_matrix": [[97, 21, 0, 0, 0, 0], [1, 116, 12, 0, 0, 0], [0, 3, 112, 5, 0, 0], [0, 0, 39, 112, 0, 0], [0, 0, 0, 15, 114, 0], [0, 0, 0, 0, 5, 124]], "predictions": [2.68262277453041, 1.2922628188534018, 0.10718460405920416, 3.9234631417329284, 1.4871009232702257, 3.8258209382228747, 2.544818540529727, 2.6517180438185006, 2.3889926415067784, 2.992053211082544, 1.8112508827945504, 3.7513870718376685, 3.0252458669522597, 3.0712766344871265, 1.6349842409199382, 0.48012016648044975, 1.7463735713103743, 2.919076796355404, 2.8476722439073585, 1.6915121409469451, 1.387305022927333, 0.5631849738082608, 0.7450268676991196, 1.789459965540889, 0.9390068304702697, 2.797594733640509, 0.160351084341245, 2.7646808445292295, 1.0554074460757596, 2.5573551599152617, 1.7897090295531437, 2.2497090684158847, 1.3802869259335562, 3.087673851027407, 1.1248221779271268, 1.783515906657998, 0.016150262753507505, 0.501287200795161, 0.23489960971110957, 1.6655022091808536, 3.8595739471969743, 2.5152290798106907, 1.2405978496139316, 1.610164100331004, 0.4513123223161699, 2.110622550229493, 2.448876930787488, 3.8645302662822, 0.15595169302636291, 0.09403713037990702, 1.030710334782146, 0.4249877889874183, 2.4148223690877653, 1.3966539418164432, 2.9760464276544267, 3.9413153890102115, 2.097076121607015, 2.3500449062730886, 2.8366095186872817, 4.133217510313215, 2.7867407056334588, 0.2707886220087121, 3.2146860695064845, 0.38133742459633035, 2.64565685302726, 2.2744656190602974, 2.0229931745797067, 1.2002840535183208, 1.9926737660862726, 3.000905645290045, 1.8406414367602242, 0.07832339408823064, 0.40538745154374967, 2.7764787785753455, 0.3001862057540676, 0.14693594783797703, 0.11138769330025422, 2.1050347301522594, 3.8378466529606245, 3.743925424341049, 1.8617771477573783, 1.8207271626008814, 2.664395964584944, 2.20946297743762, 4.010881745180582, 0.8167863733095269, 0.23878773155994715, 2.872135748000196, 3.1108566357054768, 0.12889837977923202, 2.1928844087486556, 2.704812800361288, 3.442994762601032, 1.514941978975112, 3.523601326909639, 2.1138463149111884, 1.4794782422678125, 0.5196524827804698, 2.848391748020966, 1.055384966883865, 2.5695959492865676, 1.1790723526959914, 1.128231421367367, 0.013665852194003403, 1.8998432412937771, 0.4941400604044759, 3.219590223458518, 0.2761066500054641, 0.2806378027700216, 2.3801744488342544, 0.5816962855048218, 4.409156569523638, 1.285983374670079, 0.1397283252506618, 0.05834374757737226, 2.4598201404516353, 0.33503242174929415, 3.214031897977561, 2.8095505619792, 0.3809508098499599, 0.1584415956304781, 4.4130281065844486, 0.2608047590887854, 1.494287743667897, 2.348712692878735, 2.0675269953619595, 2.4565543609803413, 0.36069853204917157, 1.8850070458939863, 1.6638419285135613, 0.6825273823720153, 2.324126354034563, 3.839162954196534, 1.7761397480952055, 0.04512410885197182, 2.2254446977600524, 1.7320775578349947, 0.40482033125371775, -0.09507975937820667, 0.7761576734053062, 2.2431422430743657, 3.688012824054095, 2.0753822679021496, 1.202822104388483, 0.42122724468749606, 2.494657079331366, 0.1857893179395096, 2.553199586428925, 2.2567796613768567, 2.833827492189101, 2.8531837511194817, 3.2150843734551917, 3.571524816713109, 3.8076896179866644, 0.2104883706320777, 0.15711314060694148, 1.0304393754050922, 3.693842035292698, 1.5134358946250595, 0.1585948215682076, 2.153780258781094, 3.847762488004847, 2.348836514063909, 1.1685406845814406, 2.847369881356038, 3.116717384651429, 2.4555714080623243, 2.5182007415353556, 1.7687553015313275, 0.983688291861228, 1.9533324135693173, 2.3232692054874278, 3.0357366375367145, 2.930498344781919, 1.778797455713364, 0.14589871695610324, 1.1852769139437576, 1.86024793732131, 0.6747193951556205, 3.6744219576814015, 3.7395660675377096, 2.7630923842663413, 2.573370793292088, 0.35926280991891124, 2.7687962835844666, 1.5984759170211178, 2.633400853595838, 1.8088482016877605, 2.5852480844315315, 3.306425224132451, 4.402239155553137, 2.4957421807682274, 1.6724704147995637, 1.1902229335688903, 1.7496669255486441, 2.9490966213665977, 3.4852650083087786, 4.103007527518817, 2.5978908452290286, 1.6849141070762341, 1.2579986042800435, 1.1757291998956956, 2.236737828998846, 2.3245865757564883, 3.1234516365551115, 0.38972194112843406, 1.4168174912138463, 1.8222485523885141, 2.2094669759573318, 0.6732983134027395, 2.948435258523169, 1.9807781745667739, 3.1709132670500875, 3.9593693996957544, 1.718084435939856, 1.599839943063729, 1.562806464707787, 2.4624182294872115, 1.7687079278882778, 1.4476782051805572, 2.820989222750101, 1.6819016288127333, 0.35180234691486634, 1.4578388924830936, 3.095036190267774, 2.8170480158671274, 2.7366322822804388, 1.726087608694466, 1.8348389390002882, 3.325125252527454, 1.5880826932105352, 3.0321203197724658, 2.468478189114163, 3.770265324486222, 1.6369393129343233, 2.8969022050092685, 2.0844058343893543, 2.8612330712677077, 2.2313686781433693, 3.7872589474723526, 1.5815812714059223, 2.3095864753404496, 2.45470160814766, 2.5587581054044843, 2.6437088657467047, 1.2442333427636785, 2.356152954760154, 0.8329606004827819, 0.49216248487944814, 0.3014426857454273, 0.28964949799457473, 3.822234331504773, 1.2886240740248553, 1.1250623048076298, 0.3794387580044267, 2.7018961338610064, 0.576629798393806, 2.6725728477571726, 2.4848239018270917, 1.8198682215814594, 0.9663680721438588, 0.7831261310507467, 1.8093424987404587, 2.0704552456732155, 2.270739600767308, 1.1871648109852382, 1.7030139131799098, 2.530889597463133, 2.0450291137678476, 0.5806449650493821, 1.8282193588884352, 0.5722592597522631, 0.13842285307646085, 3.226634132069784, 2.452274670717314, 3.462520600854755, 2.2712711787588, 2.4973848066344364, 1.7687495048613253, 1.670068455610994, 2.7871498745579872, 2.9392244116226416, 0.2274569423513535, 1.4717023755882992, 0.9504997502124972, 2.5183500142975603, 1.2967352220302402, 3.7713677036197435, 1.8207923268840611, 0.05171095646953461, 1.2719628368510953, 0.8464731693405791, 1.8461002580946895, 1.3036059065606111, 2.118131747677069, 0.06111170381165376, 1.2297830170837993, 0.7091719155486027, 2.721321713531903, 2.3947813895594368, 1.2743728092057034, 2.5991572017726288, 0.3438070525119574, 1.6007885078202775, 2.764127160624116, 2.335540886994876, 3.0433881592540013, 2.235442444026145, 3.489326383553803, 1.092621450528363, 2.195551679224348, 1.7929295674430334, 1.4956640369333332, 0.3654013379563481, 0.4062811539343891, 0.43156038220967163, 1.145273509566046, 3.7245013207027426, 3.3706067321454114, 2.070096680696342, 2.6606792444552103, 2.133307181342082, 0.13427836815838745, 3.147374018023498, 0.19057301596801102, 0.40542005054049746, 2.348035817203497, 3.9568470323042515, 1.12002235548742, 1.7833390160424403, 1.4667661816304596, 3.499578943998102, 2.622332506523584, 2.2994905838277093, 0.20203318769566314, 0.7662424753132568, 0.3665279031262978, 1.9861079498489134, 2.6472078658473794, 1.1056616797504968, 1.9241108203153747, 3.564520031697012, 3.2154329698443096, 2.1094412039646944, 3.019391653011498, 2.7907679068438447, 2.6571760282558174, 0.42929876008526735, 0.23784790495835795, 0.5729047422432871, 0.17013535617170295, 4.609433962436162, 1.5752931082489785, 2.462424231455135, 3.038706805779555, 2.573377906011211, 2.17147484268024, 2.4764810602912366, 0.9212823406265158, 0.3835310924180111, 3.4603776526896834, 