{"model": "catboost_minilm_features-extract_casing", "type": "test", "seed": 40, "time_start": "2026-03-01T15:52:35.850184", "mse": 0.9578584886779208, "accuracy": 0.37610619469026546, "corr": 0.6956658756764028, "precision": [0.7777777777777778, 0.2777777777777778, 0.31683168316831684, 0.46, 0.6666666666666666, 0.0], "recall": [0.13725490196078433, 0.45454545454545453, 0.6274509803921569, 0.35384615384615387, 0.3333333333333333, 0.0], "f1": [0.23333333333333334, 0.3448275862068966, 0.42105263157894735, 0.4, 0.4444444444444444, 0.0], "support": [51, 33, 51, 65, 24, 2], "confusion_matrix": [[7, 27, 15, 2, 0, 0], [1, 15, 15, 2, 0, 0], [1, 9, 32, 9, 0, 0], [0, 3, 35, 23, 4, 0], [0, 0, 4, 12, 8, 0], [0, 0, 0, 2, 0, 0]], "predictions": [1.1742298603057861, 1.3663941621780396, 2.679277181625366, 1.2391254901885986, 0.885619044303894, 1.5644028186798096, 3.2311203479766846, 1.5663225650787354, 1.3139703273773193, 2.243394374847412, 2.8266143798828125, 2.223334550857544, 3.2768352031707764, 1.9206926822662354, 1.721292495727539, 1.5939083099365234, 3.7360033988952637, 0.8867610692977905, 1.507085919380188, 3.5657806396484375, 3.759591579437256, 0.09442281723022461, 3.0818405151367188, 1.6239707469940186, 1.5267317295074463, 2.949897289276123, 2.2373595237731934, 1.9954606294631958, 2.377923011779785, 2.502704381942749, 3.427678108215332, 1.1994049549102783, 2.100738286972046, 1.0001482963562012, 3.1173176765441895, 2.327927350997925, 1.346695899963379, 2.028142213821411, 2.852940320968628, 0.7947055101394653, 1.4179662466049194, 2.1729743480682373, 0.846726655960083, 2.0027849674224854, 3.225034236907959, 3.0489554405212402, 1.4722541570663452, 2.793884515762329, 1.9606192111968994, 0.4288291931152344, 2.5853183269500732, 2.208972454071045, 3.259143352508545, 1.5649548768997192, 3.340404987335205, 0.5948421955108643, 3.121741771697998, 1.9748730659484863, 3.7060651779174805, 1.6039364337921143, 1.8594748973846436, 2.1890957355499268, 2.6884725093841553, 2.0993824005126953, 1.4725017547607422, 2.5401391983032227, 1.8068161010742188, 1.7176885604858398, 1.3374346494674683, 2.3231678009033203, 1.7184998989105225, 2.3885598182678223, 1.294834017753601, 0.5057677030563354, 1.064221978187561, 1.928977131843567, 1.4698412418365479, 1.8594993352890015, 1.4800046682357788, 0.17568612098693848, 1.80040442943573, 1.906883955001831, 2.5155131816864014, 3.2098379135131836, 0.780389666557312, 2.1182873249053955, 0.14872217178344727, 2.7191219329833984, 1.5783348083496094, 1.708954095840454, 3.0584466457366943, 2.9895331859588623, 2.487123489379883, 0.7964508533477783, 2.51155948638916, 0.5090212821960449, 1.5472183227539062, 1.743769645690918, 1.1846611499786377, 1.7706488370895386, 2.532731294631958, 0.261730432510376, 2.4994194507598877, 2.3768582344055176, 0.519676685333252, 1.9192054271697998, 2.123983144760132, 1.3208739757537842, 3.5001111030578613, 1.5323028564453125, 2.619795322418213, 1.8500239849090576, 2.501408338546753, 2.9740140438079834, 1.8152600526809692, 0.9782106876373291, 3.3329954147338867, 2.6384801864624023, 2.728743076324463, 2.6419167518615723, 3.45080828666687, 1.734583854675293, 0.20448899269104004, 2.217043876647949, 2.9880459308624268, 2.414902687072754, 1.4659744501113892, 1.269534707069397, 1.5419048070907593, 2.3405065536499023, 2.2584211826324463, 3.7133727073669434, 1.7701324224472046, 1.6546733379364014, 3.294048309326172, 3.7343320846557617, 2.241713762283325, 2.9894566535949707, 1.135108232498169, 2.301886796951294, 0.9509710073471069, 1.562387466430664, 2.1891486644744873, 1.6420190334320068, 2.2293612957000732, 2.9026191234588623, 3.242190361022949, 0.3091435432434082, 3.794851303100586, 1.3904951810836792, 3.3847198486328125, 1.0971908569335938, 1.1786519289016724, 0.6759792566299438, 1.0775978565216064, 3.423841714859009, 1.050585150718689, 0.897693395614624, 1.8529281616210938, 2.774618148803711, 2.8042969703674316, 2.9623961448669434, 2.8314661979675293, 1.086781620979309, 2.2751212120056152, 1.7090834379196167, 1.492931604385376, 1.3175939321517944, 2.417163848876953, 2.1278398036956787, 2.1362648010253906, 1.6902365684509277, 1.8136780261993408, 1.5853825807571411, 2.2577242851257324, 2.7108654975891113, 1.4409914016723633, 0.908638596534729, 0.6130223274230957, 3.316516160964966, 1.8000843524932861, 1.7546113729476929, 1.123170018196106, 2.1260364055633545, 3.840573310852051, 2.0119056701660156, 2.039605140686035, 0.8181531429290771, 3.8794851303100586, 1.5015335083007812, 2.0755481719970703, 0.8518102169036865, 2.0036277770996094, 2.366591691970825, 1.5530331134796143, 2.2425618171691895, 1.7776877880096436, 0.48746275901794434, 2.2691235542297363, 1.0572043657302856, 1.6772992610931396, 1.7444510459899902, 2.0441980361938477, 1.8425567150115967, 1.3445665836334229, 1.5767885446548462, 3.4815847873687744, 2.0012238025665283, 3.8328914642333984, 2.077624797821045, 1.3937914371490479, 1.5798120498657227, 1.4756828546524048, 1.923964023590088, 1.857684850692749, 1.1154401302337646, 2.4867329597473145, 2.3897109031677246, -0.017306089401245117, 1.7767422199249268, 1.430156946182251, 3.551961898803711, 1.8767333030700684, 2.5578114986419678, 2.095020055770874, 3.15962815284729], "params": {"iterations": 1510, "learning_rate": 0.014286, "depth": 3, "l2_leaf_reg": 3.4047e-06, "bagging_temperature": 2.5656, "random_strength": 4.1266, "border_count": 207}, "time_end": "2026-03-01T15:52:35.930263"}