{"model": "catboost_minilm_features-extract_polysemy", "type": "train", "seed": 41, "train_losses": [], "val_losses": [], "time_start": "2026-03-01T16:35:27.053250", "mse": 0.11463553008300727, "accuracy": 0.8672680412371134, "corr": 0.9811059595227843, "precision": [0.9896907216494846, 0.8201438848920863, 0.691358024691358, 0.8333333333333334, 0.9652173913043478, 1.0], "recall": [0.8135593220338984, 0.8837209302325582, 0.9333333333333333, 0.7615894039735099, 0.8604651162790697, 0.9689922480620154], "f1": [0.8930232558139535, 0.8507462686567164, 0.7943262411347518, 0.7958477508650519, 0.9098360655737705, 0.984251968503937], "support": [118, 129, 120, 151, 129, 129], "confusion_matrix": [[96, 22, 0, 0, 0, 0], [1, 114, 14, 0, 0, 0], [0, 3, 112, 5, 0, 0], [0, 0, 36, 115, 0, 0], [0, 0, 0, 18, 111, 0], [0, 0, 0, 0, 4, 125]], "predictions": [2.6094437037390117, 1.3035755788282992, 0.14546100311121135, 3.9385839021370304, 1.4309617714300995, 3.753186087513191, 2.5350509753365955, 2.7770764121176326, 2.4112954603527594, 2.959305794693234, 1.828288013049555, 3.750189609865423, 3.126140872140352, 3.064034770851003, 1.6201188329998837, 0.3490080360795207, 1.7546412911103921, 2.939730885057766, 2.9400108125348554, 1.7412941461227072, 1.3746528448766246, 0.615755483928518, 0.7540505777303017, 1.7165700371572536, 0.9636815334059827, 2.6933491297177277, 0.26999340493631596, 2.697506431971878, 1.0907115822991733, 2.483089435205979, 1.70962933116751, 2.2432434944065682, 1.397560084991616, 2.8934330594147535, 1.0356722409857155, 1.7385159375819643, 0.05997720662757944, 0.492215545059139, 0.17936782712384902, 1.724609690495752, 3.7746441881431427, 2.5262543378140188, 1.0824621892491193, 1.5781640137917248, 0.4619181328566113, 2.13973983438101, 2.472861420049543, 3.864399887828355, 0.13290919746195806, 0.1541558403198784, 0.9203955954505385, 0.5058132589394431, 2.546066045480969, 1.323283615935595, 2.9508634514187038, 3.855720687385877, 2.094172326536654, 2.335800818429256, 2.754232444351463, 4.026426745036726, 2.7930282121668046, 0.265593899555439, 3.2236984559573214, 0.44190335105328815, 2.6085214590104573, 2.242557385105342, 1.9562009286321929, 1.271266509115917, 1.8939375529255258, 2.8766608921098804, 1.6739388316291088, 0.11065057260568523, 0.3389445970223761, 2.7282111777743006, 0.28259797660491737, 0.16064190802535006, 0.20918444385179358, 2.104760067343147, 3.70760411448072, 3.7245060167212705, 1.849122156062425, 1.74244918273066, 2.6882077333859327, 2.2263502012004373, 4.073896732388555, 0.7845351582683691, 0.3583931041013355, 2.9452151945049785, 3.1502858781592713, 0.1698799632053758, 2.2129427659972536, 2.7294918360573748, 3.417921481004964, 1.508121526552084, 3.4885898316523067, 2.1440960878234034, 1.383022173927947, 0.5842981691127069, 2.786974112555668, 1.1314822587592277, 2.5059012435349013, 1.1376428328775128, 1.1897155067962195, -0.03948123768985967, 1.8912913907891764, 0.5140036034874149, 3.316952239322779, 0.3087322258559717, 0.3173409535178009, 2.3203201927467774, 0.5762772811937538, 4.33445503946966, 1.343524985547932, 0.21996243260831205, 0.038918154050620934, 2.4828067011873096, 0.3747099218511232, 3.20427824987686, 2.7260600417365404, 0.422560363434743, 0.20541441721974962, 4.474472267311598, 0.3127541092762445, 1.4209417682558116, 2.2002522876811783, 1.9979637256482308, 2.2976757043094724, 0.36469310149765066, 1.9594804130319736, 1.5708202637688176, 0.6599336473668842, 2.2649571239663127, 3.796596608284183, 1.7280214989025557, -0.004441626683400202, 2.2132483279387825, 1.7762438391272755, 0.4071509653437322, -0.07861942788949161, 0.7676791045800027, 2.3177427307171334, 3.7396054161254013, 2.091375673000856, 1.2795611589662608, 0.4482478564745054, 2.587124506529385, 0.12076855395316466, 2.5225380805221667, 2.3417009957222654, 2.798024311061171, 2.870711930992992, 3.1417255660925467, 3.5657073022955883, 3.9159164148214947, 0.31127249942034174, 0.10710800873451642, 0.9050750469099675, 3.646533449507645, 1.5538059253335608, 0.11587764777873932, 2.158250393358793, 3.9172195413660402, 2.3819025286634727, 1.1405230231178343, 2.9877580228436122, 3.076986792404334, 2.578105109124395, 2.492840364970591, 1.8326754415224509, 1.002626909596627, 1.9287514830655414, 2.322337216965615, 3.0658213250326614, 2.761428110446121, 1.852046879594412, 0.0679198357537083, 1.1538588487219827, 1.8673534498599216, 0.7077411303520142, 3.6876478076874317, 3.6646295509262554, 2.6988452067326647, 2.549415389500223, 0.39983844010995284, 2.7368017865680243, 1.6726509972796242, 2.5601193060758027, 1.8148835746352199, 2.614944718842279, 3.442810656443218, 4.501152312240748, 2.4484837109054896, 1.741472741092172, 1.126335248085034, 1.7665566978474017, 3.0238926651015334, 3.5227894629283822, 4.051419686884833, 2.599388916866897, 1.6630056130389856, 1.3509795157868234, 1.190649440951575, 2.1790945473325207, 2.4448864788263194, 3.2103923483075985, 0.39959551191850995, 1.3308877720822017, 1.7847290539728478, 2.208561038587468, 0.7236720032423871, 3.163202577810114, 1.9990915139276826, 3.058288873521825, 3.8953414900782155, 1.7471631009335113, 1.5771589664105052, 1.4193818055710836, 2.4810753403330663, 1.7731252194332237, 1.2735236524246076, 2.877997797000689, 1.6450194811119214, 0.3838619029895929, 1.5528328983512631, 3.1715096771614917, 2.8735770949367945, 2.763783560569751, 1.6083057899535071, 1.7406004302497822, 3.359518784431827, 1.5691204339638996, 2.9594175744905358, 2.3728766171949007, 3.8105618798915732, 1.6315362850096236, 2.892402598318884, 2.0317310706419915, 2.8927036863220494, 2.3873947550483816, 3.7876720881292756, 1.6356016554079358, 2.310757275255066, 2.375823332273072, 2.5551953595407775, 2.8270541412682353, 1.1939971356538062, 2.356114095031699, 0.8286088588615819, 0.5509998474491227, 0.22552606081757176, 0.2818339402873917, 3.7744593314424195, 1.3116524600633441, 1.015025883241642, 0.4854209222830699, 2.610434516416185, 0.6908097574049699, 2.695551532366843, 2.405805817749392, 1.8857273452238843, 0.9573079337066774, 0.8348571566022256, 1.7392167032981305, 2.0360918417919, 2.215846466011915, 1.160909831848164, 1.659994575462945, 2.535145596974135, 2.0864380981004205, 0.5571001065974315, 1.8201159236736892, 0.6350458030065695, 0.14545704985383257, 3.1367735687964338, 2.5548078456217036, 3.3846991545410456, 2.2571671334851406, 2.622820315283707, 1.8353255131284563, 1.74110842171635, 2.6140511564001683, 2.985464184187363, 0.19137249839139203, 1.4714889952225478, 0.9352735781776926, 2.560950548136471, 1.3916968335396067, 3.7898405301248648, 1.763674127392101, 0.023931773824674263, 1.3483153772896075, 0.9291845413535269, 1.7990711840600182, 1.2188665241401786, 2.1292971648590107, -0.00014102381876224257, 1.3731022785789486, 0.6744671188243696, 2.6887632303533784, 2.452393229489548, 1.313466059966462, 2.6072742943761895, 0.30503726582584223, 1.618878737942477, 2.8612188854423724, 2.2660644022929546, 3.0427940997997425, 2.204862431629402, 3.4606285491929216, 1.0678289773951168, 2.1779368021055134, 1.8237056998901493, 1.5307097427636243, 0.4207868337499252, 0.37439706820083174, 0.3952989303965446, 1.1342460083664758, 3.8092132193357378, 3.395771528336242, 2.1208940626959496, 2.6948933291301014, 2.1348816614298958, 0.2761689837156607, 3.22008602354722, 0.18008822912775635, 0.4438754783622967, 2.3192829909435733, 3.944997316937208, 1.0851445088658518, 1.707707883290649, 1.4203675387732473, 3.4571062156983956, 2.5642168599196453, 2.3226868723754577, 0.1480805117253623, 0.768095684478364, 0.37024255111581583, 1.906380085557688, 2.6487954524640176, 1.2059940932921798, 1.9257503255626442, 3.5903794697816807, 3.267129502562668, 2.154810442010381, 2.92235829593857, 2.7396322593511666, 2.681220607479757, 0.43612166796624363, 0.23835898788991683, 0.4968190025713639, 0.10725949255222433, 4.607699560657865, 1.488242197914433, 2.4746838836444045, 3.120528323605221, 2.7306198395716765, 2.107454315591306, 2.4985754425176956, 1.0237825799087266, 0.3246879800492377, 3.30561740816595, 