{"model": "catboost_minilm_features-extract_pos_ngrams", "type": "test", "seed": 40, "time_start": "2026-03-01T16:04:30.660149", "mse": 0.937929013856932, "accuracy": 0.415929203539823, "corr": 0.7048577907209297, "precision": [0.8888888888888888, 0.3269230769230769, 0.33, 0.5576923076923077, 0.5384615384615384, 0.0], "recall": [0.1568627450980392, 0.5151515151515151, 0.6470588235294118, 0.4461538461538462, 0.2916666666666667, 0.0], "f1": [0.26666666666666666, 0.4, 0.4370860927152318, 0.49572649572649574, 0.3783783783783784, 0.0], "support": [51, 33, 51, 65, 24, 2], "confusion_matrix": [[8, 23, 20, 0, 0, 0], [1, 17, 14, 1, 0, 0], [0, 9, 33, 8, 1, 0], [0, 3, 29, 29, 4, 0], [0, 0, 4, 13, 7, 0], [0, 0, 0, 1, 1, 0]], "predictions": [1.3575303554534912, 1.2511190176010132, 2.566694498062134, 1.0897716283798218, 0.7110730409622192, 1.7009506225585938, 2.855910301208496, 1.9525835514068604, 1.1024010181427002, 2.529721260070801, 2.725236654281616, 2.313588857650757, 3.3344011306762695, 1.7510733604431152, 1.66721510887146, 1.6362650394439697, 3.708937168121338, 0.8975198268890381, 1.3840855360031128, 3.453728675842285, 3.9851603507995605, 0.32544803619384766, 3.0658602714538574, 1.7179841995239258, 1.5283315181732178, 2.860715866088867, 2.5982491970062256, 1.794384241104126, 2.603625535964966, 2.5320565700531006, 3.3306400775909424, 1.0636595487594604, 1.9419255256652832, 1.4026038646697998, 3.061100959777832, 2.387268543243408, 1.3006818294525146, 1.9410916566848755, 3.3958990573883057, 0.7763494253158569, 1.4562690258026123, 2.075261116027832, 0.8991885185241699, 2.1094489097595215, 3.406928539276123, 3.1549737453460693, 1.4656416177749634, 2.709374189376831, 1.8866215944290161, 0.5188251733779907, 2.341040849685669, 1.8945708274841309, 3.2237112522125244, 1.8018512725830078, 3.119354009628296, 0.7600733041763306, 3.042172431945801, 2.194096088409424, 3.7905282974243164, 1.6570014953613281, 1.6530590057373047, 2.0264992713928223, 2.445333242416382, 2.274444580078125, 1.8459651470184326, 2.239485025405884, 1.7861711978912354, 1.6939640045166016, 1.0104851722717285, 2.3992111682891846, 1.6685688495635986, 2.510326623916626, 1.1371749639511108, 0.5879988670349121, 1.2769818305969238, 1.6883922815322876, 1.4595937728881836, 2.0121400356292725, 1.5936839580535889, 0.40607571601867676, 2.081211566925049, 1.8273563385009766, 2.301806926727295, 3.1540112495422363, 0.6938924789428711, 1.919880747795105, 0.28058886528015137, 2.8281409740448, 1.690024495124817, 1.6842703819274902, 2.857807159423828, 2.997927665710449, 2.775538921356201, 0.7806909084320068, 2.523871421813965, 0.4860959053039551, 1.5095769166946411, 1.8782798051834106, 0.9651434421539307, 1.555847406387329, 2.7778334617614746, 0.49965524673461914, 2.565462112426758, 2.356215476989746, 0.651262640953064, 2.0866212844848633, 2.3430252075195312, 1.1930136680603027, 3.467165946960449, 1.4095885753631592, 2.7465362548828125, 1.9746739864349365, 2.5632801055908203, 2.8301260471343994, 1.7680113315582275, 1.205458164215088, 3.1686902046203613, 2.4762706756591797, 2.6668968200683594, 2.5644984245300293, 3.5900697708129883, 1.705484390258789, 0.24056243896484375, 2.1332719326019287, 3.2969586849212646, 2.3886868953704834, 1.6403064727783203, 1.0594323873519897, 1.5862889289855957, 2.1044163703918457, 2.5458602905273438, 3.6596670150756836, 1.5495206117630005, 1.6536860466003418, 3.155426025390625, 4.060962677001953, 2.1259593963623047, 2.781252861022949, 1.2057616710662842, 2.2852041721343994, 0.8174964189529419, 1.6860649585723877, 2.159184455871582, 1.5893170833587646, 2.080594062805176, 2.8416638374328613, 3.2502267360687256, 0.2506387233734131, 3.7476444244384766, 1.2902206182479858, 3.3703131675720215, 0.9474045038223267, 1.1055549383163452, 0.8680346012115479, 0.965709924697876, 3.526897430419922, 1.0497171878814697, 0.8194057941436768, 2.207123041152954, 2.686143636703491, 2.920245885848999, 3.195178508758545, 3.174999475479126, 1.231642723083496, 2.3697988986968994, 1.7489092350006104, 1.6560676097869873, 1.4363898038864136, 2.2985687255859375, 2.0867583751678467, 2.198720932006836, 2.084369421005249, 2.027975082397461, 1.451666235923767, 2.3083488941192627, 2.7383477687835693, 1.1411446332931519, 0.8188918828964233, 0.6419267654418945, 3.195324420928955, 2.0338191986083984, 1.8635714054107666, 1.1263093948364258, 2.293091297149658, 3.7334868907928467, 2.2054383754730225, 1.9815235137939453, 0.8308405876159668, 3.949160099029541, 1.6006571054458618, 2.136003017425537, 0.7661290168762207, 1.770037055015564, 2.6251678466796875, 1.623548984527588, 2.2744312286376953, 2.0427005290985107, 0.4555633068084717, 2.38484525680542, 0.8384335041046143, 1.6522343158721924, 1.7762951850891113, 1.9710571765899658, 1.9175143241882324, 1.5751986503601074, 1.4541453123092651, 3.570943832397461, 1.860807180404663, 3.668846607208252, 1.8777656555175781, 1.5723401308059692, 1.7423670291900635, 1.316304087638855, 1.8531602621078491, 2.1896848678588867, 1.2022048234939575, 2.6477272510528564, 2.4428513050079346, -0.06185007095336914, 1.9984288215637207, 1.3801575899124146, 3.807276964187622, 1.918332815170288, 2.4003798961639404, 1.9654104709625244, 3.0719704627990723], "params": {"iterations": 1510, "learning_rate": 0.014286, "depth": 3, "l2_leaf_reg": 3.4047e-06, "bagging_temperature": 2.5656, "random_strength": 4.1266, "border_count": 207}, "time_end": "2026-03-01T16:04:30.755364"}