{"model": "catboost_minilm_features-extract_sentence_length_by_word", "type": "train", "seed": 40, "train_losses": [], "val_losses": [], "time_start": "2026-03-01T15:08:59.940543", "mse": 0.11118037725096712, "accuracy": 0.8634020618556701, "corr": 0.9817231872653989, "precision": [0.99, 0.8296296296296296, 0.6809815950920245, 0.8273381294964028, 0.956140350877193, 0.992], "recall": [0.8389830508474576, 0.8682170542635659, 0.925, 0.7615894039735099, 0.8449612403100775, 0.9612403100775194], "f1": [0.908256880733945, 0.8484848484848485, 0.784452296819788, 0.7931034482758621, 0.897119341563786, 0.9763779527559056], "support": [118, 129, 120, 151, 129, 129], "confusion_matrix": [[99, 19, 0, 0, 0, 0], [1, 112, 16, 0, 0, 0], [0, 4, 111, 5, 0, 0], [0, 0, 36, 115, 0, 0], [0, 0, 0, 19, 109, 1], [0, 0, 0, 0, 5, 124]], "predictions": [2.6835051026477394, 1.3176189467475692, 0.11395106369901242, 3.930264348215066, 1.5029738448433327, 3.6776428067542732, 2.448521583115477, 2.720978839826696, 2.451351938748328, 2.860283883516364, 1.8246517772557724, 3.7487601915203754, 3.0277000707572888, 3.0802162086487934, 1.6893104074776628, 0.40285189676188926, 1.7272800753486852, 2.940882381798729, 3.0450213402349284, 1.7657444342774755, 1.4028051588266255, 0.5253872691310231, 0.7282241012613158, 1.830411988151925, 1.0338152818144704, 2.8523483822792417, 0.18836187787496872, 2.815538624637146, 1.0911938948864888, 2.647961694261906, 1.817330217128412, 2.250027484819249, 1.3656610813070704, 2.9102288197530752, 0.9983518694457347, 1.7875154632481707, 0.0114932399632246, 0.3581518993341968, 0.21015346267755808, 1.730915046991162, 3.7855660117957814, 2.5001654747064217, 1.0523437211831315, 1.5558586041615654, 0.48894382406659354, 2.0941720263754706, 2.621954477234094, 4.00791729748228, 0.1761103140712743, 0.15514207487411324, 0.9762296494124316, 0.4081856002452171, 2.507764755059442, 1.3873562513856672, 3.0784491982675437, 4.069033431842449, 1.9831992781994452, 2.4170334914122966, 2.781167522548588, 4.094805628542663, 2.728865657424489, 0.31937532865643314, 3.1980136780048114, 0.36400404333605696, 2.510280554013063, 2.3396690770750475, 2.0491896283658058, 1.250375360877901, 2.062141201821777, 2.9642933561111517, 1.6862176687790122, 0.10919935267460579, 0.33711592979304017, 2.72963071214095, 0.23309362318033466, 0.1587594521718736, 0.15507264850349678, 2.048356488547076, 3.873875534177839, 3.7728095375028574, 1.8785475070182809, 1.7435959816675848, 2.679069265768708, 2.2028899959408808, 3.8929931999223095, 0.8650087659766896, 0.26385039616034245, 2.8760547573447592, 3.2396082222352383, 0.13443532421393511, 2.2047641931287982, 2.7163076818878555, 3.545874538324873, 1.5774021862999514, 3.4597068254706485, 2.141637997538562, 1.3512050666534403, 0.6053131572091828, 2.935301852724093, 1.1463540893006459, 2.5339669964178246, 1.1625939676906063, 1.203030536790746, 0.08112085989919793, 1.928722244578044, 0.5319272379481008, 3.1905024350798543, 0.33162753883948515, 0.16472246833080018, 2.310725712344417, 0.49138060673707384, 4.3156830367735175, 1.3950505380833798, 0.14290311385976562, 0.09061710523771316, 2.5347750790382544, 0.316290157743218, 3.072429058209166, 2.7624085775686438, 0.44038509244445434, 0.193704877221764, 4.4035382730496435, 0.3298550518961174, 1.5952532037780367, 2.2542495983633506, 2.034474009482564, 2.413924871077051, 0.3204576545429738, 2.0598965222821906, 1.5834371456545202, 0.6730598136500212, 2.287939457570376, 3.807177879670615, 1.634915008214818, 0.08390958523625702, 2.3193052200492117, 1.766001107472544, 0.39909283811344354, -0.10621549286746035, 0.7791736062873809, 2.4131253772696404, 3.62439736897528, 2.006773362013229, 1.3329016132843277, 0.4230534173545428, 2.596172470759647, 0.16578669578008753, 2.481774890303718, 2.304229521350207, 2.828709548801899, 2.930572261161714, 3.032970733041631, 3.6784905005419937, 3.846924862875667, 0.27948318351546897, 0.07236668232960719, 1.0359200374278297, 3.577378985786175, 1.5876323898023066, 0.155049446570366, 2.177185463958985, 3.837607483364682, 2.3930830788048483, 1.1406597162857535, 2.9151951394413915, 3.139668297136634, 2.462466511319758, 2.586850319184317, 1.9915706874756494, 1.0680931650984755, 2.011447543809812, 2.45603551225339, 3.095781778972673, 2.7819219375995754, 1.822063746445862, 0.0613307017887057, 1.1352465914094874, 1.8547512948777514, 0.6263594592448929, 3.7309213677973405, 3.7670079132836465, 2.698067837997257, 2.758031639946639, 0.331316024914877, 2.6610626799065953, 1.6199999648326031, 2.577940592238498, 1.8359348614359126, 2.5356825084655004, 3.4386988125605615, 4.399540626687527, 2.3767503267108387, 1.6579136035987543, 1.2021788638156017, 1.8269554749043182, 3.162081122930962, 3.5229570492641464, 4.111336821710474, 2.571255782642331, 1.6712410178996486, 1.2326383996439458, 1.133724947773508, 2.1988759746057402, 2.4343378005373224, 3.1271753677396035, 0.39175626341374903, 1.4154596581996115, 1.7873223730760763, 2.2197564996536188, 0.7084799794787504, 3.078859780812203, 1.9361448093898526, 3.185966272562307, 3.9304082829997125, 1.8052817648189623, 1.574918867464928, 1.5426336503045932, 2.422057894877748, 1.8368633531089475, 1.368318789375639, 2.8952963575363424, 1.734553916165382, 0.36622768602914846, 1.5251275504614052, 3.0901998184923336, 2.8141181148818823, 2.6383819981265932, 1.6435856822555615, 1.8408155149615064, 3.3468039690616687, 1.6234407827207014, 2.9804055715742552, 2.349946503026844, 3.6883973867178135, 1.6634200171781313, 2.867719488138475, 2.0798276124300097, 2.8673469235991713, 2.3165339793063455, 3.879344703830966, 1.624503657561551, 2.2397651517113366, 2.407822518250028, 2.6296538675569563, 2.7371108080942514, 1.1438579306103622, 2.3774379893358906, 0.9198661954726473, 0.5617483568232191, 0.22488077667761797, 0.28032332577784835, 3.8090311632182514, 1.2978692276146309, 1.1274049051031447, 0.46072742382035514, 2.659814887153337, 0.5672963153994732, 2.6778925361969614, 2.47584842754003, 1.83946362233289, 0.9615403021026838, 0.8779771792784166, 1.7635461458555683, 2.1885484208512267, 2.175662912647122, 1.1606998951628236, 1.7682023622646632, 2.5091851986813967, 2.141289807878309, 0.5432255536330148, 1.910997808377281, 0.6073966894900789, 0.11631451994984188, 3.300830692953697, 2.478386036465142, 3.479436353383974, 2.336536031970205, 2.6132740914369528, 1.8060175006243255, 1.6846285175077607, 2.7438196794062426, 2.9040863806497375, 0.26781448831894616, 1.434494112049022, 0.8924428083464633, 2.5166063966688497, 1.3494569863931372, 3.6918566679268636, 1.769701567089072, 0.13953763702591893, 1.2787627036897289, 0.8477194052344408, 1.8244072255199404, 1.2148500879711364, 2.181146223717699, -0.0012490533323048503, 1.219035929178291, 0.6193496136957759, 2.7744147366237146, 2.466457353703252, 1.2808094119862878, 2.6420895220493206, 0.2852760122411171, 1.53938202215881, 2.855598148489855, 2.3322268505314074, 3.1893076656547823, 2.120359371771975, 3.4401156455232194, 1.0006565979865651, 2.2299181795090735, 1.7227244043762209, 1.5717187267011907, 0.3816347468822183, 0.4641577695900372, 0.43720717148898025, 1.134547433653534, 3.646456583395697, 3.408158030158794, 2.1652692962907767, 2.7914853006326963, 2.1518898110648417, 0.14714786022310689, 3.238435126932651, 0.19923544226597478, 0.32706073913830647, 2.3368971817172053, 3.838424919061654, 1.1610019344363685, 1.7095580381333422, 1.3697150342536093, 3.466044649941078, 2.6035107179099892, 2.3673703304858473, 0.2176663772387677, 0.7461541213757601, 0.32246854606813535, 1.849102780647749, 2.6308104564904498, 1.1467291622632787, 1.9995082936194906, 3.577763883856001, 3.2001431079787586, 2.0485333062611177, 2.925413838454947, 2.8154672231019955, 2.6250484936227405, 0.43602524791652497, 0.1999322454950092, 0.4523715495088534, 0.14664089610543618, 4.616220519294123, 1.539741521324705, 2.433511959157076, 3.046268203291198, 2.7009863976890927, 2.11351586473789, 2.474046415802577, 1.020823771485132, 0.40780606849434875, 3.382105444289429, 0.4376420155236094, 