{"model": "catboost_minilm_features-extract_quote_ratio", "type": "train", "seed": 41, "train_losses": [], "val_losses": [], "time_start": "2026-03-01T14:55:58.801822", "mse": 0.11012305516316492, "accuracy": 0.875, "corr": 0.9819357159121986, "precision": [0.98989898989899, 0.8333333333333334, 0.7018633540372671, 0.8582089552238806, 0.9576271186440678, 0.9920634920634921], "recall": [0.8305084745762712, 0.8914728682170543, 0.9416666666666667, 0.7615894039735099, 0.875968992248062, 0.9689922480620154], "f1": [0.9032258064516129, 0.8614232209737828, 0.8042704626334519, 0.8070175438596491, 0.9149797570850202, 0.9803921568627451], "support": [118, 129, 120, 151, 129, 129], "confusion_matrix": [[98, 20, 0, 0, 0, 0], [1, 115, 13, 0, 0, 0], [0, 3, 113, 4, 0, 0], [0, 0, 35, 115, 1, 0], [0, 0, 0, 15, 113, 1], [0, 0, 0, 0, 4, 125]], "predictions": [2.770058747254591, 1.217429929402705, 0.18862666720204269, 4.023727963312021, 1.5762698104117105, 3.688784912517297, 2.4694031239765883, 2.729853166156136, 2.4004728786942517, 2.9455186106511584, 1.8506013741862075, 3.7164504957708906, 3.056473234223847, 3.0046726070332013, 1.5673834131842115, 0.3403485251401892, 1.8003560813738892, 2.9208405646626106, 2.856369060330067, 1.7407974883174795, 1.3904324580691505, 0.604938363246313, 0.7378273948488425, 1.817367325944487, 0.9408703468885411, 2.900166950543118, 0.21877477023809888, 2.8205134495674664, 1.0798350601346627, 2.63251036459268, 1.7615080059864534, 2.3186590739291653, 1.4440886384391498, 2.926594292875017, 1.0501644703315556, 1.762984141251096, 0.1318928595838429, 0.4013559485261151, 0.2581998483040904, 1.675018020142641, 3.8257650421187455, 2.5272840555216445, 1.1369517973096666, 1.6221671357420906, 0.45632835473232536, 2.1389951013477666, 2.5345824112429365, 3.941297397298096, 0.16932454508258488, 0.14406035522488025, 0.9505050694364527, 0.3702506894573925, 2.523974794684891, 1.3639575597655698, 2.968914772506609, 3.875897503028381, 2.0756781164407396, 2.320437048258609, 2.752151865484435, 4.185555515260619, 2.8714592614069305, 0.3142958520241077, 3.1652786589707715, 0.4007615821339905, 2.5849640171575134, 2.2783190892586447, 2.021359093447702, 1.2139606702219752, 1.9158854781383678, 2.8814731883171367, 1.6696619378344542, 0.058582090451552826, 0.39405248706920615, 2.7690161801472275, 0.2663461472650921, 0.06690080250935937, 0.20113941087843168, 2.1227920738911306, 3.8104754167821944, 3.7288773613783674, 1.898883752234745, 1.7574389201784775, 2.673456455995349, 2.2189431087020246, 3.938554211047471, 0.8386067481617319, 0.18098252826675898, 2.949890639045654, 3.1684128998754693, 0.1259710191611907, 2.1891272116688167, 2.6667132012051242, 3.4118072431907667, 1.5486333717137049, 3.5202931150652708, 2.2096432911572177, 1.4489732999539104, 0.49834158547507723, 2.8580365536592782, 1.1148637658112788, 2.540911720158744, 1.1042117246326641, 1.1240904398103277, -0.05672349309289615, 1.8848951711853799, 0.5455308841009838, 3.223685913840731, 0.3457964792463639, 0.22195769428095025, 2.2895774876323705, 0.5351000293122994, 4.443881766296507, 1.4342946840448694, 0.12846191187347067, 0.11098052140140169, 2.4025973980929076, 0.2559072116420129, 3.1667259178206333, 2.6318479734416464, 0.4063888734157355, 0.11883363370136113, 4.4260902113328005, 0.25866710578945495, 1.4502677305861584, 2.331100862205225, 2.0104394839197317, 2.3938710423703697, 0.3453123594284051, 1.9363539015473732, 1.6281567943236983, 0.6551709731027313, 2.2443405472989526, 3.780970041733579, 1.8342847297382363, 0.04259555820571537, 2.2583585720557506, 1.7309575400100776, 0.45817097643788474, -0.14359515442086623, 0.8108651714355426, 2.4129291696558965, 3.562296123525194, 2.124833172100066, 1.2317315620237226, 0.5094709366566157, 2.6456957420022884, 0.13201661995884395, 2.430159058128604, 2.3534946119914473, 2.8041422191433747, 2.9116441748408857, 3.1494899527677167, 3.630883288914187, 3.8898008250771863, 0.2797859225658641, 0.06890745954713662, 1.053255344408449, 3.655472493545118, 1.4909318946848327, 0.11795185656920237, 2.2040169808689423, 3.8977470054499563, 2.3985320529003484, 1.2392483988393541, 3.042906426270283, 3.054523458628112, 2.5244334827621278, 2.608043550198137, 1.9522013819902315, 0.9569238730315488, 2.0565628984322655, 2.387958484300384, 3.0497959939642385, 2.7551739028056605, 1.9218604431264303, 0.08294216727402981, 1.194842570309154, 1.8622232766831188, 0.6947701335168415, 3.613660414413485, 3.6696520146635407, 2.72879755156295, 2.7302194314498305, 0.4046934763353587, 2.7191097309486874, 1.6586081198197418, 2.53101824434132, 1.8226188783279336, 2.5384067073285626, 3.348437028853877, 4.366657020891357, 2.367384155214815, 1.7070558574962535, 1.1311374905618705, 1.8000246141081278, 3.026583996128532, 3.518873450997594, 4.108962766046205, 2.579667585612828, 1.7396780742527718, 1.2889935501504792, 1.1628241768689878, 2.2576845748441476, 2.389708260933811, 3.073495847808797, 0.35291841773052157, 1.3520724501255907, 1.7427372745367977, 2.132763867176005, 0.7303430414849323, 3.0923588096668673, 1.9219287944697192, 3.149237255196853, 4.022851495943971, 1.7535150382149145, 1.6779496137269687, 1.5009052587260285, 2.4708140317661624, 1.720603825037578, 1.2499182397375288, 2.949206070337018, 1.6146499794911389, 0.3808178430284066, 1.4874603985004426, 3.165891055206679, 2.8667962259363895, 2.682470499935798, 1.7062642629243636, 1.8120220418641075, 3.344948636137699, 1.6161439312617918, 2.968822228236757, 2.350140867195184, 3.7128276346517834, 1.5928217689248618, 2.8397865350958647, 2.077603104136387, 2.8236857042494563, 2.247713936738908, 3.858580631628147, 1.6525308476560967, 2.2090281358992883, 2.434134100069021, 2.622890047998918, 2.7351866900622883, 1.207598278936825, 2.3662967894437488, 0.8997758826056772, 0.48096144781915484, 0.2876247711634994, 0.3125307833880284, 3.729790485160663, 1.259354496209179, 1.034600879809219, 0.3385753799873856, 2.6831479046444406, 0.6159897663393052, 2.774707922513248, 2.526654481890514, 1.7949437004748634, 0.8731217707505139, 0.9289315913000573, 1.6523493286581223, 2.092738395482328, 2.1987403314998555, 1.125125469424085, 1.720900320015093, 2.6088055739500016, 2.114619466852711, 0.6011116294102243, 1.8234372687466052, 0.5485903221889072, 0.13992836468795167, 3.1995831778144646, 2.64085707209826, 3.4128005639828105, 2.279114001777751, 2.60937688915492, 1.7596974703790274, 1.7219754389054667, 2.6305522849113054, 2.90797695801071, 0.2114228884297975, 1.4620693752780438, 0.9979139809397317, 2.480099068885365, 1.3491003182107815, 3.742997886777184, 1.7810359358238586, 0.14337325216459984, 1.2380249304362356, 0.8174203717739437, 1.856474960777519, 1.2670751320923606, 2.16813252313709, 0.0502204741354948, 1.3163919201393979, 0.6301212541045396, 2.719226577551715, 2.4945089744745275, 1.2102661866279976, 2.57438573369653, 0.3105863023559259, 1.635048149614947, 2.8346017495534523, 2.326513434471057, 3.04282158279221, 2.1769679893854743, 3.547994833692914, 1.082595049132545, 2.1578633904281843, 1.7980047925022742, 1.467866481862839, 0.5276872480686956, 0.39301062507211304, 0.39306213016827574, 1.1055503196361511, 3.7183319073236074, 3.423457977102383, 1.9671142410573998, 2.67437112447863, 2.0911834660398343, 0.20317143490940248, 3.2234208510011686, 0.1274932643778106, 0.33539792908754196, 2.3632528181869628, 3.934091719889312, 1.1715891674420562, 1.7332701264927652, 1.4075773381288141, 3.618729506176551, 2.632925340848879, 2.269104470013455, 0.23662454374963815, 0.7321226252363968, 0.36294446445422324, 1.9341857971024559, 2.635665492388418, 1.1992104208522443, 1.894206075186865, 3.706706094412266, 3.2103814587980812, 2.107971128944016, 3.057155725186477, 2.812482938120697, 2.6159865491784067, 0.4910829642014236, 0.23229292548500924, 0.5283847501408214, 0.04764566967482731, 4.660876123376592, 1.5060096335647493, 2.4618096780667837, 3.014802095771423, 2.716487045216017, 2.143164669973491, 2.4919561889582433, 0.9611981478691554, 0.41832905193151504, 3.345900090649655, 