{"model": "catboost_minilm_features-extract_preposition_imageability_avg", "type": "train", "seed": 42, "train_losses": [], "val_losses": [], "time_start": "2026-03-01T16:53:10.847182", "mse": 0.10889343061817286, "accuracy": 0.865979381443299, "corr": 0.9821271141604078, "precision": [0.9894736842105263, 0.7986111111111112, 0.6851851851851852, 0.8625954198473282, 0.9583333333333334, 1.0], "recall": [0.7966101694915254, 0.8914728682170543, 0.925, 0.7483443708609272, 0.8914728682170543, 0.9612403100775194], "f1": [0.8826291079812206, 0.8424908424908425, 0.7872340425531915, 0.8014184397163121, 0.9236947791164659, 0.9802371541501976], "support": [118, 129, 120, 151, 129, 129], "confusion_matrix": [[94, 24, 0, 0, 0, 0], [1, 115, 13, 0, 0, 0], [0, 5, 111, 4, 0, 0], [0, 0, 38, 113, 0, 0], [0, 0, 0, 14, 115, 0], [0, 0, 0, 0, 5, 124]], "predictions": [2.6244408840780795, 1.304110600088998, 0.16303807586465302, 4.054726679335627, 1.449615393731294, 3.7427555511767423, 2.4567379283175335, 2.753915723471028, 2.3778176898848957, 2.999552984723447, 1.8351799223583534, 3.6840004581966967, 3.092495966574377, 2.966670016879342, 1.62142606333341, 0.366055282699862, 1.770812355312306, 2.8901117470991795, 2.8607518246598174, 1.7519798463422784, 1.426840907310798, 0.5951946931190661, 0.736094700708122, 1.7696766411956566, 1.0299148831802827, 2.8829279167186255, 0.16153859062645903, 2.6865441536291486, 1.0868696425619184, 2.528906095145848, 1.790230974853392, 2.2129310730745813, 1.3451376899163634, 2.963240164212247, 1.05610817592059, 1.7210164881824617, 0.0522152452548581, 0.47685474955384244, 0.24127233855206764, 1.7250881956026864, 3.8340336394850913, 2.5594339048180887, 1.1234645558756038, 1.5081073031381567, 0.5137350064804276, 2.12793271294001, 2.5114858597635634, 3.867063347700313, 0.17928487343365385, 0.10770974489651275, 1.0082772895929122, 0.5067327505569368, 2.448844753450856, 1.4449690010114917, 2.9340760615072323, 3.893742076568172, 2.0606146274472263, 2.316676131443678, 2.7154459634582326, 4.163522724182396, 2.812325416178831, 0.2357720570628703, 3.1601285282740816, 0.37595945234532024, 2.7005231338650773, 2.2629144579540412, 2.0132509351023273, 1.2259228347045683, 1.9283785580987665, 2.952955156015652, 1.7824357325636144, 0.07297934900508363, 0.31849053362114343, 2.6650613264489467, 0.3084682756421553, 0.1628923960196751, 0.22487572902661945, 2.1447930506495174, 3.7854050561949215, 3.7903945895255653, 1.8662065292363088, 1.718617138600862, 2.6217309385153866, 2.181244439831439, 3.951667513334754, 0.9136084089172773, 0.30963557031440425, 2.900754926652223, 3.2327673206669263, 0.1415654316841013, 2.217265855696822, 2.7337227824325696, 3.4434309467072395, 1.5439456449408344, 3.5605022123105847, 2.0965924681739536, 1.3981386008586558, 0.5944969481700693, 2.8754827766944198, 1.146462094689959, 2.4376859098237746, 1.1587624933131053, 1.1771833901783264, -0.0030719377821739613, 1.9248670064903712, 0.5038127929599583, 3.3206540874637094, 0.2998120091956764, 0.17821108644969152, 2.389187226141264, 0.5646461837082852, 4.439093687112367, 1.2688783643978825, 0.1932717701056239, 0.09910318491746839, 2.406225889929477, 0.27688693929406094, 3.1134625189853393, 2.6993706221825526, 0.4364854470990376, 0.17955219197299677, 4.412594819159291, 0.29598281570375473, 1.477992041539255, 2.335449931755745, 2.074305980519049, 2.4662593704855627, 0.3399701519612526, 1.9762873353508903, 1.6309442546515758, 0.6620317972499898, 2.3349621799558635, 3.816443728738643, 1.7164831877169346, -0.016596393378651264, 2.200053284949643, 1.7916535632063892, 0.3566261178625654, -0.06846520890377539, 0.7792661275607424, 2.3671630048400236, 3.7291793001591635, 2.1088935180303, 1.1513278614020084, 0.4442453940454292, 2.6189276914392288, 0.12050729703127017, 2.4991531759724217, 2.3003963975941337, 2.772656140896713, 2.9235761305009764, 3.036212841542424, 3.546670416348325, 3.909724143319854, 0.2976037548953143, 0.11364064501765814, 0.993270696056131, 3.701241329541222, 1.5249264030349376, 0.12260690765074456, 2.1200099372991468, 3.889081444360338, 2.4088917067559277, 1.1920805638500196, 3.0161211599060778, 3.1231257776780432, 2.551559896273895, 2.4613544535242555, 1.8673773819943715, 1.0154732225424834, 1.87773484410189, 2.40699121194062, 2.9662352290859424, 2.7987288422409766, 1.8059543369480526, -0.023688256188263423, 1.181570189776052, 1.8169753045345851, 0.6457317583277162, 3.7716664195942053, 3.6505031406975545, 2.749473302717609, 2.7031731730373676, 0.4889503458711797, 2.756144478491068, 1.6402073669237862, 2.559513140655956, 1.829723016247589, 2.5663856460849925, 3.296145706728714, 4.356878335238289, 2.4741978257945094, 1.739799001724342, 1.1542539151223687, 1.7770289546700249, 2.9606363319776245, 3.4874514412623387, 4.072869706348104, 2.636160339347968, 1.6873353412817345, 1.3417809952410635, 1.1941450215211935, 2.3079593853794576, 2.3801563454619084, 3.236372052163813, 0.38675960082986327, 1.3932755518984694, 1.7946234241953358, 2.1403711992627907, 0.741338778173281, 3.003260127771917, 1.9969212455021408, 3.0412273771489478, 3.963990985752631, 1.795308016338046, 1.6335539476218497, 1.545362989886172, 2.460400430792807, 1.7247872302436704, 1.256863453887124, 2.892905757655069, 1.6236909317046835, 0.3955300330715046, 1.4683321193807468, 3.1368721838550733, 2.813204303597807, 2.7051496410564884, 1.6340291271639589, 1.8040189190686973, 3.3736317506526796, 1.5153853699123772, 3.0224018049718446, 2.4447263720380854, 3.7129608828260476, 1.6262956900806862, 2.822251233521279, 2.1066667501240026, 2.8358490065259696, 2.3510999575254803, 3.7752041774686567, 1.578273671980127, 2.29693180393749, 2.339131815513416, 2.533946719741694, 2.6587584164132294, 1.164704105946106, 2.4322835405863423, 0.8473628367644921, 0.4016708346316369, 0.23488287080316672, 0.2948547784856861, 3.7596771965097115, 1.3289461854797335, 1.0945919307074619, 0.37328997764331495, 2.6865286046074806, 0.615485580845027, 2.6739741180674663, 2.398854966298404, 1.8340795899515026, 0.9146071482158293, 0.8484217795076685, 1.7320306962778753, 2.118507354187033, 2.1502018662068303, 1.154991083797698, 1.6478683954317657, 2.5236812575867464, 2.0539693946030857, 0.5183175577685413, 1.8178690997314324, 0.537888634826805, 0.1334399893425422, 3.2219966354679936, 2.571653119347087, 3.4442693416486767, 2.2979422640427782, 2.5610999217531445, 1.7970315571676032, 1.71403213684954, 2.6707145439375344, 2.878094318416837, 0.20084195974705388, 1.4187592392737653, 0.8784698199769707, 2.528173809790861, 1.3138123499855312, 3.8149499121236614, 1.800767405296692, 0.10368765733749985, 1.285704786412645, 0.8420193052505145, 1.8035002925887347, 1.18635550810033, 2.0547702006141453, 0.029653783619964624, 1.34117748760368, 0.5672410746139998, 2.743068967482469, 2.48451265682929, 1.2243023542107572, 2.5809365319120645, 0.307530472033521, 1.6213129105180286, 2.854452317580138, 2.286414848645684, 2.9736295472682834, 2.1872604480745808, 3.4240296106637778, 1.082714153400702, 2.180682048882737, 1.8252073806497842, 1.5157416408662987, 0.4128815077806851, 0.3036718915739658, 0.40895445326973556, 1.1845323640530585, 3.701810729948855, 3.375324564780974, 2.1060133899254034, 2.701263738673636, 2.1488813408311627, 0.24857894085718035, 3.211683631946428, 0.20297361933124014, 0.4202251053482571, 2.3000894877211553, 4.096525815828703, 1.1079645396156614, 1.7787984830054548, 1.4016564527159998, 3.363849929969401, 2.6142532745423166, 2.2855387002938805, 0.2472897209180016, 0.7814970378569768, 0.2825482157249599, 1.881864319596956, 2.631815981263086, 1.216792344217778, 1.8885176544673365, 3.642567179814627, 3.169848205782333, 2.181553879495503, 3.017227888774334, 2.7477098414794274, 2.746517588206084, 0.38504179021706886, 0.21496946642900117, 0.551601782443985, 0.08495852448925767, 4.612697077393227, 1.4947524477618006, 2.5394526216155504, 3.0323933636384517, 2.7509758581853925, 2.124631576933672, 2.4596447462322293, 1.0082514917007395, 0.32141944657788857, 3.3638781884026114, 