{"model": "catboost_minilm_features-extract_articles", "type": "test", "seed": 40, "time_start": "2026-03-01T15:40:56.063444", "mse": 0.9927934002213675, "accuracy": 0.3805309734513274, "corr": 0.6809374388579531, "precision": [0.7777777777777778, 0.30357142857142855, 0.31958762886597936, 0.47058823529411764, 0.5384615384615384, 0.0], "recall": [0.13725490196078433, 0.5151515151515151, 0.6078431372549019, 0.36923076923076925, 0.2916666666666667, 0.0], "f1": [0.23333333333333334, 0.38202247191011235, 0.4189189189189189, 0.41379310344827586, 0.3783783783783784, 0.0], "support": [51, 33, 51, 65, 24, 2], "confusion_matrix": [[7, 26, 15, 3, 0, 0], [1, 17, 12, 3, 0, 0], [1, 10, 31, 8, 1, 0], [0, 3, 34, 24, 4, 0], [0, 0, 5, 12, 7, 0], [0, 0, 0, 1, 1, 0]], "predictions": [1.1540240049362183, 1.2467458248138428, 2.7298805713653564, 1.2265101671218872, 0.9440652132034302, 1.6099679470062256, 3.050490140914917, 1.5809619426727295, 1.1732004880905151, 2.6159675121307373, 2.972783088684082, 2.2735791206359863, 3.4922397136688232, 2.073413610458374, 1.6482993364334106, 1.8791394233703613, 3.917390823364258, 0.9398727416992188, 1.5560603141784668, 3.6088502407073975, 3.6722004413604736, 0.3564014434814453, 3.0599989891052246, 1.8142001628875732, 1.5803821086883545, 2.8405072689056396, 2.1312949657440186, 1.8109016418457031, 2.5220425128936768, 2.5608432292938232, 3.518216609954834, 1.1929445266723633, 1.9937735795974731, 1.13961923122406, 3.052891969680786, 2.5849902629852295, 1.404833197593689, 2.144658088684082, 3.3488121032714844, 0.7528342008590698, 1.3404746055603027, 2.437498092651367, 1.0598814487457275, 1.9780731201171875, 3.1891350746154785, 3.097161054611206, 1.1988369226455688, 2.7174808979034424, 1.7802531719207764, 0.6001529693603516, 2.5071330070495605, 2.134037971496582, 3.20442795753479, 1.786510705947876, 3.1207103729248047, 0.6016812324523926, 3.0600764751434326, 1.9336133003234863, 3.458625555038452, 1.4642268419265747, 2.0033092498779297, 2.063859701156616, 2.782137393951416, 2.1477479934692383, 1.5189138650894165, 2.5725204944610596, 1.9051153659820557, 1.7568283081054688, 1.1407724618911743, 2.336521625518799, 1.7945277690887451, 2.465998411178589, 1.074944257736206, 0.29901814460754395, 1.3099864721298218, 1.944110631942749, 1.4310940504074097, 1.8969101905822754, 1.5701909065246582, 0.22938871383666992, 1.9875057935714722, 1.9357974529266357, 2.36932110786438, 3.3723015785217285, 0.9791802167892456, 1.7086312770843506, 0.19577717781066895, 2.6604886054992676, 1.4400441646575928, 1.7365238666534424, 2.891615629196167, 2.9256489276885986, 2.753296136856079, 0.8543519973754883, 2.4091415405273438, 0.3400561809539795, 1.4630060195922852, 1.935664176940918, 1.1402013301849365, 1.8373842239379883, 2.559832811355591, 0.22630786895751953, 2.360377788543701, 2.163832664489746, 0.835176944732666, 2.0707879066467285, 2.3194704055786133, 1.1274265050888062, 3.2930119037628174, 1.4895919561386108, 2.613306999206543, 1.7613105773925781, 2.4850921630859375, 3.1747121810913086, 1.915489673614502, 1.0387214422225952, 3.403609275817871, 2.424377202987671, 2.7298483848571777, 2.5604987144470215, 3.371340274810791, 1.5120093822479248, 0.21134018898010254, 2.069740056991577, 3.033139705657959, 2.4256508350372314, 1.5710480213165283, 1.2590076923370361, 1.5463991165161133, 1.9712872505187988, 2.2057979106903076, 3.860309600830078, 1.5099360942840576, 1.5273758172988892, 3.174433946609497, 3.754063129425049, 2.5772244930267334, 2.9528024196624756, 1.102266788482666, 2.2111542224884033, 1.019039273262024, 1.6035845279693604, 2.1810972690582275, 1.5486564636230469, 1.9856899976730347, 2.8735108375549316, 3.126422166824341, 0.22403860092163086, 3.8543877601623535, 1.422072410583496, 3.235854387283325, 1.2866746187210083, 1.1759008169174194, 0.732905387878418, 1.1124238967895508, 3.6087727546691895, 1.1229695081710815, 0.733435869216919, 2.078716516494751, 2.5162863731384277, 2.9391708374023438, 2.9605746269226074, 2.592808485031128, 1.2010853290557861, 2.2558107376098633, 1.4792656898498535, 1.6363481283187866, 1.5726522207260132, 2.475712537765503, 2.0149707794189453, 2.177379846572876, 1.655585527420044, 1.9822922945022583, 1.3678042888641357, 2.117293119430542, 2.667907238006592, 1.5026164054870605, 0.9773999452590942, 0.8502954244613647, 3.266014575958252, 1.748115062713623, 1.6743245124816895, 1.0410685539245605, 2.0908727645874023, 3.835285186767578, 1.9393093585968018, 2.1665852069854736, 0.8283454179763794, 4.09179162979126, 1.760502815246582, 2.172447919845581, 0.8268167972564697, 2.0604379177093506, 2.421161413192749, 1.4751023054122925, 2.5268518924713135, 1.8138267993927002, 0.5668736696243286, 2.2776663303375244, 0.8362342119216919, 1.645679235458374, 1.766234278678894, 1.910041093826294, 2.4833109378814697, 1.2689937353134155, 1.489166259765625, 3.57625150680542, 1.8476769924163818, 3.881164312362671, 1.9452893733978271, 1.3682453632354736, 1.5108795166015625, 1.427038311958313, 1.724013090133667, 1.8848485946655273, 1.0440826416015625, 2.5092782974243164, 2.3735640048980713, -0.02963709831237793, 1.808125615119934, 1.3748496770858765, 3.866103172302246, 2.0120739936828613, 2.444770336151123, 1.889852523803711, 3.2151710987091064], "params": {"iterations": 1510, "learning_rate": 0.014286, "depth": 3, "l2_leaf_reg": 3.4047e-06, "bagging_temperature": 2.5656, "random_strength": 4.1266, "border_count": 207}, "time_end": "2026-03-01T15:40:56.169813"}