{"model": "catboost_minilm_features-extract_entity_categories", "type": "train", "seed": 40, "train_losses": [], "val_losses": [], "time_start": "2026-03-01T16:17:55.893164", "mse": 0.11178701530338978, "accuracy": 0.8801546391752577, "corr": 0.9816213369302312, "precision": [0.9901960784313726, 0.8529411764705882, 0.70625, 0.8518518518518519, 0.9576271186440678, 1.0], "recall": [0.8559322033898306, 0.8992248062015504, 0.9416666666666667, 0.7615894039735099, 0.875968992248062, 0.9689922480620154], "f1": [0.9181818181818182, 0.8754716981132076, 0.8071428571428572, 0.8041958041958042, 0.9149797570850202, 0.984251968503937], "support": [118, 129, 120, 151, 129, 129], "confusion_matrix": [[101, 17, 0, 0, 0, 0], [1, 116, 12, 0, 0, 0], [0, 3, 113, 4, 0, 0], [0, 0, 35, 115, 1, 0], [0, 0, 0, 16, 113, 0], [0, 0, 0, 0, 4, 125]], "predictions": [2.724458803531772, 1.401310182245671, 0.15119674602183286, 3.860970361810907, 1.5550533918722023, 3.6735117357247304, 2.543400614131949, 2.679849068577501, 2.454928564121979, 2.926393389991991, 1.8295181144197077, 3.719504726520668, 3.1196882558907353, 3.0746645283339458, 1.6032280758988793, 0.38801048759504164, 1.7439592749852024, 2.902668134009958, 3.0172491272091073, 1.7469289528648355, 1.3983902201281135, 0.599919416798222, 0.6910945395694192, 1.7800995169375922, 1.0792370898625168, 2.86959596231115, 0.17169123340897974, 2.7392005259984176, 1.084938994805005, 2.546762289634378, 1.7913964466830739, 2.3537095116998503, 1.4060299101119076, 2.825591121079672, 1.083636217381947, 1.7421631817949081, 0.09100420703480339, 0.4338135515381074, 0.1636738124806727, 1.766451763327127, 3.825428829838848, 2.4325872466170084, 1.1701907990618576, 1.555074653294882, 0.4093519844168285, 2.1057614700771397, 2.4502160573458047, 3.8522913871726017, 0.22092193476064503, 0.13601993443381488, 0.9218387455824213, 0.44341311584304144, 2.4512626388241454, 1.4372507574364828, 3.067304452643923, 3.9287317675797917, 2.0021644683963666, 2.2983684244866964, 2.7890695984448066, 4.126851407458573, 2.6920606773518054, 0.22601031416175577, 3.2482369694897, 0.3259559267390353, 2.594470713312127, 2.1697151414950753, 1.9536059605629772, 1.2889070058092045, 1.9677396519549903, 3.0065445165548157, 1.7083890077287998, 0.05771584659206175, 0.3424378101166963, 2.8060642368230018, 0.2392254869410113, 0.11640557684582964, 0.2443780598680303, 2.2166747104354405, 3.7827611420356533, 3.6786822121217835, 1.8221978394879481, 1.7789896844128994, 2.6339673720662358, 2.2243574054890076, 3.9481757693087407, 1.0031803549268095, 0.2987185243428252, 2.87757672740665, 3.2568060004897132, 0.13431424995637142, 2.188668501132925, 2.7114661244016443, 3.5258643457266197, 1.5605674273704442, 3.5559689403154273, 2.2543376631127003, 1.3715683505552014, 0.5503694545008737, 2.92181961407231, 1.1459025653238908, 2.5902884611158763, 1.2020912384297173, 1.0644706256607583, -0.05551046382772329, 1.877125567796425, 0.4775450681733888, 3.211774878703965, 0.3101008458349708, 0.1508583981633569, 2.2143397527757056, 0.5694823699858804, 4.290508842496717, 1.2828766937016987, 0.07216279949662807, 0.08647393596169328, 2.4786894098010577, 0.28230767931040646, 3.14828754750226, 2.632123061983603, 0.30472932973575384, 0.18840708207619228, 4.415062207589301, 0.2566451397856948, 1.445514690583895, 2.2453587209322596, 2.0035618046420147, 2.4129691108656828, 0.31570076188146645, 1.9595352666931123, 1.6622334952375337, 0.7321219250012097, 2.331305753543824, 3.754475811916409, 1.7394043903585783, 0.07874829862530142, 2.2650260015181654, 1.8111510881181756, 0.4229544037806612, -0.06791177812177907, 0.8087005319478424, 2.3696729706004143, 3.654669407524532, 2.0640347492851117, 1.3286878066231396, 0.42773058049047696, 2.7237976060194833, 0.13384388985275653, 2.565080593414017, 2.262264481402263, 2.8557907541794565, 2.9388639900782323, 3.1026220629326393, 3.683561468255265, 3.908834740122085, 0.30441813459539446, 0.1449805896445091, 1.0825077025072438, 3.604205993950764, 1.5249916673072947, 0.17672529434877315, 2.152694864673713, 3.909339000797754, 2.315859734155335, 1.1777089689306384, 3.048239097682033, 3.1740916288310115, 2.4567401572396967, 2.5093950908521316, 1.8749891627022728, 0.8988933775916323, 1.9857867253048531, 2.3674176241834206, 3.023026550851, 2.7639627635691064, 1.8160577270340026, 0.11720342643235426, 1.1448594419935254, 1.8706236474331752, 0.6125500001519766, 3.6534117803475152, 3.7022006490477475, 2.722031723993882, 2.6669491940213255, 0.4110371534076429, 2.732409308563364, 1.6253711625100526, 2.5001483022811173, 1.828316252610013, 2.452794932171374, 3.43877928645491, 4.39757123467907, 2.5385860426151794, 1.7446845791184171, 1.1766102621077488, 1.7546896588632044, 3.0573216672009926, 3.512648526456449, 4.119560248457522, 2.603586998422038, 1.7039639099559487, 1.2782402477008519, 1.1237534062144594, 2.2069594233364525, 2.3644052685379853, 3.134179589489211, 0.46468811642648644, 1.324705702273772, 1.7693583722233113, 2.287084918343669, 0.6793348632276592, 3.1698106736771665, 1.995399487638021, 3.1150198969728113, 3.959345920873484, 1.786691164011308, 1.676970539576184, 1.4069201367974256, 2.437680726714719, 1.8471741474288508, 1.374379325426297, 2.950328117947435, 1.668323634318438, 0.37342637494072584, 1.4602813748406387, 2.999970859697874, 2.94044702278342, 2.7477694421976206, 1.6293702355673105, 1.7687021042451536, 3.275158007616659, 1.6707078637608483, 2.916694824095494, 2.3738023238654082, 3.9016260635827757, 1.699945596484082, 2.8968266770287885, 2.0662359303254014, 2.802178488674269, 2.2456326273464122, 3.8380198205104357, 1.614025779891623, 2.2647016105652886, 2.405948889096066, 2.4413521401868024, 2.7582662267617843, 1.214908438166659, 2.334191235611832, 0.8898264380126528, 0.5155994702426294, 0.28513417689135023, 0.34061077720540034, 3.821226367049481, 1.3326791312296893, 1.0099936193685488, 0.4260991355304995, 2.673182997469086, 0.5449261839551787, 2.795846389205147, 2.4452942233508845, 1.8327698555398184, 0.889143967524723, 0.7869253589507486, 1.8349116691986604, 2.1244898464789617, 2.205836716612808, 1.184066763487762, 1.686253199541346, 2.625212278977917, 2.063711278148792, 0.478796909601682, 1.8612200268960641, 0.6610626223981146, 0.11748766014876022, 3.315457579284122, 2.5594735159348763, 3.4112777375122523, 2.2920964011684917, 2.5720717767500147, 1.8192019340710721, 1.7105519393957789, 2.7448113148390187, 2.922711736810602, 0.21256119047152433, 1.497706601393727, 0.9045110257428424, 2.391120147504269, 1.397280933707866, 3.848832238214958, 1.794764031000169, 0.040884941866416113, 1.349284869906652, 0.7915580052594495, 1.8928625071191703, 1.2508809549734559, 2.19177464830503, 0.10028331647345423, 1.3488916726216793, 0.6049775073443509, 2.75631820387492, 2.505162220883098, 1.2903852886311484, 2.5671870960735355, 0.38800882767927014, 1.5586454495841395, 2.8373448345652585, 2.204883599292374, 3.167218831085307, 2.2504616347130315, 3.5050339096657224, 1.1132507175971675, 2.194484965675705, 1.7392544413749387, 1.5120951388963684, 0.3640974463534601, 0.4422014192079602, 0.44781949350076244, 1.1529414486357847, 3.6676455780503447, 3.396354565122273, 2.1286677148164124, 2.703581066785524, 2.101062276876248, 0.1863542922511905, 3.177962028123061, 0.13812939817221537, 0.3856613810062992, 2.462976891015824, 3.8446215071324166, 1.1622581303272885, 1.6904784018680634, 1.4028268149755274, 3.549158774245247, 2.6431902735092327, 2.399635449591474, 0.1871446248998354, 0.7459658324883123, 0.33666513180717894, 1.8784108089104654, 2.548105368791087, 1.1024113730439657, 1.9873744535939075, 3.667579828491666, 3.0969302007173716, 2.056741872643316, 2.9663071503228697, 2.787911961319286, 2.645528226600808, 0.35897640590959545, 0.23625774692621215, 0.47123211126011455, 0.11714834442656308, 4.713241659045577, 1.5296572063625322, 2.5019595022203074, 2.992478872572578, 2.637835028740423, 2.151045843506372, 2.4352452693154825, 0.9866043137485139, 0.283524445067191, 3.294331902348983, 0.4206110009638895, 