{"model": "catboost_minilm_features-extract_stopwords", "type": "test", "seed": 40, "time_start": "2026-03-01T15:37:01.049317", "mse": 0.9620132826146827, "accuracy": 0.3893805309734513, "corr": 0.6941490684594671, "precision": [0.7272727272727273, 0.3137254901960784, 0.3333333333333333, 0.48, 0.5, 0.0], "recall": [0.1568627450980392, 0.48484848484848486, 0.6666666666666666, 0.36923076923076925, 0.25, 0.0], "f1": [0.25806451612903225, 0.38095238095238093, 0.4444444444444444, 0.41739130434782606, 0.3333333333333333, 0.0], "support": [51, 33, 51, 65, 24, 2], "confusion_matrix": [[8, 25, 16, 2, 0, 0], [1, 16, 14, 2, 0, 0], [2, 7, 34, 7, 1, 0], [0, 3, 33, 24, 5, 0], [0, 0, 5, 13, 6, 0], [0, 0, 0, 2, 0, 0]], "predictions": [1.339653730392456, 1.2307993173599243, 2.694200277328491, 1.3156545162200928, 0.8864299058914185, 1.5414150953292847, 3.2129623889923096, 1.8242852687835693, 1.437502384185791, 2.5654399394989014, 3.0401082038879395, 2.3353846073150635, 3.504880428314209, 2.1295647621154785, 1.6779768466949463, 1.6845455169677734, 3.831514596939087, 0.8493423461914062, 1.5395194292068481, 3.4023678302764893, 3.9374804496765137, -0.001523733139038086, 3.047987222671509, 1.7859492301940918, 1.588001012802124, 2.899047613143921, 2.2380096912384033, 2.035993814468384, 2.7020840644836426, 2.2084457874298096, 3.4255099296569824, 1.1438384056091309, 2.199493169784546, 1.0866668224334717, 3.2913591861724854, 2.464160919189453, 1.4603419303894043, 2.0306153297424316, 3.089414596557617, 0.6661810874938965, 1.3202569484710693, 2.2522921562194824, 1.1275408267974854, 2.0438599586486816, 3.3425674438476562, 3.1950604915618896, 1.3662012815475464, 2.6154541969299316, 1.8741364479064941, 0.4436779022216797, 2.4597413539886475, 2.0299224853515625, 3.1772563457489014, 1.8897053003311157, 3.189624309539795, 0.6659356355667114, 2.925731897354126, 1.8844720125198364, 3.72664213180542, 1.5965731143951416, 1.883652925491333, 2.0482704639434814, 2.8251001834869385, 2.110109329223633, 1.52694833278656, 2.2897331714630127, 1.8399935960769653, 1.6581223011016846, 1.2675946950912476, 2.210172653198242, 1.6647193431854248, 2.409262180328369, 1.1707755327224731, 0.37787795066833496, 1.125924825668335, 1.990004539489746, 1.444975733757019, 1.8931448459625244, 1.4236023426055908, 0.18549776077270508, 1.8830175399780273, 1.7017707824707031, 2.1969900131225586, 3.47396183013916, 0.7925182580947876, 1.7211015224456787, 0.046185970306396484, 2.815333366394043, 1.4306321144104004, 1.8590730428695679, 2.8799314498901367, 3.0503296852111816, 2.594127893447876, 0.978583812713623, 2.3399391174316406, 0.48014092445373535, 1.5143582820892334, 1.9369277954101562, 1.0533958673477173, 1.672008991241455, 2.376399517059326, 0.0796670913696289, 2.6751484870910645, 2.1718692779541016, 0.8586404323577881, 2.1967079639434814, 2.3051934242248535, 1.3243868350982666, 3.329885482788086, 1.5430951118469238, 2.553922176361084, 1.8478929996490479, 2.6028335094451904, 3.0971412658691406, 1.7716933488845825, 1.0731196403503418, 3.153151035308838, 2.504006862640381, 2.5122551918029785, 2.7721710205078125, 3.147064208984375, 1.6244027614593506, 0.2303164005279541, 2.1020240783691406, 2.7890005111694336, 2.4854929447174072, 1.6048165559768677, 1.3632687330245972, 1.5082193613052368, 2.243767261505127, 2.1825151443481445, 3.5388424396514893, 1.753792643547058, 1.5263729095458984, 3.260981559753418, 3.8185555934906006, 2.372788906097412, 2.7964744567871094, 1.1190248727798462, 2.271225690841675, 1.0945385694503784, 1.7458314895629883, 2.092349052429199, 1.5077705383300781, 1.9716298580169678, 2.7177278995513916, 3.217039108276367, 0.48597049713134766, 3.6246495246887207, 1.2864584922790527, 3.370788335800171, 1.3272825479507446, 1.0325617790222168, 0.8281326293945312, 1.1930187940597534, 3.33723521232605, 1.1994746923446655, 1.026065707206726, 2.0706167221069336, 2.5727174282073975, 3.0106887817382812, 3.2132349014282227, 2.7906904220581055, 0.905938982963562, 2.295367479324341, 1.5699748992919922, 1.5714105367660522, 1.2596153020858765, 2.273347854614258, 2.220165967941284, 1.963104009628296, 1.88427734375, 1.8480300903320312, 1.5232294797897339, 2.028032064437866, 2.616912364959717, 1.3823895454406738, 0.7832326889038086, 0.7711676359176636, 3.300142765045166, 1.8066706657409668, 1.7911757230758667, 1.1286747455596924, 2.1554951667785645, 3.89785099029541, 1.9625391960144043, 2.0672550201416016, 1.0676515102386475, 4.131723880767822, 1.612266182899475, 2.098114252090454, 0.8477038145065308, 2.0656416416168213, 2.3786728382110596, 1.5195577144622803, 2.5619747638702393, 1.6644535064697266, 0.48685455322265625, 2.2059850692749023, 0.9632407426834106, 1.6902092695236206, 1.7369136810302734, 1.909721851348877, 2.1301698684692383, 1.2471097707748413, 1.4975812435150146, 3.6452672481536865, 2.0548810958862305, 3.6842050552368164, 1.8896005153656006, 1.210959792137146, 1.538063883781433, 1.3591145277023315, 1.9313292503356934, 1.9065669775009155, 1.1757665872573853, 2.6192264556884766, 2.510925054550171, -0.025644540786743164, 1.8111212253570557, 1.3988299369812012, 3.880890369415283, 2.0677475929260254, 2.4976351261138916, 1.963771939277649, 3.2091257572174072], "params": {"iterations": 1510, "learning_rate": 0.014286, "depth": 3, "l2_leaf_reg": 3.4047e-06, "bagging_temperature": 2.5656, "random_strength": 4.1266, "border_count": 207}, "time_end": "2026-03-01T15:37:01.148381"}