{"model": "catboost_minilm_features-extract_sentence_length_by_word_avg", "type": "train", "seed": 40, "train_losses": [], "val_losses": [], "time_start": "2026-03-01T15:12:36.657767", "mse": 0.11256752735656556, "accuracy": 0.8634020618556701, "corr": 0.9814535451712554, "precision": [1.0, 0.8115942028985508, 0.6706586826347305, 0.8560606060606061, 0.9576271186440678, 0.992], "recall": [0.8135593220338984, 0.8682170542635659, 0.9333333333333333, 0.7483443708609272, 0.875968992248062, 0.9612403100775194], "f1": [0.897196261682243, 0.8389513108614233, 0.7804878048780488, 0.7985865724381626, 0.9149797570850202, 0.9763779527559056], "support": [118, 129, 120, 151, 129, 129], "confusion_matrix": [[96, 22, 0, 0, 0, 0], [0, 112, 17, 0, 0, 0], [0, 4, 112, 4, 0, 0], [0, 0, 38, 113, 0, 0], [0, 0, 0, 15, 113, 1], [0, 0, 0, 0, 5, 124]], "predictions": [2.796462622258165, 1.2217803716137665, 0.12195921111283248, 3.8617436149001803, 1.5029302096907924, 3.6755931899504697, 2.4131766359576177, 2.68677833701695, 2.391398134898796, 2.9559547823373085, 1.8923298072534571, 3.809983317578709, 3.0755913545117153, 2.8741167086967208, 1.6684191790609497, 0.3860685120902576, 1.7228211131198834, 2.844525305692799, 2.949125592288184, 1.7966624363792514, 1.368158591828601, 0.5719476482305597, 0.6859029557880185, 1.7316976497140995, 0.9998049436311998, 2.8348438393838933, 0.1757884264326135, 2.8569028476672784, 1.0733235010117146, 2.6332858530317678, 1.6906964021473105, 2.2788058728494227, 1.291713618739229, 2.9346907398700335, 1.0414694852941477, 1.7349383069342061, -0.03392003294182011, 0.41738062170838, 0.17832175839458708, 1.7411527121855885, 3.742617849492114, 2.5402148426513564, 1.1431737084200126, 1.4959077305614008, 0.48239736108356457, 2.1076311153937404, 2.455139523492182, 3.892544238942673, 0.1598345314739973, 0.13836756229256597, 0.9821931713459486, 0.42643315634317336, 2.448544383525145, 1.423264019205492, 3.1104881625357796, 3.983246302506516, 2.0896066876221284, 2.325503022772388, 2.7942620375411336, 4.141853859772884, 2.7724046201312755, 0.24599260412178214, 3.115944573100158, 0.40123134529956683, 2.5604032142638182, 2.332385456561606, 2.1076366178876067, 1.2775405430220603, 1.9022093946737446, 2.920002517383249, 1.7497460511405278, 0.015045257001406576, 0.3108610547959625, 2.76442233988461, 0.25580203425667714, 0.17035089830475814, 0.23919211348190839, 2.0643582471209427, 3.7443521275208616, 3.7279224513580926, 1.8638628662089445, 1.7748948251535315, 2.5768986083865797, 2.225278583198034, 3.8340157954395835, 0.984792972540554, 0.24809916598468096, 2.8513810098255514, 3.2558364080241597, 0.12391478486033902, 2.2281154124314297, 2.6971048802716067, 3.461703501674573, 1.5658530289123447, 3.517643681515581, 2.143588262086242, 1.350454424786188, 0.5746579034173038, 2.970270830906657, 1.2240603303584185, 2.5451472655784624, 1.1320449731604934, 1.1865417639361713, 0.04559355490788608, 1.9939511490575876, 0.5169321844484047, 3.2482828709462552, 0.3951129678822234, 0.19789734646959545, 2.2801026734087695, 0.5720624144090742, 4.3742464693191545, 1.4222841536239832, 0.2097831600220177, 0.06762677086059021, 2.429910434554836, 0.3313536507742034, 3.1789153063281193, 2.6971732053123363, 0.4411479803095064, 0.20184843442442357, 4.3797270552277245, 0.2615696775392, 1.5761526033977604, 2.2867099541732956, 2.010440381167527, 2.452224896231697, 0.2974124177934536, 2.0679951009281394, 1.601770524035935, 0.630627469650066, 2.3202225296722796, 3.799737564390349, 1.7514359597887397, 0.09063777774167203, 2.242877452212495, 1.7041688683464915, 0.41519802758621527, -0.06373066387690374, 0.7716824665634308, 2.4695635280116317, 3.6422750771462935, 1.973861236150833, 1.3349439967333623, 0.41618837685210375, 2.527240369772511, 0.14655087749158247, 2.43669237645895, 2.26023125651908, 2.9210638102056015, 2.8919390388869823, 3.1421497261959592, 3.685801638013728, 3.880066744513387, 0.344299739251714, 0.13531364452333516, 1.042007408268254, 3.635516214573898, 1.5539015838801458, 0.1421419969518598, 2.14538060265428, 3.8583777087503925, 2.3300580186295763, 1.1929000816428337, 3.0160429574105696, 3.082298726780725, 2.4723967117380083, 2.457570750515955, 1.8936086891127852, 0.9647197546868858, 1.956369203764094, 2.3790037933361314, 2.960659496507838, 2.8220447695790916, 1.7925109692922163, 0.09366668428024605, 1.1758721770326261, 1.8250049052246404, 0.6671810664549132, 3.5390736710746307, 3.714661209063511, 2.7400397355888853, 2.6174455008837803, 0.35782831986638497, 2.6956858645418698, 1.6819078900557467, 2.52507122713114, 1.8204472353149268, 2.6023931538747034, 3.3436422072356273, 4.351382954265176, 2.395803443174684, 1.6680242348588157, 1.191768536351531, 1.7129943783816985, 3.1946594755793725, 3.503789508932947, 4.040945108055002, 2.530164672200478, 1.6842019271947124, 1.286352737326086, 1.163262504841999, 2.198064999707464, 2.3754005643734724, 3.231765943955944, 0.36687791227951916, 1.4121051767912864, 1.7143375201052642, 2.2051906846973854, 0.7750558528771083, 3.122994734096178, 1.9417669021101838, 3.110393131523237, 3.9212439622187247, 1.7698896380234377, 1.60086188500469, 1.4624583858490405, 2.4277041934981454, 1.7780237642036814, 1.3746619026977576, 2.930645858449841, 1.71704328854689, 0.38995930687020897, 1.575379719403259, 3.0710059156451757, 2.852833060052191, 2.7385406646427333, 1.5933273624963813, 1.7331959757824942, 3.3020775033485092, 1.5400302045709455, 3.0675334235655813, 2.3895285981293477, 3.7383991005952, 1.7058660425411118, 2.850714477706417, 2.0266366010700345, 2.9071124543308704, 2.2698826712227946, 3.8142115539035606, 1.5304725091087827, 2.3081794510635545, 2.370731785775738, 2.558130680006972, 2.7615744815430823, 1.1659940100142303, 2.3946817064299237, 0.8846343769017109, 0.45622626105894426, 0.268452160927652, 0.3541815304926019, 3.8255771589480005, 1.2812482416102084, 1.053417953552977, 0.443739239529199, 2.669209822467697, 0.6611666546554584, 2.733936218701679, 2.427807011245328, 1.8291465158020057, 0.9345387046284848, 0.7758565672192816, 1.7718601762877813, 2.093659727789143, 2.237364234748505, 1.1767035750731187, 1.6638085782118832, 2.605292409587154, 2.1187463937713487, 0.5376985991677212, 1.8947333230030683, 0.671676239389307, 0.13229594153489233, 3.286032210574125, 2.570113005660133, 3.4217340098348896, 2.3198278300621946, 2.5938247664084932, 1.8262673377581888, 1.6853754568611128, 2.6914137224452452, 2.8655106946566646, 0.24653521897472963, 1.4982557347571266, 1.0560129324910523, 2.4859282692381317, 1.3980555090841313, 3.769799401494171, 1.7721503397137979, 0.12329537542140123, 1.3527806468102337, 0.8889918021118088, 1.7950780731359586, 1.2345122784848666, 2.1014006027608603, -0.006393640411822776, 1.2758261965531876, 0.5647653369446375, 2.796825135078282, 2.48674095388229, 1.2827523030825312, 2.5728310641130268, 0.2973934042817863, 1.5974497847246418, 2.8318008543843347, 2.2524296070676377, 3.048288317582788, 2.2543160291401962, 3.3602056125537625, 1.1771764335041113, 2.1805006553649537, 1.7840684323385307, 1.5571074082452951, 0.4176082888223003, 0.36997312064507915, 0.44467779597991264, 1.176674457828755, 3.7253792971512176, 3.3861421229229554, 2.0096287507389166, 2.6328855248717367, 2.1874144774899724, 0.2847980720788148, 3.245247886797363, 0.10363580994624177, 0.3628120795799208, 2.3851806188046165, 3.8818513062982696, 1.0789692821663897, 1.7357742484364258, 1.45634549886901, 3.4933644875990204, 2.637254735006352, 2.428435511633358, 0.1840762272308707, 0.7700476645049583, 0.2745295922908251, 1.8177568674520217, 2.6429817486370073, 1.181488148957594, 2.0577288166706773, 3.591426419601717, 3.190577051544248, 2.1037925456968636, 3.0432206047360433, 2.81584770147074, 2.712461257292285, 0.44102403139851143, 0.1981518366377797, 0.5202702910126027, 0.13424095493782406, 4.681153320612555, 1.54976815923107, 2.4594049937253666, 3.007560442852971, 2.6160666528462144, 2.092282219574242, 2.427954526694414, 1.014301732546187, 0.41000164448027654, 3.2492838292022794, 