{"model": "catboost_minilm_features-extract_events", "type": "test", "seed": 42, "time_start": "2026-03-01T16:25:58.039631", "mse": 0.9686836293637102, "accuracy": 0.37610619469026546, "corr": 0.6909652021106655, "precision": [0.7272727272727273, 0.29411764705882354, 0.3076923076923077, 0.4791666666666667, 0.5833333333333334, 0.0], "recall": [0.1568627450980392, 0.45454545454545453, 0.6274509803921569, 0.35384615384615387, 0.2916666666666667, 0.0], "f1": [0.25806451612903225, 0.35714285714285715, 0.4129032258064516, 0.40707964601769914, 0.3888888888888889, 0.0], "support": [51, 33, 51, 65, 24, 2], "confusion_matrix": [[8, 24, 19, 0, 0, 0], [1, 15, 15, 2, 0, 0], [2, 9, 32, 7, 1, 0], [0, 3, 35, 23, 4, 0], [0, 0, 3, 14, 7, 0], [0, 0, 0, 2, 0, 0]], "predictions": [1.3262128829956055, 1.034292459487915, 2.7127766609191895, 1.4381709098815918, 0.775574803352356, 1.5386731624603271, 3.0949935913085938, 1.7201557159423828, 1.1677061319351196, 2.397808313369751, 3.141260862350464, 2.3066227436065674, 3.437746524810791, 1.9407434463500977, 1.6522704362869263, 1.6413915157318115, 3.641714096069336, 1.015368938446045, 1.5283620357513428, 3.6378636360168457, 3.789445400238037, -0.021082639694213867, 2.8820555210113525, 1.7238589525222778, 1.594167709350586, 2.904121160507202, 2.1795499324798584, 1.8817825317382812, 2.5382347106933594, 2.2077760696411133, 3.4023211002349854, 1.0102221965789795, 2.1038272380828857, 1.277398705482483, 2.854299783706665, 2.433110475540161, 1.3016903400421143, 1.9693362712860107, 3.143834114074707, 0.6569478511810303, 1.078997015953064, 2.226827621459961, 1.1355254650115967, 2.0528595447540283, 3.325180768966675, 3.1259143352508545, 1.2058584690093994, 2.5859527587890625, 1.8611037731170654, 0.43012523651123047, 2.4336864948272705, 1.8886078596115112, 3.385247230529785, 1.8116602897644043, 3.1700448989868164, 0.736182689666748, 3.073410749435425, 1.9735348224639893, 3.713223934173584, 1.630782961845398, 1.8181036710739136, 2.168958902359009, 2.8485097885131836, 2.204883098602295, 1.5631728172302246, 2.372390031814575, 2.0328402519226074, 1.810382604598999, 1.290473461151123, 2.2220723628997803, 1.7953908443450928, 2.5856850147247314, 1.1065114736557007, 0.4987046718597412, 1.1576213836669922, 1.9769737720489502, 1.5513025522232056, 1.8812098503112793, 1.5755313634872437, 0.33269453048706055, 1.9289350509643555, 1.802241563796997, 2.4401984214782715, 3.460930347442627, 0.818228006362915, 1.9845426082611084, 0.12863826751708984, 2.674842357635498, 1.3702274560928345, 1.7673382759094238, 2.9343552589416504, 3.020292043685913, 2.67419171333313, 0.8925018310546875, 2.1556479930877686, 0.484283447265625, 1.4958831071853638, 1.9762277603149414, 1.247931718826294, 1.7653074264526367, 2.665792942047119, 0.22687864303588867, 2.4084506034851074, 2.192599296569824, 0.6456342935562134, 1.989762306213379, 2.2714426517486572, 1.4513881206512451, 3.4600772857666016, 1.4557349681854248, 2.5356204509735107, 1.5745552778244019, 2.3693087100982666, 2.9764764308929443, 1.941596269607544, 0.9504133462905884, 3.3431994915008545, 2.379409074783325, 2.805973529815674, 2.723374128341675, 3.2959043979644775, 1.5474804639816284, 0.20583534240722656, 2.2074649333953857, 3.1813485622406006, 2.4424245357513428, 1.5228034257888794, 1.0896145105361938, 1.4866392612457275, 2.1083617210388184, 2.090233564376831, 3.694080352783203, 1.576287031173706, 1.5567691326141357, 3.246603488922119, 3.6234962940216064, 2.190011978149414, 3.20758318901062, 1.2734113931655884, 2.155245304107666, 0.9374960660934448, 1.6153652667999268, 2.209993362426758, 1.6152234077453613, 2.08427357673645, 2.8291895389556885, 3.0297224521636963, 0.3351564407348633, 3.747727870941162, 1.3514777421951294, 3.273041248321533, 1.4101051092147827, 1.208739161491394, 0.5344293117523193, 1.017494797706604, 3.264909029006958, 1.1737034320831299, 0.8773225545883179, 1.9451854228973389, 2.6746702194213867, 2.8523430824279785, 3.166198968887329, 2.883620023727417, 1.2330210208892822, 2.359626293182373, 1.4394640922546387, 1.7240116596221924, 1.5259499549865723, 2.3031747341156006, 2.117774248123169, 2.22904634475708, 1.6564668416976929, 2.0381710529327393, 1.6996560096740723, 2.241997718811035, 2.6375880241394043, 1.4115749597549438, 1.0331330299377441, 0.6156797409057617, 3.2651290893554688, 1.6887915134429932, 1.8129215240478516, 0.9901432991027832, 1.8929311037063599, 3.676893711090088, 1.9783456325531006, 2.318230390548706, 0.6482963562011719, 4.085390567779541, 1.6049281358718872, 2.22348690032959, 0.7571120262145996, 2.0882370471954346, 2.4876697063446045, 1.6331042051315308, 2.379676580429077, 2.002535343170166, 0.4697263240814209, 2.3156259059906006, 1.0745668411254883, 1.5980000495910645, 1.8098187446594238, 2.0414717197418213, 2.214998960494995, 1.269740104675293, 1.5846022367477417, 3.5650720596313477, 1.9699547290802002, 3.85427188873291, 1.90285325050354, 1.343336820602417, 1.6448752880096436, 1.4662073850631714, 1.8450568914413452, 1.8527512550354004, 1.0366096496582031, 2.6757655143737793, 2.539440155029297, -0.23668885231018066, 1.9074969291687012, 1.4766247272491455, 3.7913074493408203, 2.0550851821899414, 2.527719497680664, 1.9803786277770996, 3.2787792682647705], "params": {"iterations": 1510, "learning_rate": 0.014286, "depth": 3, "l2_leaf_reg": 3.4047e-06, "bagging_temperature": 2.5656, "random_strength": 4.1266, "border_count": 207}, "time_end": "2026-03-01T16:25:58.140158"}