{"model": "catboost_minilm_features-extract_punctuation", "type": "test", "seed": 42, "time_start": "2026-03-01T15:47:33.908733", "mse": 0.9532464241974093, "accuracy": 0.3938053097345133, "corr": 0.6977513736027156, "precision": [0.7, 0.3269230769230769, 0.32673267326732675, 0.49056603773584906, 0.6, 0.0], "recall": [0.13725490196078433, 0.5151515151515151, 0.6470588235294118, 0.4, 0.25, 0.0], "f1": [0.22950819672131148, 0.4, 0.4342105263157895, 0.4406779661016949, 0.35294117647058826, 0.0], "support": [51, 33, 51, 65, 24, 2], "confusion_matrix": [[7, 24, 19, 1, 0, 0], [1, 17, 12, 3, 0, 0], [2, 8, 33, 8, 0, 0], [0, 3, 32, 26, 4, 0], [0, 0, 5, 13, 6, 0], [0, 0, 0, 2, 0, 0]], "predictions": [1.1681026220321655, 1.1434547901153564, 2.679816246032715, 1.194950819015503, 0.8555717468261719, 1.7037353515625, 2.989391565322876, 1.5843465328216553, 1.3639895915985107, 2.7156827449798584, 2.844578981399536, 2.4103095531463623, 3.279111623764038, 1.9096475839614868, 1.781695008277893, 1.7868015766143799, 3.8382678031921387, 0.9436523914337158, 1.4292397499084473, 3.467811346054077, 3.799428939819336, 0.23392748832702637, 3.104388475418091, 1.8148281574249268, 1.626856803894043, 3.0494234561920166, 2.1743929386138916, 1.883815050125122, 2.595614194869995, 2.6914193630218506, 3.379671335220337, 1.1155133247375488, 1.940190315246582, 0.7996053695678711, 3.131228446960449, 2.501723289489746, 1.5603129863739014, 2.0163633823394775, 3.0113251209259033, 0.6753726005554199, 1.4470417499542236, 2.380537509918213, 1.0635333061218262, 2.1319379806518555, 3.3584775924682617, 3.1209356784820557, 1.2678278684616089, 2.742877244949341, 1.911238193511963, 0.40030527114868164, 2.5408682823181152, 2.071653366088867, 3.2760398387908936, 1.635940432548523, 3.1906092166900635, 0.5283442735671997, 3.0616157054901123, 2.0417933464050293, 3.5846359729766846, 1.5896438360214233, 1.8143101930618286, 2.187607765197754, 2.672456979751587, 2.1354176998138428, 1.607560634613037, 2.3939270973205566, 1.7381994724273682, 1.7092468738555908, 1.126702070236206, 2.307001829147339, 1.8923006057739258, 2.493685245513916, 1.1848689317703247, 0.2922327518463135, 1.0104830265045166, 1.9526954889297485, 1.332705020904541, 1.744929313659668, 1.5562536716461182, 0.27588963508605957, 1.8900376558303833, 1.957944393157959, 2.455350399017334, 3.2451770305633545, 0.8670657873153687, 2.076838731765747, 0.12086129188537598, 2.4997923374176025, 1.551435947418213, 1.696932315826416, 2.7264978885650635, 2.9335761070251465, 2.725186586380005, 0.6815301179885864, 2.287856101989746, 0.4076089859008789, 1.6780928373336792, 1.7865217924118042, 1.023830533027649, 1.8810925483703613, 2.543024778366089, 0.338254451751709, 2.3299403190612793, 2.160529136657715, 0.580582857131958, 1.9852919578552246, 2.2189886569976807, 1.2271618843078613, 3.3820271492004395, 1.6634716987609863, 2.4149866104125977, 1.810065746307373, 2.6157896518707275, 3.091061592102051, 1.8155193328857422, 0.9916000366210938, 3.2697927951812744, 2.589836597442627, 2.815415620803833, 2.7543203830718994, 3.1068499088287354, 1.510556936264038, 0.3575153350830078, 2.0748178958892822, 3.166956901550293, 2.536794662475586, 1.6141283512115479, 1.2119979858398438, 1.4455655813217163, 2.1212782859802246, 2.324807643890381, 3.785487174987793, 1.637336015701294, 1.5495390892028809, 3.1859538555145264, 3.744403123855591, 2.298358917236328, 2.8970773220062256, 1.1778881549835205, 2.330103635787964, 1.0521970987319946, 1.5071196556091309, 2.110189914703369, 1.5575631856918335, 2.0828771591186523, 2.851109266281128, 2.911893844604492, 0.3888242244720459, 3.548067092895508, 1.2695658206939697, 3.3649682998657227, 1.2461556196212769, 1.198278784751892, 0.7676970958709717, 1.24781334400177, 3.4737138748168945, 1.1707772016525269, 0.9846528768539429, 1.8475415706634521, 2.543450355529785, 2.8939530849456787, 3.181410312652588, 2.799740791320801, 1.150802493095398, 2.3838043212890625, 1.6136727333068848, 1.5057430267333984, 1.3502777814865112, 2.280775308609009, 2.1562726497650146, 2.318192481994629, 1.7729129791259766, 1.8210468292236328, 1.575920581817627, 2.110412359237671, 2.6036758422851562, 1.3443740606307983, 0.9494458436965942, 0.7788621187210083, 3.193108320236206, 1.8351423740386963, 1.8844263553619385, 0.9570682048797607, 2.2390308380126953, 4.0200629234313965, 2.0787906646728516, 2.1076526641845703, 0.6466573476791382, 4.021552085876465, 1.451917290687561, 2.1816046237945557, 0.8014963865280151, 2.1944243907928467, 2.383424997329712, 1.7678372859954834, 2.2988486289978027, 2.0485808849334717, 0.5806864500045776, 2.3051183223724365, 1.0286290645599365, 1.6978232860565186, 1.6848127841949463, 1.9497532844543457, 2.2729029655456543, 1.4023857116699219, 1.4725528955459595, 3.4798264503479004, 1.962913990020752, 3.7264113426208496, 1.9880552291870117, 1.3223110437393188, 1.6406916379928589, 1.3861089944839478, 1.7361549139022827, 1.8475011587142944, 1.0520035028457642, 2.679060220718384, 2.350304365158081, -0.0639488697052002, 1.7431056499481201, 1.3021055459976196, 3.8327410221099854, 1.9102718830108643, 2.525560140609741, 1.9908514022827148, 3.305748462677002], "params": {"iterations": 1510, "learning_rate": 0.014286, "depth": 3, "l2_leaf_reg": 3.4047e-06, "bagging_temperature": 2.5656, "random_strength": 4.1266, "border_count": 207}, "time_end": "2026-03-01T15:47:34.024239"}