{"model": "catboost_minilm_features-extract_casing_bigrams", "type": "train", "seed": 40, "train_losses": [], "val_losses": [], "time_start": "2026-03-01T15:55:18.060535", "mse": 0.11101303439551481, "accuracy": 0.8775773195876289, "corr": 0.9817647946595138, "precision": [0.9900990099009901, 0.8432835820895522, 0.70625, 0.85, 0.9572649572649573, 1.0], "recall": [0.847457627118644, 0.875968992248062, 0.9416666666666667, 0.7880794701986755, 0.8682170542635659, 0.9612403100775194], "f1": [0.91324200913242, 0.8593155893536122, 0.8071428571428572, 0.8178694158075601, 0.9105691056910569, 0.9802371541501976], "support": [118, 129, 120, 151, 129, 129], "confusion_matrix": [[100, 18, 0, 0, 0, 0], [1, 113, 15, 0, 0, 0], [0, 3, 113, 4, 0, 0], [0, 0, 32, 119, 0, 0], [0, 0, 0, 17, 112, 0], [0, 0, 0, 0, 5, 124]], "predictions": [2.6119701267415394, 1.2912561588315166, 0.19617536785431788, 3.8549705912905377, 1.4690561311499348, 3.730682958866806, 2.536742136318123, 2.628362392668536, 2.516450744221974, 2.9022216934791105, 1.8063745527805373, 3.7111047690046393, 2.9088434441264255, 3.0433189985354963, 1.5780944093493048, 0.37779730092390595, 1.7410602167839282, 2.929691850547322, 2.8985187689186986, 1.7904388441350074, 1.4177190351439208, 0.6754209138287222, 0.699783982481524, 1.7626865640078573, 1.0776473588227315, 2.729397038846138, 0.18167740022140944, 2.8324017801182735, 1.027767294282885, 2.6155538411056245, 1.846597693850361, 2.2795403244785573, 1.3392762352906094, 2.890062835711789, 1.0978333195955317, 1.709390742630669, -0.03144390239632022, 0.387893339410025, 0.15589897660308694, 1.7602890822007462, 3.7467912637705885, 2.517888319787643, 1.1219055426720206, 1.5913133159376667, 0.4581819587012581, 2.1700803921885345, 2.3498088518729525, 3.954531837045472, 0.16912768089691532, 0.15480430550368007, 1.0330826483237994, 0.43254284743531235, 2.474229588808394, 1.3737458767698563, 2.880166057653872, 3.9145709175712384, 2.1157092872832144, 2.328337163257577, 2.8009927085355883, 4.242736779077467, 2.7542419056034735, 0.2562906846549957, 3.1387279410195927, 0.3930111132085279, 2.632578246422145, 2.169527098502764, 1.8936863551969243, 1.2756977095184259, 1.930402175699514, 2.8545913426109975, 1.7651124317927296, 0.10060426465431904, 0.30080402882283597, 2.80067339986869, 0.18062615356889822, 0.15482838583269753, 0.21877831679792115, 2.0919223579047097, 3.8063783626714915, 3.709077334655672, 1.8956021760719701, 1.8264192354876299, 2.730662020991864, 2.1405591573741924, 3.9580482062618776, 0.92921711523238, 0.3678899226165586, 2.918933516323082, 3.2791420590373845, 0.05867313662377782, 2.2068149034717415, 2.622462075808955, 3.4191325457430963, 1.5148714390615257, 3.535988768334145, 2.236849262700033, 1.4111968807919277, 0.5609538490373835, 2.814661489337763, 1.1096684446211051, 2.518856709446485, 1.1653387709511414, 1.1074371288787368, -0.04149480740777989, 1.8960822746346595, 0.44797323232765995, 3.2675118813951376, 0.3642862908297908, 0.21900875031653566, 2.2632171398437575, 0.5883260591782471, 4.464590633185838, 1.3366351669807965, 0.16359715132012465, 0.029275036633050977, 2.4544156439241616, 0.24844139422813694, 3.1976988941933193, 2.7103623916239092, 0.44100735832906013, 0.1932103019187683, 4.431381745505427, 0.22960300348041285, 1.5774311373052656, 2.299467753085756, 1.9549204660949915, 2.4378123840681885, 0.3775762772878841, 2.0051873626899974, 1.7283936527545538, 0.6956860326655532, 2.306122861087341, 3.728915105671888, 1.7088633136941564, -0.02853848773702028, 2.272734439505807, 1.7723983435771995, 0.39132814992802656, -0.1090800312211, 0.7522640877568465, 2.3925325868261584, 3.699360214487695, 2.081880747494056, 1.1722619262211482, 0.46563311791441064, 2.582345318987946, 0.10785931028574636, 2.4926821826982737, 2.3153473889443523, 2.7677004406260126, 2.8587406205739256, 3.158196120949155, 3.6359467082970864, 3.9965376424024788, 0.25959508454455715, 0.13009663403353322, 0.9615377325747685, 3.6645543706629145, 1.4778927479545807, 0.1267888969282125, 2.100069630570998, 3.8521516913247176, 2.339121703774004, 1.1868170174819879, 3.0823681657027437, 3.087640637528696, 2.4165112103375552, 2.5140735366769085, 1.8295705630241659, 0.9711854411098306, 1.9914504063501848, 2.370129883764583, 3.046198468196856, 2.8557697365819217, 1.8124919881826929, 0.010704442301819217, 1.1982392219268114, 1.8459664085286216, 0.6634960216172723, 3.6242870158344616, 3.6438758442620465, 2.7001187365779997, 2.6615552078246068, 0.4029025720490247, 2.7636706902806445, 1.5828624037501262, 2.547991650624989, 1.8438274799762062, 2.599985036369742, 3.387791573272007, 4.466870744226965, 2.367188298621733, 1.6948103247694792, 1.1425433141239967, 1.7033719235355522, 2.961197662770484, 3.5801042180907054, 4.111462315809547, 2.5740877814024206, 1.6717159998434257, 1.3216176473167307, 1.134300827269289, 2.2523084607204433, 2.32138856712516, 3.1753160006713665, 0.392419883923933, 1.3210058058798344, 1.7736703161108955, 2.220539143348142, 0.7689745171627527, 3.054999057032239, 2.0766149769170945, 3.1307026875655093, 4.096756357287775, 1.7616769964010377, 1.6013784899977972, 1.5164984863770334, 2.366474553165023, 1.8516933912821572, 1.2780382037583158, 2.877991884865746, 1.7127588133672473, 0.3193424190155838, 1.5166027372438564, 3.083747706280889, 2.8313276066023216, 2.7957106072114586, 1.7217756463030647, 1.7459868647444576, 3.3304381310609554, 1.559847643218652, 2.870177176991708, 2.3122106244483516, 3.743166878044711, 1.7515792200731979, 2.942568938726541, 2.0914906619396794, 2.8850640761086592, 2.4474769548498383, 3.8375912909910763, 1.59536854696116, 2.250685331100778, 2.4017455883847836, 2.539636287898978, 2.796906652417106, 1.2020404318239912, 2.337366501383952, 0.7781222524258975, 0.48742456303046255, 0.22452902644363304, 0.34807342254371365, 3.8708994624428152, 1.2745876184087523, 1.0523927962891622, 0.3987044209970958, 2.6861230973191317, 0.5681232462648045, 2.6667011377514123, 2.480340884151568, 1.8522246502527786, 0.8764307515572425, 0.8145556988436156, 1.851288951171989, 2.0735773129278785, 2.212572955804848, 1.1816142222726624, 1.610843326809206, 2.5727292747462167, 2.123189347160074, 0.5982991980589023, 1.8638094405122585, 0.6058775297065575, 0.1287834379727255, 3.209858128816049, 2.5368916900276735, 3.4072929143755104, 2.3288298921031396, 2.5360972879302666, 1.750627199670758, 1.6971584783296318, 2.703107646718831, 2.8971386305163755, 0.24706890453209285, 1.3816575462617886, 0.9907782185764205, 2.517855299435267, 1.3354281008223574, 3.7498437106716196, 1.726896277740406, 0.10544262917230585, 1.287400471123886, 0.822947678392701, 1.7864537594156387, 1.2247570448276022, 2.1827864117309503, 0.11442327753618642, 1.2864150600808753, 0.6745823626636667, 2.64006204770061, 2.4254924849438977, 1.1831376087900896, 2.628614700367293, 0.3292498968471964, 1.545353575432584, 2.804943483544866, 2.2731746485314375, 3.1035977075272645, 2.187362790152191, 3.492208552416235, 1.1353576154492444, 2.2002233740190595, 1.8439609037037445, 1.5062719759418686, 0.41485386160679294, 0.47595528777824514, 0.46457368469479343, 1.224341825037719, 3.7854224002937515, 3.407174406121952, 2.1123551692670017, 2.6341150863098917, 2.1614913903350623, 0.21009189362069458, 3.1164703756333667, 0.19920014759977, 0.4122550345964098, 2.3593167082750415, 3.930204016530812, 1.1208287831456496, 1.7677659491292441, 1.3225481458045816, 3.492032475624927, 2.668669845172526, 2.3864208683931567, 0.1715802204546808, 0.7846150744407332, 0.3538479011210218, 1.820405871991082, 2.670020576956892, 1.1812743889914639, 1.9452220258131012, 3.7116391877743338, 3.150033808511698, 2.1360082739411155, 2.8971332195793864, 2.848995196169035, 2.646454668787241, 0.4302169742174544, 0.22558899688313216, 0.49485156796750207, 0.14359402235025787, 4.693801967096364, 1.5232619064775317, 2.587963686266676, 3.036194661277916, 2.8068908726715103, 2.0804296490793246, 2.504830490265666, 1.0996932718167394, 0.3870961894437568, 3.341374646711034, 