{"model": "catboost_minilm_features-extract_ngram_word_length_by_char", "type": "test", "seed": 41, "time_start": "2026-03-01T15:07:47.639991", "mse": 0.9605131667637554, "accuracy": 0.3805309734513274, "corr": 0.6945386561587961, "precision": [0.7, 0.2641509433962264, 0.3333333333333333, 0.5, 0.5384615384615384, 0.0], "recall": [0.13725490196078433, 0.42424242424242425, 0.6666666666666666, 0.36923076923076925, 0.2916666666666667, 0.0], "f1": [0.22950819672131148, 0.32558139534883723, 0.4444444444444444, 0.4247787610619469, 0.3783783783783784, 0.0], "support": [51, 33, 51, 65, 24, 2], "confusion_matrix": [[7, 27, 16, 1, 0, 0], [1, 14, 16, 2, 0, 0], [2, 8, 34, 6, 1, 0], [0, 4, 32, 24, 5, 0], [0, 0, 4, 13, 7, 0], [0, 0, 0, 2, 0, 0]], "predictions": [1.140866994857788, 1.2831989526748657, 2.6058597564697266, 1.1593667268753052, 0.758851170539856, 1.423932433128357, 3.186328649520874, 1.8189713954925537, 1.2612608671188354, 2.3687450885772705, 2.917587995529175, 2.4801571369171143, 3.5535178184509277, 1.9787495136260986, 1.731943130493164, 1.7568002939224243, 3.8064844608306885, 1.021829605102539, 1.532923936843872, 3.4187347888946533, 4.034266471862793, 0.20265603065490723, 3.075284481048584, 1.688492774963379, 1.568002462387085, 2.8297786712646484, 2.2486612796783447, 2.1484367847442627, 2.5076191425323486, 2.5809028148651123, 3.3771519660949707, 1.2696784734725952, 2.1335840225219727, 1.1315953731536865, 3.0294814109802246, 2.4181387424468994, 1.1892508268356323, 2.0770487785339355, 3.2404167652130127, 0.7394336462020874, 1.3543412685394287, 2.3121140003204346, 1.0215415954589844, 1.9341199398040771, 3.3231937885284424, 3.146047830581665, 1.4822858572006226, 2.615339994430542, 1.9805312156677246, 0.32349085807800293, 2.4812088012695312, 2.038306474685669, 3.3871912956237793, 1.7430038452148438, 3.2176477909088135, 0.7040102481842041, 3.0923843383789062, 1.8779369592666626, 3.571279525756836, 1.5674951076507568, 1.8271734714508057, 1.9107067584991455, 2.712223529815674, 2.1338610649108887, 1.5883026123046875, 2.516726493835449, 1.7993392944335938, 1.4814237356185913, 1.030147671699524, 2.425382614135742, 1.7223989963531494, 2.584833860397339, 1.197494626045227, 0.30734705924987793, 0.9700338840484619, 1.826909065246582, 1.5657252073287964, 1.9551801681518555, 1.5721946954727173, 0.12832355499267578, 1.7281792163848877, 1.9807018041610718, 2.3916079998016357, 3.193603754043579, 0.72901451587677, 1.926252841949463, 0.32226133346557617, 2.5400872230529785, 1.6641778945922852, 1.7645351886749268, 2.8909125328063965, 3.0969319343566895, 2.487037420272827, 1.0542184114456177, 2.324317216873169, 0.5117142200469971, 1.6039763689041138, 1.8972067832946777, 1.106611728668213, 1.7315179109573364, 2.8524844646453857, 0.21489858627319336, 2.5756611824035645, 2.3279473781585693, 0.6773034334182739, 1.9931731224060059, 2.2274179458618164, 1.1757619380950928, 3.5701968669891357, 1.5439887046813965, 2.707254409790039, 1.7790837287902832, 2.671102523803711, 2.9717934131622314, 1.8016438484191895, 0.8310805559158325, 3.4013290405273438, 2.491934061050415, 2.5666067600250244, 2.774104595184326, 3.3252904415130615, 1.6132316589355469, 0.24723434448242188, 2.0035252571105957, 3.211874008178711, 2.474949598312378, 1.422734022140503, 1.1694457530975342, 1.6418938636779785, 2.2139623165130615, 2.162883758544922, 3.8271806240081787, 1.678686499595642, 1.5722651481628418, 3.4017295837402344, 3.6883201599121094, 2.3986213207244873, 2.8046536445617676, 1.2954578399658203, 2.2644851207733154, 0.894378662109375, 1.448951005935669, 2.094217300415039, 1.6263883113861084, 2.0947105884552, 2.9600989818573, 3.08609676361084, 0.410477876663208, 3.7142269611358643, 1.2796610593795776, 3.097954511642456, 1.2983521223068237, 1.0422337055206299, 0.9255224466323853, 1.0655338764190674, 3.4785873889923096, 1.1989567279815674, 0.7030813694000244, 2.070505380630493, 2.562291383743286, 2.8340859413146973, 3.238433837890625, 3.146467685699463, 1.1035898923873901, 2.349905014038086, 1.4590593576431274, 1.4949653148651123, 1.3386473655700684, 2.4687893390655518, 2.1173439025878906, 2.097461223602295, 1.7473258972167969, 1.8929764032363892, 1.5582685470581055, 2.0499684810638428, 2.5650482177734375, 1.3759047985076904, 0.9443471431732178, 0.8108446598052979, 3.3437135219573975, 1.7400221824645996, 1.9250211715698242, 1.0290353298187256, 2.258563280105591, 3.867406129837036, 2.327522039413452, 2.146153211593628, 0.8111871480941772, 3.9020276069641113, 1.6626708507537842, 2.042715311050415, 0.665866494178772, 1.9614224433898926, 2.371206760406494, 1.5738229751586914, 2.420048952102661, 1.7510905265808105, 0.3932931423187256, 2.2886834144592285, 0.9648212194442749, 1.4139938354492188, 1.6430230140686035, 2.126133441925049, 2.2692840099334717, 1.5296502113342285, 1.6769641637802124, 3.60457181930542, 2.0655763149261475, 3.6875650882720947, 2.0897269248962402, 1.3315480947494507, 1.567506194114685, 1.3457932472229004, 1.9349844455718994, 1.9314477443695068, 1.3924528360366821, 2.7913453578948975, 2.389460563659668, -0.19080018997192383, 1.8647968769073486, 1.601922869682312, 3.7148313522338867, 1.848435401916504, 2.475193738937378, 2.098464250564575, 3.4653947353363037], "params": {"iterations": 1510, "learning_rate": 0.014286, "depth": 3, "l2_leaf_reg": 3.4047e-06, "bagging_temperature": 2.5656, "random_strength": 4.1266, "border_count": 207}, "time_end": "2026-03-01T15:07:47.701705"}