{"model": "catboost_minilm_features-extract_preposition_imageability", "type": "test", "seed": 41, "time_start": "2026-03-01T16:49:05.262002", "mse": 0.9415288504992747, "accuracy": 0.3938053097345133, "corr": 0.7030545275326112, "precision": [0.7777777777777778, 0.2962962962962963, 0.32, 0.52, 0.6153846153846154, 0.0], "recall": [0.13725490196078433, 0.48484848484848486, 0.6274509803921569, 0.4, 0.3333333333333333, 0.0], "f1": [0.23333333333333334, 0.367816091954023, 0.423841059602649, 0.45217391304347826, 0.43243243243243246, 0.0], "support": [51, 33, 51, 65, 24, 2], "confusion_matrix": [[7, 25, 18, 1, 0, 0], [1, 16, 14, 2, 0, 0], [1, 9, 32, 8, 1, 0], [0, 4, 31, 26, 4, 0], [0, 0, 5, 11, 8, 0], [0, 0, 0, 2, 0, 0]], "predictions": [1.439758539199829, 1.3731032609939575, 2.754808187484741, 1.1710103750228882, 0.8042352199554443, 1.7070510387420654, 3.18281888961792, 1.6247434616088867, 1.343514084815979, 2.4641621112823486, 2.9636778831481934, 2.2524657249450684, 3.3169808387756348, 1.9172534942626953, 1.6288840770721436, 1.6328457593917847, 3.7804362773895264, 0.9404051303863525, 1.5923449993133545, 3.4569950103759766, 3.8628766536712646, 0.16305971145629883, 2.893671989440918, 1.794202446937561, 1.45140540599823, 2.8264880180358887, 2.247938632965088, 1.7982723712921143, 2.4407873153686523, 2.5932199954986572, 3.5749900341033936, 1.3286422491073608, 1.9779894351959229, 1.2164525985717773, 3.034266471862793, 2.458677291870117, 1.4919159412384033, 2.145328998565674, 3.265133857727051, 0.7255433797836304, 1.4051620960235596, 2.2532448768615723, 1.024749994277954, 1.9100236892700195, 3.420915365219116, 3.265852689743042, 1.1557036638259888, 2.7261555194854736, 1.8204357624053955, 0.5534597635269165, 2.595947504043579, 2.1376583576202393, 3.2053937911987305, 1.6638498306274414, 3.158736228942871, 0.7176871299743652, 2.8731746673583984, 1.9445157051086426, 3.687533378601074, 1.6963860988616943, 1.761995792388916, 2.0244128704071045, 2.579982042312622, 2.2825331687927246, 1.5965657234191895, 2.527653455734253, 1.8687458038330078, 1.741398811340332, 0.9672521352767944, 2.4194765090942383, 1.6709896326065063, 2.39143443107605, 1.0390007495880127, 0.47585129737854004, 1.073325276374817, 1.9886837005615234, 1.4222393035888672, 1.7289085388183594, 1.6175380945205688, 0.3244638442993164, 1.9089255332946777, 1.9985768795013428, 2.54935884475708, 3.227006673812866, 0.8056744337081909, 2.1008124351501465, 0.035024166107177734, 2.6449637413024902, 1.4375786781311035, 1.6817255020141602, 2.9036967754364014, 3.09918475151062, 2.8810715675354004, 0.8004472255706787, 2.4094505310058594, 0.46366286277770996, 1.4657467603683472, 1.862788438796997, 1.1137551069259644, 1.7723630666732788, 2.8957571983337402, 0.23811674118041992, 2.2403690814971924, 2.334465742111206, 0.7408976554870605, 2.127516746520996, 2.287141799926758, 1.3403797149658203, 3.5339183807373047, 1.6511259078979492, 2.5907516479492188, 1.6698298454284668, 2.634754180908203, 3.0653412342071533, 1.8260530233383179, 0.9637982845306396, 3.3233985900878906, 2.483159065246582, 2.908442497253418, 2.934619665145874, 3.133516550064087, 1.5223573446273804, 0.27545833587646484, 2.120558977127075, 3.189478635787964, 2.453721523284912, 1.6764271259307861, 1.405766248703003, 1.5010645389556885, 2.1148176193237305, 2.0301403999328613, 3.756683826446533, 1.8076529502868652, 1.6776412725448608, 3.2473878860473633, 3.7196273803710938, 2.2339253425598145, 2.7870116233825684, 1.3031648397445679, 2.408834218978882, 1.0885859727859497, 1.6803617477416992, 2.1468393802642822, 1.5584709644317627, 2.019991397857666, 2.769524097442627, 2.946913003921509, 0.48012518882751465, 3.665658473968506, 1.4802130460739136, 3.3213772773742676, 1.222548007965088, 1.0041788816452026, 0.6849753856658936, 1.089031457901001, 3.274746894836426, 1.0455058813095093, 0.7388608455657959, 1.9761476516723633, 2.557685136795044, 3.039517879486084, 3.1117377281188965, 2.9108686447143555, 1.26273512840271, 2.511683225631714, 1.4710509777069092, 1.5283503532409668, 1.273005723953247, 2.3749313354492188, 2.1493375301361084, 2.072927951812744, 1.8132240772247314, 1.9563075304031372, 1.5774935483932495, 2.2222132682800293, 2.518195152282715, 1.350524663925171, 0.7610775232315063, 0.8309729099273682, 3.4400880336761475, 1.8332120180130005, 1.6341452598571777, 0.9981851577758789, 1.983083963394165, 3.8441250324249268, 2.087191104888916, 2.0909130573272705, 0.6656067371368408, 3.969620704650879, 1.6354846954345703, 2.0007002353668213, 0.8643053770065308, 2.2337183952331543, 2.633979320526123, 1.6258741617202759, 2.453497886657715, 1.8881102800369263, 0.6324580907821655, 2.410831928253174, 1.0227792263031006, 1.5884236097335815, 1.753767967224121, 1.9461536407470703, 2.3532001972198486, 1.347902774810791, 1.5849494934082031, 3.5308847427368164, 2.1592462062835693, 3.989962100982666, 1.9316046237945557, 1.2528120279312134, 1.5402870178222656, 1.3700015544891357, 1.6801660060882568, 1.8115248680114746, 1.0837209224700928, 2.538289785385132, 2.391087532043457, -0.19031620025634766, 1.865497350692749, 1.3788613080978394, 3.8260059356689453, 2.114445924758911, 2.4789068698883057, 1.9761160612106323, 3.2135448455810547], "params": {"iterations": 1510, "learning_rate": 0.014286, "depth": 3, "l2_leaf_reg": 3.4047e-06, "bagging_temperature": 2.5656, "random_strength": 4.1266, "border_count": 207}, "time_end": "2026-03-01T16:49:05.365125"}