{"model": "catboost_minilm_features-extract_quote_ratio", "type": "train", "seed": 40, "train_losses": [], "val_losses": [], "time_start": "2026-03-01T14:54:36.059115", "mse": 0.1099659800603157, "accuracy": 0.8724226804123711, "corr": 0.9819991733411324, "precision": [1.0, 0.85, 0.6993865030674846, 0.8270676691729323, 0.9487179487179487, 1.0], "recall": [0.8305084745762712, 0.9224806201550387, 0.95, 0.7284768211920529, 0.8604651162790697, 0.9689922480620154], "f1": [0.9074074074074074, 0.8847583643122676, 0.8056537102473498, 0.7746478873239436, 0.9024390243902439, 0.984251968503937], "support": [118, 129, 120, 151, 129, 129], "confusion_matrix": [[98, 20, 0, 0, 0, 0], [0, 119, 10, 0, 0, 0], [0, 1, 114, 5, 0, 0], [0, 0, 39, 110, 2, 0], [0, 0, 0, 18, 111, 0], [0, 0, 0, 0, 4, 125]], "predictions": [2.742159931846502, 1.3474380753586097, 0.16118891129193003, 3.8915242665496454, 1.4623389920035912, 3.730587003914386, 2.448893775386395, 2.6489303201682777, 2.3625420474951833, 2.949012667795349, 1.8691781638545468, 3.7217063451305243, 3.059553810310238, 3.0151948128202357, 1.5875865105700715, 0.35444977749678586, 1.811962885842063, 2.8067346729869773, 2.864213780059832, 1.7113950975019276, 1.39697855922272, 0.6241095550084554, 0.7666050540717568, 1.784995364028458, 1.0215300640692953, 2.8456322237563985, 0.25528384756976674, 2.8408939487997484, 1.0350002074857976, 2.5578732795390176, 1.7898595508601607, 2.242070595501436, 1.359084997225307, 3.0387691523927955, 1.0429770131851979, 1.8031264536554894, 0.13424618675328182, 0.37878603379389464, 0.22050353414629553, 1.6706218238132093, 3.849555857702696, 2.591902995086105, 1.1380254148923603, 1.5820147218822604, 0.46118479758911324, 2.1384173459899563, 2.403553969056707, 3.9852997608866745, 0.16730434301530694, 0.08761100685229728, 0.9541391383611926, 0.43168148686747543, 2.4673702982701937, 1.34418576692992, 2.942361942358622, 3.881354406140815, 2.114215747696299, 2.326441892481182, 2.8234721735746606, 4.109819451731326, 2.729095073313199, 0.26431273853260606, 3.191232684672021, 0.37834415743267114, 2.6932890401395597, 2.251699724528417, 2.0441864966701466, 1.2706017372887985, 2.046897250598792, 2.9259326729552715, 1.7640023041771857, 0.07864830884763219, 0.3075407295015453, 2.7364869879247204, 0.2800253638226686, 0.16086332964647543, 0.27720929263596084, 2.0992191166539445, 3.7486705690653364, 3.731147644537695, 1.8914515132709462, 1.718921012535168, 2.7090929050642965, 2.14533655849533, 3.9511767175041945, 0.8670192181279011, 0.26230306210126075, 2.943201870558669, 3.1468890260700895, 0.14057132928358573, 2.264413232283731, 2.6608470621475173, 3.4934261672233635, 1.5705806491948873, 3.539856244619014, 2.193165667120478, 1.3999441615506731, 0.5764737753779221, 2.8867177901426957, 1.1475984925466451, 2.5362299844642315, 1.1451710726196898, 1.1486355734917522, -0.0030160913567112146, 1.9374838933586576, 0.5505593205761725, 3.231388185330553, 0.2805760228410006, 0.24816089448555712, 2.2787527284014444, 0.5992459018908385, 4.367171283501229, 1.2909001027602307, 0.15878626316230182, 0.06070942835467896, 2.488227833898091, 0.35667401200525983, 3.1246635935913756, 2.655811232184683, 0.3869585494065779, 0.2212669797812108, 4.4928511188031335, 0.24090195292407612, 1.477778112510341, 2.3854276268347827, 2.0366645156821352, 2.4103086241722895, 0.34027665151826225, 1.9558352277460926, 1.5996262181429386, 0.602349325313394, 2.2999095592280563, 3.8688936853204297, 1.731380725238667, 0.07385177683796185, 2.2367429893679853, 1.7840237344932808, 0.4316949856896346, -0.12108245821188657, 0.8202222422231342, 2.3995123361107056, 3.61486295511204, 2.1035853228007912, 1.3338727811132918, 0.44973077584996624, 2.5533376656110858, 0.15085493638159742, 2.4811291241584006, 2.2704967963436626, 2.8846997204615326, 2.7980020002178403, 3.133950207052187, 3.6948244634949177, 3.8785980762723757, 0.2869677280149605, 0.07834186739046745, 1.03127205757162, 3.604589729364209, 1.5602684660984287, 0.17493787529253257, 2.1628216916311773, 3.928806444482802, 2.3730911283483125, 1.1746951061498738, 3.106630540495663, 2.9939161041217703, 2.4406487052842216, 2.54669107956682, 1.870274914235034, 0.9516897311489805, 1.9974278791678717, 2.354744788445385, 3.0252632362054994, 2.8600837287077314, 1.7756491002502597, 0.037710356836591075, 1.2131645752154459, 1.871528205725207, 0.6561059059045318, 3.654416259272419, 3.7007547059439725, 2.6940475655292144, 2.721795408073041, 0.425604223866606, 2.727142860908577, 1.7065644674974147, 2.5420711160581586, 1.8261545931124568, 2.5705383093303746, 3.4538695018197156, 4.394686922915659, 2.4182657537500547, 1.6426773572359123, 1.1698287581667506, 1.7095545138703128, 2.9987362473717645, 3.5206798984183787, 4.122870343989713, 2.6718123193810253, 1.6749939236990339, 1.3991235580190997, 1.1452046609021609, 2.341363497107284, 2.426816648791461, 3.1866972519180234, 0.38251187287689215, 1.3554281288024281, 1.7258629669260894, 2.2621727393282645, 0.6484746034833357, 3.158481880025562, 1.9793675166907467, 3.155925332683792, 3.9827263069115633, 1.7464492554064885, 1.5787566102010837, 1.4287215053450382, 2.3912171710874355, 1.7948080865748723, 1.2673937320176618, 2.9861918441848188, 1.7169696447192546, 0.38802847165877186, 1.518940364495826, 3.098858593628202, 2.8499496570532776, 2.7905030984139025, 1.6804594022321686, 1.8075006714859543, 3.3122774265479347, 1.5586773017015045, 2.903384289944732, 2.378871107897695, 3.7559728906320116, 1.6472627605700194, 2.9163905954784903, 1.9629910842887026, 2.914016738371297, 2.204135492886625, 3.8024179392652764, 1.6243340752467983, 2.199345923382874, 2.360043148677927, 2.466053232379288, 2.766391224757286, 1.1841665304403568, 2.3203496133453316, 0.8503062315946841, 0.48008775183725483, 0.327530448828933, 0.3491299974676161, 3.759972516001521, 1.3032814726215618, 1.0547301528500839, 0.41875115479926484, 2.679356204006422, 0.6083962666123703, 2.747639351312486, 2.417416967136923, 1.8614958370046626, 0.9328338387786665, 0.9051402175161911, 1.8508930425808434, 2.103862133166544, 2.3105841981767012, 1.187775340889905, 1.6634284677583286, 2.5023114070018466, 2.0746425306373384, 0.4952758687501593, 1.828665733495911, 0.6118430588978632, 0.11397585955803491, 3.237182901752578, 2.499563986407195, 3.4517524721530046, 2.25051412453417, 2.526091168077259, 1.7914440057776317, 1.7507222224060242, 2.7031875628473614, 2.8922367078486513, 0.24231370689282183, 1.4934047313382441, 0.9418952348435503, 2.5138353806775795, 1.3181765990562735, 3.69322127709329, 1.7819828006999416, 0.10206606089514825, 1.2385522860830838, 0.9350830719445673, 1.8269872894737142, 1.310606463246087, 2.0777043876941867, 0.08832119143005457, 1.2983574858887927, 0.6568785778276338, 2.744352574297149, 2.4362449236419175, 1.351801807782227, 2.5664163985118233, 0.3253061398615338, 1.6083922954771204, 2.8327988449471966, 2.2973209879173364, 3.0530640681526457, 2.226714061004452, 3.571469191973285, 1.109566674148616, 2.245595956543633, 1.7747493055903594, 1.4231624594638268, 0.3461825597571142, 0.39821249258390656, 0.3812496219709738, 1.0601824544053602, 3.7458783876674064, 3.405782510177267, 2.058188425068242, 2.69554571517802, 2.099739214273866, 0.2309746893142286, 3.1707712958918397, 0.14878262915779006, 0.3918713971587535, 2.4064324364692697, 4.017175756157339, 1.105210488508792, 1.7603372831264343, 1.3662879666521914, 3.4139428708177606, 2.5696490969252532, 2.3836574943798388, 0.17606462948958557, 0.7488322426994178, 0.3134445935305079, 1.868430731969626, 2.622097553438988, 1.173796443763259, 1.9898968797186354, 3.64051014279178, 3.241737213663614, 2.0813274277051814, 3.0128322341680853, 2.846766912361759, 2.619255577591076, 0.35669592463884703, 0.18275125749035226, 0.5130372109566108, 0.10007646392241787, 4.672599675323415, 1.5806579667774243, 2.4810458857348685, 2.9721753227912946, 2.673890622472848, 2.092101161666854, 2.4752221147349522, 0.9702608637814185, 0.33283732111107955, 3.3568095665868842, 0.3726237493434428, 