{"model": "catboost_minilm_features-extract_articles", "type": "train", "seed": 40, "train_losses": [], "val_losses": [], "time_start": "2026-03-01T15:39:37.366510", "mse": 0.1116660372613188, "accuracy": 0.8724226804123711, "corr": 0.9816105717225648, "precision": [0.98989898989899, 0.8285714285714286, 0.7077922077922078, 0.8194444444444444, 0.9734513274336283, 1.0], "recall": [0.8305084745762712, 0.8992248062015504, 0.9083333333333333, 0.7814569536423841, 0.8527131782945736, 0.9767441860465116], "f1": [0.9032258064516129, 0.862453531598513, 0.7956204379562044, 0.8, 0.9090909090909091, 0.9882352941176471], "support": [118, 129, 120, 151, 129, 129], "confusion_matrix": [[98, 20, 0, 0, 0, 0], [1, 116, 12, 0, 0, 0], [0, 4, 109, 7, 0, 0], [0, 0, 33, 118, 0, 0], [0, 0, 0, 19, 110, 0], [0, 0, 0, 0, 3, 126]], "predictions": [2.715886652061328, 1.3210198794364818, 0.1974957597857614, 3.8928145725846224, 1.3935979937775318, 3.711991777650435, 2.502813847794747, 2.680810015430525, 2.3832378544825352, 2.8953297590345892, 1.8185471944922593, 3.7373340376659554, 3.0508610693949807, 3.1022544422464495, 1.6791295709342382, 0.331039927536386, 1.8217502416093623, 2.8891887039605635, 3.082048543480135, 1.6923824934442866, 1.4287952389623053, 0.5996129055057549, 0.7044150232714042, 1.7625089421613835, 1.1464885265431468, 2.8594769476428343, 0.22906490934289003, 2.7376061753231955, 1.060210384552316, 2.5634158026144247, 1.7605047466047847, 2.297909655391491, 1.357774594737561, 2.9421348760477835, 1.1107027486647398, 1.758853573751567, 0.019833275071146517, 0.4311007034666301, 0.1708094307328607, 1.6960410418592795, 3.8349872287894247, 2.5816060279152593, 1.1558529987714814, 1.6487250135634477, 0.46250118088515313, 2.0469507205470805, 2.435983829181288, 3.9170376451895175, 0.18415551635734717, 0.1684744319479341, 1.0715822474991337, 0.42268664213473306, 2.3841439685871078, 1.3994605626112824, 2.953793869736116, 3.9324141234152705, 2.0986465568042334, 2.3171352216307444, 2.7899367105598216, 4.189623763873347, 2.738196239512051, 0.2063101940677221, 3.1650703409830463, 0.3804094266318536, 2.608870975868072, 2.3405539112836107, 1.8908048212675412, 1.2995937971420062, 1.9714798273443848, 2.8674773718431337, 1.7142941879219162, 0.1435367058699586, 0.33896578844435643, 2.7922183618167287, 0.15592735811515057, 0.18310406610825147, 0.24912224650402104, 2.112366445802547, 3.7708796705701744, 3.7584541355204477, 1.904915602954147, 1.7268352742591193, 2.6495308553016006, 2.1548310520677134, 3.927479541066532, 0.8032204666382163, 0.3023511894923372, 2.9560210817139994, 3.243038592577894, 0.1530742578560873, 2.2673206522099245, 2.758983515464526, 3.4825841175238437, 1.592767862012563, 3.600881958753823, 2.1599904003065564, 1.3639177241211862, 0.5706896177309853, 2.874310830820179, 1.1592765420313043, 2.559191602730009, 1.1699029026704602, 1.158994553745836, 0.061829389671322676, 1.8469190788681789, 0.4659062222169523, 3.2232167789003423, 0.3515815776663902, 0.24630185251897707, 2.324714187663037, 0.5438153537016983, 4.353608439407726, 1.3106159150367613, 0.14060242820779711, 0.05518056936272542, 2.5051765808364967, 0.3040820705295273, 3.1271856293067346, 2.7556817340061204, 0.41105394607486945, 0.21172032208952896, 4.508891954236425, 0.3129125536334998, 1.4817912217107267, 2.2664723029947105, 1.9681091932939958, 2.560385603703982, 0.34252151274272125, 1.8368455361352987, 1.6909030583991564, 0.6309672065376446, 2.3371333766669826, 3.779806191098185, 1.806655197119471, 0.08636303507806886, 2.258610232484867, 1.7091745969146255, 0.36216942010482756, -0.14922580800094254, 0.7789894185841291, 2.3538912806276433, 3.659476284260017, 2.0536735610947945, 1.2935790000906555, 0.39812948991214947, 2.555940756231619, 0.16014198043192707, 2.5969464562877733, 2.2745327145380334, 2.8721779491741413, 2.840461217834457, 3.17295466232378, 3.671264444619281, 3.8928291475520576, 0.23202849943792092, 0.13622867694961682, 0.9761318838548101, 3.633944784946647, 1.6256282897693852, 0.15529679839305732, 2.236311332618132, 3.7573966931953926, 2.362714678007803, 1.1685544440726123, 2.9216651174264143, 3.21450572580862, 2.5261147555442376, 2.5542665678746355, 1.872446653327714, 1.0727522823475235, 2.027863358468983, 2.366858903222544, 3.04115783927276, 2.7430333023766575, 1.747629420628647, 0.10966211951246807, 1.0978220128130551, 1.8370509415054816, 0.6151250139314681, 3.6825304939310968, 3.753732562570995, 2.62590534544932, 2.6075080982961887, 0.4104136426791123, 2.7040099746427617, 1.5708680147587342, 2.5901918051236588, 1.8078511274362916, 2.551199407978751, 3.3214235025795906, 4.412365643093692, 2.3294038884980597, 1.7887273431766593, 1.2278034409937706, 1.7402508156817529, 2.984799519336675, 3.469729002876585, 4.134835997857201, 2.5095440611959887, 1.6612667370050276, 1.359364120452785, 1.1969859952220616, 2.2410691359384862, 2.323786914069974, 3.148341013312242, 0.40004322701512374, 1.373246443522617, 1.7297975066396836, 2.1650885262915187, 0.65090029132163, 3.17645897138612, 2.011403405561332, 3.099665547412801, 3.8876711715564416, 1.791080552929523, 1.6321339368891112, 1.5212614669864006, 2.4655442285786138, 1.7754099227986018, 1.319478721060044, 2.873777008977495, 1.6905860854814052, 0.39134305124056246, 1.4989615215777505, 3.0131538546544676, 2.825432394781801, 2.749556491488226, 1.6054760649580477, 1.8199003890846148, 3.3808019920510595, 1.6769784082345924, 2.9041203450689794, 2.440137481773492, 3.854792000642096, 1.6565311291917224, 2.9155417094111202, 1.9898588867980638, 2.8345532280333163, 2.3276950212302534, 3.780734521207946, 1.679577180036806, 2.3299749643642085, 2.3909171454840283, 2.5793448365970075, 2.742610598483658, 1.184705295610654, 2.3114235595946475, 0.8175274106995294, 0.5081066812784929, 0.2583961854094139, 0.3311060592235999, 3.7082489454181022, 1.2587010598528088, 1.015976200781048, 0.4345306451958777, 2.648628629959577, 0.6581536973217781, 2.7250709130267845, 2.460993570538072, 1.7683226169522053, 0.9096883379596248, 0.8399878797286939, 1.6746660682714047, 2.2534132809481178, 2.134257851719596, 1.1255095707729603, 1.719968963944378, 2.582943980690701, 2.1791836515615373, 0.4843295583035401, 1.8142209170310417, 0.5673646845961802, 0.07490190611316017, 3.3016677163227524, 2.481787373457239, 3.38017474665433, 2.2728773105100686, 2.5972079690085934, 1.6954973228353813, 1.6899088077139868, 2.6092944170448775, 2.903839578289602, 0.2873179582025389, 1.4604225404526239, 0.8721193737244435, 2.549134049194822, 1.261573287002148, 3.6921222079879317, 1.7253556037443762, -0.01860282904272914, 1.2744091559173227, 0.7886187888298988, 1.838315501104177, 1.203490475002215, 2.2049492621636846, 0.08133181585551474, 1.279367120941644, 0.5958218816387697, 2.726707423193546, 2.5262313799170824, 1.3040927006054028, 2.6424186351468224, 0.24516890285052995, 1.5434581891268357, 2.8735092673624054, 2.2654880725949864, 3.1043746504896363, 2.241326661810101, 3.4428850552452563, 1.0864309939242582, 2.188005129944591, 1.720347229527082, 1.576800292254923, 0.4436311547952081, 0.45971249000614556, 0.395868043801745, 1.1800279163217364, 3.7401833406485814, 3.441078815599788, 2.0321332781764077, 2.628150656109688, 2.0898521359118387, 0.24711271903294607, 3.2663135832124905, 0.15493445482462098, 0.3359619485249583, 2.4139759086025863, 3.9070378717561365, 1.1930674426037067, 1.6832230087741158, 1.3894485406368804, 3.4800490871060155, 2.6158473175768924, 2.4448340239214312, 0.1693755354649027, 0.730357978979409, 0.32264991687151223, 1.8826164403727081, 2.617735063237427, 1.2303518234583444, 1.9256106699773174, 3.6430395255224166, 3.139484499234961, 2.1013000787218967, 2.8798954362253286, 2.8123874144699785, 2.684294052031208, 0.3569003457146218, 0.22917650136438095, 0.476617710615689, 0.12644282594144496, 4.688138410201466, 1.5698791213285102, 2.5057048776177284, 2.9477118282342083, 2.6703865307103984, 2.0019151510700723, 2.4068746809916917, 1.0143875037412486, 0.3431336718507896, 3.3742260958294383, 