{"model": "catboost_minilm_features-extract_word_length_by_char", "type": "test", "seed": 42, "time_start": "2026-03-01T15:05:19.327944", "mse": 0.9445882087777326, "accuracy": 0.4026548672566372, "corr": 0.7012520759644432, "precision": [0.8, 0.3148148148148148, 0.336734693877551, 0.5098039215686274, 0.5384615384615384, 0.0], "recall": [0.1568627450980392, 0.5151515151515151, 0.6470588235294118, 0.4, 0.2916666666666667, 0.0], "f1": [0.26229508196721313, 0.39080459770114945, 0.4429530201342282, 0.4482758620689655, 0.3783783783783784, 0.0], "support": [51, 33, 51, 65, 24, 2], "confusion_matrix": [[8, 24, 18, 1, 0, 0], [1, 17, 12, 3, 0, 0], [1, 10, 33, 6, 1, 0], [0, 3, 32, 26, 4, 0], [0, 0, 3, 14, 7, 0], [0, 0, 0, 1, 1, 0]], "predictions": [1.2182739973068237, 1.326356291770935, 2.5953779220581055, 1.1750380992889404, 0.8530642986297607, 1.6226203441619873, 3.2068068981170654, 1.6176820993423462, 1.0632485151290894, 2.2719998359680176, 3.006068229675293, 2.28436541557312, 3.4559879302978516, 1.961838960647583, 1.627197027206421, 1.868857741355896, 3.9908647537231445, 1.0146368741989136, 1.663067102432251, 3.3936538696289062, 3.9029598236083984, 0.14778494834899902, 2.930813789367676, 1.6945030689239502, 1.546046257019043, 2.8776063919067383, 2.2849252223968506, 1.91713285446167, 2.832388162612915, 2.3364064693450928, 3.3803153038024902, 1.3152382373809814, 2.040132999420166, 0.9878733158111572, 3.0354204177856445, 2.5756096839904785, 1.3172022104263306, 2.033428192138672, 3.0119235515594482, 0.7875534296035767, 1.530001163482666, 2.1966536045074463, 0.8943291902542114, 2.1367645263671875, 3.436523199081421, 3.3148140907287598, 1.3211302757263184, 2.7389228343963623, 1.878501534461975, 0.5201480388641357, 2.5173163414001465, 2.0952537059783936, 3.210965633392334, 1.8021330833435059, 3.199613094329834, 0.6707710027694702, 3.0992491245269775, 1.948460578918457, 3.533329963684082, 1.701514482498169, 1.7177557945251465, 2.165660858154297, 2.5320188999176025, 2.270871877670288, 1.4968034029006958, 2.3443896770477295, 1.9116466045379639, 1.5385245084762573, 1.2476989030838013, 2.232192039489746, 1.7221732139587402, 2.5186524391174316, 1.1257306337356567, 0.38664793968200684, 0.9854011535644531, 1.8508378267288208, 1.4372735023498535, 1.8167898654937744, 1.4426584243774414, 0.14748263359069824, 1.7466607093811035, 2.083645820617676, 2.437783718109131, 3.1921467781066895, 0.939251184463501, 1.891221046447754, 0.3281729221343994, 2.4773170948028564, 1.3552602529525757, 1.5598620176315308, 3.002593517303467, 3.0815935134887695, 2.3098413944244385, 0.8066250085830688, 2.3998312950134277, 0.43853211402893066, 1.5368187427520752, 1.9413526058197021, 1.0007506608963013, 1.943666934967041, 2.5562448501586914, 0.2152409553527832, 2.425374984741211, 2.2281837463378906, 0.68416428565979, 1.9205653667449951, 2.310420513153076, 1.3340919017791748, 3.562560796737671, 1.5967769622802734, 2.771345615386963, 1.7295893430709839, 2.549278974533081, 2.9793267250061035, 1.6731150150299072, 1.1106798648834229, 3.205106019973755, 2.496727466583252, 2.8749890327453613, 2.811518669128418, 3.31237530708313, 1.6224334239959717, 0.3476099967956543, 2.2496955394744873, 3.026041269302368, 2.475277900695801, 1.538787841796875, 1.3374698162078857, 1.6359162330627441, 2.1818950176239014, 2.2964589595794678, 3.6063833236694336, 1.8676398992538452, 1.8419058322906494, 3.491360664367676, 3.610707998275757, 2.327195167541504, 2.804720878601074, 1.2278759479522705, 2.3375353813171387, 0.8440009355545044, 1.7321709394454956, 2.088402271270752, 1.5654635429382324, 2.157644748687744, 2.6259686946868896, 2.875753879547119, 0.14277338981628418, 3.5740060806274414, 1.26483952999115, 3.104719877243042, 1.197304368019104, 1.0200576782226562, 0.7954456806182861, 1.1223852634429932, 3.5088930130004883, 1.2429951429367065, 0.8120197057723999, 2.086747169494629, 2.5717687606811523, 3.093552827835083, 2.9540371894836426, 2.916099786758423, 1.197156310081482, 2.580872058868408, 1.4256469011306763, 1.5147948265075684, 1.3026553392410278, 2.2861568927764893, 1.9298207759857178, 2.1616127490997314, 1.7963006496429443, 1.8041990995407104, 1.6460633277893066, 2.2959208488464355, 2.602614164352417, 1.4551132917404175, 0.7898972034454346, 0.947256326675415, 3.3275704383850098, 1.7351458072662354, 1.7323064804077148, 1.0645049810409546, 2.0426077842712402, 3.6814956665039062, 1.9965112209320068, 2.001542806625366, 0.5996674299240112, 4.0459065437316895, 1.6358790397644043, 1.9884452819824219, 0.8022940158843994, 1.8364343643188477, 2.322911500930786, 1.5894426107406616, 2.5716309547424316, 1.8408273458480835, 0.412686824798584, 2.5073046684265137, 1.0269376039505005, 1.6247925758361816, 1.8354004621505737, 2.1671433448791504, 1.9887433052062988, 1.3982940912246704, 1.4770318269729614, 3.5719165802001953, 1.887141227722168, 3.798956871032715, 1.9123163223266602, 1.3742599487304688, 1.481856346130371, 1.381006121635437, 1.7154669761657715, 1.8796923160552979, 1.1293689012527466, 2.6095821857452393, 2.5046207904815674, -0.07057476043701172, 1.7817959785461426, 1.3200918436050415, 3.775505304336548, 2.0318665504455566, 2.520613670349121, 2.1028594970703125, 3.280392646789551], "params": {"iterations": 1510, "learning_rate": 0.014286, "depth": 3, "l2_leaf_reg": 3.4047e-06, "bagging_temperature": 2.5656, "random_strength": 4.1266, "border_count": 207}, "time_end": "2026-03-01T15:05:19.422694"}