{"model": "catboost_minilm_features-extract_tense", "type": "train", "seed": 42, "train_losses": [], "val_losses": [], "time_start": "2026-03-01T16:32:36.112742", "mse": 0.11097656250379043, "accuracy": 0.8711340206185567, "corr": 0.9817951276160666, "precision": [0.9895833333333334, 0.8156028368794326, 0.6975308641975309, 0.8518518518518519, 0.9658119658119658, 1.0], "recall": [0.8050847457627118, 0.8914728682170543, 0.9416666666666667, 0.7615894039735099, 0.875968992248062, 0.9689922480620154], "f1": [0.8878504672897196, 0.8518518518518519, 0.8014184397163121, 0.8041958041958042, 0.9186991869918699, 0.984251968503937], "support": [118, 129, 120, 151, 129, 129], "confusion_matrix": [[95, 23, 0, 0, 0, 0], [1, 115, 13, 0, 0, 0], [0, 3, 113, 4, 0, 0], [0, 0, 36, 115, 0, 0], [0, 0, 0, 16, 113, 0], [0, 0, 0, 0, 4, 125]], "predictions": [2.7254451648535563, 1.3390162736152997, 0.20268709498908777, 3.877891172884656, 1.5216600736066455, 3.712578836314287, 2.4750922163146374, 2.7745129291920243, 2.480798609349713, 2.821122156400704, 1.845195750102738, 3.8069137518806464, 3.0004950123427667, 3.0098185376321807, 1.5380464267528238, 0.387789004319707, 1.7795770137102855, 2.84819554367531, 2.925652201277896, 1.7557221913028174, 1.4678671824705731, 0.5961910835023148, 0.7109247415122499, 1.710581178581104, 1.017061655477932, 2.78803779309857, 0.18700048708279748, 2.7855931311880195, 1.1311656167748125, 2.603050831834594, 1.753645907088806, 2.2301948229385267, 1.403708917689623, 2.9523242622981116, 1.0128361181492933, 1.7281024976227068, 0.04423409883481799, 0.48183218034015285, 0.17764568914567613, 1.7563070513829362, 3.77203800569637, 2.5341898920835577, 1.085608610970845, 1.5438076598469441, 0.466328986142972, 2.0577841735401927, 2.570745333675099, 3.8596094974943833, 0.18843701984679972, 0.18743531371253352, 1.0489985433900673, 0.379505427899705, 2.4035694992989516, 1.3343369761002966, 3.027104092383234, 3.955109948263849, 2.120393395654479, 2.3595088792480543, 2.8401762255983414, 4.067621027243947, 2.814701286445856, 0.20305901542536198, 3.0992342392116705, 0.3417518350755073, 2.606860947577242, 2.2480420069440874, 1.9190769460737291, 1.270072630172287, 1.8995452073721921, 2.8864979662652686, 1.791162215376778, 0.06002413455117672, 0.2970346281154157, 2.7507313424172475, 0.281442767848334, 0.15507837657176582, 0.23526962347129565, 2.0480045671739124, 3.7105329899215107, 3.7817293176091535, 1.8853364336949552, 1.775320637075081, 2.6157188441402437, 2.2343994838016408, 3.9402588234194216, 0.8324948322427359, 0.3473661021005716, 2.9623068003928417, 3.1499223942263095, 0.2019898391923678, 2.248842917937407, 2.6940419869045544, 3.5285663377606307, 1.5365051243230021, 3.5573625471758623, 2.1300986561439483, 1.3733545262511482, 0.6171029826835952, 2.9628518561617616, 1.1343028631694487, 2.562295078749606, 1.1809591871415457, 1.200691557452458, -0.02622103450276958, 1.872120649555397, 0.46925139527788984, 3.2159108844181814, 0.2798603231749235, 0.2887033117190816, 2.269021104873989, 0.5640131386478429, 4.352922373061055, 1.3996481491838266, 0.16468740655191638, 0.06879942850984255, 2.422027696570603, 0.27189684323440044, 3.1086098864444724, 2.6986965142700408, 0.4990412018782089, 0.18542742883308616, 4.3802915203622215, 0.2551310931217592, 1.4615454302202093, 2.309092018864312, 2.022649058818648, 2.404516263664277, 0.3616488323343767, 1.893436298648158, 1.6697017973109292, 0.636518157157326, 2.269887521254079, 3.987437911541959, 1.7166636741983372, 0.07856661510132357, 2.243432289778839, 1.6933586988130194, 0.33396239233965286, -0.09400286273088909, 0.819182457699569, 2.328779840927357, 3.6830055548562157, 2.129611351997907, 1.3387633032978827, 0.4471567879317324, 2.570002134806283, 0.06869370278873133, 2.5921867267129115, 2.348043527188719, 2.8520236369916754, 3.03475164412422, 3.0963445943556045, 3.524902796350137, 3.8581013955340087, 0.3769446583992542, 0.1049340794526894, 1.0314085930631036, 3.6688332438886713, 1.5636249985843325, 0.18754187540699752, 2.160353493397491, 3.9378269742688508, 2.3839810161898485, 1.1958193774885553, 3.025481285770064, 3.0829410337474177, 2.5770929550688346, 2.5719957745807664, 1.889317144869389, 0.9597862216169744, 1.9399469809628318, 2.390761482783779, 3.007371910154419, 2.853685543655918, 1.7512977480140433, 0.11206480478247682, 1.243922856430836, 1.9018092267536186, 0.6591852096327857, 3.7325750647578886, 3.6860661327025768, 2.686511118031905, 2.58432458705504, 0.4217113192865214, 2.7500363702381048, 1.671090654431275, 2.5016171968425445, 1.8108248574853452, 2.4952915805974936, 3.374668739651521, 4.432345853043768, 2.322941833973119, 1.6722784182177692, 1.131815312460879, 1.8061565136319684, 3.0253591735471863, 3.484639223786373, 4.06516290960068, 2.584636766070833, 1.7500501497722918, 1.3034227582687414, 1.1715640034249166, 2.326170270336343, 2.4446330346914054, 3.229292443060032, 0.3319670896745679, 1.3623056790113335, 1.8094720455694473, 2.2398668455014725, 0.7220034918514531, 2.9372280508338102, 1.9794805446705084, 3.057941556973377, 3.901143732663029, 1.7312212258430395, 1.559344984026663, 1.489321481663974, 2.4048106308686665, 1.7892911947338765, 1.3356463468539848, 2.8874308805959914, 1.7365610804511429, 0.43842277415094033, 1.4815738841185786, 3.1649448082075025, 2.901894032129592, 2.841789326806874, 1.6094519057980543, 1.889909555848579, 3.4034550674299764, 1.5866359636849439, 2.9453702275224245, 2.3536265500453437, 3.7899725778872604, 1.7163514497768564, 2.8827403590354588, 2.038272809235216, 2.86202468795157, 2.284360410983567, 3.7961559794724353, 1.5918829735797706, 2.3121955132697547, 2.350519853065878, 2.523690094274583, 2.8053931940662618, 1.1973924423628441, 2.3424130462166524, 0.8207849607782924, 0.5218563546860016, 0.26370631832672364, 0.3423707457907885, 3.844113013004305, 1.3517419134481912, 1.0467000260453405, 0.40918599804134637, 2.6817371090872055, 0.5800857405607707, 2.7581900852221546, 2.484931305791952, 1.7941282114266501, 0.9182148068327929, 0.8114995575060782, 1.7357134192519437, 2.109514918074131, 2.208777309047179, 1.1528543746418671, 1.7431185569845515, 2.555026275040158, 2.083504986253635, 0.5295168378890689, 1.768120415356814, 0.610004626138912, 0.1623817465682711, 3.181690705116058, 2.4699802004269165, 3.441277438235545, 2.275780860338099, 2.587335572271542, 1.8193121335259756, 1.6817021351066503, 2.7043732189093923, 2.9307476703417716, 0.22488761690780779, 1.427527773009244, 0.9167367313742891, 2.516650223817039, 1.3621041348485998, 3.8121079123442563, 1.8209225339286501, 0.10540049412366148, 1.2115682888799906, 0.9041825109894821, 1.7393657558537146, 1.2163673570762106, 2.1494658137104654, 0.09992767683701853, 1.3819629133847686, 0.5894284140963055, 2.8482264652095712, 2.3765004527659657, 1.244076093203931, 2.5991521661932313, 0.3130840701129438, 1.5922608042602548, 2.819352430374812, 2.3077863648633867, 3.0346807522982817, 2.1861118792445273, 3.4290032306802147, 1.153792528256766, 2.226784433904925, 1.7866028934283738, 1.5890469435617853, 0.44599360469626115, 0.40990232650639324, 0.382320837120647, 1.1672734112713483, 3.675177939758844, 3.443575174966389, 2.065205992465814, 2.682280130076132, 2.111043568050257, 0.17899094774212942, 3.2263474323073, 0.19996487808344998, 0.382410983052484, 2.4222074546165575, 3.90820413774503, 1.1511847794492571, 1.6953462659229435, 1.4636631324819425, 3.503363348242373, 2.5833943668787374, 2.292359603463474, 0.18359002721022222, 0.7163700959316366, 0.33208949530220444, 1.7671293017167868, 2.484895266896355, 1.2162208952000306, 1.9151268574000648, 3.542815925485953, 3.283094797568988, 2.1511903287757033, 3.0195337111525546, 2.782570863731212, 2.6254530613150626, 0.3958344215620144, 0.21343701293545037, 0.5263475793628549, 0.09681091000328568, 4.593732623605302, 1.5439970365056932, 2.496599987077023, 2.9854441320212928, 2.6886415468400795, 2.1249837318787055, 2.5164268322325967, 0.9790404912097384, 0.3731028304457231, 3.3340674451285155, 0.3889606931222964, 