{"model": "catboost_minilm_features-extract_dependency_tree_structure", "type": "train", "seed": 40, "train_losses": [], "val_losses": [], "time_start": "2026-03-01T16:06:37.521430", "mse": 0.11169366740488808, "accuracy": 0.8698453608247423, "corr": 0.9816419999112822, "precision": [0.9894736842105263, 0.8125, 0.7, 0.8432835820895522, 0.9658119658119658, 1.0], "recall": [0.7966101694915254, 0.9069767441860465, 0.9333333333333333, 0.7483443708609272, 0.875968992248062, 0.9767441860465116], "f1": [0.8826291079812206, 0.8571428571428571, 0.8, 0.7929824561403509, 0.9186991869918699, 0.9882352941176471], "support": [118, 129, 120, 151, 129, 129], "confusion_matrix": [[94, 24, 0, 0, 0, 0], [1, 117, 11, 0, 0, 0], [0, 3, 112, 5, 0, 0], [0, 0, 37, 113, 1, 0], [0, 0, 0, 16, 113, 0], [0, 0, 0, 0, 3, 126]], "predictions": [2.6626171294422996, 1.386530910811799, 0.14166372966150753, 3.9042511577245693, 1.4402711132708217, 3.6828448556586535, 2.519669240020211, 2.7625944083552714, 2.403574175607218, 2.9207793312448, 1.8282946610386317, 3.7335737034282457, 3.039474025097362, 2.99598048231859, 1.6056615714101397, 0.35133759627676575, 1.7916370116721119, 2.915272850098063, 2.9174296239567483, 1.7567753893587374, 1.3580279238529664, 0.5609004077439963, 0.6659040662583942, 1.7853106144793043, 1.0368009666898288, 2.940547864879537, 0.18366640285191105, 2.7699486054580786, 1.0879805605832134, 2.6167463699148255, 1.763821390291408, 2.303642164371355, 1.3710570500243844, 2.9122309679708875, 1.0088425144600794, 1.7022975165628975, 0.13459137029345758, 0.4286390217164624, 0.19741696215239823, 1.7219552309309734, 3.857541562530714, 2.5409816081387095, 1.1355957127141123, 1.5471665335058846, 0.6196225550825063, 2.1804989246298088, 2.4485625383455027, 3.8468181187174504, 0.19470875041613445, 0.17071912693800195, 1.0315319467200286, 0.38839710896131496, 2.395730371152842, 1.3573837015993957, 2.939000703777294, 3.861429701966374, 2.1217895298923164, 2.30939094097069, 2.7677355857590453, 4.142770737654413, 2.8040258800394233, 0.2540509975137639, 3.2125378020582414, 0.39350619654345653, 2.6329256936586294, 2.254628547317883, 2.011949807196353, 1.2856608662103588, 1.9213914353241832, 2.8979472290449833, 1.7261267278108183, 0.07735565389091636, 0.2649453958968797, 2.7391533972612407, 0.192878295175686, 0.11634613565292007, 0.17808528265906842, 2.15071521044384, 3.8065938913742494, 3.7400885889179794, 1.8105524993447957, 1.7769585759819466, 2.640054263338615, 2.1817833592997045, 4.020787338303178, 0.980144682793864, 0.24271564658553846, 2.857940641485045, 3.164763656208213, 0.14264841554667607, 2.1867629218816114, 2.6433610946575774, 3.4496533348685605, 1.560160298868385, 3.5113192732432164, 2.1329018544112475, 1.4592851681539267, 0.5386458662448317, 2.8067569425192818, 1.1644180905389445, 2.55676291748128, 1.0868707696332667, 1.20493735500088, 0.00364441238716795, 1.9120396785124738, 0.5323933111049539, 3.3035189487397116, 0.33033138918048843, 0.19670185946656282, 2.2440870338967516, 0.5456839885458973, 4.408913229135325, 1.338675640961015, 0.1727790984431694, 0.11377242529297771, 2.4100939832540362, 0.43466165344512, 3.1274564066717163, 2.7408172274439786, 0.3101231160015656, 0.1881522971251326, 4.477976011739829, 0.25360738364255475, 1.385094468783063, 2.2920151098253356, 2.0491710591655727, 2.4167319705765076, 0.3766232307614983, 1.994156284186149, 1.617771571167082, 0.5935697297294638, 2.275380718303022, 3.8243133815031083, 1.7014482502529855, 0.058226062160286585, 2.267468049820022, 1.7366924169922033, 0.3877864871755432, -0.06092220254785374, 0.7672391592508874, 2.3173409270881344, 3.7046373392789436, 2.1342493997133776, 1.256653858277997, 0.4867993147068219, 2.5779708394550624, 0.17472649347342717, 2.49452444734385, 2.2353401804268045, 2.796758032973523, 2.9363201944901665, 3.111411849351228, 3.6698162098344356, 3.8788201297315874, 0.23744603981966916, 0.13439558180518274, 0.9787658528706336, 3.621681661363126, 1.5133784472741443, 0.22391973320730818, 2.1732496238501584, 3.942610777347114, 2.324609068853761, 1.2206902518735483, 2.9930548432960196, 3.1827056437867878, 2.531962165907355, 2.529386450755704, 1.9510110419975035, 0.9134833833365379, 2.0327029261583753, 2.3741047538484388, 2.928356713090272, 2.8381419537341075, 1.8027744157676862, 0.08613069192877942, 1.1477488872945256, 1.8623930944324476, 0.673780283840923, 3.711657978904233, 3.6442805053383913, 2.7261046210917286, 2.7139427634028617, 0.4763781918242467, 2.7894636460824, 1.5778373418738627, 2.54753914899652, 1.8336823077532036, 2.586101008269935, 3.3768596678386085, 4.5087371652795065, 2.4788080637939403, 1.7243323907412509, 1.1580670157872053, 1.850588203455274, 2.9450891765182257, 3.5692882242168418, 4.122097279146704, 2.56124406699246, 1.5916751768889639, 1.3086390821622038, 1.1713283217630577, 2.3022664863265443, 2.4077230920124153, 3.1925321842309238, 0.3886808045241361, 1.3626928794129742, 1.7130391300544576, 2.222905041227107, 0.6641249140338943, 3.1155294202715655, 1.9276260291268388, 3.1114624790328613, 3.9356360337925635, 1.7518117058607983, 1.681288050810626, 1.4831886261518257, 2.45082152744395, 1.819369459630244, 1.2519786239449933, 2.9590563162756833, 1.640984009559443, 0.4516516916250355, 1.4716807724218417, 2.98137456719902, 2.8683430580270683, 2.717432419433637, 1.6356477329006938, 1.7745659913555167, 3.4041162757371604, 1.57320962860924, 3.0855596614731793, 2.327873874116885, 3.7647019678783065, 1.6254030397536718, 2.8756893499488445, 2.093913148931725, 2.869597375454051, 2.307855856806034, 3.794691083272451, 1.5692871409224052, 2.205231844348591, 2.4566084404796245, 2.5903607009284566, 2.8281118391797597, 1.1779642472452776, 2.380784591547822, 0.7776791047534939, 0.5134951806617236, 0.1882370025646125, 0.40623153220369623, 3.8395717414663615, 1.312447710137747, 1.0894737003705954, 0.42662443181870957, 2.5960134138759026, 0.6478656494048753, 2.808824803907162, 2.43805921779853, 1.8192662977092233, 0.9320236065851946, 0.8411061762682173, 1.7743224959298676, 2.1232179219786445, 2.1946172449338763, 1.202721982809325, 1.71825842876743, 2.4953200627296797, 2.166588079455074, 0.5258684286153139, 1.8386028067867177, 0.6612590425544727, 0.10435534002126978, 3.2559765444843296, 2.518927781309175, 3.4302760823479486, 2.2687193266810257, 2.515584532016938, 1.7359352750178099, 1.6303547199098478, 2.7067912888052947, 3.05499493367552, 0.1892543212783857, 1.4862610093099895, 0.9215577101461367, 2.553445233945546, 1.3611498942546951, 3.837144264055988, 1.691121978517041, 0.06435476851397537, 1.3254887577955072, 0.912234736740756, 1.8641802330618948, 1.2275651361459068, 2.1608772099165856, -0.021388837000219763, 1.3267734250118746, 0.5707973287905255, 2.729262015310734, 2.5527760409584346, 1.2599765331024388, 2.489676997428569, 0.32776892488419174, 1.5980835333219092, 2.765835676324828, 2.2833767568740315, 3.095595941351983, 2.1546649018281805, 3.610115329590989, 1.1128760620168088, 2.191146199000011, 1.7087748982524065, 1.5827846794869047, 0.306610132336945, 0.44600136565836657, 0.426614184051354, 1.1773397675199944, 3.801306788775574, 3.3969831592785127, 2.0963285504571156, 2.7801219389829037, 2.0909066553852966, 0.24019288317382115, 3.180989851279543, 0.19101599730499874, 0.3553926045417386, 2.3991023301793337, 3.972668604568744, 1.1829326597240246, 1.7773096044728711, 1.3715150383512438, 3.473120905868466, 2.6760865593595464, 2.4561667683315216, 0.17217017236540766, 0.7297023827807105, 0.3102616627266901, 1.8924599119575523, 2.611344758767148, 1.1558449425156716, 1.9079554620076804, 3.5288386957638735, 3.2576981180732894, 2.1163964730319833, 2.968796937800795, 2.7904123342805858, 2.75883281270753, 0.30626771203874226, 0.27430072949259543, 0.5498270517341433, 0.22942569437668192, 4.5721972637445365, 1.4819442668454452, 2.529059262545235, 3.0924005266567605, 2.678340401173068, 2.0903752563039784, 2.41761639509661, 0.9723118146759648, 0.36599929254753993, 3.300346438490977, 0.3491413725567849, 