{"model": "catboost_minilm_features-extract_3+syllable_count_ratio", "type": "train", "seed": 40, "train_losses": [], "val_losses": [], "time_start": "2026-03-01T15:31:48.013957", "mse": 0.10985897781059427, "accuracy": 0.8698453608247423, "corr": 0.9819418786323625, "precision": [0.98989898989899, 0.8260869565217391, 0.6894409937888198, 0.8507462686567164, 0.9576271186440678, 0.9920634920634921], "recall": [0.8305084745762712, 0.8837209302325582, 0.925, 0.7549668874172185, 0.875968992248062, 0.9689922480620154], "f1": [0.9032258064516129, 0.8539325842696629, 0.7900355871886121, 0.8, 0.9149797570850202, 0.9803921568627451], "support": [118, 129, 120, 151, 129, 129], "confusion_matrix": [[98, 20, 0, 0, 0, 0], [1, 114, 14, 0, 0, 0], [0, 4, 111, 5, 0, 0], [0, 0, 36, 114, 1, 0], [0, 0, 0, 15, 113, 1], [0, 0, 0, 0, 4, 125]], "predictions": [2.6923696139095137, 1.3610338182985866, 0.129034874643986, 3.873739917937342, 1.5335164083058928, 3.7267911704775982, 2.5382537003490557, 2.720821364542876, 2.44278769889447, 3.026019006988846, 1.8185414924347447, 3.8060094043709904, 3.028343798359667, 3.1732707423712556, 1.6139301145626317, 0.2822663721760099, 1.7951532284551006, 2.9756084434718924, 2.9577059116606885, 1.6600582115146725, 1.3371712606090103, 0.6283956979664942, 0.6501372310592817, 1.7839051070012732, 1.0072001243740116, 2.8828903203432366, 0.13494676645226278, 2.7384844160526316, 1.1117270022566148, 2.58859990486216, 1.6920847442031461, 2.3364000157497036, 1.3988395614071472, 2.888497614425073, 0.9869171417641711, 1.7822908834969344, 0.07255625627402873, 0.47031065623756385, 0.17430852913854267, 1.7861001052053622, 3.8475921412799936, 2.51316999329363, 1.1639184408934755, 1.5359491267716148, 0.507474339246412, 2.1070405646484525, 2.474702118484616, 3.840432680892394, 0.1500524110143684, 0.1352743837374617, 1.0138594481253436, 0.4659175265261153, 2.5240916296063314, 1.3474673555230459, 2.9361931533126207, 4.009288469108338, 2.082807540422757, 2.3088248983331736, 2.7837298515293742, 4.115900068663241, 2.818656055433598, 0.24833717259509935, 3.271264180081588, 0.42565625281215436, 2.697912290481289, 2.2654194360673876, 1.9948831699747505, 1.2569219574612598, 2.028863505261545, 2.9267492561396047, 1.768951617240314, 0.0955177476034672, 0.3889042983569917, 2.7412262152491205, 0.24477457487540377, 0.1891059803536752, 0.16135184520164936, 2.1084488765816216, 3.828952731850748, 3.639847120121905, 1.9058426096221606, 1.823136631325705, 2.7297223473426726, 2.196742666956578, 3.974293510295719, 0.9625203560927404, 0.24590801890912584, 2.7648349781282215, 3.192724529626517, 0.0962994548905951, 2.2027175078253496, 2.6282071038260915, 3.515089088012019, 1.6335547379140385, 3.472699478799515, 2.1341913321449817, 1.3808883588847083, 0.5586706833558719, 2.886639604568598, 1.2139028772224192, 2.609150400271996, 1.172138685272993, 1.1989044822391006, 0.08315391844641917, 1.8929530910946464, 0.4891901079084291, 3.214936691988579, 0.32447665485535193, 0.27922299769556913, 2.2799636504755267, 0.5453017924536854, 4.3945613819541185, 1.2778535777835418, 0.1454433824334016, 0.01798853475450679, 2.380422695886971, 0.2933801714816502, 3.1839486362961718, 2.7784906263421787, 0.42596545047876644, 0.2110584343570907, 4.371082984548311, 0.23710903234271896, 1.54359501966178, 2.2988643342174337, 2.0607143062780686, 2.4831097575047147, 0.3167169517911277, 1.9779292905158605, 1.589815734333483, 0.5934260108808596, 2.3227552439339454, 3.8909881030169915, 1.6990715973146933, -0.07362134933359021, 2.2771043464634375, 1.7161460106331168, 0.48680314226264265, -0.12141031367080846, 0.7954590353876714, 2.379822811377001, 3.7810995851167943, 2.083219984312615, 1.2376094034389429, 0.4465187599180167, 2.5826875467984123, 0.13773389496741073, 2.5797766390179278, 2.3730012416878687, 2.8007159513465822, 2.8452535283255185, 3.1150357883446134, 3.6261498856911496, 3.843779646605669, 0.34389770936249686, 0.10054224248763166, 0.9495715078086644, 3.680160144974667, 1.605050045682217, 0.132270149294631, 2.118854977787297, 3.9468594673705972, 2.3400370437382376, 1.1389691749249602, 2.9368701362947887, 3.169506386255517, 2.5324348408581283, 2.5593831300483205, 1.8911963823977858, 1.0303863191363634, 1.9179909545569855, 2.3908721940855866, 3.0554583346233306, 2.770021620952687, 1.8535339060054916, 0.09185711532975827, 1.1719615956660827, 1.8261029744766937, 0.6486019264678033, 3.6851843992553035, 3.6308720225060034, 2.7217233521860686, 2.637450117563138, 0.3562851519618122, 2.7744633412725377, 1.6329703092334533, 2.5634237699000395, 1.8004223344422337, 2.5438129667359264, 3.3656931623478488, 4.365986969125721, 2.3807412845888494, 1.683750869156731, 1.2590749537829542, 1.7916349383219017, 3.089052986706566, 3.4448994235010453, 4.048539335710479, 2.6184982514449406, 1.6279804147694616, 1.3034539508935163, 1.166479590946338, 2.2022176387915167, 2.3781846666563955, 3.221589760879945, 0.3961059044430808, 1.410972700888446, 1.7169518536636366, 2.214962976657554, 0.7030060295137874, 3.0992664355764434, 1.9856330832172708, 3.1795605158768474, 3.9009254744347617, 1.7585876015330482, 1.6486355560660941, 1.4561089666171718, 2.397306009428695, 1.78716107816499, 1.3123765429020926, 2.8981380894205406, 1.7185936033630185, 0.37605175939459334, 1.5116316818398798, 3.0461193066946124, 2.9079499792782553, 2.8768885505899644, 1.6013240421124415, 1.9671076014916773, 3.3415870083609507, 1.585509002626128, 2.892863219682126, 2.3581148503667024, 3.7483289884613824, 1.6206418890414054, 2.8874917354059733, 2.062778088478744, 2.870776020882326, 2.353045563146424, 3.8401134140649575, 1.6590564145934028, 2.2602049674190927, 2.3989820233048125, 2.505356185525247, 2.7500919177959373, 1.2359244038468724, 2.4026511016854073, 0.8300387005352678, 0.5023005564685139, 0.23079985744888543, 0.3273567562976325, 3.7492029626584946, 1.3503786467883276, 1.1411525367357505, 0.3730487369606097, 2.6533625094727604, 0.581671554093417, 2.765095776878603, 2.4605014179694167, 1.7986063117667825, 0.9272295779978033, 0.8267344415548228, 1.7323644797689597, 2.1653287408771686, 2.306292989888755, 1.094310448625034, 1.6572313472082656, 2.5985902134951884, 2.1621339958049957, 0.5616805035092443, 1.858671533500147, 0.6021542391556056, 0.15929071760686275, 3.3136100083913163, 2.493166990590571, 3.3530794530412575, 2.2981515755848965, 2.571756406562956, 1.801250169575567, 1.7167386022804112, 2.6761016008687486, 2.8954096230807034, 0.23304892510983644, 1.44062931108748, 0.9009150513304878, 2.4660674621051824, 1.3668751794761949, 3.822323937645911, 1.787149708184474, 0.030490070516750567, 1.362443708579114, 0.8406778299660165, 1.8021666329050894, 1.2539637774513144, 2.0817489568461163, -0.04388286515408213, 1.3707437390440378, 0.6780715864242555, 2.768146112906323, 2.473332810150997, 1.2502501196798672, 2.5518307552063506, 0.3803292059789549, 1.57441597692358, 2.863138082884977, 2.2334881730225726, 3.172290479818711, 2.195855849508631, 3.6046114340381537, 1.094561039671733, 2.240844749223458, 1.7437690713084097, 1.5129751284259103, 0.37856630243447453, 0.42858568507131567, 0.3921354497257816, 1.1674075317170873, 3.739743257626275, 3.40997910683181, 2.0755138858462394, 2.5755729064879924, 2.149731509124179, 0.18672150643396668, 3.1797842336924496, 0.12826777477109985, 0.3560725154573201, 2.308648333344181, 3.8250939576460405, 1.0624289484881644, 1.7033947005793246, 1.414135430319561, 3.5035100777272783, 2.664932965331153, 2.328933539917248, 0.19607405975526238, 0.7058535126250152, 0.3592322576407736, 1.9070753566272152, 2.6091315471392216, 1.216553963373152, 1.936415947463932, 3.630459338776051, 3.211788105899492, 2.061108066704201, 2.8625707228440955, 2.7662443687061886, 2.7670545517182967, 0.3963473431102349, 0.24289069516999362, 0.42906973907542634, 0.18420456475145475, 4.670554558031543, 1.4937338249643544, 2.4778742327375753, 2.9604405203432664, 2.6072442351780034, 2.132654794294149, 2.4323003023834753, 0.9333262744818491, 0.32243166663309397, 