{"model": "catboost_minilm_features-extract_punctuation", "type": "train", "seed": 40, "train_losses": [], "val_losses": [], "time_start": "2026-03-01T15:43:29.975419", "mse": 0.11066861117178331, "accuracy": 0.8762886597938144, "corr": 0.9818136761778898, "precision": [0.9896907216494846, 0.8214285714285714, 0.7044025157232704, 0.8602941176470589, 0.9663865546218487, 1.0], "recall": [0.8135593220338984, 0.8914728682170543, 0.9333333333333333, 0.7748344370860927, 0.8914728682170543, 0.9689922480620154], "f1": [0.8930232558139535, 0.8550185873605948, 0.8028673835125448, 0.8153310104529616, 0.9274193548387096, 0.984251968503937], "support": [118, 129, 120, 151, 129, 129], "confusion_matrix": [[96, 22, 0, 0, 0, 0], [1, 115, 13, 0, 0, 0], [0, 3, 112, 5, 0, 0], [0, 0, 34, 117, 0, 0], [0, 0, 0, 14, 115, 0], [0, 0, 0, 0, 4, 125]], "predictions": [2.766177172838923, 1.3232557028895156, 0.18192075971837296, 3.8049119732925583, 1.4489637904044328, 3.7422233434666765, 2.505693443413018, 2.6610901472301256, 2.3763647185397314, 2.8543388987104548, 1.8134788770123063, 3.76153339539996, 3.0236881713453307, 3.0623964619290804, 1.6915773931210818, 0.39677961849419585, 1.7793851557714224, 2.8924009838600795, 2.9254111257046107, 1.6919097120714546, 1.4041968462823944, 0.5518443665251518, 0.6745619322568934, 1.7032976148362775, 1.0516165450659063, 2.9666394025976017, 0.18100003289867495, 2.868820718650184, 0.931371401602584, 2.6028674150968505, 1.7131844419932514, 2.2040792424048705, 1.3611876285173885, 2.9808591525032013, 1.081229038066377, 1.7643461053937752, 0.05369054698724396, 0.5232768943842661, 0.20296068527133615, 1.7554090782383218, 3.79103943073003, 2.6661077591341047, 1.025955963435463, 1.6227791052220222, 0.5332297478180168, 2.1278016415984577, 2.448450359513591, 3.836002820251016, 0.22575769507929744, 0.157416063743252, 1.0699299084082219, 0.46911652565434014, 2.477485382027586, 1.4676952753137076, 2.9531482644675395, 3.965965026334393, 2.085734912327502, 2.2828966462042057, 2.8134001342443646, 4.260706014381431, 2.806542437521631, 0.26292824435802586, 3.170582777282235, 0.3917397746699254, 2.6218785806683202, 2.3246364717269494, 1.9882989168288838, 1.244757913455843, 1.927564679318228, 2.9123906515516245, 1.7813767938527132, 0.09606475793054692, 0.2976534855227402, 2.788170356487135, 0.22085993179061614, 0.18134556414425473, 0.16906382558620914, 2.1207412322719836, 3.784854940312659, 3.8005434437124546, 1.8585294789610374, 1.6726388163326251, 2.6920028471589847, 2.182866712771056, 3.955383480389953, 0.9763616021614414, 0.2962402868952645, 2.910746652195478, 3.117527479187343, 0.09821101862185033, 2.2436347985667586, 2.7222366314806, 3.4589016415518676, 1.5643021463307059, 3.5499221688712956, 2.213813764143661, 1.4103902626962028, 0.5096895085749824, 2.8372572546937804, 1.20745836526884, 2.5742326425766353, 1.1947467277695, 1.19774738563408, 0.04015384117156895, 1.9821120997047355, 0.4606691607629063, 3.2829420761840478, 0.32570783638001677, 0.26489718476169744, 2.3113767593354284, 0.5812262633657139, 4.277466193847261, 1.2650967641645383, 0.15154345785289358, 0.07628324694697897, 2.443588303047818, 0.2766767567637287, 3.053231225883179, 2.7272178568353085, 0.3812395003224185, 0.19149094888340912, 4.43362608455949, 0.3397112325160885, 1.4820136293757886, 2.290495314608727, 2.1203777072748338, 2.455883693878681, 0.344564909953208, 2.0230265583617446, 1.5913045016765501, 0.6041452708835993, 2.298676348683946, 3.8277828033282066, 1.638834053709239, 0.10860879371186227, 2.228594309422711, 1.6480518799044082, 0.30371278726234996, -0.09594758139930448, 0.7976465398636858, 2.286432698488367, 3.613878570419125, 2.0233806352483583, 1.1941770370872433, 0.5017316512789809, 2.6446933772381342, 0.13127758966695957, 2.4260843512615313, 2.2425561486904457, 2.8804919268445093, 2.916872612514491, 3.2273741833079868, 3.5855795364937464, 3.9855191235151595, 0.2894124917542724, 0.10487321931864813, 0.8866459196593297, 3.7402969107898123, 1.4888898463741367, 0.11286011208106128, 2.092573363728877, 3.94210695567663, 2.338879644130577, 1.2014606424937406, 2.9673718097370902, 3.0795867465770543, 2.5091127526642683, 2.5540962760595267, 1.827556105211902, 0.9472995365089003, 2.129786266615334, 2.3245522271631347, 3.037294454805292, 2.792991851956371, 1.7948432038988464, 0.16680941473088096, 1.1649626371107054, 1.8382632713835183, 0.6085201855995757, 3.7554918457438315, 3.614662678853974, 2.6825578852213727, 2.6318631088192355, 0.2986514684803594, 2.729237193856059, 1.6017440820621054, 2.58518199062468, 1.865251426798031, 2.6117400926067207, 3.4135532868261604, 4.3791097962430765, 2.3758483109957003, 1.729993423757129, 1.181208499461166, 1.7327959639132562, 3.165316414863879, 3.513033611692263, 4.133138456139328, 2.600967042132492, 1.6998513753439397, 1.3264363727779163, 1.1924659123233037, 2.2294196270600173, 2.313772465449195, 3.2195126299578796, 0.3737245222057024, 1.3422366773625007, 1.7502070555429463, 2.2426760745768837, 0.6990522447963556, 3.1023359025544837, 1.9687648971779144, 3.1642331327740356, 3.882252093897363, 1.7347631326139594, 1.6329966927093535, 1.4898603717376713, 2.4168760258260096, 1.730606214519629, 1.3947792636021548, 2.9162765415464174, 1.6836098500379546, 0.39712275286753007, 1.473540830905836, 3.0230409115534247, 2.972996769002644, 2.7963599253156124, 1.632415090925722, 1.7730402509160792, 3.2990693059244793, 1.5301376868502001, 2.964105865255057, 2.340474414483153, 3.8481974263968866, 1.6468027001939278, 2.8621766511231153, 2.028284789986895, 2.8526957035459555, 2.343169204525955, 3.7991796777595503, 1.636049504563206, 2.2388729644233556, 2.3407923293193624, 2.6016692581477785, 2.7850945758427157, 1.233071172330946, 2.4719590943542156, 0.8495515060946697, 0.44909027613729036, 0.3210164195244918, 0.36004148466831953, 3.800092913495346, 1.2952283264285998, 1.0902787363751643, 0.438411313644818, 2.607658312115242, 0.6154984854926717, 2.7108468995870196, 2.4861461198664125, 1.8564560248893145, 0.8784303091764369, 0.830314438285418, 1.7556309736274192, 2.1220072391481475, 2.2034159988575945, 1.2145581151392641, 1.753310313058725, 2.6303681987151513, 2.110311782914376, 0.5572995335868269, 1.8399392197051196, 0.6215655081585321, 0.14441442145547745, 3.251023085972167, 2.575015659173246, 3.3636902739047425, 2.220871996953754, 2.503833022069167, 1.7439290223678947, 1.7053030617959042, 2.7662272247371886, 2.9254778843448404, 0.2328237807093596, 1.4591440495730545, 0.9049382370418362, 2.5732158839253323, 1.2849908613981798, 3.7935576666173016, 1.7521329032937203, -0.02711449709885949, 1.225398691529049, 0.8420145270674477, 1.855690183937349, 1.2495267640268957, 2.1191426451325777, 0.014635275496291289, 1.32127997878904, 0.6268629107374113, 2.7500542956946705, 2.451346288249968, 1.3163206453274579, 2.5415783340821596, 0.24986933670498335, 1.6066813271209088, 2.827861954317793, 2.318742708990561, 3.0883250154198354, 2.2837660533972137, 3.434536472757193, 1.1429859568033234, 2.237486820304029, 1.804933277330961, 1.5269051195421972, 0.35519801113375316, 0.4308287593419573, 0.3532733135001651, 1.116147922536595, 3.7506308360860743, 3.3978110883066313, 2.0668456007884735, 2.5956059118552095, 2.1761776801091304, 0.2307406517823969, 3.251581536032344, 0.2340577859570545, 0.3751407946480545, 2.3756778705915362, 3.9199456397639922, 1.0945438267197094, 1.7265038988512185, 1.4587236285028322, 3.5644361250331746, 2.572953765156659, 2.3385200326556794, 0.18936261134362997, 0.7253612084513383, 0.27353771150267914, 1.9746033852072178, 2.603042446759718, 1.1178203862903318, 1.9940482622758058, 3.600513529890863, 3.231497908158359, 2.106313752448968, 2.94460626111436, 2.8331442100086894, 2.705996547186156, 0.35054189827854687, 0.1885484667835673, 0.5591128300067383, 0.1385606014380074, 4.654503282201034, 1.536607411874558, 2.3920546689322606, 2.9974309217868744, 2.598404326725666, 2.0931578269608524, 2.4838236650208683, 0.9351271678290383, 0.4188463734967378, 3.3620822399560804, 