{"model": "catboost_minilm_features-extract_casing", "type": "train", "seed": 40, "train_losses": [], "val_losses": [], "time_start": "2026-03-01T15:51:17.269818", "mse": 0.11060627150795815, "accuracy": 0.8672680412371134, "corr": 0.9818223405021617, "precision": [0.9896907216494846, 0.8156028368794326, 0.6848484848484848, 0.8484848484848485, 0.9655172413793104, 1.0], "recall": [0.8135593220338984, 0.8914728682170543, 0.9416666666666667, 0.7417218543046358, 0.8682170542635659, 0.9689922480620154], "f1": [0.8930232558139535, 0.8518518518518519, 0.7929824561403509, 0.7915194346289752, 0.9142857142857143, 0.984251968503937], "support": [118, 129, 120, 151, 129, 129], "confusion_matrix": [[96, 22, 0, 0, 0, 0], [1, 115, 13, 0, 0, 0], [0, 4, 113, 3, 0, 0], [0, 0, 39, 112, 0, 0], [0, 0, 0, 17, 112, 0], [0, 0, 0, 0, 4, 125]], "predictions": [2.634968133308291, 1.3558718015209015, 0.18925966232383917, 3.902480524787734, 1.4561216808963724, 3.7759483380945076, 2.4832099793469187, 2.732416015314657, 2.4999610626046946, 2.878961690356928, 1.858964298818131, 3.763966568817329, 2.970479194477565, 3.033028630591364, 1.5651832650598798, 0.432249468597099, 1.8127413742487195, 2.958862130301824, 2.929384701936039, 1.7867409087307227, 1.3872816603539324, 0.5707862089598783, 0.7451375827771163, 1.7520983356256918, 1.0166668810367328, 2.960414430886325, 0.18083830962359748, 2.8415493947518007, 1.0863337205408323, 2.652474203821656, 1.7452053508690049, 2.2270897439226185, 1.4539401873503666, 2.9625466697660356, 1.069047927182527, 1.707316933940159, 0.1399815728379199, 0.47702355733785273, 0.16158245553557693, 1.7264867541747628, 3.783506406684852, 2.569321200141271, 1.0629995033950166, 1.538444335859539, 0.599090724350305, 2.0417227072097464, 2.4356443554732166, 3.927847175608912, 0.15700598517184705, 0.22178596433810682, 0.9930032781954565, 0.41262407012007607, 2.485146624273237, 1.3715800704356422, 2.97517024572579, 3.8417340868293888, 2.147923677216617, 2.3601620300328756, 2.8037703455593896, 4.204029050603637, 2.8241503221159086, 0.24538325004362527, 3.254829127325096, 0.3339417757875047, 2.667159763619135, 2.288756777346521, 1.964397085828876, 1.2848595932004054, 1.9821130412762469, 2.8995037069026903, 1.7213400008379767, 0.04699756125810328, 0.33448702943494846, 2.7169329558458593, 0.27807234468727593, 0.13179230110568296, 0.24464073413770748, 2.1307998332067912, 3.8205227360734018, 3.7274193379243767, 1.812568423176887, 1.7032992358928807, 2.6414652071258256, 2.255341648859848, 3.931106960321217, 0.9018468868955092, 0.2699974185073457, 2.9790726681718023, 3.098042398412197, 0.13515456214738775, 2.157394236203153, 2.593591548048231, 3.4869916366985376, 1.490135086033859, 3.513846841038619, 2.0977331738366574, 1.3762300864418282, 0.6710731099626557, 2.8598533750778596, 1.126692662053621, 2.4729187065437417, 1.114755085972374, 1.2221476043029922, -0.08272360393203515, 1.9277910065569357, 0.4797991776433612, 3.311400217097619, 0.33317761174052407, 0.17722163728373763, 2.2751111786785607, 0.5864929848580587, 4.355941566520716, 1.3204262182152282, 0.11592086622780728, 0.08239529796808531, 2.498174733835505, 0.35166644189364993, 3.0957696945131863, 2.741396788851237, 0.41966372568658183, 0.23415437076570633, 4.449939610728805, 0.26800580602933666, 1.546445450664621, 2.3784213977304662, 1.9947586838747746, 2.280147306684383, 0.33548396321336726, 1.9995132893447143, 1.6012224410581173, 0.6241766189172695, 2.2281028536116954, 3.7617507562093446, 1.726600718760982, 0.10849810787585579, 2.259872238177295, 1.7176820794599945, 0.36800450149103137, -0.06228870396128938, 0.7405130372455664, 2.411938519698662, 3.691004101614543, 1.9856417333747727, 1.2554646234919065, 0.466747157392978, 2.5992895142096764, 0.07705622257291767, 2.5673207270853617, 2.294761667884666, 2.8384331723175973, 2.885142104371457, 3.1620856270875013, 3.632311057555187, 3.955236664595758, 0.2658181343988346, 0.0016786505858394918, 0.9343817353036423, 3.6338240511790634, 1.49066722438129, 0.1432435865102688, 2.098913672612829, 3.855714681254467, 2.319987325508917, 1.1902131531764644, 2.8879638701435244, 3.100323404142412, 2.627701459983314, 2.539072238915665, 1.9788230821369577, 0.9182443925557648, 1.9730874468108812, 2.399849374686182, 2.959301377485187, 2.832247923403944, 1.9329350083102623, 0.10529374552976867, 1.2488778524545083, 1.8184163684507766, 0.6046202313794662, 3.7102293261016377, 3.578496018835237, 2.709314306447027, 2.7409141077775985, 0.3483407503055358, 2.684986071113614, 1.620505842898901, 2.457122918403855, 1.7968229585726008, 2.568855835827008, 3.3754050218239704, 4.395474063044342, 2.456055814709514, 1.6916263324393586, 1.1789018251059693, 1.7188327685271374, 3.0501819713841263, 3.5532042232695824, 3.983361861606636, 2.6537692751589383, 1.677878275931063, 1.2378272796539405, 1.179196322894874, 2.164257534335838, 2.3836328679881076, 3.1913730983485484, 0.4483394131869658, 1.3423798904692459, 1.729520051785315, 2.200658244050237, 0.7100399763586007, 3.155976123691924, 1.9151071066350025, 3.1043194431456245, 3.909144684027501, 1.7132380285851796, 1.569183732705142, 1.5135631829849356, 2.381757365779986, 1.7902128286046253, 1.2805204975594926, 2.9866364048659597, 1.6996412945402244, 0.5511316745150763, 1.5746580139598154, 3.147128546131131, 2.928537765981359, 2.582919952045197, 1.63811641848742, 1.7521872713823616, 3.366907349999609, 1.5198184687453606, 3.014687986547229, 2.2785860910563898, 3.791415599305548, 1.6154419671955247, 2.8519694619634954, 2.1012541925917385, 2.761133857756337, 2.2548472904515418, 3.8732099605007884, 1.6061090789042178, 2.2745969197289897, 2.444209435272338, 2.6694039932350893, 2.850533991533661, 1.1940195180177047, 2.35385953014267, 0.9653681785922634, 0.45487505261274297, 0.31229629181518304, 0.33324848544040764, 3.7565408022534648, 1.2671380444357536, 1.0773070138930587, 0.5692216023327274, 2.7000123702301413, 0.6141885631140309, 2.648607703366956, 2.4462222301257373, 1.830573405967415, 0.9205469807441218, 0.7816987294493452, 1.7918910823757719, 2.0343602847514703, 2.2182579016888173, 1.1078718666788088, 1.660840176038405, 2.4718942890264866, 2.0577296426637584, 0.5910029418956739, 1.9076616076536808, 0.6027281280267875, 0.11655949783527442, 3.152045598799815, 2.632185721911731, 3.4733714320367697, 2.2500936132426768, 2.540263677234882, 1.7713998188155482, 1.7187740937638285, 2.6977734450094264, 2.845014504960919, 0.23143939091433818, 1.427381128018274, 0.8790742689108089, 2.5133690553653687, 1.3430933923786268, 3.7186553833523748, 1.798656984486319, 0.09472302100160013, 1.2203509185565042, 0.8060197147372425, 1.832743577589874, 1.2397245845350826, 2.126927118008958, 0.07673889646617127, 1.251750152404177, 0.5766030067808086, 2.7584736411171904, 2.4667579109906086, 1.2497955776069987, 2.610377762061863, 0.3357746458418629, 1.6097748164493475, 2.8166443221986257, 2.2770744143982955, 3.088020107441175, 2.16834033004222, 3.4584447782953385, 1.1121463304881452, 2.2265383928277425, 1.7783296334598968, 1.5231079592541839, 0.3592300487748381, 0.4521909208104402, 0.41931420414672305, 1.182102674276454, 3.694977508228363, 3.411626929406495, 2.05442330060756, 2.6900081760250414, 2.077817117257883, 0.24387741224924397, 3.21473879223026, 0.15660208729013814, 0.4343604556926475, 2.3443382462935887, 4.039268393356227, 1.0745955082631546, 1.770757042712087, 1.4589682450667079, 3.4307245419558083, 2.668865771350083, 2.3841263614428856, 0.13480829880387502, 0.7367450893722565, 0.2641900408857367, 1.8261313529592282, 2.5988879325186303, 1.1973282481355838, 1.9380993795745982, 3.6772205999677228, 3.259670665850509, 2.140659246424454, 3.09496811110983, 2.792823589908096, 2.73282067659306, 0.3578074108293663, 0.20527405469555982, 0.5544807948750854, 0.15338545181796892, 4.671788748761792, 1.5360322362766978, 2.4886689895271648, 3.0720657693302176, 2.6469326602849845, 2.1015999555022855, 2.4506254156236547, 1.0440835739213838, 0.4571398148656658, 3.317743873593736, 0.3637065729677582,