{"model": "catboost_minilm_features-extract_word_length_by_char", "type": "train", "seed": 40, "train_losses": [], "val_losses": [], "time_start": "2026-03-01T15:01:32.447160", "mse": 0.11180863787492581, "accuracy": 0.8698453608247423, "corr": 0.9816071950670946, "precision": [0.9895833333333334, 0.8201438848920863, 0.6867469879518072, 0.8560606060606061, 0.9741379310344828, 0.9921259842519685], "recall": [0.8050847457627118, 0.8837209302325582, 0.95, 0.7483443708609272, 0.875968992248062, 0.9767441860465116], "f1": [0.8878504672897196, 0.8507462686567164, 0.7972027972027972, 0.7985865724381626, 0.9224489795918367, 0.984375], "support": [118, 129, 120, 151, 129, 129], "confusion_matrix": [[95, 23, 0, 0, 0, 0], [1, 114, 14, 0, 0, 0], [0, 2, 114, 4, 0, 0], [0, 0, 38, 113, 0, 0], [0, 0, 0, 15, 113, 1], [0, 0, 0, 0, 3, 126]], "predictions": [2.7088833716727083, 1.3075117470772581, 0.1467808676762501, 3.8284699758191536, 1.4634448416528623, 3.666455499760145, 2.5096896498690136, 2.707494323648014, 2.3678213280315172, 3.089360605634563, 1.8278072571065298, 3.782114946504068, 3.061176888913148, 2.9345997080672777, 1.6593913806201042, 0.375405467817731, 1.7919643013047115, 2.9056845354706304, 2.930277528176216, 1.7116028786186237, 1.3687358370348983, 0.5534213786899671, 0.7387136893991588, 1.7473801079696707, 1.0119444753926066, 2.96041819521649, 0.18565023248771428, 2.8408886148551176, 1.1141467021581897, 2.676724826525726, 1.8117832385772656, 2.3162880085753716, 1.409618375677327, 2.9918293350860434, 1.0644253170567881, 1.765087015557234, 0.034950728248051455, 0.45806027442740405, 0.18727467845425272, 1.6841183766364785, 3.813629342855724, 2.571916580002341, 1.1722502224993168, 1.5810242128118261, 0.5307624696856375, 2.188149319998482, 2.5632496338219894, 3.9868501324490775, 0.23368574019844246, 0.2051952303934126, 1.0213426859137313, 0.46096180535160514, 2.4496959644888023, 1.4352773662737186, 3.0684120558840964, 4.012747289089959, 2.115169775748662, 2.3097913672911403, 2.7528400200263166, 4.250933474076922, 2.7916605830831758, 0.18855647856530044, 3.1933322536740185, 0.36582334791209403, 2.7344383574888136, 2.2792941522345314, 2.0227989523793495, 1.2383207832703789, 1.9042837836002666, 2.897213327842166, 1.8250218867299899, 0.02367109583360749, 0.3053780726545767, 2.7794637338236443, 0.17188473747363364, 0.17620586163803909, 0.189980684746192, 2.1055881740683895, 3.7249796964956774, 3.7189948576898653, 1.854928260040431, 1.7867272316128235, 2.67186184391772, 2.171588680092796, 4.00645448358112, 0.9504925495291192, 0.2659587224873916, 2.8254522148801158, 3.2338522483933643, 0.13388809436408877, 2.2416774483645674, 2.725027406827825, 3.462275331424383, 1.5594675731656924, 3.5185873563411985, 2.18268363589381, 1.41570281038245, 0.5117143682181968, 2.850660321608093, 1.2157280461296232, 2.5311812101989215, 1.1376794840375748, 1.0873857520242998, -0.03557676054844272, 1.8674852976313454, 0.5098894441967536, 3.2313023191648256, 0.3744701012037397, 0.19395256388860016, 2.37147730202444, 0.5563383831309157, 4.343631631723338, 1.3382523303441638, 0.21981723694096278, 0.040613477072724447, 2.4560292946467412, 0.3435135391358384, 3.0916520285035096, 2.7348327007976154, 0.3262481543488156, 0.1743213290706791, 4.55137583057407, 0.27813688140010395, 1.4988415845526195, 2.293137817233335, 2.0885283804517742, 2.459646602836601, 0.3080998517491631, 1.9466193935490899, 1.5532643842725817, 0.7024822793690129, 2.327782598779061, 3.8174171593997, 1.7992795992024277, 0.04141332742905757, 2.3317312174780667, 1.7581533883316451, 0.367712060147142, -0.16824019007569158, 0.791301703569739, 2.3294678166181386, 3.768234555917974, 1.9493139174992211, 1.3394616477430608, 0.458072742217595, 2.6766742215952335, 0.13333287514520764, 2.434410740693026, 2.2605010918598, 2.8806283190704822, 2.948315961498474, 3.1046336089202637, 3.6096805737289803, 3.927007407228658, 0.33142512920044354, 0.10228733485670904, 1.0449438642312314, 3.678260353318186, 1.588192558801596, 0.1735506610891484, 2.1492746059215104, 3.92960779269497, 2.3949561610189845, 1.16030117599437, 2.9239331867094274, 3.1691991146701346, 2.5341536383874885, 2.4724909538010147, 1.8731518668492408, 0.9655910922881297, 1.9349341408162604, 2.368807961936509, 2.9590058452940142, 2.8699358871111347, 1.7720085576868938, 0.0978423896368481, 1.1713609524008814, 1.8451218414930795, 0.6986955816214058, 3.564463960556844, 3.727379720571835, 2.6933924467711683, 2.661116825831962, 0.4413949973928979, 2.6512418684723094, 1.5782713279315868, 2.4754213741724427, 1.8832426087429543, 2.57184983912785, 3.4242160340079604, 4.496478113503709, 2.4470901190617633, 1.7296567280149042, 1.200208112478255, 1.7514331363865379, 3.0866083174940764, 3.5442236038608455, 4.117971910642975, 2.487921747895438, 1.6552344000323425, 1.3160529278453361, 1.152633492622174, 2.274470961460214, 2.4323519067816757, 3.0836719725143906, 0.4169163318230704, 1.3859764664984529, 1.751435180665736, 2.2295988243763603, 0.7020010641205354, 3.144847272525837, 1.9172333596978814, 3.0938295935197395, 3.907405985434408, 1.7331515794663084, 1.6317758210027213, 1.508568334856998, 2.439672095042455, 1.7934970501076437, 1.3024964954708074, 2.8582419656819953, 1.7255578349211884, 0.36463646937904404, 1.5239703047793605, 2.9881169752888663, 2.840911597002802, 2.7149585335228243, 1.5976911266337335, 1.7035117793411398, 3.2571142846323085, 1.642755100032303, 3.0696977642176337, 2.431105973149736, 3.770887440176709, 1.6744245990634559, 2.92857917668671, 1.94673977931333, 2.8615985902677306, 2.314011383846389, 3.7984246099670935, 1.5735404872300318, 2.322514282039834, 2.4895317289417713, 2.557628754546411, 2.7202041716387484, 1.180442131884208, 2.3504123323015857, 0.7956635611606111, 0.578640250530595, 0.24024626578495756, 0.379653561612995, 3.80192564224088, 1.276718392178567, 1.1479974211783512, 0.38650800615234715, 2.6135470749740195, 0.5984307715656698, 2.7561915294639965, 2.486216066065959, 1.840646523242636, 0.9256962111161233, 0.8945757536892609, 1.829533081482007, 2.065855876201383, 2.27594193264606, 1.2123337942408097, 1.7132281057791376, 2.6436480439390637, 2.115780871289366, 0.5361824267629232, 1.7721380770424744, 0.6536170239101209, 0.0697511586592996, 3.3184200892055653, 2.515805312304071, 3.398223791125949, 2.3205379631898624, 2.5805636726649426, 1.8004236833162146, 1.6372903107072418, 2.7769877201496618, 2.935424040664225, 0.2464228245093989, 1.5070989643315316, 0.878713039146855, 2.4384176447513157, 1.381809431882218, 3.8334847012020887, 1.7519117354843434, 0.0804159276475489, 1.312439483694639, 0.8652934771001914, 1.8742665804380323, 1.2719049829589577, 2.0463470013456444, 0.11507681177840245, 1.3186071474028087, 0.633950164797183, 2.734688172254573, 2.3918824383205353, 1.2884249493754782, 2.60393177285501, 0.2989223872778446, 1.571835015288788, 2.806963501553279, 2.3062100611690695, 3.051650794989061, 2.3170075694518824, 3.3792095771264625, 1.1453009565758265, 2.178144079214282, 1.729145807327745, 1.5609898852892476, 0.4131919154290622, 0.39227682509865724, 0.472363730697984, 1.0625023656544061, 3.6541300155629637, 3.4006014218144176, 2.091384201136636, 2.6413578847295573, 2.108996947645084, 0.20393061965694814, 3.17712259587557, 0.17742447030164854, 0.3467125879921298, 2.4853135682570615, 3.902693936861718, 1.1677693049200601, 1.8009503194084817, 1.420106448479903, 3.533436521030038, 2.6001272343983035, 2.344452759222072, 0.20348703882577457, 0.7784130045852948, 0.263124312413364, 1.9224162582866242, 2.5625046802851568, 1.1289668228474055, 1.8726496713581624, 3.5431664576934603, 3.2977993606978977, 2.0589704778748885, 2.986908407935199, 2.8198375908233477, 2.6766671970578177, 0.38463499959615755, 0.2653791248790949, 0.47018313248230204, 0.1463986185250019, 4.673431471605449, 1.5874210882924136, 2.3686248521145785, 3.082790942169943, 2.6394149593675973, 1.9922345645636197, 2.3884107123862366, 0.9566405709594217, 0.34272813832596727, 3.2937461962756567, 0.4817277610391022, 