{"model": "catboost_minilm_features-extract_numeric_word_ratio", "type": "test", "seed": 41, "time_start": "2026-03-01T15:18:55.751978", "mse": 0.946671797466083, "accuracy": 0.3893805309734513, "corr": 0.699344423862786, "precision": [0.7272727272727273, 0.2549019607843137, 0.31313131313131315, 0.5306122448979592, 0.625, 0.0], "recall": [0.1568627450980392, 0.3939393939393939, 0.6078431372549019, 0.4, 0.4166666666666667, 0.0], "f1": [0.25806451612903225, 0.30952380952380953, 0.41333333333333333, 0.45614035087719296, 0.5, 0.0], "support": [51, 33, 51, 65, 24, 2], "confusion_matrix": [[8, 24, 17, 2, 0, 0], [1, 13, 17, 2, 0, 0], [2, 9, 31, 8, 1, 0], [0, 5, 30, 26, 4, 0], [0, 0, 4, 10, 10, 0], [0, 0, 0, 1, 1, 0]], "predictions": [1.2296221256256104, 1.395592451095581, 2.693721294403076, 1.2663955688476562, 0.8865748643875122, 1.5608062744140625, 3.3123111724853516, 1.6595555543899536, 1.4046005010604858, 2.4602725505828857, 3.1029489040374756, 2.4068572521209717, 3.4426000118255615, 1.9809536933898926, 1.7089128494262695, 1.566605567932129, 3.8939719200134277, 1.044722557067871, 1.6991221904754639, 3.5794129371643066, 3.858344793319702, 0.19260001182556152, 3.000170946121216, 1.5378469228744507, 1.558305025100708, 2.828130006790161, 2.2468175888061523, 1.9887545108795166, 2.534541368484497, 2.3599019050598145, 3.5466785430908203, 1.1741987466812134, 2.091935157775879, 1.1074312925338745, 3.077083110809326, 2.351116895675659, 1.224263072013855, 2.0489792823791504, 2.996535062789917, 0.7862964868545532, 1.3392337560653687, 2.226710557937622, 1.0038931369781494, 2.0506720542907715, 3.5032005310058594, 3.1264803409576416, 1.23770010471344, 2.9098172187805176, 2.026637554168701, 0.4686455726623535, 2.570944309234619, 2.066084384918213, 3.3247013092041016, 1.808992862701416, 3.189791679382324, 0.40055131912231445, 3.2622909545898438, 2.056846857070923, 3.7531802654266357, 1.4161295890808105, 1.7355271577835083, 2.1156206130981445, 2.834449052810669, 2.2119064331054688, 1.5324233770370483, 2.5610203742980957, 1.5995643138885498, 1.653611660003662, 0.9978400468826294, 2.2633180618286133, 1.886376976966858, 2.4740355014801025, 1.2624796628952026, 0.2626485824584961, 0.972750186920166, 1.8327398300170898, 1.5331248044967651, 1.8677897453308105, 1.5972603559494019, 0.1881561279296875, 1.766122817993164, 1.848886489868164, 2.2482919692993164, 3.2685816287994385, 0.8424402475357056, 1.9878144264221191, 0.08350539207458496, 2.5915777683258057, 1.577223777770996, 1.8853638172149658, 2.989893913269043, 3.0452141761779785, 2.679293632507324, 0.9378483295440674, 2.4191839694976807, 0.43498778343200684, 1.5317413806915283, 1.8932068347930908, 1.2343144416809082, 1.6502891778945923, 2.5229921340942383, 0.22470474243164062, 2.772341012954712, 2.2792248725891113, 0.5739630460739136, 2.1478958129882812, 2.4103615283966064, 1.3209840059280396, 3.5595784187316895, 1.6487882137298584, 2.5334362983703613, 1.7656042575836182, 2.3948936462402344, 3.0536227226257324, 1.7896192073822021, 1.0157876014709473, 3.2747459411621094, 2.637645721435547, 2.813809871673584, 2.8593859672546387, 3.443415403366089, 1.6119184494018555, 0.21881866455078125, 2.237204074859619, 3.2291526794433594, 2.386115550994873, 1.6509809494018555, 1.2348278760910034, 1.659550666809082, 2.0663962364196777, 2.1254098415374756, 3.884855270385742, 1.5883145332336426, 1.4364842176437378, 3.5298893451690674, 3.906613826751709, 1.9475269317626953, 2.889859676361084, 1.2324448823928833, 2.29258394241333, 0.8426506519317627, 1.5612077713012695, 2.082775115966797, 1.6109633445739746, 2.1445508003234863, 2.842332363128662, 2.9909169673919678, 0.48029589653015137, 3.7149159908294678, 1.1887290477752686, 3.2686102390289307, 1.1668657064437866, 1.0592048168182373, 0.635848879814148, 1.0996359586715698, 3.483529806137085, 1.1857126951217651, 0.7623823881149292, 1.9345018863677979, 2.681488037109375, 3.0383074283599854, 2.9734230041503906, 2.775562286376953, 1.0034294128417969, 2.2758002281188965, 1.4615572690963745, 1.5092167854309082, 1.34577476978302, 2.2601780891418457, 2.144540548324585, 2.038297414779663, 1.723012924194336, 1.7861227989196777, 1.6054749488830566, 2.3891987800598145, 2.567966938018799, 1.3849210739135742, 0.8029173612594604, 0.615222692489624, 3.331664562225342, 1.740281343460083, 1.7135282754898071, 1.095015287399292, 1.9949710369110107, 3.78708815574646, 2.015373468399048, 2.171828269958496, 0.6519736051559448, 3.975532293319702, 1.4881587028503418, 2.007167339324951, 0.6392674446105957, 2.0207643508911133, 2.536252498626709, 1.6165739297866821, 2.4019644260406494, 1.623887300491333, 0.5081372261047363, 2.5389232635498047, 1.0260992050170898, 1.7503094673156738, 1.7210500240325928, 1.9316084384918213, 1.9998044967651367, 1.3963079452514648, 1.601719856262207, 3.531846284866333, 2.043677568435669, 3.6121129989624023, 2.0454013347625732, 1.3601536750793457, 1.5318996906280518, 1.4212007522583008, 1.8809680938720703, 2.0905003547668457, 1.0456359386444092, 2.691821336746216, 2.557033061981201, -0.1838514804840088, 1.7971301078796387, 1.4622483253479004, 3.7701849937438965, 1.9408172369003296, 2.584249973297119, 2.1199076175689697, 3.2281906604766846], "params": {"iterations": 1510, "learning_rate": 0.014286, "depth": 3, "l2_leaf_reg": 3.4047e-06, "bagging_temperature": 2.5656, "random_strength": 4.1266, "border_count": 207}, "time_end": "2026-03-01T15:18:55.841206"}