{"model": "catboost_minilm_features-extract_syllable_count_avg", "type": "train", "seed": 42, "train_losses": [], "val_losses": [], "time_start": "2026-03-01T15:30:25.469585", "mse": 0.11330407929968744, "accuracy": 0.8685567010309279, "corr": 0.9812705941113089, "precision": [0.9894736842105263, 0.8156028368794326, 0.710691823899371, 0.8368794326241135, 0.9487179487179487, 1.0], "recall": [0.7966101694915254, 0.8914728682170543, 0.9416666666666667, 0.7814569536423841, 0.8604651162790697, 0.9534883720930233], "f1": [0.8826291079812206, 0.8518518518518519, 0.8100358422939068, 0.8082191780821918, 0.9024390243902439, 0.9761904761904762], "support": [118, 129, 120, 151, 129, 129], "confusion_matrix": [[94, 24, 0, 0, 0, 0], [1, 115, 13, 0, 0, 0], [0, 2, 113, 5, 0, 0], [0, 0, 33, 118, 0, 0], [0, 0, 0, 18, 111, 0], [0, 0, 0, 0, 6, 123]], "predictions": [2.652161577831703, 1.3362661016532638, 0.2434663875075338, 3.9825151606566838, 1.5256027146189948, 3.741293848664278, 2.5230678824567034, 2.6859082928837634, 2.36331434481541, 2.9701659952550186, 1.8183210195640735, 3.7654082694702824, 3.0660820184347015, 2.9829658261310428, 1.6083468208693086, 0.3262973776336522, 1.7418496435923014, 2.8898774409021426, 2.893784474426267, 1.7696356234349282, 1.3512702531321614, 0.543891856994527, 0.672640741563955, 1.671914489568743, 0.9648544632936316, 2.8065897075969843, 0.20001311243036257, 2.8138947896033333, 0.9657538936399674, 2.5911330293310275, 1.7257375082908641, 2.2377205537849547, 1.2843382360790705, 2.984818407684953, 1.0790819842144697, 1.7477909355536199, 0.037238026038734606, 0.375298191257202, 0.1835925424141598, 1.809147921908635, 3.7304588345330787, 2.5553668382776022, 1.137807001645005, 1.55323704743025, 0.4877110083708227, 2.0842108599710176, 2.459648047433788, 3.881434144061892, 0.23381606889589346, 0.19089685501831033, 1.1163987136461357, 0.40521132958726014, 2.545738671710544, 1.3938812591414824, 2.9820025434284507, 3.9444961694931107, 2.0200367439736944, 2.384782313311758, 2.804392481557067, 4.144205990826866, 2.7662193346591066, 0.16048022077994428, 3.1936300963110993, 0.4198110933580308, 2.6615984926946403, 2.1709104018027965, 2.02246762017459, 1.278643454054292, 1.9143284527797038, 2.915785435358267, 1.724165899910245, 0.06203196483953288, 0.27897559796842586, 2.8056464655258626, 0.26974251181237374, 0.16407372145927024, 0.19770325017496893, 2.1827507318218538, 3.7789471267241996, 3.6812275249458293, 1.8261970600001378, 1.7401570198955172, 2.697406319434989, 2.261110902010408, 3.9691876793482357, 0.9581345475216378, 0.34673974357456405, 2.974424410042123, 3.1331987708900626, 0.10087536809467945, 2.1597191721168176, 2.687350082629738, 3.4342233614119846, 1.5471830812943141, 3.520669789315821, 2.152405937562817, 1.381698224653932, 0.5671634873507856, 2.8884911832099314, 1.1702870773008123, 2.561926334088731, 1.1126490331361392, 1.1278820178257463, 0.039794846129800554, 1.9189215937442832, 0.5128935956180916, 3.2866545849233884, 0.3554387040144813, 0.28161789814119764, 2.3292259949390197, 0.5331977627231617, 4.426320497428563, 1.3517126209923114, 0.09262777198416616, -0.016384188267148048, 2.4839767797097667, 0.3302001512152879, 3.205444865709386, 2.7312567118541864, 0.37030954627478474, 0.21501392830225585, 4.310328177388701, 0.18790949463869255, 1.4929859340481477, 2.2701783356255922, 2.03877743151787, 2.42602167187668, 0.3788606190081514, 2.006734709900453, 1.5681699954383141, 0.670682642624586, 2.3010138016051913, 3.8177660348589035, 1.7308121575320836, 0.01150585413673344, 2.2623185886137844, 1.6810972608141659, 0.45505600158998094, -0.182475556658094, 0.7507862176037701, 2.3806656359950513, 3.7764730861272566, 2.0740964126335975, 1.2559760087550176, 0.492777026265669, 2.5573556201935657, 0.19612105485072107, 2.5786776211445996, 2.2501650289909096, 2.8824397871689222, 2.8806556780486443, 3.1290080027087797, 3.65006242379294, 3.858157298167207, 0.2927688165653848, 0.12008046101985936, 0.9917785276218389, 3.726232494529616, 1.5679750570674087, 0.09315331222020795, 2.1821221718855357, 3.838956625679755, 2.3409897375407356, 1.1673093236185124, 2.8760470537036187, 3.1091742998743284, 2.492363812096227, 2.494810255142392, 1.9500821338108127, 1.0756328018396573, 2.082292213566555, 2.3851521869039125, 3.0246650452080543, 2.828357413576917, 1.8680493167564962, 0.022876473263949926, 1.136166335033643, 1.8245085570417876, 0.6733602337374431, 3.6959925575627413, 3.7352718422805573, 2.6259157885261795, 2.6315485142471733, 0.39871006816999754, 2.7671687453943115, 1.661282213748407, 2.546557856828228, 1.8413482495236528, 2.6316067434395234, 3.470005400712561, 4.346209439751443, 2.3766182815129984, 1.763159566762572, 1.1611204767573646, 1.7716152845046955, 2.9418066531804428, 3.591700200860984, 4.103601502300397, 2.542019894544996, 1.6005594039349336, 1.3871900610030572, 1.1571211428873993, 2.199408356018157, 2.2989198117858898, 3.231332172438196, 0.3647216809477296, 1.3317891957432924, 1.7788257206705473, 2.1917516779688837, 0.709239490516264, 2.9642090642412664, 2.041884302098998, 3.0263278592201033, 3.87349126022957, 1.7985622615243555, 1.6144660307813297, 1.5097925256427813, 2.437404169929549, 1.7610204172590638, 1.3683840684841453, 2.8890203464973627, 1.6620138853637334, 0.3918370813960199, 1.511286732828725, 3.0565218553483864, 2.8413049494706772, 2.7925595370521687, 1.7070699998506433, 1.7800621087785338, 3.38015201779236, 1.564133587387396, 2.946699022755376, 2.4465885619939627, 3.7277149287611278, 1.5847386286839373, 2.9618614036288893, 2.018752507657304, 2.8856642272880335, 2.267870308200677, 3.778823479268196, 1.6728637923308751, 2.294616224451404, 2.397832030589169, 2.6415083225627978, 2.727144933558999, 1.1384150740691366, 2.4325189996250742, 0.810687821283153, 0.5456816025271467, 0.2477685047925533, 0.3688702670524866, 3.8161229836329884, 1.3158695725372251, 1.1025268401596207, 0.4231548785168142, 2.6936302677706587, 0.6248859787827616, 2.6742256772444977, 2.4547742769147796, 1.7480033695194868, 0.9847184134088653, 0.8045621168606854, 1.790274090685672, 2.0921352845295424, 2.182589684004931, 1.1893749991948848, 1.782045433628336, 2.5545362448293214, 2.0369969664726835, 0.5794653101958596, 1.8715327682646496, 0.6649200868033036, 0.17569322888424832, 3.2494331612519667, 2.566790892636698, 3.3174221830369253, 2.2898409634361587, 2.514413494292702, 1.8360887435652562, 1.6878673656574725, 2.776853972415735, 2.9234913002549368, 0.17944046336853914, 1.4827205246616186, 0.882866260708935, 2.5409498253343443, 1.2838058148645688, 3.8488392836283136, 1.7253010449575923, 0.08013298724891404, 1.3125068716275343, 0.9046595352598046, 1.831739750762147, 1.2394494962498301, 2.0960724753062823, 0.019857278022270552, 1.2944832721888173, 0.607667116766802, 2.7356402430816784, 2.5215277521359885, 1.1879623525671237, 2.547250216781224, 0.29327552328522, 1.6319302571294627, 2.853667551193746, 2.276911787914331, 3.0719678720440187, 2.1818067367006533, 3.4417913412872148, 1.0818635676918376, 2.167303780575058, 1.732414155851137, 1.4866251892087978, 0.4116709682368662, 0.42908233512663196, 0.40791635473204124, 1.1806715754607084, 3.810385182577218, 3.327771792939478, 2.092368586221314, 2.7272150111632643, 2.1091434427539726, 0.3058582388073665, 3.075689456683298, 0.29120727784643874, 0.412889444086431, 2.3613343143184475, 3.9693455898758883, 1.1149002009368556, 1.7006671399224333, 1.385925147840597, 3.4673574656997905, 2.603833065346443, 2.369381521333336, 0.17361362676704228, 0.7124162575028643, 0.3014418278216988, 1.8362982816758358, 2.6057252491964027, 1.117666763179565, 1.9501230553439632, 3.5931248060362613, 3.265559836687454, 2.0409526567836327, 3.033176588873694, 2.783896495032284, 2.734440420663321, 0.37283907983520637, 0.22018717341011662, 0.5559984840923828, 0.1786929095852967, 4.56631170249992, 1.5727958891532599, 2.500783448043174, 3.0957894333848084, 2.629085444179804, 2.15621736172467, 2.433738751702509, 1.0117276168873366, 0.39938059796879744, 