{"model": "catboost_all", "type": "train", "seed": 40, "train_losses": [], "val_losses": [], "time_start": "2026-03-25T20:57:52.634984", "mse": 0.11320407972771372, "accuracy": 0.8685567010309279, "corr": 0.9813845621194708, "precision": [0.99, 0.837037037037037, 0.6787878787878788, 0.8432835820895522, 0.9576271186440678, 1.0], "recall": [0.8389830508474576, 0.875968992248062, 0.9333333333333333, 0.7483443708609272, 0.875968992248062, 0.9612403100775194], "f1": [0.908256880733945, 0.8560606060606061, 0.7859649122807018, 0.7929824561403509, 0.9149797570850202, 0.9802371541501976], "support": [118, 129, 120, 151, 129, 129], "confusion_matrix": [[99, 19, 0, 0, 0, 0], [1, 113, 15, 0, 0, 0], [0, 3, 112, 5, 0, 0], [0, 0, 38, 113, 0, 0], [0, 0, 0, 16, 113, 0], [0, 0, 0, 0, 5, 124]], "predictions": [2.6302807274604993, 1.3652271741151483, 0.15995256265596414, 3.9275114749911757, 1.483139322789886, 3.633912415881378, 2.5126884293015803, 2.76192390483058, 2.424459378579906, 2.982128189849806, 1.8741243712163438, 3.801978930731174, 3.0734648403256255, 2.9840035140361674, 1.612035008044682, 0.4370462813038598, 1.755247576939024, 2.9136395434302873, 2.9651671535530273, 1.7464252244772254, 1.423948566840588, 0.575919247778975, 0.7566295556284208, 1.811911213495128, 0.9897067982571843, 2.8933380359300243, 0.16688858176124155, 2.873017673653335, 1.038932466929381, 2.5308713319477163, 1.731639720946811, 2.2324152338927084, 1.3353409289705414, 2.8651917383916357, 1.0500563052443639, 1.8267332501780722, 0.06787661042159598, 0.3568660974779436, 0.23194978199947291, 1.6342820791335848, 3.790297015411449, 2.5117993377852197, 1.1675808322812014, 1.582275560288974, 0.42451085196017857, 2.131788199819324, 2.549689724473206, 3.912631927441568, 0.12717090223393512, 0.17457070379054462, 0.9501939535414299, 0.4107199711413201, 2.4286195794352925, 1.3609794130154278, 3.0118853596912367, 3.9935203132947734, 2.1719475540956013, 2.392955456533549, 2.6775067922941123, 4.088836673755657, 2.765276425247815, 0.2826830226905068, 3.1792422158267777, 0.38336125664729304, 2.628862109407556, 2.2641297572375407, 1.99175019165628, 1.2138084774839537, 1.987413801268811, 2.9275162083809136, 1.7392769216132054, 0.06740618674170262, 0.3441068538989538, 2.799076747661519, 0.2070597360944184, 0.17170869627907148, 0.24053593706734233, 2.142446870669666, 3.7586242312328864, 3.7354185905244113, 1.8318037542375953, 1.8077962142453465, 2.7524778761338595, 2.124739103313003, 3.8091236250751246, 0.8891169346549603, 0.23192922632799995, 2.9571523695846462, 3.178748406051297, 0.13030842507493912, 2.157629894480169, 2.711911996600189, 3.422663960902855, 1.5123381967948741, 3.6006790801664423, 2.147586659742157, 1.4655642089300651, 0.5413887161597122, 2.950581924542706, 1.0522748017732644, 2.6421868448860644, 1.17253315612014, 1.1843742486881246, 0.016176330704305464, 1.9208702222471157, 0.49712448281886523, 3.1999006272117407, 0.3528040534201158, 0.2169319690957563, 2.346097492414759, 0.569740334408027, 4.323172969045255, 1.3581477775113144, 0.15848803899247565, 0.05658388903637146, 2.3445467796910537, 0.32034707604872814, 3.140448450532097, 2.683691147847454, 0.38871517699987734, 0.2291103732605939, 4.404131162459325, 0.1964248597896261, 1.633198143120648, 2.3754475640361763, 2.012056460782307, 2.366280274274152, 0.3102476407061965, 2.0447631428925446, 1.6280731880781993, 0.6916589976493015, 2.3256790264848695, 3.7701233181289866, 1.6847758795846113, 0.0002946097865108577, 2.2546074374342417, 1.748209752254159, 0.43425260499662865, -0.12002108797574751, 0.7376132208636721, 2.3285882172514096, 3.6569307175822003, 2.1179692261330407, 1.2247151415820208, 0.44723979460836416, 2.5650392029316325, 0.16108063471672374, 2.5238588977217282, 2.3453394708802815, 2.813606035644291, 2.870976609078468, 3.1020127533066075, 3.609495820942074, 3.9131605590027387, 0.33702578766070745, 0.1303015875371969, 1.0420231503536155, 3.6259553740893233, 1.6159072379124897, 0.22907799706348753, 2.152598424135568, 3.8867312828336287, 2.4206849242544752, 1.1701035510566304, 2.973207167275025, 3.121483843560022, 2.4699127294654, 2.461022660273652, 1.8742326353723668, 1.0431069861594306, 2.0423453098716613, 2.465543794391381, 2.9992844778247263, 2.825452741795455, 1.7919463522846186, 0.014445368556138316, 1.1655804429344998, 1.8350561488581136, 0.6196229125284793, 3.6181671336163683, 3.656826279982453, 2.808946053174757, 2.61644549384689, 0.4278394233326517, 2.765753234636167, 1.630454483376639, 2.5244868769406823, 1.8231042830607573, 2.5628050095211017, 3.318497563343666, 4.41904865447185, 2.35239954650321, 1.6662887988796478, 1.1567622276538692, 1.7735396426648844, 3.124688472135848, 3.528960930409086, 3.9676597420563073, 2.6494062476288582, 1.7232794965715628, 1.350230429282867, 1.1560904101666432, 2.2292985660155127, 2.3974942586756356, 3.1116331154220696, 0.40322103479893556, 1.4568186831823273, 1.707250050132827, 2.2497881350101228, 0.7512263101959438, 3.107773421162939, 1.983610685901961, 3.078235032330192, 3.9862889208060217, 1.7140595979195712, 1.6232717561307117, 1.5020348331347613, 2.392940746745964, 1.8099703443220134, 1.2720714060807248, 2.918962147946119, 1.713025644553083, 0.4221980366889042, 1.4686232522625224, 3.1346242599650562, 2.844196797747041, 2.6938126922405847, 1.6143143296461453, 1.7528952264825124, 3.3859146104990847, 1.7008505672730232, 3.032414484561681, 2.3702447200202355, 3.7592162988233926, 1.715643151450684, 2.840829390211622, 2.0366661375620883, 2.807342724557717, 2.2453716612850565, 3.7966275713569897, 1.584936466346925, 2.153445696912652, 2.3988008943854338, 2.5085150437843327, 2.8239121512720833, 1.0993345500111014, 2.376154765029051, 0.9088702306530829, 0.548945792999386, 0.1911676709346426, 0.4074702080919801, 3.8152215030437873, 1.2928133706744147, 1.0488484158043916, 0.458014173157427, 2.6888296683368216, 0.617215630841172, 2.7283365622360334, 2.405956341586322, 1.7622022136761966, 0.9166238005092688, 0.8361375297446416, 1.7648061222742526, 2.1399964176361714, 2.2162860566077027, 1.1259948242723206, 1.653631240991733, 2.58827411546126, 2.1445737252198587, 0.5868220093597356, 1.8546383334188197, 0.6474633647977037, 0.11762728691960955, 3.224114358841357, 2.589786480330686, 3.406811387704772, 2.29721149960094, 2.5756275967422564, 1.8260183561682628, 1.6876874234879933, 2.7884890785855196, 2.889527802679038, 0.29598243275968716, 1.4904015788956468, 0.8657550915446779, 2.558663524736581, 1.3479145346002013, 3.8713901471741154, 1.7749008298064703, 0.07476700966269467, 1.3458083996379069, 0.910907197159893, 1.7657867592159597, 1.1934674788773025, 2.138226035151139, -0.0037030229974650553, 1.3451016935083966, 0.6684147192414269, 2.7163967144274728, 2.4511048385762257, 1.3111201877426188, 2.672184735864842, 0.2943201142955352, 1.5791070303618224, 2.829543986325251, 2.243897011584207, 3.0910425522045752, 2.234282055341855, 3.409028164082649, 1.023667526349975, 2.201012825303528, 1.7656131566259872, 1.510324829123788, 0.3558575209195385, 0.34272918157449217, 0.38165679302998523, 1.1964040091388988, 3.74307045024388, 3.3548993922483854, 1.9986428643140493, 2.7426012306691474, 2.123274412416012, 0.2602559696044522, 3.185536755428999, 0.20507999270388266, 0.3004286172357835, 2.3800175063045903, 4.0230719352354845, 1.1843090891475128, 1.7692416144168495, 1.3605326130097048, 3.5647089810678505, 2.581812444410463, 2.385558527979448, 0.19578005091826833, 0.7972014861598891, 0.32960632944422796, 1.8670676164128528, 2.6190668041425473, 1.1726814049876997, 1.954638264547604, 3.6183277537181846, 3.2469596720043294, 2.0078480820523033, 2.9709476373404162, 2.8741626563167566, 2.654537635807536, 0.4643791677226079, 0.16496257403590642, 0.5272343052978541, 0.12172048010693404, 4.739450274368108, 1.5158334240432545, 2.421513012111043, 3.0382761760737687, 2.765569298544385, 2.0773413757208683, 2.45248889849493, 1.0364077619475531, 0.35124040167400583, 3.2688158624707304, 0.46353064736395133, 0.4374346993199909, 