{"model": "catboost_minilm_features-extract_sentence_length_by_word", "type": "test", "seed": 42, "time_start": "2026-03-01T15:12:36.456321", "mse": 0.9334332587826794, "accuracy": 0.3938053097345133, "corr": 0.7060672095404403, "precision": [0.7272727272727273, 0.29411764705882354, 0.32673267326732675, 0.5, 0.6153846153846154, 0.0], "recall": [0.1568627450980392, 0.45454545454545453, 0.6470588235294118, 0.38461538461538464, 0.3333333333333333, 0.0], "f1": [0.25806451612903225, 0.35714285714285715, 0.4342105263157895, 0.43478260869565216, 0.43243243243243246, 0.0], "support": [51, 33, 51, 65, 24, 2], "confusion_matrix": [[8, 26, 16, 1, 0, 0], [1, 15, 14, 3, 0, 0], [2, 7, 33, 8, 1, 0], [0, 3, 33, 25, 4, 0], [0, 0, 5, 11, 8, 0], [0, 0, 0, 2, 0, 0]], "predictions": [1.2032047510147095, 1.308733344078064, 2.504345655441284, 1.3140021562576294, 0.904301643371582, 1.5862481594085693, 3.3210740089416504, 1.5407910346984863, 1.414072036743164, 2.644200563430786, 3.1530637741088867, 2.3511545658111572, 3.497023582458496, 1.9784092903137207, 1.7306504249572754, 1.8296781778335571, 3.7796249389648438, 0.9585902690887451, 1.64915132522583, 3.515218734741211, 3.791508197784424, 0.0726172924041748, 2.9787492752075195, 1.6502530574798584, 1.4687745571136475, 2.951007604598999, 2.2325856685638428, 1.9684020280838013, 2.545351505279541, 2.5120465755462646, 3.349332332611084, 1.3855154514312744, 2.237177610397339, 1.0696388483047485, 3.0072851181030273, 2.5116589069366455, 1.4931496381759644, 1.975292682647705, 3.1562376022338867, 0.7431766986846924, 1.1758047342300415, 2.1517720222473145, 0.9625777006149292, 1.9769935607910156, 3.2888827323913574, 3.0658931732177734, 1.390305757522583, 2.7198314666748047, 1.931803584098816, 0.4581294059753418, 2.662149429321289, 2.3134889602661133, 3.257605791091919, 1.5846041440963745, 3.18642520904541, 0.3873586654663086, 2.969160318374634, 1.9014623165130615, 3.6685328483581543, 1.6415319442749023, 1.9432569742202759, 2.170606851577759, 2.64406418800354, 2.161064624786377, 1.5745521783828735, 2.515383720397949, 1.9384361505508423, 1.6524465084075928, 1.1947153806686401, 2.4382288455963135, 1.7357513904571533, 2.591432571411133, 1.0273423194885254, 0.2492079734802246, 0.9616520404815674, 1.808462142944336, 1.376495599746704, 1.8169265985488892, 1.5622100830078125, 0.11974453926086426, 1.7021446228027344, 2.0068609714508057, 2.4459095001220703, 3.3134381771087646, 0.7938244342803955, 2.083855628967285, 0.35318708419799805, 2.6487319469451904, 1.4752874374389648, 1.7544901371002197, 2.8128578662872314, 3.0025997161865234, 2.6345055103302, 0.7577569484710693, 2.359663724899292, 0.41220903396606445, 1.6145844459533691, 1.9388073682785034, 1.034279465675354, 1.6425920724868774, 2.700650691986084, 0.19156622886657715, 2.4436895847320557, 2.0723750591278076, 0.6363259553909302, 1.9944376945495605, 2.378654956817627, 1.2572529315948486, 3.6097187995910645, 1.6932862997055054, 2.4942328929901123, 1.7971826791763306, 2.4702999591827393, 2.9712092876434326, 1.7480348348617554, 1.1485286951065063, 3.2597732543945312, 2.3607897758483887, 2.7847650051116943, 2.68276309967041, 3.309001922607422, 1.4246195554733276, 0.3358421325683594, 2.1665992736816406, 2.9632132053375244, 2.562041997909546, 1.5851922035217285, 1.180785059928894, 1.6551604270935059, 1.9770195484161377, 2.216041088104248, 3.699976921081543, 1.7136516571044922, 1.7243456840515137, 3.1219284534454346, 3.616288661956787, 2.4591472148895264, 3.0069127082824707, 1.204025149345398, 2.0967187881469727, 1.0300660133361816, 1.5863914489746094, 2.1769657135009766, 1.5969830751419067, 2.285364866256714, 2.8656153678894043, 2.9727180004119873, 0.41165614128112793, 3.5833425521850586, 1.2984353303909302, 3.3078725337982178, 1.184113621711731, 1.2738292217254639, 0.7447775602340698, 1.1416257619857788, 3.4412457942962646, 1.1586257219314575, 0.7667845487594604, 1.9843158721923828, 2.6694839000701904, 2.817509651184082, 2.903773546218872, 2.7826621532440186, 1.0960453748703003, 2.320258378982544, 1.6179533004760742, 1.5303832292556763, 1.306241750717163, 2.3036246299743652, 2.0106256008148193, 2.1044936180114746, 1.720046877861023, 1.874474048614502, 1.572577714920044, 2.203331470489502, 2.5923242568969727, 1.5240905284881592, 0.7957360744476318, 0.7937934398651123, 3.2204861640930176, 1.7593953609466553, 1.8078536987304688, 0.9633995294570923, 2.129169464111328, 3.8908486366271973, 2.074537754058838, 2.0954806804656982, 0.6554521322250366, 3.8810811042785645, 1.65012526512146, 2.04107666015625, 0.7554903030395508, 2.0485358238220215, 2.369468927383423, 1.4298608303070068, 2.4441077709198, 1.820237398147583, 0.5813217163085938, 2.4766011238098145, 0.882125973701477, 1.5123379230499268, 1.7387311458587646, 1.936326503753662, 2.2861883640289307, 1.35206139087677, 1.8573211431503296, 3.580632209777832, 1.887678861618042, 3.752254009246826, 2.0316519737243652, 1.3541631698608398, 1.5459192991256714, 1.388564109802246, 1.9366601705551147, 1.7754836082458496, 1.2544533014297485, 2.560343027114868, 2.236034393310547, -0.06203150749206543, 1.6575984954833984, 1.3322144746780396, 3.659205436706543, 1.9511797428131104, 2.4197723865509033, 1.958420991897583, 3.3054075241088867], "params": {"iterations": 1510, "learning_rate": 0.014286, "depth": 3, "l2_leaf_reg": 3.4047e-06, "bagging_temperature": 2.5656, "random_strength": 4.1266, "border_count": 207}, "time_end": "2026-03-01T15:12:36.565261"}