{"model": "catboost_minilm_features-extract_word_length_by_char", "type": "test", "seed": 40, "time_start": "2026-03-01T15:02:51.043288", "mse": 0.9531989638536669, "accuracy": 0.3893805309734513, "corr": 0.6975598056309531, "precision": [0.7, 0.28846153846153844, 0.3333333333333333, 0.5, 0.6, 0.0], "recall": [0.13725490196078433, 0.45454545454545453, 0.6666666666666666, 0.4, 0.25, 0.0], "f1": [0.22950819672131148, 0.35294117647058826, 0.4444444444444444, 0.4444444444444444, 0.35294117647058826, 0.0], "support": [51, 33, 51, 65, 24, 2], "confusion_matrix": [[7, 26, 17, 1, 0, 0], [1, 15, 15, 2, 0, 0], [2, 7, 34, 8, 0, 0], [0, 4, 31, 26, 4, 0], [0, 0, 5, 13, 6, 0], [0, 0, 0, 2, 0, 0]], "predictions": [1.2011864185333252, 1.2844587564468384, 2.591735601425171, 1.2706785202026367, 0.7273716926574707, 1.7235097885131836, 3.0817387104034424, 1.5857038497924805, 1.3396193981170654, 2.6518819332122803, 3.0388996601104736, 2.32907772064209, 3.394956350326538, 1.7494094371795654, 1.7595164775848389, 1.7843596935272217, 3.9307243824005127, 0.9020087718963623, 1.5759140253067017, 3.4127748012542725, 3.7876644134521484, 0.10725069046020508, 3.189084053039551, 1.8091545104980469, 1.4922462701797485, 2.9676170349121094, 2.3894729614257812, 1.9144258499145508, 2.506608009338379, 2.4678237438201904, 3.3192036151885986, 1.1979032754898071, 1.9994478225708008, 0.9317206144332886, 3.126574993133545, 2.3494389057159424, 1.2924299240112305, 2.0826542377471924, 3.0094330310821533, 0.7623430490493774, 1.3446133136749268, 2.178922176361084, 1.0632741451263428, 1.9525868892669678, 3.478353500366211, 3.185715675354004, 1.4967230558395386, 2.6622653007507324, 1.8180389404296875, 0.23865771293640137, 2.4408152103424072, 2.1676876544952393, 3.348249673843384, 1.845801830291748, 2.9494166374206543, 0.7882277965545654, 2.873178243637085, 1.9627667665481567, 3.557464838027954, 1.6546989679336548, 1.7030240297317505, 2.089017629623413, 2.705305337905884, 2.1356184482574463, 1.6295735836029053, 2.3558285236358643, 1.8092331886291504, 1.6238601207733154, 1.255569338798523, 2.369389533996582, 1.7758127450942993, 2.4849236011505127, 1.2057926654815674, 0.20785307884216309, 0.9696261882781982, 1.827603816986084, 1.4425181150436401, 1.9430153369903564, 1.4931390285491943, 0.0890500545501709, 1.760697841644287, 1.8892035484313965, 2.3429415225982666, 3.2115774154663086, 0.7675230503082275, 1.9720628261566162, 0.14860844612121582, 2.6798031330108643, 1.520029902458191, 1.8137946128845215, 2.742842435836792, 2.890698194503784, 2.654705047607422, 0.8281004428863525, 2.233142852783203, 0.42782068252563477, 1.6169068813323975, 1.7239199876785278, 1.0727708339691162, 1.855515718460083, 2.6850314140319824, 0.20134353637695312, 2.496485948562622, 2.4064838886260986, 0.6193004846572876, 2.2112889289855957, 2.1950273513793945, 1.2233457565307617, 3.3955862522125244, 1.5450160503387451, 2.6320345401763916, 1.8243824243545532, 2.6765146255493164, 3.054234027862549, 1.9615938663482666, 1.1824604272842407, 3.1544349193573, 2.4360225200653076, 2.7372350692749023, 2.7021193504333496, 3.2506697177886963, 1.40980064868927, 0.26088547706604004, 2.0906496047973633, 3.0072829723358154, 2.54045033454895, 1.5314936637878418, 1.4763476848602295, 1.762385368347168, 2.214188814163208, 2.097534656524658, 3.5139150619506836, 1.5712296962738037, 1.514634370803833, 3.2362828254699707, 3.8821816444396973, 2.4463860988616943, 3.0769855976104736, 1.2500075101852417, 2.2087414264678955, 0.9814289808273315, 1.6386966705322266, 2.07741641998291, 1.6264688968658447, 2.0612573623657227, 3.0467114448547363, 3.036957263946533, 0.3795933723449707, 3.687896490097046, 1.3879358768463135, 3.303466796875, 1.396384358406067, 1.0537899732589722, 0.9269390106201172, 1.0682657957077026, 3.3924551010131836, 1.1051465272903442, 0.8203384876251221, 1.9526183605194092, 2.76716947555542, 2.845294237136841, 3.232201099395752, 2.6346633434295654, 1.263603687286377, 2.2319462299346924, 1.620997428894043, 1.6677672863006592, 1.23919677734375, 2.2627317905426025, 2.3288121223449707, 1.9519540071487427, 1.7469979524612427, 1.9661939144134521, 1.3990010023117065, 2.1207022666931152, 2.6149823665618896, 1.4334044456481934, 0.8186346292495728, 0.7631360292434692, 3.444704532623291, 1.6571054458618164, 1.7883236408233643, 0.9672425985336304, 2.0526700019836426, 3.9547877311706543, 1.8494716882705688, 1.8725168704986572, 0.7266560792922974, 4.117166042327881, 1.7137035131454468, 2.057070016860962, 0.8154016733169556, 2.1183838844299316, 2.315890073776245, 1.8009612560272217, 2.5246407985687256, 2.022221565246582, 0.5197999477386475, 2.343295097351074, 0.9737552404403687, 1.6920617818832397, 1.6969208717346191, 1.9622374773025513, 2.291022300720215, 1.1678913831710815, 1.5499155521392822, 3.377192497253418, 1.985904335975647, 3.5700130462646484, 2.009744167327881, 1.5307180881500244, 1.7602264881134033, 1.3339825868606567, 1.8577027320861816, 2.2797069549560547, 1.002401351928711, 2.5097744464874268, 2.56961727142334, -0.11899232864379883, 1.7882721424102783, 1.313525915145874, 3.7426486015319824, 1.7753584384918213, 2.486722230911255, 2.0871827602386475, 3.419821262359619], "params": {"iterations": 1510, "learning_rate": 0.014286, "depth": 3, "l2_leaf_reg": 3.4047e-06, "bagging_temperature": 2.5656, "random_strength": 4.1266, "border_count": 207}, "time_end": "2026-03-01T15:02:51.105563"}