{"model": "catboost_minilm_features-extract_ngram_word_length_by_char", "type": "test", "seed": 42, "time_start": "2026-03-01T15:08:59.790209", "mse": 0.9577252650872272, "accuracy": 0.38495575221238937, "corr": 0.6955659120659056, "precision": [0.7, 0.2909090909090909, 0.33, 0.4897959183673469, 0.5833333333333334, 0.0], "recall": [0.13725490196078433, 0.48484848484848486, 0.6470588235294118, 0.36923076923076925, 0.2916666666666667, 0.0], "f1": [0.22950819672131148, 0.36363636363636365, 0.4370860927152318, 0.42105263157894735, 0.3888888888888889, 0.0], "support": [51, 33, 51, 65, 24, 2], "confusion_matrix": [[7, 28, 16, 0, 0, 0], [1, 16, 14, 2, 0, 0], [2, 8, 33, 7, 1, 0], [0, 3, 34, 24, 4, 0], [0, 0, 3, 14, 7, 0], [0, 0, 0, 2, 0, 0]], "predictions": [1.1683241128921509, 1.3594506978988647, 2.677675724029541, 1.2986044883728027, 0.802445650100708, 1.4078022241592407, 3.125579833984375, 2.043874979019165, 1.4668269157409668, 2.4697213172912598, 3.1198885440826416, 2.4719157218933105, 3.4864020347595215, 1.8718003034591675, 1.7638264894485474, 1.6892755031585693, 3.8382391929626465, 0.898818850517273, 1.5608747005462646, 3.398151159286499, 3.9328222274780273, 0.06734681129455566, 2.940635919570923, 1.8798305988311768, 1.5647530555725098, 2.8652498722076416, 2.210162878036499, 2.056847095489502, 2.440866708755493, 2.484625816345215, 3.3661580085754395, 1.1112772226333618, 1.9155454635620117, 1.0233234167099, 3.0433249473571777, 2.2186472415924072, 1.2401061058044434, 1.8166519403457642, 3.1512608528137207, 0.5531737804412842, 1.3868426084518433, 2.224357843399048, 1.0934151411056519, 2.0606460571289062, 3.3620619773864746, 3.3172192573547363, 1.3456794023513794, 2.6679883003234863, 1.8564858436584473, 0.35079431533813477, 2.4557995796203613, 2.0118625164031982, 3.456326484680176, 1.8300272226333618, 3.028045654296875, 0.4751148223876953, 3.2378947734832764, 1.9349288940429688, 3.845674514770508, 1.5346670150756836, 1.7149739265441895, 2.0595428943634033, 2.617622137069702, 2.202392578125, 1.564387559890747, 2.4948501586914062, 1.7560467720031738, 1.733836054801941, 1.1034458875656128, 2.5917587280273438, 1.738973617553711, 2.6029489040374756, 1.2050763368606567, 0.23557376861572266, 1.1658365726470947, 1.989281415939331, 1.2758101224899292, 1.8227784633636475, 1.4018949270248413, 0.126906156539917, 1.9410998821258545, 1.851830244064331, 2.6531169414520264, 3.3021106719970703, 0.891311526298523, 2.0084612369537354, 0.3943033218383789, 2.653789758682251, 1.3373538255691528, 1.8890196084976196, 2.8402295112609863, 2.8500332832336426, 2.6179943084716797, 0.8986519575119019, 2.4089443683624268, 0.36388564109802246, 1.5174992084503174, 1.7273850440979004, 1.1176282167434692, 1.7339723110198975, 2.716301918029785, 0.15056180953979492, 2.4731664657592773, 2.288161516189575, 0.6731475591659546, 2.0061120986938477, 2.466435670852661, 1.3462051153182983, 3.314404010772705, 1.5359268188476562, 2.612133026123047, 1.787998080253601, 2.5765817165374756, 2.967421293258667, 1.8763689994812012, 1.0134588479995728, 3.317596197128296, 2.374239921569824, 2.5607247352600098, 2.8187437057495117, 3.1195268630981445, 1.624701976776123, 0.2119433879852295, 2.0462136268615723, 3.102048873901367, 2.235443353652954, 1.7862902879714966, 1.1909595727920532, 1.4507719278335571, 2.2140121459960938, 2.1125729084014893, 3.737879514694214, 1.6052687168121338, 1.5510586500167847, 3.3312935829162598, 3.7883214950561523, 2.227933883666992, 3.1311635971069336, 1.3153421878814697, 2.1630406379699707, 1.1841845512390137, 1.677488088607788, 2.1293272972106934, 1.7837965488433838, 2.0189013481140137, 2.858513116836548, 3.1292295455932617, 0.5693999528884888, 3.6051394939422607, 1.4335715770721436, 3.274296283721924, 1.1994335651397705, 1.1598366498947144, 0.7205909490585327, 1.1292303800582886, 3.2764148712158203, 1.1275047063827515, 0.8973503112792969, 1.9640319347381592, 2.7213146686553955, 2.897888422012329, 3.118492364883423, 2.905695915222168, 1.2342700958251953, 2.385817289352417, 1.4650075435638428, 1.3424111604690552, 1.2920981645584106, 2.3412325382232666, 2.060469150543213, 2.0882210731506348, 1.672551155090332, 1.988670825958252, 1.5457332134246826, 2.239325761795044, 2.516453981399536, 1.4660239219665527, 0.8977024555206299, 1.0248479843139648, 3.562504768371582, 1.9148313999176025, 2.1036603450775146, 1.0853474140167236, 2.1788554191589355, 3.8257803916931152, 2.1289191246032715, 2.2565033435821533, 0.8091520071029663, 4.068706035614014, 1.5716471672058105, 2.010011672973633, 0.6792640686035156, 1.850422739982605, 2.3780200481414795, 1.559923529624939, 2.2454216480255127, 1.6866402626037598, 0.5895698070526123, 2.31138014793396, 0.9037542343139648, 1.5244121551513672, 1.9065024852752686, 2.0784640312194824, 2.2494564056396484, 1.1340140104293823, 1.5767693519592285, 3.6267480850219727, 1.9218628406524658, 3.949944257736206, 2.0490243434906006, 1.3251795768737793, 1.6008272171020508, 1.3516221046447754, 1.7839829921722412, 1.9610621929168701, 1.2082957029342651, 2.727949380874634, 2.5052666664123535, -0.09704208374023438, 1.9474056959152222, 1.2985800504684448, 3.7526943683624268, 1.9429636001586914, 2.3798775672912598, 1.9851953983306885, 3.4210057258605957], "params": {"iterations": 1510, "learning_rate": 0.014286, "depth": 3, "l2_leaf_reg": 3.4047e-06, "bagging_temperature": 2.5656, "random_strength": 4.1266, "border_count": 207}, "time_end": "2026-03-01T15:08:59.875405"}