{"model": "catboost_minilm_features-extract_preposition_imageability_avg", "type": "train", "seed": 40, "train_losses": [], "val_losses": [], "time_start": "2026-03-01T16:50:28.595880", "mse": 0.10859246212114122, "accuracy": 0.8878865979381443, "corr": 0.9821847076356016, "precision": [0.9897959183673469, 0.8368794326241135, 0.7278481012658228, 0.8863636363636364, 0.9590163934426229, 1.0], "recall": [0.8220338983050848, 0.9147286821705426, 0.9583333333333334, 0.7748344370860927, 0.9069767441860465, 0.9689922480620154], "f1": [0.8981481481481481, 0.8740740740740741, 0.8273381294964028, 0.8268551236749117, 0.9322709163346613, 0.984251968503937], "support": [118, 129, 120, 151, 129, 129], "confusion_matrix": [[97, 21, 0, 0, 0, 0], [1, 118, 10, 0, 0, 0], [0, 2, 115, 3, 0, 0], [0, 0, 33, 117, 1, 0], [0, 0, 0, 12, 117, 0], [0, 0, 0, 0, 4, 125]], "predictions": [2.744845862636281, 1.2895329929572423, 0.24012761019016482, 3.911291854607125, 1.478865589125921, 3.7651642644278773, 2.4422403988966024, 2.66893236332998, 2.3783525051838375, 2.9422630778118335, 1.8202051725684458, 3.757490612915114, 3.059396902669327, 3.099934162264911, 1.6668729452266047, 0.3867970036185384, 1.8146491701012009, 2.851725578520985, 2.8624061687934343, 1.7981824249923224, 1.3866652025286523, 0.5992209680972775, 0.6602281000435195, 1.7495494280651238, 0.8883773345512176, 2.9058085009514496, 0.1952568853872103, 2.688547280982166, 1.103589484025367, 2.583593979061901, 1.683896433332289, 2.2834185094298585, 1.310577709482354, 2.9851502975877935, 0.9737687026115922, 1.780920176808622, 0.11418223968674557, 0.41869773132278976, 0.18835351670740774, 1.7107438118069065, 3.7930819401035865, 2.6403737980198074, 1.1248192153839371, 1.5620632685561886, 0.5297030865214469, 2.0993983463168817, 2.508446182987071, 3.8824221829260868, 0.16464070013550547, 0.07711580763535064, 0.9657555929645303, 0.39431979193940014, 2.483897607228903, 1.4047691102573738, 2.9438283098598057, 3.8912940355946115, 2.1063188714952688, 2.3169338419048002, 2.725118235063991, 4.200744434923189, 2.754658054213889, 0.23696226623275418, 3.205849713170663, 0.39561454661912343, 2.711620062830161, 2.212861423893237, 2.0942293402700463, 1.2395850937894275, 1.9292484245507873, 2.850681125956382, 1.7220960526261977, 0.04474672031716498, 0.35354937754699556, 2.814003117208436, 0.22627386507480907, 0.1573384933364359, 0.16750295309027408, 2.0703723885371668, 3.708967558699089, 3.711586168898386, 1.9018448637942544, 1.7529179137673079, 2.5827449110221514, 2.161529663960846, 3.9726811263711497, 0.9940917231892805, 0.3352873538847301, 2.9075866523620353, 3.0879035466892146, 0.14072551090294771, 2.240125547319363, 2.723645042605928, 3.527089455978302, 1.5366708274324998, 3.5563418372275777, 2.1218333358668926, 1.418289012537846, 0.5153575752120578, 2.885637699065482, 1.1747919547040169, 2.586698206166158, 1.1702093576758466, 1.1641610538397411, -0.0313715425251333, 1.8691003209340493, 0.5136576161230144, 3.2769716317023305, 0.3367279759034596, 0.2349289936917458, 2.2790685044142203, 0.55674228140149, 4.449025447043497, 1.2639687928890313, 0.20273126587730683, 0.018786202287385922, 2.46782629236672, 0.4271980831960671, 3.2097495622571115, 2.70113298331041, 0.4296632038820114, 0.16992549429306925, 4.471425502120242, 0.2758138671030954, 1.4369333387647003, 2.2025901550314613, 1.9802956957229445, 2.395037390141478, 0.2932820054601244, 1.9627967853426074, 1.624531077455118, 0.6124959392869453, 2.3049508446716214, 3.870329311156567, 1.7692540405757202, -0.03962772578224927, 2.2232755991204427, 1.754376341071638, 0.43939153074757487, -0.09958690558780292, 0.7840592663972157, 2.4806943629577054, 3.6237456226925557, 2.0584039468971373, 1.3202290174600133, 0.41758510143679306, 2.5716958594384, 0.1619067751492147, 2.4131372021063027, 2.254300810488946, 2.8635165630072197, 2.9736406175798265, 3.1899838604049267, 3.6220971402126017, 3.8538192737914683, 0.3214511212283959, 0.0007744944076248927, 1.0635615640699778, 3.654962338140804, 1.4527595244579075, 0.14603401362690605, 2.1760935450092935, 3.93132183440591, 2.310846002270094, 1.1651136752721714, 2.9581219024155914, 3.109526929719251, 2.4648718832201513, 2.552737611776014, 1.8384740673910405, 1.035297575136612, 1.947508943220286, 2.402050696449877, 2.939399032731423, 2.823266238812268, 1.7901376506939215, 0.09766604438667503, 1.1842658537341624, 1.813498578388121, 0.6513671193857113, 3.7954615119083868, 3.6652145171461816, 2.703632464565763, 2.5966866818902306, 0.41876207754079653, 2.7611009544989176, 1.607806104726678, 2.5225655210280946, 1.8457728800679205, 2.520031377707097, 3.4642835874979823, 4.4457739414281106, 2.460658393575825, 1.6738861583242697, 1.2464918327891905, 1.7416977934862508, 2.9394920513236604, 3.529509595940923, 4.074177342244653, 2.6518109812989565, 1.6702473887256069, 1.3463688513636791, 1.1801737672272006, 2.3155447225362282, 2.310366528009083, 3.1877556540558043, 0.3727469423602847, 1.3090506270409954, 1.8090561332399884, 2.201118516512414, 0.6975567346795715, 3.1613130861273584, 2.002159376006103, 3.151756555267556, 3.927893476995986, 1.7475033399169315, 1.6018885279259503, 1.5208603617871204, 2.4912763250638927, 1.7580652991729364, 1.260724206434112, 2.914745506792981, 1.7003256880299262, 0.3446209056785161, 1.5068060928398135, 2.999093387546354, 2.851816740741022, 2.7470453623655633, 1.6391929519739095, 1.7666812551081759, 3.3253125377985233, 1.5340639538855458, 2.9753949560415123, 2.3640250223063055, 3.7821215021395327, 1.663662513283, 2.930804143157349, 2.0379309240290007, 2.966577407210202, 2.2722499036430306, 3.7878163218103307, 1.6368631688390392, 2.328282227865938, 2.539889839303049, 2.5355942790075146, 2.780036053788066, 1.2303581625459474, 2.3642798210000593, 0.8292964952164392, 0.4927686344433977, 0.23804350215516346, 0.3836510337960024, 3.8327560011590394, 1.3279809980501789, 1.004161792420039, 0.41872470429689823, 2.6988076843576296, 0.6282205971662116, 2.742552598073036, 2.4472883904979095, 1.908315129667113, 0.9261086230629454, 0.8159714607921305, 1.8208551989202146, 2.219079715828081, 2.246284794097679, 1.1858377987732764, 1.7766798108871562, 2.5561596507930404, 2.1257866084315262, 0.513989575054858, 1.8768228174010544, 0.6649185590368052, 0.14996863661988735, 3.2931386542795313, 2.5555093192695293, 3.395608703210077, 2.3417352980605637, 2.6005640697525174, 1.825221718144638, 1.7352125800376303, 2.774771337061207, 2.904930011498494, 0.20007086607130375, 1.4635967732499742, 0.9175485847023006, 2.539824045857096, 1.3582845816884648, 3.8127170938505532, 1.7570323356604565, 0.06599039149627384, 1.2741272776145716, 0.8707364991853508, 1.8593483085770988, 1.2949231510618189, 2.1746885286883897, 0.07663956046791798, 1.3408176664381164, 0.6604172206135135, 2.7174571401934937, 2.4811864678691338, 1.2289047861333187, 2.5689080848897135, 0.3419712378391906, 1.5728753563123683, 2.8457013937381923, 2.3762266283458673, 3.1359453666382766, 2.2033360761987, 3.620961382245582, 1.14034812033634, 2.261376161295043, 1.7420865865743032, 1.4902841589250535, 0.36079678316992014, 0.4368393535697108, 0.448238049065004, 1.0804655991138108, 3.7519878433243745, 3.3153356157459726, 2.1038511853621884, 2.6459405293874507, 2.1595993342926647, 0.16380349164931474, 3.1597870055944584, 0.16761099127431622, 0.39834534444678216, 2.42480241560788, 3.9186146576572685, 1.056222273784593, 1.6919438426457403, 1.350030265256196, 3.5210594512084663, 2.684964833212846, 2.4123703080221834, 0.18290188655255113, 0.6859305010139296, 0.2821055426131367, 1.8645511075892056, 2.623952144778119, 1.1881637907354554, 2.0566413622873925, 3.6156404224314143, 3.1908703725890013, 2.1278276596650634, 2.891286117756087, 2.7932682453930497, 2.7595563900754985, 0.36412067067376475, 0.23577465848461365, 0.4955484780503725, 0.14215703337390062, 4.653912168388793, 1.5584228271680836, 2.514071075725345, 3.0086644684807564, 2.666124671780758, 2.0974941520207926, 2.401541537684245, 1.0078540971523426, 0.37422729797195897, 