{"model": "catboost_minilm", "type": "test", "seed": 42, "time_start": "2026-03-01T09:58:55.664319", "mse": 0.8045710325241089, "accuracy": 0.420863309352518, "corr": 0.7993480895780588, "precision": [1.0, 0.27586206896551724, 0.3409090909090909, 0.38461538461538464, 0.8048780487804879, 1.0], "recall": [0.10909090909090909, 0.5853658536585366, 0.5555555555555556, 0.3076923076923077, 0.6, 0.5], "f1": [0.19672131147540983, 0.375, 0.4225352112676056, 0.3418803418803419, 0.6875, 0.6666666666666666], "support": [55, 41, 54, 65, 55, 8], "confusion_matrix": [[6, 40, 6, 3, 0, 0], [0, 24, 16, 1, 0, 0], [0, 15, 30, 9, 0, 0], [0, 8, 33, 20, 4, 0], [0, 0, 3, 19, 33, 0], [0, 0, 0, 0, 4, 4]], "predictions": [1.8597862720489502, 1.644519329071045, 3.493481159210205, 1.048804521560669, 1.7063366174697876, 0.5731838941574097, 1.633283019065857, 0.6786023378372192, 1.0091780424118042, 1.3862619400024414, 2.219846725463867, 1.1018551588058472, 2.2173476219177246, 2.235780954360962, 1.15506911277771, 2.085268259048462, 1.535114049911499, 2.4118447303771973, 1.2282415628433228, 2.1233930587768555, 0.706375241279602, 1.105745792388916, 0.7081694602966309, 1.8088018894195557, 2.384911298751831, 1.5721845626831055, 3.6344895362854004, 1.6322238445281982, 1.1873356103897095, 2.523918867111206, 0.028942584991455078, 1.854752779006958, 2.208759307861328, 2.0888047218322754, 2.2879836559295654, 1.935621976852417, 0.9041041135787964, 1.4879542589187622, 3.582486152648926, 1.618101954460144, 1.6328761577606201, 0.1009364128112793, 3.49817156791687, 2.612105369567871, 2.999617576599121, 1.9461684226989746, 1.5886743068695068, 3.585361957550049, 2.8584752082824707, 2.9944417476654053, 1.7909636497497559, 1.5148499011993408, 3.8877663612365723, 1.4881763458251953, 2.526337146759033, 2.5755064487457275, 0.9927712678909302, 0.9055736064910889, 2.7936935424804688, 1.928246021270752, 3.072770118713379, 3.3151631355285645, 3.513213872909546, 1.885010004043579, 1.3042353391647339, 2.1689488887786865, 1.9456672668457031, 1.4429616928100586, 2.0941097736358643, 2.7634708881378174, 0.7703123092651367, 1.702059268951416, 0.39349794387817383, 0.4694557189941406, 0.9275119304656982, 2.866006851196289, 0.7381927967071533, 1.7172765731811523, 1.1623249053955078, 0.6453694105148315, 0.6015022993087769, 3.2576615810394287, 1.7461116313934326, 0.37615513801574707, 1.024006724357605, 0.5268592834472656, 0.9570581912994385, 1.2868975400924683, 2.1798160076141357, 3.1673669815063477, 1.4540843963623047, 4.151147842407227, 0.9891808032989502, 3.2167699337005615, 0.7777942419052124, 2.910214424133301, 3.0464348793029785, 3.079641342163086, 1.7401238679885864, 2.0881645679473877, 1.720076560974121, 3.73445987701416, 1.432230830192566, 1.666957974433899, 1.1033422946929932, 2.2847039699554443, 1.173488974571228, 0.7549911737442017, 1.6650562286376953, 0.9726361036300659, 3.226799488067627, 1.0527302026748657, 1.482536792755127, 1.325421690940857, 1.7495040893554688, 2.9068851470947266, 0.2878448963165283, 0.9588141441345215, 3.0249133110046387, 0.7619401216506958, 2.1538937091827393, 2.9863710403442383, 1.4091352224349976, 2.7765605449676514, 2.1909143924713135, 1.6180193424224854, 2.8021814823150635, 1.3279048204421997, 1.5515501499176025, 2.7581627368927, 2.7025742530822754, 1.379170298576355, 2.6560819149017334, 3.4178409576416016, 0.9705681800842285, 1.8968616724014282, 3.426534652709961, 1.802347183227539, 2.62898588180542, 2.6459105014801025, 1.6890161037445068, 4.097315311431885, 1.3610918521881104, 2.407209873199463, 1.469461441040039, 2.39902400970459, 1.3736529350280762, 1.8717589378356934, 1.8749178647994995, 1.5010286569595337, 1.0618306398391724, 2.190863609313965, 0.8469091653823853, 3.6980204582214355, 0.9153085947036743, 1.4540655612945557, 2.9758477210998535, 1.8488795757293701, 2.026824951171875, 3.7718262672424316, 3.634035110473633, 2.2150485515594482, 3.338848114013672, 0.9978718757629395, 2.774700164794922, 2.477349281311035, 2.6959924697875977, 2.079122304916382, 1.2180508375167847, 1.562772274017334, 2.5425217151641846, 0.7328925132751465, 1.373767375946045, 2.2893929481506348, 1.5569968223571777, 1.2377694845199585, 3.8610661029815674, 1.3460893630981445, 2.8090598583221436, 2.309833526611328, 1.168379545211792, 2.2802650928497314, 0.7936733961105347, 0.967673659324646, 0.9693518877029419, 3.3268377780914307, 1.877974271774292, 3.7106761932373047, 1.5658082962036133, 1.6961300373077393, 1.392384648323059, 1.3013986349105835, 2.3407816886901855, 3.040722131729126, 2.2967019081115723, 1.9677343368530273, 1.7989630699157715, 2.2867517471313477, 1.1571133136749268, 2.244356870651245, 2.3444578647613525, 2.0270867347717285, 1.9739290475845337, 1.2636932134628296, 2.0067763328552246, 2.3112542629241943, 0.8349953889846802, 1.4011662006378174, 1.2904711961746216, 1.8005084991455078, 2.6560120582580566, 1.2486273050308228, 2.074735403060913, 2.480691909790039, 1.8390343189239502, 1.077960729598999, 2.151625394821167, 1.3214900493621826, 0.7753831148147583, 1.38368821144104, 0.6266382932662964, 4.077136516571045, 1.5897231101989746, 0.9465737342834473, 2.9816782474517822, 2.209542989730835, 1.2217870950698853, 2.963815450668335, 2.6060009002685547, 2.0886385440826416, 0.6510448455810547, 1.766592025756836, 2.8789749145507812, 1.1433721780776978, 1.1531240940093994, 0.7144159078598022, 0.9379817247390747, 1.3096520900726318, 0.7432916164398193, 0.8578753471374512, 1.1233512163162231, 3.764822483062744, 3.6539382934570312, 3.5534629821777344, 3.7809252738952637, 3.7638931274414062, 3.997530221939087, 3.8438615798950195, 3.3741464614868164, 4.010495662689209, 3.5586273670196533, 3.7070393562316895, 3.4119925498962402, 3.595968723297119, 4.158209323883057, 4.073819160461426, 3.301363706588745, 3.400653839111328, 4.001418590545654, 3.596250057220459, 3.592179298400879, 3.962404251098633, 3.6513566970825195, 3.1908278465270996, 3.7044734954833984, 3.8678431510925293, 3.2974777221679688, 3.5227935314178467, 3.8175783157348633, 3.7559971809387207, 4.578583240509033, 4.312674522399902, 4.50260591506958, 4.251441955566406, 4.527379512786865, 4.142761707305908, 4.805858135223389, 4.448919296264648], "params": {"iterations": 1510, "learning_rate": 0.014286, "depth": 3, "l2_leaf_reg": 3.4047e-06, "bagging_temperature": 2.5656, "random_strength": 4.1266, "border_count": 207}, "time_end": "2026-03-01T09:58:55.750223"}