{"model": "catboost_minilm_features-extract_quote_ratio", "type": "train", "seed": 40, "train_losses": [], "val_losses": [], "time_start": "2026-02-28T11:08:08.056156", "mse": 0.133745797052431, "accuracy": 0.8333333333333334, "corr": 0.9776960606366899, "precision": [0.9880952380952381, 0.7671232876712328, 0.6369047619047619, 0.8181818181818182, 0.9316239316239316, 1.0], "recall": [0.7345132743362832, 0.8, 0.9145299145299145, 0.7748344370860927, 0.8449612403100775, 0.9384615384615385], "f1": [0.8426395939086294, 0.7832167832167832, 0.7508771929824561, 0.7959183673469388, 0.8861788617886179, 0.9682539682539683], "support": [113, 140, 117, 151, 129, 130], "confusion_matrix": [[83, 30, 0, 0, 0, 0], [1, 112, 27, 0, 0, 0], [0, 4, 107, 6, 0, 0], [0, 0, 34, 117, 0, 0], [0, 0, 0, 20, 109, 0], [0, 0, 0, 0, 8, 122]], "predictions": [3.1936219121493066, 0.794226383465179, 0.4860454430966068, 2.860245589876655, 0.26455429436614386, 2.4761543553083993, 1.7516513135440164, 0.49649113444060156, 0.1350225082595311, 1.2965516649579745, 2.091602812706248, 0.46194208529991876, 2.3505102851898925, 3.8914264226566906, 0.26803335926657024, 3.30273501109682, 0.40903265689965496, 2.566523026465655, 0.3135985686458591, 1.1980278391963142, 1.9964543542982882, 3.8680784594666004, 0.5070718922958048, 4.036024817952747, 0.451580120614012, 0.21838558484554316, 3.223037314557872, 1.4941911808033232, 1.5040858308925034, 0.18288455194452524, 2.7136494883498465, 0.6934157802115817, 1.110907232444162, 2.133270963207549, 1.2775522291543489, 3.0656350085864283, 2.895276209094577, 0.2815327999795434, 0.33296757970269963, 2.773269448421449, 1.0812915220498027, 2.394370092850748, 3.9328652063784397, 1.7200097578179012, 0.5474045537099803, 0.7707359567996315, 3.9675638983873514, 1.5666329804611956, 2.5452760304018556, 0.06559918799681475, 0.9904324563636029, 4.16081876746897, 3.3074024361489465, 2.282416148203958, 1.861377223006238, 0.3163572895527875, 1.4404757387295564, 0.2962723523866697, 1.5206150892626724, 1.8294028169073666, 1.0726058628671418, 0.22650970367430467, 1.095477543455898, 0.23203365359114025, 1.0707479207108517, 0.42919007113078145, 1.2358621274470563, 1.6329884708493325, 1.534437987866432, 0.17304782695212584, 4.523974729876075, 0.9452662513081924, 0.20130665086732735, 3.2552119357628726, 2.5864772984452626, 1.8123306194909259, 0.35867298960697047, 1.2461183762643018, 2.021765065687556, 0.17616531050727913, 3.1573061527470503, 0.41741629533439495, 0.6979706054032799, 3.623698829949288, 2.2724199327282464, 2.726877634280253, 3.276472679738294, 2.59388139012421, -0.05984849939773662, 2.011919565266172, 0.31080745811225663, 0.3458006386595698, 3.802885910054851, 2.531704584900867, 1.5671113814528679, 3.2758221796641434, 1.6617204097499503, 3.3589074206849134, 3.324392944865852, 1.709429878169629, 1.339274824711896, 1.219233701638437, 1.2756237920913012, 3.7168750909447903, 1.6197922719245246, 1.6995812589230992, 2.830691844648518, 0.3851237580570821, 2.255558043703809, 0.5078153741203866, 1.4861204035684799, 2.8603647753103068, 3.533080722588629, 3.366728969035154, 0.10333850269005973, 2.515719927904232, 1.9342116097756064, -0.05772229353839542, 2.8111382644213565, 1.7674754170410392, 2.6275461273078347, 1.5430469323173766, 2.1504938682121444, 3.0427351313488953, 0.15051585130275047, 1.918046254749631, 3.3694335374670876, 2.2239068655775105, -0.12920773974484012, 2.4798201129401245, 3.308020257948811, 2.7470822097122003, 2.1181470356593723, 0.38949987151220355, 0.8198435715349861, 1.9175012443850363, 2.6767323306328104, 2.007721859327112, 2.137711067988446, 2.2233982569681734, 0.33807807644091614, 0.34558140225993705, 1.7423666754734177, 3.656627138248998, 3.5208854502139184, 2.7469469266678934, 1.3495345568391, 2.501080860524108, 1.8754912834538855, 0.24166350030053874, 2.3605945117979776, 2.1554382909413747, 3.7071851462434813, 0.33049059596577823, 2.165008170484235, 1.6368697952846247, 1.744769437918352, 2.758690302067568, 3.863072012678696, 0.1175175005378093, 0.5290766071066282, 1.4870071257940536, 2.262342123907877, 1.0339404166118096, 0.05907836188480786, 2.4183121364030655, 3.900823973475929, 2.318879246514873, 1.5721186169298713, 3.603520616434347, 0.1769382784848732, 0.7193642978148425, 2.534430166099506, 2.2106250720175424, 2.9517381204981312, 3.814028723331813, 2.4293478228268595, 2.562333185610065, 2.2434498134729535, 0.5560460333744264, 2.1923378121379375, 0.297874304912217, 0.31385075996709455, 3.2203679524925892, 1.6733619848272543, 2.7376152626656487, 1.3290247669445319, 2.3387894611127313, 3.0721304338086464, 0.08584310524127803, 2.534577445368949, 2.3902177761013936, 3.1683686608294868, 1.2178259755950513, 1.7275891184338943, 1.8211754595953766, 0.73114057697622, 1.758541893700303, 0.9938233604231761, 3.049993460996399, 2.529362904429103, 0.9429323830009451, 3.102116474205604, 3.277721226889022, 3.6345640816892733, 2.322183215779923, 1.8146570040901764, 2.722565942648631, 1.9721282109548084, 0.5456695487095635, 2.8919240980697105, 0.4341480978632051, 0.4747684624645778, 1.6671498653196966, 1.7180626836120139, 3.672178394765668, 3.8307679761301157, 1.592306179651696, 1.5231375809765269, 0.5248419764161536, 2.7015284884766695, 2.4488366375895554, 0.5656231984099209, 2.1354538204352154, 2.616083082355913, 2.4105911316931428, 3.594311488422843, 1.0737155961234088, 3.2275443345535733, 3.013403974047162, 2.733784327200857, 3.7143092627980696, 0.4754020822872378, 3.8737749559825376, 3.4732096875552214, 3.566562785269363, 3.694953124642103, 0.11105540529238667, 0.7952907625226806, 0.70182917066743, 2.9637817736360255, 4.3947760574093495, 0.396790631923825, 1.4795187129474132, 3.2487681331734652, 4.391813914978044, 0.7164169473714117, 4.5981563119591975, 3.327616621610705, 0.4519879668095368, 1.822910172674083, 2.017247243027364, 1.8565423545133006, 1.434365825191099, 1.6030617558156477, 3.12359648588827, 1.9227031337446974, 4.473682582929596, 1.793619472018619, 3.3587383727979634, 0.2082328857366802, 3.528910465514639, 1.6019275299970417, 3.1566156850529796, 3.7104388664130585, 1.379163104592987, 1.2765642468212064, 1.0479225453046925, 2.519215053513207, 2.821139567446705, 0.8184492136832999, 0.21514499243305396, 3.019886387495204, 3.338229339230431, 2.0958064308945366, 4.31382766655686, 0.23235170379890002, 2.4692161784600195, 1.6256186666035077, 2.676049761784819, 1.8456513501597862, 0.8280503866943361, 1.1958247359500849, 0.5292946050297518, 3.081432794030519, 0.25083315211219315, 1.0964399067603738, 0.5681234969754669, 1.0290916703086679, 0.3792837122718029, 2.2101708346735705, 2.8975309262297566, 3.469525861275949, 1.6761283539070768, 2.712741203160005, 1.5510097489031658, 1.6496262692786612, 3.254466038332038, 3.2259882708514223, 2.389379502577743, 2.7840972713504564, 1.8679118093415852, 2.6090071093221177, 0.4751398850769655, 2.978228036179218, 3.595886138449096, 4.202852574218407, 3.759420237165275, 3.8967559985685183, 3.5148589652143345, 4.019446286028174, 3.708854434101784, 4.3958077315486275, 3.526363302748869, 4.306433851748412, 4.017413725943456, 4.157867519812613, 4.084571519493776, 4.1658751042987054, 4.05996710823983, 3.955225689845129, 3.7816052291818587, 3.7616997472456504, 3.6511708458432706, 3.734014941101888, 4.381182718893445, 3.4103174680138277, 4.117570408399278, 4.139710247682011, 3.83947558556929, 3.795743832260427, 4.311890164872539, 3.9701199389300728, 5.162601541159509, 5.20975210614516, 4.796580724356659, 4.817246596725727, 5.155252148842142, 4.977573810020747, 4.952783974754809, 5.28845352907752, 4.606233112662008, 4.728655921936857, 4.863995697533548, 4.821202084886463, 4.967757141049165, 4.937345220701113, 4.6259925729348605, 5.194256743238244, 4.955077593400361, 5.155403952475314, 4.8661352753969505, 4.6296382687434185, 4.551702604553389, 5.04169565927581, 4.8020724353519375, 5.20880554234854, 5.140795548175779, 4.724191648043453, 4.751310222847393, 4.926474219526353, 4.53798331044074, 4.643734635087016, 5.065181944166689, 