{"model": "catboost_minilm_features-extract_word_concreteness", "type": "test", "seed": 42, "time_start": "2026-02-28T11:56:14.990304", "mse": 0.7437329888343811, "accuracy": 0.48036253776435045, "corr": 0.8611730925096137, "precision": [0.8333333333333334, 0.2857142857142857, 0.3333333333333333, 0.4, 0.7, 1.0], "recall": [0.08928571428571429, 0.4888888888888889, 0.6296296296296297, 0.36923076923076925, 0.5, 0.8363636363636363], "f1": [0.16129032258064516, 0.36065573770491804, 0.4358974358974359, 0.384, 0.5833333333333334, 0.9108910891089109], "support": [56, 45, 54, 65, 56, 55], "confusion_matrix": [[5, 35, 13, 3, 0, 0], [1, 22, 21, 1, 0, 0], [0, 14, 34, 6, 0, 0], [0, 6, 32, 24, 3, 0], [0, 0, 2, 26, 28, 0], [0, 0, 0, 0, 9, 46]], "predictions": [2.0865888595581055, 1.809356689453125, 3.8875248432159424, 1.0290740728378296, 1.789980411529541, 0.17088842391967773, 1.5391709804534912, 0.5621445178985596, 0.8482058048248291, 1.5996391773223877, 2.4151017665863037, 0.8206307888031006, 1.743734359741211, 2.5496509075164795, 1.054335355758667, 2.3645589351654053, 1.6027114391326904, 2.626654624938965, 1.2945058345794678, 1.5311288833618164, 0.8757373094558716, 1.349351406097412, 0.9712727069854736, 1.8225505352020264, 2.5429975986480713, 1.7893835306167603, 3.0256052017211914, 1.606148600578308, 1.5307819843292236, 2.4194693565368652, 0.16621971130371094, 1.7772670984268188, 1.5123697519302368, 2.071378469467163, 2.132412910461426, 2.389739751815796, 0.5567419528961182, 1.0966395139694214, 3.4350414276123047, 1.7346806526184082, 1.1691092252731323, 0.5399665832519531, 3.2394280433654785, 2.454038619995117, 2.9196741580963135, 1.707167625427246, 1.3057373762130737, 3.33235239982605, 3.054680824279785, 2.9886882305145264, 1.3783354759216309, 1.9803526401519775, 4.03309440612793, 1.4883339405059814, 2.787886381149292, 2.530231237411499, 0.8535133600234985, 0.6640588045120239, 3.1783013343811035, 2.3284595012664795, 3.0435023307800293, 3.440505266189575, 3.6738154888153076, 1.8341376781463623, 1.4327292442321777, 2.0459976196289062, 2.0077383518218994, 1.482176661491394, 2.2708816528320312, 2.9403207302093506, 0.7859610319137573, 1.992030143737793, 0.16852164268493652, 0.6845148801803589, 1.1273341178894043, 2.726383924484253, 0.42099452018737793, 1.7847224473953247, 1.706109642982483, 0.9670566320419312, 0.941985011100769, 3.163785934448242, 1.5972833633422852, 0.5414788722991943, 1.5379595756530762, 0.6058886051177979, 0.7575662136077881, 1.45171320438385, 1.725816249847412, 3.476762056350708, 1.3666313886642456, 4.128271579742432, 0.9346780776977539, 3.210392951965332, 0.6859134435653687, 3.143594980239868, 3.3213915824890137, 2.600571632385254, 1.541172981262207, 2.087468147277832, 2.0480430126190186, 3.412458896636963, 1.5215768814086914, 1.6757688522338867, 0.9395755529403687, 2.346874475479126, 1.2842391729354858, 0.23335862159729004, 1.8471150398254395, 0.38189005851745605, 3.007528781890869, 1.4283428192138672, 1.5342888832092285, 1.4160016775131226, 2.1355531215667725, 3.261385440826416, 0.56395423412323, 1.1181844472885132, 2.9366564750671387, 0.6242233514785767, 2.2850451469421387, 2.4471938610076904, 1.3954771757125854, 2.8657524585723877, 1.9703328609466553, 1.6306824684143066, 2.8666574954986572, 1.1386783123016357, 1.366220235824585, 2.9436607360839844, 2.532311201095581, 1.3793870210647583, 2.700294017791748, 3.2819783687591553, 0.8908723592758179, 2.2951924800872803, 3.237304449081421, 1.5557270050048828, 2.5436947345733643, 2.290884017944336, 1.245723009109497, 4.01401424407959, 0.9625027179718018, 2.204275369644165, 1.4413937330245972, 2.4982457160949707, 1.5057934522628784, 1.76548171043396, 1.7481651306152344, 1.46646249294281, 1.0960348844528198, 2.357677936553955, 1.1353297233581543, 3.542281150817871, 1.1692780256271362, 1.748142957687378, 2.5904133319854736, 1.875380039215088, 2.061922788619995, 3.76216459274292, 3.3810949325561523, 2.0529792308807373, 3.4098503589630127, 0.7798758745193481, 2.909769296646118, 3.2880859375, 2.763798713684082, 1.9986157417297363, 1.1420915126800537, 1.583648443222046, 2.6228137016296387, 0.8489574193954468, 1.4862544536590576, 2.537207841873169, 1.5731780529022217, 1.0002492666244507, 4.101897239685059, 1.557758092880249, 2.4867045879364014, 2.5583767890930176, 1.4038581848144531, 2.255528688430786, 1.0634297132492065, 0.6870486736297607, 0.5404125452041626, 3.2328286170959473, 2.072316884994507, 3.931333303451538, 1.6452949047088623, 1.9072904586791992, 1.774137258529663, 0.9142351150512695, 2.2387499809265137, 2.715096950531006, 2.3207919597625732, 3.997316837310791, 3.5719094276428223, 4.412261009216309, 4.225531101226807, 3.448070764541626, 3.361769199371338, 3.2182278633117676, 4.1465983390808105, 4.150161266326904, 3.982400417327881, 3.5439839363098145, 2.8426551818847656, 3.86142635345459, 4.461766242980957, 3.36232590675354, 3.7847414016723633, 4.412967205047607, 4.174412250518799, 4.328981399536133, 3.690746784210205, 3.763993263244629, 3.4672482013702393, 3.9011178016662598, 5.580408096313477, 4.664999961853027, 5.184737205505371, 4.394461631774902, 4.036839962005615, 5.465022087097168, 5.0033278465271, 4.6077775955200195, 4.349129676818848, 4.239615440368652, 5.266750812530518, 5.46567440032959, 4.600964069366455, 5.158164024353027, 4.230319023132324, 5.630705833435059, 4.618724822998047, 5.150054931640625, 4.612029552459717, 5.0509185791015625, 4.765336513519287, 4.756507396697998, 4.6240644454956055, 5.382851600646973, 4.856382369995117, 5.424478530883789, 5.344327449798584, 4.824863433837891, 4.759612083435059, 4.756975173950195, 5.012051582336426, 5.038404941558838, 5.11807107925415, 4.846003532409668, 4.860838890075684, 4.266796112060547, 4.666379451751709, 5.106601715087891, 5.465207576751709, 5.677809715270996, 5.174091339111328, 4.767565727233887, 3.8156371116638184, 5.264074325561523, 1.5268528461456299, 1.3618354797363281, 1.6764552593231201, 2.269038677215576, 0.731568455696106, 2.0257973670959473, 1.996919870376587, 1.1606519222259521, 2.1502773761749268, 2.2651259899139404, 4.369509696960449, 2.1197478771209717, 5.1925225257873535, 3.6391472816467285, 0.7227064371109009, 2.018141508102417, 5.2949934005737305, 2.0142931938171387, 2.02516508102417, 0.8946170806884766, 2.324908494949341, 1.266298770904541, 1.780090093612671, 1.7108856439590454, 1.656299352645874, 1.1875205039978027, 2.1399314403533936, 4.385826110839844, 0.9044348001480103, 2.448012113571167, 2.469970941543579, 2.116492509841919, 5.3863019943237305, 0.92646324634552, 3.3108410835266113, 1.9737632274627686, 5.0492401123046875, 4.119775295257568, 1.4033945798873901, 0.7457879781723022, 3.123429298400879, 1.8295791149139404, 0.7259602546691895, 5.2572431564331055, 3.8253135681152344, 2.066288471221924, 1.6165077686309814, 1.2457069158554077, 2.562159538269043, 2.041649341583252, 2.160219669342041, 4.575937271118164, 1.5619821548461914, 1.4184483289718628, 4.56874942779541, 1.833937406539917, 3.0116381645202637, 2.786262273788452, 3.4104583263397217, 1.7066254615783691, 2.50201153755188, 0.8172810077667236, 1.6364665031433105, 1.1170686483383179, 5.756167888641357, 3.8518378734588623, 4.67935848236084, 2.6729869842529297, 3.69183349609375], "params": {"iterations": 1510, "learning_rate": 0.014286, "depth": 3, "l2_leaf_reg": 3.4047e-06, "bagging_temperature": 2.5656, "random_strength": 4.1266, "border_count": 207}, "time_end": "2026-02-28T11:56:15.071821"}