{"model": "catboost_minilm_features-extract_pos_ngrams", "type": "test", "seed": 42, "time_start": "2026-02-28T11:41:29.427280", "mse": 0.7304652333259583, "accuracy": 0.486404833836858, "corr": 0.8635897242677419, "precision": [0.7272727272727273, 0.25675675675675674, 0.3402061855670103, 0.4, 0.7272727272727273, 1.0], "recall": [0.14285714285714285, 0.4222222222222222, 0.6111111111111112, 0.36923076923076925, 0.5714285714285714, 0.8181818181818182], "f1": [0.23880597014925373, 0.31932773109243695, 0.4370860927152318, 0.384, 0.64, 0.9], "support": [56, 45, 54, 65, 56, 55], "confusion_matrix": [[8, 34, 12, 2, 0, 0], [2, 19, 23, 1, 0, 0], [1, 11, 33, 9, 0, 0], [0, 10, 29, 24, 2, 0], [0, 0, 0, 24, 32, 0], [0, 0, 0, 0, 10, 45]], "predictions": [1.82600736618042, 2.0986485481262207, 3.835944890975952, 1.1104696989059448, 1.754967212677002, 0.31812357902526855, 2.1355016231536865, 0.2249910831451416, 0.9197400808334351, 1.2388551235198975, 2.3225414752960205, 0.662695050239563, 1.6536178588867188, 2.5138485431671143, 1.0623642206192017, 2.4635393619537354, 1.6099097728729248, 2.7292561531066895, 1.5449230670928955, 1.9292325973510742, 1.206480860710144, 1.3302887678146362, 0.7971005439758301, 1.6114972829818726, 2.53539776802063, 1.7607314586639404, 3.0822885036468506, 1.6531486511230469, 1.5418791770935059, 2.408231019973755, 0.20591044425964355, 1.9396077394485474, 1.7473499774932861, 2.066472291946411, 2.2387900352478027, 2.1742091178894043, 0.5085639953613281, 1.1846551895141602, 3.441298484802246, 1.5377445220947266, 1.319416880607605, 0.41152095794677734, 3.537238121032715, 2.616861343383789, 2.6751551628112793, 1.1739606857299805, 1.2508912086486816, 3.3756885528564453, 2.985231399536133, 2.8846421241760254, 1.554187536239624, 1.9781794548034668, 3.994443893432617, 1.6066014766693115, 2.9061131477355957, 2.5187923908233643, 0.931991457939148, 0.6574851274490356, 2.9856605529785156, 2.338559865951538, 3.216992139816284, 3.409048557281494, 3.4686379432678223, 1.7494218349456787, 1.0810391902923584, 1.9575634002685547, 1.6297926902770996, 1.0790728330612183, 2.041231393814087, 2.7970316410064697, 0.6017433404922485, 1.724890112876892, 0.18221664428710938, 0.7293390035629272, 1.0461399555206299, 2.8132448196411133, 0.10864377021789551, 1.6930923461914062, 1.4797730445861816, 1.0419650077819824, 0.8821429014205933, 3.486771583557129, 1.518471598625183, 0.511911153793335, 1.0884982347488403, 0.3650209903717041, 1.182151436805725, 1.4121283292770386, 2.072575330734253, 3.3809988498687744, 1.1873012781143188, 4.026878833770752, 1.1303150653839111, 3.170152425765991, 0.6969475746154785, 2.983867645263672, 3.468982696533203, 2.4728548526763916, 1.9156569242477417, 2.3611886501312256, 1.993066430091858, 3.5303516387939453, 1.4868175983428955, 1.4684908390045166, 1.031917929649353, 2.2326807975769043, 1.3709009885787964, 0.6981409788131714, 1.928048849105835, 0.42742085456848145, 3.0195748805999756, 1.4387017488479614, 1.675490379333496, 1.1911104917526245, 2.209108829498291, 2.8374156951904297, 0.3417544364929199, 1.141568899154663, 2.8224029541015625, 0.6327152252197266, 2.4445955753326416, 2.5903007984161377, 1.735344648361206, 2.5517354011535645, 1.8033783435821533, 1.7163689136505127, 3.0447325706481934, 1.2681944370269775, 1.435120701789856, 2.8651905059814453, 2.3406386375427246, 1.2917287349700928, 2.6184945106506348, 3.3535709381103516, 0.7066173553466797, 2.120528221130371, 3.634218215942383, 1.769131064414978, 2.612149477005005, 2.464580535888672, 1.3647083044052124, 3.9584450721740723, 1.3263331651687622, 2.5125339031219482, 1.454729676246643, 2.655540704727173, 1.5824973583221436, 1.9569462537765503, 1.546707272529602, 1.6764347553253174, 0.8428632020950317, 2.431702136993408, 0.8154183626174927, 3.3812103271484375, 1.205647587776184, 1.7470736503601074, 2.649143695831299, 1.776676893234253, 2.1659843921661377, 3.7927141189575195, 3.2761011123657227, 2.1507227420806885, 3.290146827697754, 1.003892421722412, 2.6031084060668945, 3.103480339050293, 2.7128820419311523, 2.191814661026001, 0.897834062576294, 1.5711969137191772, 2.5636019706726074, 0.46608853340148926, 1.610298991203308, 2.149843454360962, 1.5041439533233643, 1.1918249130249023, 4.1382317543029785, 1.4494353532791138, 2.870615243911743, 2.3681135177612305, 0.819663405418396, 2.1620538234710693, 0.9438557624816895, 0.7763180732727051, 0.5667641162872314, 3.1493921279907227, 2.1128008365631104, 3.813469886779785, 1.9267390966415405, 2.1914188861846924, 1.7937036752700806, 1.0807826519012451, 2.245492696762085, 2.866342306137085, 2.4671199321746826, 3.858487367630005, 3.5705738067626953, 4.419309139251709, 3.9787325859069824, 3.5114424228668213, 3.358647346496582, 3.3008079528808594, 4.45064640045166, 4.024787902832031, 3.9657962322235107, 3.6745285987854004, 3.1076889038085938, 4.128142356872559, 4.351154804229736, 3.110675573348999, 3.7073416709899902, 4.341039657592773, 4.09100866317749, 4.341516971588135, 3.9712209701538086, 3.4989914894104004, 3.273468494415283, 3.6227715015411377, 5.676401138305664, 4.813514709472656, 5.150519847869873, 4.708346366882324, 4.119800567626953, 5.606499671936035, 5.15578556060791, 4.744783401489258, 4.350058078765869, 4.272515296936035, 5.0882368087768555, 5.275836944580078, 4.636960983276367, 5.292279243469238, 4.351576805114746, 5.6962456703186035, 4.417278289794922, 5.107273578643799, 4.6159772872924805, 4.974681377410889, 4.499023914337158, 4.630048751831055, 4.554837226867676, 5.643800735473633, 4.617486000061035, 5.353947639465332, 5.521123886108398, 4.652370452880859, 4.763272285461426, 4.517192363739014, 4.893645286560059, 5.0689520835876465, 5.308785915374756, 4.819067001342773, 5.243964672088623, 4.346683502197266, 4.5496931076049805, 5.16978645324707, 5.524499893188477, 5.94927978515625, 5.0915398597717285, 4.675249099731445, 4.017571449279785, 5.24174690246582, 1.7732654809951782, 1.4525930881500244, 1.784019947052002, 2.73351788520813, 0.8844951391220093, 1.9262388944625854, 1.8231656551361084, 0.9504048824310303, 2.0777454376220703, 2.14411997795105, 4.060764789581299, 2.136418104171753, 5.212706565856934, 3.6978373527526855, 0.7497868537902832, 1.9010082483291626, 5.182686805725098, 2.3951196670532227, 2.1220178604125977, 0.850589394569397, 2.3223981857299805, 1.0096325874328613, 1.492974877357483, 1.6050055027008057, 1.5599778890609741, 0.9216536283493042, 2.5390360355377197, 4.11318826675415, 0.9496845006942749, 2.232949733734131, 2.694920539855957, 2.085696220397949, 5.2472734451293945, 0.7139745950698853, 3.639008045196533, 2.071786880493164, 5.065845966339111, 4.33836555480957, 1.34504234790802, 0.49004364013671875, 3.368300676345825, 1.5452542304992676, 0.5423601865768433, 5.504974365234375, 3.8705997467041016, 1.8541696071624756, 1.5105366706848145, 1.4599348306655884, 2.6984503269195557, 1.8310827016830444, 1.9053523540496826, 4.747978210449219, 1.5258259773254395, 0.950015664100647, 4.7269392013549805, 1.9623879194259644, 2.881404161453247, 2.7031288146972656, 3.59183406829834, 1.5680054426193237, 2.312265157699585, 0.672919511795044, 1.7251126766204834, 0.8265727758407593, 5.461281776428223, 4.103133201599121, 4.911232948303223, 2.693697214126587, 3.641620635986328], "params": {"iterations": 1510, "learning_rate": 0.014286, "depth": 3, "l2_leaf_reg": 3.4047e-06, "bagging_temperature": 2.5656, "random_strength": 4.1266, "border_count": 207}, "time_end": "2026-02-28T11:41:29.489131"}