{"model": "catboost_minilm_features-extract_preposition_imageability_avg", "type": "test", "seed": 42, "time_start": "2026-02-28T12:02:48.762035", "mse": 0.7272694706916809, "accuracy": 0.4954682779456193, "corr": 0.8644154229466252, "precision": [0.8181818181818182, 0.2876712328767123, 0.33962264150943394, 0.4230769230769231, 0.7317073170731707, 0.9583333333333334], "recall": [0.16071428571428573, 0.4666666666666667, 0.6666666666666666, 0.3384615384615385, 0.5357142857142857, 0.8363636363636363], "f1": [0.26865671641791045, 0.3559322033898305, 0.45, 0.37606837606837606, 0.6185567010309279, 0.8932038834951457], "support": [56, 45, 54, 65, 56, 55], "confusion_matrix": [[9, 31, 14, 2, 0, 0], [1, 21, 22, 1, 0, 0], [1, 13, 36, 4, 0, 0], [0, 8, 33, 22, 2, 0], [0, 0, 1, 23, 30, 2], [0, 0, 0, 0, 9, 46]], "predictions": [1.8008718490600586, 1.9477200508117676, 4.068297863006592, 1.0817946195602417, 1.923292875289917, 0.35820436477661133, 1.9538590908050537, 0.40784168243408203, 0.813773512840271, 1.709998369216919, 2.2517876625061035, 0.9439405202865601, 1.5410743951797485, 2.6195602416992188, 1.0917600393295288, 2.159078598022461, 1.5498844385147095, 2.8331377506256104, 1.3403143882751465, 1.8033581972122192, 0.9375112056732178, 1.338248610496521, 0.7190265655517578, 1.775057315826416, 2.3551950454711914, 1.8476715087890625, 3.299781322479248, 1.5868744850158691, 1.5786516666412354, 2.3917276859283447, 0.4617037773132324, 1.8346312046051025, 1.8093483448028564, 1.9923503398895264, 2.041266441345215, 2.2707228660583496, 0.8749587535858154, 1.2092580795288086, 3.310297966003418, 1.652417540550232, 1.4548108577728271, 0.407639741897583, 3.5390067100524902, 2.459507465362549, 2.673391103744507, 1.3984224796295166, 1.2920279502868652, 3.4415676593780518, 3.024693727493286, 3.033262252807617, 1.7290579080581665, 1.622321367263794, 3.9870448112487793, 1.6543599367141724, 3.0524401664733887, 2.365715265274048, 0.976395845413208, 0.8751686811447144, 2.9744646549224854, 2.211944103240967, 3.1615149974823, 3.308979034423828, 3.5925495624542236, 1.6893552541732788, 1.3531421422958374, 2.339376926422119, 1.890373945236206, 1.4358762502670288, 2.114197254180908, 2.8903863430023193, 0.6695176362991333, 1.8508503437042236, 0.3333704471588135, 0.603300929069519, 0.8140506744384766, 2.9885077476501465, 0.3784351348876953, 1.6020889282226562, 1.391945481300354, 1.1015009880065918, 1.002498745918274, 3.1663901805877686, 1.6343313455581665, 0.43392372131347656, 1.0959317684173584, 0.4906578063964844, 0.6734751462936401, 1.306387186050415, 1.86960768699646, 3.396271228790283, 1.3064777851104736, 3.9059295654296875, 1.2225261926651, 3.0255837440490723, 0.9346537590026855, 2.921748161315918, 3.3124024868011475, 2.533630132675171, 1.6708815097808838, 2.065372943878174, 1.682752251625061, 3.469895362854004, 1.5277023315429688, 1.5012414455413818, 1.148909330368042, 2.460441827774048, 1.1115868091583252, 0.6742552518844604, 1.830678939819336, 0.37459373474121094, 2.760343551635742, 1.3949098587036133, 1.415621280670166, 1.2957628965377808, 2.0067265033721924, 3.024571657180786, 0.25415992736816406, 1.0780079364776611, 2.900658369064331, 0.5384620428085327, 2.35221004486084, 2.7398245334625244, 1.551469087600708, 2.7649455070495605, 1.9621564149856567, 1.9148904085159302, 2.9485318660736084, 1.3563843965530396, 1.3254027366638184, 2.6705780029296875, 2.46805477142334, 1.0803842544555664, 2.644235849380493, 3.3677878379821777, 0.7931092977523804, 2.0812110900878906, 3.509864568710327, 1.5544087886810303, 2.5296456813812256, 2.4730982780456543, 1.300878882408142, 4.175604343414307, 1.5047307014465332, 2.5443100929260254, 1.3984639644622803, 2.613372325897217, 1.6380958557128906, 2.057530641555786, 1.4713528156280518, 1.6283035278320312, 0.8662724494934082, 2.2977545261383057, 0.7660157680511475, 3.4550397396087646, 1.3414194583892822, 1.8521952629089355, 2.863701820373535, 1.7374240159988403, 2.255765199661255, 3.774151086807251, 3.430696487426758, 2.1056325435638428, 3.1145992279052734, 0.977755069732666, 2.8779215812683105, 2.862475872039795, 2.496626615524292, 1.9567151069641113, 0.965735912322998, 1.5269092321395874, 2.2759718894958496, 0.48944973945617676, 1.4998139142990112, 2.394395351409912, 1.6455661058425903, 1.2095508575439453, 4.213451862335205, 1.5819599628448486, 2.452212333679199, 2.3455443382263184, 1.0301306247711182, 2.2856101989746094, 1.0238986015319824, 0.6903321743011475, 0.7380872964859009, 3.1910243034362793, 2.1943447589874268, 3.8372132778167725, 1.8136316537857056, 2.0979583263397217, 1.8259902000427246, 0.9199520349502563, 2.285248279571533, 2.8270554542541504, 2.1507890224456787, 4.072479724884033, 3.6011195182800293, 4.556807518005371, 4.043327808380127, 3.39754056930542, 3.2530150413513184, 3.123108386993408, 4.387686729431152, 4.088027000427246, 4.040395259857178, 3.5897064208984375, 2.9304757118225098, 4.113603115081787, 4.526425361633301, 3.5106117725372314, 3.6309385299682617, 4.250901222229004, 4.2349534034729, 4.388010501861572, 3.7746238708496094, 3.564014434814453, 3.2499032020568848, 3.840444564819336, 5.667048454284668, 4.9623823165893555, 5.179020881652832, 4.488928318023682, 4.28497838973999, 5.591485977172852, 5.0811309814453125, 4.668825149536133, 4.10430383682251, 4.421909809112549, 5.08167839050293, 5.352322578430176, 4.584677696228027, 5.223919868469238, 4.370835304260254, 5.395813465118408, 4.450119495391846, 5.089046955108643, 4.578322410583496, 5.131304740905762, 4.725700378417969, 4.866856575012207, 4.623635292053223, 5.2220778465271, 4.590194225311279, 5.3453779220581055, 5.3505353927612305, 5.042022705078125, 4.908125877380371, 4.691671371459961, 4.919963836669922, 5.121531009674072, 5.187801361083984, 5.0483598709106445, 4.9753923416137695, 4.519505500793457, 4.639438629150391, 5.146164894104004, 5.350458145141602, 5.715114116668701, 5.178599834442139, 4.7674560546875, 3.930612564086914, 5.367223739624023, 1.5409917831420898, 1.2886478900909424, 1.7601428031921387, 2.423133373260498, 1.0985078811645508, 2.1243324279785156, 2.116532325744629, 1.0759429931640625, 2.1527395248413086, 2.243058681488037, 4.271790027618408, 2.124159336090088, 5.252269744873047, 3.6408843994140625, 0.8643049001693726, 1.9912865161895752, 5.0107927322387695, 2.189821243286133, 2.2260959148406982, 0.7575185298919678, 1.9840426445007324, 1.1111869812011719, 1.5365757942199707, 1.6599026918411255, 1.5399452447891235, 0.9539529085159302, 2.278805732727051, 4.189302444458008, 1.2630784511566162, 2.2570061683654785, 2.482445240020752, 1.9308180809020996, 5.231324195861816, 0.8772733211517334, 3.3320398330688477, 1.8034660816192627, 5.051934242248535, 4.308018684387207, 1.2264419794082642, 0.6011401414871216, 3.4163436889648438, 1.6617183685302734, 0.7123802900314331, 5.521848201751709, 4.0131988525390625, 2.0107834339141846, 1.3274799585342407, 1.6122398376464844, 2.669240713119507, 1.923032522201538, 1.8045387268066406, 4.807042121887207, 1.4306329488754272, 1.2200137376785278, 4.53143310546875, 1.8158034086227417, 2.9269280433654785, 2.6916167736053467, 3.6368141174316406, 1.851374864578247, 2.387971878051758, 0.8590347766876221, 1.6203261613845825, 0.9943894147872925, 5.869061470031738, 4.025857925415039, 4.859138488769531, 2.7768001556396484, 3.6415226459503174], "params": {"iterations": 1510, "learning_rate": 0.014286, "depth": 3, "l2_leaf_reg": 3.4047e-06, "bagging_temperature": 2.5656, "random_strength": 4.1266, "border_count": 207}, "time_end": "2026-02-28T12:02:48.901041"}