{"model": "catboost_minilm_features-extract_syllable_count_avg", "type": "train", "seed": 42, "train_losses": [], "val_losses": [], "time_start": "2026-02-28T11:26:01.006486", "mse": 0.13339237567996337, "accuracy": 0.8269230769230769, "corr": 0.9776953958372284, "precision": [0.9767441860465116, 0.7659574468085106, 0.631578947368421, 0.8137931034482758, 0.9145299145299145, 1.0], "recall": [0.7433628318584071, 0.7714285714285715, 0.9230769230769231, 0.7814569536423841, 0.8294573643410853, 0.9230769230769231], "f1": [0.8442211055276382, 0.7686832740213523, 0.75, 0.7972972972972973, 0.8699186991869918, 0.96], "support": [113, 140, 117, 151, 129, 130], "confusion_matrix": [[84, 29, 0, 0, 0, 0], [2, 108, 30, 0, 0, 0], [0, 4, 108, 5, 0, 0], [0, 0, 33, 118, 0, 0], [0, 0, 0, 22, 107, 0], [0, 0, 0, 0, 10, 120]], "predictions": [3.146693356736843, 0.8759567223455649, 0.5493959982550358, 2.85598836810119, 0.3115056699231409, 2.6018844045571106, 1.7476854817596568, 0.47802260811373376, 0.1927840816853359, 1.3393234616992933, 2.0846676151767234, 0.490323590980394, 2.355430993369654, 3.7965293600414753, 0.17485629869457853, 3.2080112731278034, 0.44867077690966095, 2.5802839997191303, 0.32466462767007576, 1.2217546430707573, 2.0495314002218903, 3.8965202521220146, 0.44204500356389875, 3.969026947240379, 0.4216913921936851, 0.29456128606689846, 3.200893281874996, 1.460440301101294, 1.575239486979245, 0.1581155290441969, 2.769062075040666, 0.7584220927177443, 1.0486750028913376, 2.102208649164006, 1.3425480124197524, 3.0435967121901117, 2.783500787996297, 0.3025092854807552, 0.3804862115758225, 2.7677151314901973, 1.2194318482198518, 2.4288738653867754, 3.990973248093086, 1.545501010337102, 0.5587182410263696, 0.7555760860241807, 4.013771231929645, 1.5792747194680232, 2.6285475682113293, 0.10028325322714737, 0.8333480361575751, 4.174140999558075, 3.184778272836959, 2.2409602809686455, 1.8293599053481162, 0.3176743060837768, 1.4581794262860528, 0.1564116013130903, 1.5243432919166902, 1.764771627348901, 0.9851390105959432, 0.18614154906088576, 1.1258282221116198, 0.2562949480698338, 1.1118082276099162, 0.40488562618003954, 1.2759292386064418, 1.6554841676381025, 1.357791047498822, 0.2324561736715478, 4.428051737048343, 0.8189574600004044, 0.19143954041361022, 3.3454091101752086, 2.5950837809122285, 1.8285728883427508, 0.2539274163362313, 1.2989279592595713, 1.8488220175629615, 0.17628226672898517, 3.147377284520793, 0.34504466513712106, 0.6946262584300842, 3.545541264902993, 2.2282755446786178, 2.738586493662146, 3.307544121003454, 2.721428712052773, -0.07888293327046725, 1.8783098744247506, 0.30931451265008025, 0.41807536211562946, 3.69760390191576, 2.4536935592487183, 1.7419994119752462, 3.382703739366085, 1.7094885642725242, 3.3643326095168464, 3.192176498075892, 1.7370670888951172, 1.3657311166157402, 1.244344396172035, 1.2728460917350244, 3.71058470527466, 1.6322580664266582, 1.642625734459377, 2.723159865276999, 0.3729914886348622, 2.2539327557579774, 0.49380412463989654, 1.541036052427173, 2.978669592088632, 3.5008678399668094, 3.3317272765058874, 0.07451328332175633, 2.395216722411023, 1.912144683565947, -0.02701745067887318, 2.788464100226499, 1.7737357065618076, 2.677477628362816, 1.559160908181381, 2.1446256671369532, 2.7822961679347706, -0.0669423463154839, 1.8947186240588585, 3.31421208648563, 2.214341071084729, -0.035588054866544816, 2.511863595503331, 3.3347948760322064, 2.7335589506579288, 1.9929959837142777, 0.3814566014622027, 0.8309804272110828, 1.9905100083810412, 2.66775414241074, 2.007463727086147, 2.1150723027798684, 2.2309206213506823, 0.410675815331933, 0.3513468250457912, 1.6997709729640267, 3.7601213003516376, 3.6854472687500595, 2.8200090942855716, 1.349901662012646, 2.587546875201801, 1.808319525205343, 0.25128183116092195, 2.328024361372796, 2.12850002894757, 3.881916584283923, 0.31507556371176726, 2.143685572497337, 1.7416079304110694, 1.7138460592084455, 2.7403850942417836, 3.788128766107181, 0.20765609674600016, 0.5383955847123838, 1.5181573623520548, 2.248017611699453, 1.0396104488771762, 0.07167670644507185, 2.401624166338201, 3.9539095168212004, 2.390151643733297, 1.5622018988456638, 3.6907594452454453, 0.16029366209621232, 0.6836895937971461, 2.5805780259791464, 2.279435892598462, 2.8965647045659413, 3.870120485265611, 2.492895339795488, 2.6711566948254277, 2.2675700085134327, 0.5261516376303261, 2.188951393190884, 0.3016465934185453, 0.36842541255735206, 3.28138178044457, 1.7505022034115563, 2.7790469419130086, 1.4338507649802419, 2.3009401608576376, 3.065014749963021, 0.042419443413527436, 2.5470974528336985, 2.3209466887075014, 3.0225425105368466, 1.2621314245436062, 1.6871280927384757, 1.7433011949072554, 0.6226623317009683, 1.5965612346027886, 0.9814301404901808, 3.0516098818617303, 2.445408666935541, 1.0263908108833446, 3.2074334294531996, 3.2560031196466297, 3.6089944577493935, 2.270826872708916, 1.780687801648217, 2.6390293703273975, 2.0003682306047397, 0.5494990705231937, 2.8556912932903322, 0.28851887289980294, 0.536399271584596, 1.7891567268069823, 1.6651150993203734, 3.6564518020136885, 3.80031621103587, 1.5770938606188745, 1.5630993721732445, 0.46548897338138273, 2.7710158221601224, 2.398625381579488, 0.5747361915957141, 2.122204564752653, 2.5884527415542555, 2.415022095949175, 3.402649123020009, 0.9636897384270182, 3.294096620600852, 2.947835107646144, 2.7521201782955655, 3.708971171380845, 0.46651211387191305, 3.736374445985386, 3.436812077536735, 3.5460829347550273, 3.5452105222897297, 0.1700576733103354, 0.7817712719153471, 0.7150084619832917, 2.8852302087633004, 4.48538187923016, 0.35931805872081535, 1.4776193980832044, 3.308525350892398, 4.370046037497734, 0.708641773026226, 4.627233276999453, 3.424813773140888, 0.3981933036400056, 1.9074188507913281, 1.9773486256206385, 1.8419034943264618, 1.4346244127016652, 1.6155531475793286, 3.1476724272090637, 1.9258093076611562, 4.424634896642713, 1.7525065999840015, 3.4091510968735204, 0.21028926390080827, 3.587445578562812, 1.5719488248664981, 2.9062516142250523, 3.5623131482065284, 1.4098211798634446, 1.159261250052534, 1.1002756831065097, 2.455550606189576, 2.807372959981959, 0.8455874180026361, 0.17201939394687704, 2.960452407973305, 3.321258008655417, 2.0896628078246273, 4.302049797233053, 0.3540387096277371, 2.39018533794229, 1.5961946096428563, 2.664478333460422, 1.8973035009934804, 0.9449844249438542, 1.1353581164597195, 0.5023908820715308, 3.2141900270463664, 0.2636013266294266, 1.1474289093591143, 0.6920274914202591, 1.1125245671116635, 0.3029668790424269, 2.251043138871523, 3.0431733030234414, 3.3985463826546636, 1.6374664753926798, 2.709646620428547, 1.6773953481565267, 1.581646390971105, 3.1593031641143003, 3.1842200133220104, 2.331953732581005, 2.6752980114432208, 1.929089974000107, 2.618462092927702, 0.5659534167594267, 2.996914234339399, 3.686813687817984, 4.2444460486863385, 3.7612606591774695, 3.871573891258875, 3.5782904890971547, 3.908430962416303, 3.6975985233259276, 4.475285886733795, 3.5674697412123484, 4.334567254792546, 3.976139974699826, 4.190549895854598, 4.169761023461016, 4.102663652087654, 4.0927965920754215, 3.905697198654104, 3.791720550250246, 3.7036443107255055, 3.7005510884145636, 3.711811983819239, 4.427048848735099, 3.4151612103906537, 4.134822240458926, 4.1818244000788845, 3.869760809918347, 3.9081257055323078, 4.299996989174509, 3.9060672192964807, 5.245410771326139, 5.282953487179158, 4.791128199623259, 4.793641511881127, 5.053083284696871, 4.936307644287419, 5.133429400175304, 5.3154937827669695, 4.58513726312317, 4.809543551064753, 4.799870433847343, 4.835040709481179, 4.9442306026136205, 5.093010514616995, 4.637174152815728, 5.156794778589022, 4.821419705032135, 5.171725489446819, 4.837635346306585, 4.5778690270932465, 4.487323093917172, 4.9817004439161465, 4.844308821180244, 5.297781612885922, 5.26527861518602, 4.78127577705955, 4.792172380871621, 4.965773043611428, 4.471588881313018, 4.744184983299091, 5.162162759664595, 