{"model": "catboost_minilm_features-extract_quote_ratio", "type": "test", "seed": 41, "time_start": "2026-02-28T11:09:27.288564", "mse": 0.7364850044250488, "accuracy": 0.5105740181268882, "corr": 0.8622152048543462, "precision": [0.8, 0.2804878048780488, 0.38144329896907214, 0.40384615384615385, 0.775, 0.98], "recall": [0.14285714285714285, 0.5111111111111111, 0.6851851851851852, 0.3230769230769231, 0.5535714285714286, 0.8909090909090909], "f1": [0.24242424242424243, 0.36220472440944884, 0.4900662251655629, 0.358974358974359, 0.6458333333333334, 0.9333333333333333], "support": [56, 45, 54, 65, 56, 55], "confusion_matrix": [[8, 36, 9, 3, 0, 0], [1, 23, 20, 1, 0, 0], [1, 13, 37, 3, 0, 0], [0, 10, 31, 21, 3, 0], [0, 0, 0, 24, 31, 1], [0, 0, 0, 0, 6, 49]], "predictions": [1.680213451385498, 1.853771448135376, 4.048652648925781, 1.0871171951293945, 1.7828762531280518, 0.39806270599365234, 1.9543483257293701, 0.31702136993408203, 0.8593072891235352, 1.3728001117706299, 2.26615834236145, 0.7811164855957031, 1.5770015716552734, 2.7147157192230225, 1.0204803943634033, 2.4213321208953857, 1.6136412620544434, 2.7038965225219727, 1.3675459623336792, 1.8447589874267578, 1.121010661125183, 1.2704293727874756, 0.8421045541763306, 1.64044988155365, 2.2821342945098877, 1.9173424243927002, 3.2703285217285156, 1.6429033279418945, 1.4142290353775024, 2.4714908599853516, 0.4107511043548584, 1.99344003200531, 1.779076099395752, 2.070291519165039, 2.2357888221740723, 1.8833427429199219, 0.32837629318237305, 1.3487366437911987, 3.390799045562744, 1.3914504051208496, 1.3629875183105469, 0.32717370986938477, 3.704705238342285, 2.2541003227233887, 2.3461341857910156, 1.3579041957855225, 1.21640145778656, 3.572681427001953, 2.890536069869995, 3.0607025623321533, 1.6584794521331787, 1.7095508575439453, 3.8933467864990234, 1.801215410232544, 2.787510871887207, 2.423603057861328, 0.944146990776062, 0.9139484167098999, 2.9550976753234863, 2.1285881996154785, 3.4249353408813477, 3.2882397174835205, 3.782318115234375, 1.6260700225830078, 1.2245639562606812, 2.145878314971924, 1.715909481048584, 1.1599268913269043, 2.0563955307006836, 2.8976528644561768, 0.757760763168335, 1.8412857055664062, 0.12240242958068848, 0.6052416563034058, 0.8169986009597778, 2.8897693157196045, 0.28826403617858887, 1.4739216566085815, 1.3083834648132324, 0.8905016183853149, 0.7551553249359131, 3.217048406600952, 1.6790845394134521, 0.6164513826370239, 0.8917746543884277, 0.45696592330932617, 0.7905908823013306, 1.4072903394699097, 2.079171657562256, 3.3848156929016113, 1.363348364830017, 3.803049087524414, 1.1025265455245972, 3.2658088207244873, 0.5781826972961426, 2.815458297729492, 3.394162654876709, 2.8032569885253906, 1.6038753986358643, 2.0455667972564697, 1.7535927295684814, 3.583207130432129, 1.5354359149932861, 1.6281094551086426, 1.1443489789962769, 2.439838171005249, 1.2214268445968628, 0.6123473644256592, 1.7999138832092285, 0.491422176361084, 2.480093240737915, 1.2766733169555664, 1.156551480293274, 1.3342214822769165, 2.147324800491333, 2.9792518615722656, 0.3702566623687744, 1.0921810865402222, 2.8314645290374756, 0.6224429607391357, 2.284090757369995, 2.5735883712768555, 1.5510234832763672, 2.8970675468444824, 1.8195419311523438, 1.833332896232605, 3.0340871810913086, 1.3864308595657349, 1.2706284523010254, 2.9744837284088135, 2.5102434158325195, 1.2341289520263672, 2.611577272415161, 3.3723440170288086, 0.9664019346237183, 2.0412838459014893, 3.599760055541992, 1.2983813285827637, 2.541740655899048, 2.63132381439209, 1.2171331644058228, 4.110842704772949, 1.5607590675354004, 2.484978675842285, 1.744044542312622, 2.655569553375244, 1.6002616882324219, 1.8925807476043701, 1.4581079483032227, 1.6676697731018066, 0.9070063829421997, 2.381603479385376, 0.7012919187545776, 3.427957057952881, 1.0751140117645264, 1.940671682357788, 2.8704214096069336, 1.860626459121704, 2.128849983215332, 3.7540249824523926, 3.5026016235351562, 1.9850934743881226, 3.351004123687744, 0.8051877021789551, 2.678572654724121, 2.755431652069092, 2.5634169578552246, 1.8141512870788574, 0.9865677356719971, 1.6374261379241943, 2.433924436569214, 0.6048204898834229, 1.6240251064300537, 2.3759937286376953, 1.7566206455230713, 1.1759263277053833, 4.187997817993164, 1.4825299978256226, 2.2977874279022217, 2.241154193878174, 0.805566668510437, 2.174839496612549, 1.0923638343811035, 0.5037519931793213, 0.8401186466217041, 3.227553606033325, 2.0054235458374023, 3.9116616249084473, 1.857035517692566, 1.8639720678329468, 1.6716532707214355, 0.9522964954376221, 2.264162063598633, 2.654585361480713, 2.201364278793335, 4.136680603027344, 3.4059324264526367, 4.442842483520508, 3.9603519439697266, 3.365051507949829, 3.4146642684936523, 3.141981601715088, 4.448732376098633, 4.378819465637207, 4.048528671264648, 3.6936802864074707, 3.157039165496826, 3.8395230770111084, 4.627243995666504, 3.6367218494415283, 3.63930082321167, 4.390085220336914, 4.062679290771484, 4.283480644226074, 3.754936695098877, 3.616008996963501, 3.2954812049865723, 3.7150955200195312, 5.460951328277588, 5.026026248931885, 5.049378395080566, 4.658440589904785, 4.2110700607299805, 5.795159339904785, 5.069636344909668, 4.662175178527832, 4.306990623474121, 4.607212066650391, 5.205319404602051, 5.349710464477539, 4.774831771850586, 5.109048843383789, 4.427064418792725, 5.5991621017456055, 4.508138179779053, 5.089163780212402, 4.5832390785217285, 5.10445499420166, 4.758066177368164, 4.807943820953369, 4.803804874420166, 5.35557746887207, 4.623650550842285, 5.304067134857178, 5.347965240478516, 4.876642227172852, 5.020806789398193, 4.738677978515625, 5.012885093688965, 4.9661054611206055, 5.200558662414551, 4.93422269821167, 5.000661849975586, 4.637274265289307, 4.52273416519165, 5.199185848236084, 5.305326461791992, 5.626131057739258, 5.325541973114014, 4.799129486083984, 4.115118503570557, 5.146600723266602, 1.4186124801635742, 1.3609967231750488, 1.7994334697723389, 2.319016456604004, 1.0539110898971558, 2.2415294647216797, 2.052802085876465, 1.2070404291152954, 2.4080519676208496, 2.124276638031006, 4.449178695678711, 2.014427661895752, 5.484551429748535, 3.4736289978027344, 0.9488564729690552, 1.9651944637298584, 5.104223251342773, 2.211022138595581, 2.14139723777771, 0.5549180507659912, 2.1433420181274414, 1.026206612586975, 1.2880913019180298, 1.4785475730895996, 1.6714621782302856, 0.9093866348266602, 2.232067346572876, 4.132086753845215, 1.006279706954956, 2.236297607421875, 2.5428340435028076, 2.1232802867889404, 5.320703983306885, 0.6938453912734985, 3.411818504333496, 1.8287838697433472, 4.966061592102051, 4.172539234161377, 1.304216742515564, 0.6554352045059204, 3.2462894916534424, 1.6883037090301514, 0.5238312482833862, 5.554442882537842, 3.950653553009033, 1.7988269329071045, 1.428085207939148, 1.490466833114624, 2.737171173095703, 1.9229464530944824, 1.8809260129928589, 4.791121959686279, 1.3668544292449951, 1.4576619863510132, 4.675349235534668, 1.9118034839630127, 3.0883841514587402, 2.6600537300109863, 3.6375436782836914, 1.723951816558838, 2.329083204269409, 0.6807123422622681, 1.6069121360778809, 0.8862425088882446, 5.496958255767822, 3.8470706939697266, 4.750617027282715, 2.5243587493896484, 3.728151798248291], "params": {"iterations": 1510, "learning_rate": 0.014286, "depth": 3, "l2_leaf_reg": 3.4047e-06, "bagging_temperature": 2.5656, "random_strength": 4.1266, "border_count": 207}, "time_end": "2026-02-28T11:09:27.378375"}