{"model": "catboost_minilm_features-extract_word_concreteness_avg", "type": "train", "seed": 40, "train_losses": [], "val_losses": [], "time_start": "2026-02-28T11:56:15.107893", "mse": 0.1327717696928533, "accuracy": 0.8333333333333334, "corr": 0.977952997233013, "precision": [1.0, 0.7793103448275862, 0.6407185628742516, 0.8013698630136986, 0.9292035398230089, 0.9919354838709677], "recall": [0.7522123893805309, 0.8071428571428572, 0.9145299145299145, 0.7748344370860927, 0.813953488372093, 0.9461538461538461], "f1": [0.8585858585858586, 0.7929824561403509, 0.7535211267605634, 0.7878787878787878, 0.8677685950413223, 0.968503937007874], "support": [113, 140, 117, 151, 129, 130], "confusion_matrix": [[85, 28, 0, 0, 0, 0], [0, 113, 27, 0, 0, 0], [0, 4, 107, 6, 0, 0], [0, 0, 33, 117, 1, 0], [0, 0, 0, 23, 105, 1], [0, 0, 0, 0, 7, 123]], "predictions": [3.191512045797919, 0.8875523405319743, 0.5499245920253766, 2.7529945568031717, 0.27024669898211284, 2.652700680039515, 1.8144909048396267, 0.46948625294568913, 0.1519449351660449, 1.391029811512614, 2.0297506925859166, 0.6485702976333017, 2.3571677151516206, 3.762923987893448, 0.09957798693888176, 3.2427183846615804, 0.4517532349038129, 2.468039406947587, 0.3446405084205253, 1.1253160497116796, 2.1039499178704832, 3.8381118072642915, 0.5066154896287569, 3.9445749216090125, 0.3905661956668487, 0.19586477080244658, 3.1114488126023248, 1.5769064892089477, 1.5582122845713096, 0.1498445845451415, 2.7470575368363805, 0.7615942637465041, 0.9592819589495825, 1.9580406326187618, 1.3098623205032076, 3.0562318304991942, 2.9711569893652077, 0.3388798032509168, 0.43503159084757037, 2.7536788162603605, 1.1224072944021908, 2.506263167466631, 4.0291582271178585, 1.7001981591071713, 0.5563098554164796, 0.695214986243303, 4.076133437850773, 1.455831217338641, 2.5524042677396745, 0.21182134852758816, 1.0772210311187729, 4.166898713256899, 3.163686057848254, 2.222625403665234, 1.8667698100808452, 0.41552786850218215, 1.4491090657234984, 0.20753988303813253, 1.6283352965048477, 1.75164876691185, 0.8587719492938068, 0.062356611994781375, 1.1730906553484592, 0.20559214466473863, 1.0539413964754871, 0.38781948149635914, 1.232074423002352, 1.6086115230699412, 1.3690096121871453, 0.2654942385117045, 4.542111921352843, 0.9591579420052443, 0.26006085967596215, 3.3221996117174255, 2.6943856299304683, 1.8908740873253844, 0.26040316869128377, 1.2752419735442977, 1.8299840563838936, 0.2250810371513361, 3.1082022474239013, 0.5035900627381182, 0.6337720083258256, 3.549513273458893, 2.3068709786397847, 2.7413175859304886, 3.345012544052141, 2.688962878500295, 0.08798144562370735, 1.9537324326472283, 0.2891031518085794, 0.3734760757606628, 3.799675604251318, 2.5191218452109525, 1.6264472965604984, 3.350938162364251, 1.679181177342885, 3.5146893986672785, 3.2525092950579415, 1.7112528428030016, 1.2540168375377823, 1.3970763005565647, 1.2977862082179739, 3.7127493130017424, 1.640351885259251, 1.6933956905044363, 2.682398140033026, 0.3788333568554143, 2.1814236130051667, 0.4834739094559466, 1.5263385387703208, 3.086402229084498, 3.504833206276273, 3.294208369786313, 0.1353188312086142, 2.3881418950996727, 1.9157978107494895, 0.11030055551053897, 2.7302880320309906, 1.7779674431828534, 2.7204151274009094, 1.6344620764977498, 2.108639313455614, 2.751938145966857, 0.025414763015212394, 1.960503297599988, 3.2628623997170645, 2.1944512891786627, 0.06690248039006219, 2.5210012179377554, 3.325859870950339, 2.750600992736464, 2.226851152542989, 0.4784477953203874, 0.7686926118756059, 2.006754310973966, 2.7582575715273707, 2.1829961553712813, 2.053643453351478, 2.1889336522732257, 0.4593281742997175, 0.30653868254130057, 1.7542755862009662, 3.761930397264889, 3.63262511566092, 2.9144112548074963, 1.3447683671091692, 2.562473875794214, 1.802458701200272, 0.054361994095540656, 2.4989185912376657, 2.137238121598071, 3.7025032469364136, 0.37939016822567506, 2.175092911957039, 1.7883589564630422, 1.6596323562985713, 2.76765451695838, 3.7228414997075, 0.3687557235282308, 0.48049997415827317, 1.5773602565258726, 2.172521249969386, 1.032939727772749, 0.21834552544146524, 2.3978903622985444, 3.9092837348470724, 2.50210959461932, 1.5638119565753872, 3.6817283998809494, 0.07119849629163388, 0.636578984499796, 2.499638794085882, 2.35141517598824, 2.9259908814566815, 3.84007075744392, 2.486390242478342, 2.517719067224475, 2.4045248440251257, 0.34470885581982724, 2.209800392320773, 0.27873689536949575, 0.33105786674264603, 3.2980399548557404, 1.7148662169534048, 2.7348046909019086, 1.4375993547792911, 2.4634424684001757, 3.1500905363431517, 0.07824271160396679, 2.5054055697353412, 2.374910740968143, 3.0915359372565927, 1.2537089891367768, 1.6892416687132643, 1.7843927860889421, 0.6401864476418133, 1.6462408656569374, 0.9581781443336248, 3.1045160780185004, 2.46508236528734, 0.8524913523033604, 3.0850863072647776, 3.2715633540935607, 3.7231294204603405, 2.427348120117985, 1.6963943955430518, 2.585405197127095, 1.966406782687075, 0.4527111485566926, 2.926647029807799, 0.46229005432792425, 0.527228552818535, 1.8790277763995396, 1.6560736322728304, 3.597583940005292, 3.9533567517798094, 1.617736821279176, 1.5400055463936693, 0.5231330642514205, 2.8804855162544856, 2.5234948383129354, 0.5008563413925904, 2.1484884709170182, 2.6120779573325112, 2.4291300195266374, 3.547477418323342, 0.9646582813605391, 3.2778211250857914, 2.90535460846045, 2.759249338626121, 3.7688924720483414, 0.36734132707693323, 3.783821901322331, 3.388145778307579, 3.5719565275309897, 3.6185028974500564, 0.08584983841566318, 0.7472975189667561, 0.7763562461368261, 2.960009295359259, 4.317493005340084, 0.45463356889321727, 1.4773541538909176, 3.2620688089906347, 4.3769784957355355, 0.6181986513391486, 4.683554203646665, 3.3865446333347595, 0.3256312707327069, 1.979201973627062, 2.013573018710021, 1.860296729646043, 1.3951322942814215, 1.6650989283357394, 2.9948825787475672, 1.9630874652010935, 4.420425866344276, 1.909062257391065, 3.440529520279425, 0.28418376955409164, 3.6578220581815257, 1.5889168865016046, 2.981926354423379, 3.6276211227649693, 1.3509000406996132, 1.2604782652147284, 1.2197262748049824, 2.4187764859564833, 2.9592021088872746, 0.7334761405742778, 0.14172164280774924, 2.9650487351473163, 3.4065022943377876, 1.9629186217751318, 4.329161055956787, 0.2245082478056064, 2.586431120120384, 1.6345648148212817, 2.6664145724855093, 1.8482048424116322, 0.9564200587316929, 1.0791286019325446, 0.47561674027360956, 3.1694739876149405, 0.22697143159527355, 1.1458471142162021, 0.5859294942069615, 1.1408901108124274, 0.38036835166313576, 2.2427861067568884, 2.8723627392419693, 3.4810905727634918, 1.6173773671007183, 2.72434382177186, 1.5178706465540923, 1.5097501593003215, 3.230647700915895, 3.1730110601657606, 2.4813330540013414, 2.6928789385988683, 1.9402379626689958, 2.422394153912444, 0.48478124443605575, 2.89025742587304, 3.6056828757170023, 4.148772798903512, 3.7654883270967607, 3.9043736626116567, 3.580919992024235, 3.9276588252248645, 3.675706664987133, 4.521344598071868, 3.5513439704321237, 4.313375872225612, 3.95471457283272, 4.278478755307798, 4.003411399902772, 4.133409621873086, 4.080787824884524, 3.942222690754769, 3.8409170889955506, 3.73592064345098, 3.6379514672035986, 3.72209275619306, 4.435242437858078, 3.4674849251419495, 4.1040404283290535, 4.2207472584125645, 3.948687861887402, 3.7704760627260887, 4.251428432983444, 3.8510024708273205, 5.261812150941937, 5.331917264368133, 4.802004248753939, 4.761489762035951, 5.038220303798775, 4.802736477670264, 5.093934856223074, 5.3440682323108, 4.632657400596523, 4.791399409221885, 4.747109593640715, 4.813189781222876, 5.078123869161246, 4.9562542267852585, 4.6986879357861895, 5.215147663741234, 4.795712536576487, 5.106353424974788, 4.8766997110325185, 4.596610804670812, 4.514780331562303, 4.953882158866993, 4.928930726733348, 5.254998212123779, 5.094467516822556, 4.833023263691887, 4.695286885268977, 4.935713273659145, 4.440740441721122, 