{"model": "catboost_minilm_features-extract_polysemy", "type": "test", "seed": 42, "time_start": "2026-02-28T11:54:34.695028", "mse": 0.743377149105072, "accuracy": 0.486404833836858, "corr": 0.8610219531054355, "precision": [0.7777777777777778, 0.2716049382716049, 0.3645833333333333, 0.39344262295081966, 0.7222222222222222, 0.9791666666666666], "recall": [0.125, 0.4888888888888889, 0.6481481481481481, 0.36923076923076925, 0.4642857142857143, 0.8545454545454545], "f1": [0.2153846153846154, 0.3492063492063492, 0.4666666666666667, 0.38095238095238093, 0.5652173913043478, 0.912621359223301], "support": [56, 45, 54, 65, 56, 55], "confusion_matrix": [[7, 34, 12, 3, 0, 0], [1, 22, 21, 1, 0, 0], [1, 14, 35, 4, 0, 0], [0, 11, 28, 24, 2, 0], [0, 0, 0, 29, 26, 1], [0, 0, 0, 0, 8, 47]], "predictions": [1.8770707845687866, 1.8169574737548828, 3.9588513374328613, 1.102813959121704, 1.9335273504257202, 0.31720709800720215, 1.8095391988754272, 0.2387087345123291, 0.6814740896224976, 1.6878182888031006, 2.448704719543457, 0.853601336479187, 1.7838129997253418, 2.506840229034424, 1.2988872528076172, 2.2749524116516113, 1.604341745376587, 2.7907235622406006, 1.3773020505905151, 1.5955390930175781, 1.2602301836013794, 1.3015456199645996, 0.7995643615722656, 1.6811633110046387, 2.478425979614258, 1.8220442533493042, 3.2089333534240723, 1.7483346462249756, 1.7086787223815918, 2.359372615814209, 0.46565771102905273, 1.8183881044387817, 1.6983702182769775, 2.2274651527404785, 2.137730360031128, 2.0948758125305176, 0.43501901626586914, 1.1834309101104736, 3.3225669860839844, 1.3494423627853394, 1.4606246948242188, 0.5401829481124878, 3.484405279159546, 2.360266923904419, 2.424811840057373, 1.4050967693328857, 1.2826606035232544, 3.565434455871582, 2.935525894165039, 3.2238638401031494, 1.761794090270996, 1.7062468528747559, 4.008569240570068, 1.6081664562225342, 2.875213861465454, 2.395515203475952, 0.8639183044433594, 0.8991315364837646, 3.2068748474121094, 2.133472442626953, 3.2764596939086914, 3.4630303382873535, 3.6954383850097656, 1.6925218105316162, 1.3075356483459473, 2.4023730754852295, 1.8447327613830566, 1.2245997190475464, 1.9179728031158447, 3.0559022426605225, 0.7574286460876465, 2.115011692047119, 0.19475126266479492, 0.5505362749099731, 0.8265640735626221, 2.9858126640319824, 0.21315956115722656, 1.4714454412460327, 1.2278550863265991, 1.0775671005249023, 0.8018193244934082, 3.4437930583953857, 1.5184122323989868, 0.59686279296875, 1.239281177520752, 0.4810678958892822, 0.9095861911773682, 1.2234572172164917, 1.8806730508804321, 3.265744924545288, 1.3459961414337158, 3.8272900581359863, 1.2637497186660767, 3.1517248153686523, 0.6764693260192871, 2.900869846343994, 3.3131792545318604, 2.6270647048950195, 1.7669285535812378, 1.9324932098388672, 1.6781680583953857, 3.4448060989379883, 1.4766151905059814, 1.3570822477340698, 1.0851178169250488, 2.372483491897583, 1.1500054597854614, 0.7684721946716309, 1.8500388860702515, 0.24896597862243652, 2.6177074909210205, 1.3807998895645142, 1.3177363872528076, 1.3201816082000732, 1.9683053493499756, 3.013876438140869, 0.41721153259277344, 1.0744905471801758, 2.8565292358398438, 0.6775877475738525, 2.251023769378662, 2.726891040802002, 1.5880789756774902, 2.9669241905212402, 1.9131345748901367, 1.7283610105514526, 2.9697070121765137, 1.3619455099105835, 1.5276708602905273, 2.7948713302612305, 2.594235897064209, 1.3831024169921875, 2.618664264678955, 3.457618474960327, 0.8121826648712158, 2.030729293823242, 3.347569227218628, 1.612465739250183, 2.5282931327819824, 2.572678804397583, 1.3237082958221436, 4.005388259887695, 1.564565896987915, 2.5542707443237305, 1.5861408710479736, 2.629883289337158, 1.668602466583252, 1.9036152362823486, 1.3847544193267822, 1.6982684135437012, 0.846428632736206, 2.4346323013305664, 0.7429749965667725, 3.3619062900543213, 1.1389399766921997, 1.8421595096588135, 3.0844547748565674, 1.9014078378677368, 2.309166669845581, 3.829887866973877, 3.3201069831848145, 1.979161024093628, 3.3655271530151367, 0.8686707019805908, 2.771329641342163, 2.973015546798706, 2.711454153060913, 2.012763261795044, 1.1141512393951416, 1.4879049062728882, 2.483105182647705, 0.5609756708145142, 1.4630173444747925, 2.3030107021331787, 1.6538819074630737, 1.1896212100982666, 4.327274322509766, 1.6560933589935303, 2.4808132648468018, 2.5361828804016113, 1.091291069984436, 2.439089298248291, 0.862594723701477, 0.890608549118042, 0.770116925239563, 3.1245594024658203, 1.9864698648452759, 3.998225688934326, 1.6915602684020996, 2.052600622177124, 1.7896206378936768, 0.9105743169784546, 2.2924325466156006, 2.7031409740448, 2.212242603302002, 3.9935338497161865, 3.4533767700195312, 4.286280632019043, 4.131141662597656, 3.4181971549987793, 3.440408229827881, 3.0699052810668945, 4.404687881469727, 4.156313419342041, 3.883955478668213, 3.570794105529785, 3.0230307579040527, 3.849064826965332, 4.57628059387207, 3.360964298248291, 3.672502279281616, 4.234842777252197, 4.1945695877075195, 4.316529273986816, 3.878500461578369, 3.544563055038452, 3.254189968109131, 3.7723076343536377, 5.489583969116211, 5.043386459350586, 5.105169296264648, 4.563593864440918, 4.251534938812256, 5.771242141723633, 5.178671836853027, 4.583087921142578, 4.299281120300293, 4.215137481689453, 5.12347412109375, 5.303239345550537, 4.715506076812744, 5.192532539367676, 4.428310394287109, 5.621594429016113, 4.512724876403809, 5.152580261230469, 4.715902805328369, 5.022564888000488, 4.818446636199951, 4.831017971038818, 4.856319427490234, 5.178862571716309, 4.714858055114746, 5.389697551727295, 5.230446815490723, 4.781856536865234, 4.900299072265625, 4.788949489593506, 4.955653667449951, 5.094071388244629, 5.3257293701171875, 4.901400566101074, 4.872541427612305, 4.477723121643066, 4.622570037841797, 4.971870422363281, 5.39844274520874, 5.629971027374268, 5.212033271789551, 4.817334175109863, 4.120878219604492, 5.37410306930542, 1.6603286266326904, 1.3180172443389893, 1.8869097232818604, 2.3760673999786377, 1.1285552978515625, 1.9853997230529785, 2.03362774848938, 1.0000197887420654, 2.3240199089050293, 2.1240363121032715, 4.295038223266602, 2.0004308223724365, 5.4111175537109375, 3.5072145462036133, 0.9322875738143921, 2.09334135055542, 5.002460479736328, 2.3266448974609375, 2.1095023155212402, 0.7889881134033203, 2.2921454906463623, 1.1329435110092163, 1.381927251815796, 1.4037244319915771, 1.6966636180877686, 1.0451393127441406, 2.2385785579681396, 4.272449493408203, 1.0307259559631348, 2.1600654125213623, 2.5312209129333496, 2.0103909969329834, 5.3430681228637695, 0.833299994468689, 3.249340057373047, 1.9281620979309082, 5.000837326049805, 4.366958141326904, 1.4055569171905518, 0.5498366355895996, 3.4736950397491455, 1.623920202255249, 0.5534696578979492, 5.434314727783203, 3.935690402984619, 1.8563456535339355, 1.4355326890945435, 1.481027364730835, 2.50917649269104, 1.7883782386779785, 1.9353481531143188, 4.745841979980469, 1.4707036018371582, 1.196181297302246, 4.673923969268799, 1.747567057609558, 2.968280076980591, 2.8102526664733887, 3.4873406887054443, 1.9217965602874756, 2.3702807426452637, 0.6469364166259766, 1.6350444555282593, 1.0772510766983032, 5.645663738250732, 3.994156837463379, 4.644063949584961, 2.7316200733184814, 3.456855297088623], "params": {"iterations": 1510, "learning_rate": 0.014286, "depth": 3, "l2_leaf_reg": 3.4047e-06, "bagging_temperature": 2.5656, "random_strength": 4.1266, "border_count": 207}, "time_end": "2026-02-28T11:54:34.752368"}