{"model": "catboost_minilm_features-extract_ttr", "type": "test", "seed": 41, "time_start": "2026-02-28T11:22:39.192124", "mse": 0.7195941805839539, "accuracy": 0.4954682779456193, "corr": 0.8658754253621355, "precision": [0.7777777777777778, 0.2911392405063291, 0.36082474226804123, 0.38596491228070173, 0.7380952380952381, 0.9787234042553191], "recall": [0.125, 0.5111111111111111, 0.6481481481481481, 0.3384615384615385, 0.5535714285714286, 0.8363636363636363], "f1": [0.2153846153846154, 0.3709677419354839, 0.46357615894039733, 0.36065573770491804, 0.6326530612244898, 0.9019607843137255], "support": [56, 45, 54, 65, 56, 55], "confusion_matrix": [[7, 35, 11, 3, 0, 0], [1, 23, 20, 1, 0, 0], [1, 11, 35, 7, 0, 0], [0, 10, 31, 22, 2, 0], [0, 0, 0, 24, 31, 1], [0, 0, 0, 0, 9, 46]], "predictions": [1.8509681224822998, 2.1971051692962646, 3.873713970184326, 1.0998988151550293, 1.9102871417999268, 0.45500612258911133, 2.0640010833740234, 0.4611973762512207, 0.9476044178009033, 1.4632573127746582, 2.275827646255493, 0.828627347946167, 1.7256629467010498, 2.5617523193359375, 1.2280776500701904, 2.462437629699707, 1.5867679119110107, 2.56842041015625, 1.3360310792922974, 1.6793066263198853, 0.986924409866333, 1.1581335067749023, 0.6815462112426758, 1.651456356048584, 2.384495973587036, 1.9558279514312744, 3.3290019035339355, 1.7941968441009521, 1.5367095470428467, 2.3694090843200684, 0.15430688858032227, 1.8407224416732788, 1.9197216033935547, 2.0371851921081543, 2.0685553550720215, 1.8929115533828735, 0.5583176612854004, 1.0974078178405762, 3.4124631881713867, 1.6592411994934082, 1.3260416984558105, 0.28965258598327637, 3.5812158584594727, 2.2834246158599854, 2.442131519317627, 1.3398810625076294, 1.275111198425293, 3.61892032623291, 3.0416011810302734, 2.918773651123047, 1.6873321533203125, 1.7781751155853271, 3.895627737045288, 1.449323296546936, 2.9085605144500732, 2.4415132999420166, 0.9569863080978394, 0.9070054292678833, 2.8483729362487793, 2.2336456775665283, 3.2251224517822266, 3.224243640899658, 3.7325050830841064, 1.4795793294906616, 1.1627533435821533, 2.0911123752593994, 1.7102750539779663, 1.3249952793121338, 2.136335849761963, 2.993237257003784, 0.6331877708435059, 1.8203320503234863, 0.1492924690246582, 0.5912834405899048, 0.9612764120101929, 2.7054219245910645, 0.3113372325897217, 1.7008559703826904, 1.4682317972183228, 1.0705573558807373, 0.7047171592712402, 3.210867404937744, 1.5831197500228882, 0.554168701171875, 1.1326541900634766, 0.426037073135376, 0.836374044418335, 1.3344323635101318, 2.000403881072998, 3.3911619186401367, 1.4969518184661865, 4.013461112976074, 1.1973832845687866, 3.1188063621520996, 0.6367638111114502, 2.7943060398101807, 3.483381509780884, 2.684309720993042, 1.610239863395691, 2.0761871337890625, 1.732956886291504, 3.3868329524993896, 1.595948338508606, 1.55767023563385, 1.2610753774642944, 2.508772373199463, 1.0795106887817383, 0.6214410066604614, 1.8719100952148438, 0.1874525547027588, 2.471327781677246, 1.3712998628616333, 1.420142650604248, 1.3683618307113647, 2.0485339164733887, 3.0783047676086426, 0.26336050033569336, 1.1183465719223022, 2.9957940578460693, 0.6842951774597168, 2.068592071533203, 2.7393739223480225, 1.4359718561172485, 2.716357946395874, 1.8291254043579102, 1.6893384456634521, 3.020700216293335, 1.247698426246643, 1.4644016027450562, 2.823683738708496, 2.60683536529541, 1.387298822402954, 2.7178049087524414, 3.3086726665496826, 0.9143929481506348, 2.17091703414917, 3.489279270172119, 1.5720908641815186, 2.634993314743042, 2.671459913253784, 1.2705124616622925, 3.8537912368774414, 1.5578655004501343, 2.7089946269989014, 1.4146888256072998, 2.557837724685669, 1.6122446060180664, 1.8076783418655396, 1.6339948177337646, 1.66378915309906, 1.0002853870391846, 2.352130889892578, 0.8390432596206665, 3.4140310287475586, 1.1471829414367676, 1.7668334245681763, 2.872020721435547, 1.8352229595184326, 2.045412302017212, 3.724198579788208, 3.401557445526123, 2.2206687927246094, 3.494920015335083, 0.6948256492614746, 2.7829174995422363, 3.032682180404663, 2.623237371444702, 1.9873884916305542, 0.943657398223877, 1.553267478942871, 2.5027248859405518, 0.5188499689102173, 1.5333153009414673, 2.3291573524475098, 1.784670352935791, 1.137296438217163, 4.214237689971924, 1.5895742177963257, 2.6354048252105713, 2.414787769317627, 0.9477634429931641, 2.334998607635498, 0.9388142824172974, 0.7372217178344727, 0.8299417495727539, 3.146066427230835, 2.0091426372528076, 3.783176898956299, 1.721886396408081, 2.137683153152466, 1.6310749053955078, 1.0940998792648315, 2.1761114597320557, 2.889451742172241, 2.250765323638916, 4.042855262756348, 3.6874499320983887, 4.443124771118164, 4.147210597991943, 3.4473342895507812, 3.507833480834961, 3.2234280109405518, 4.367942810058594, 4.117787837982178, 3.991302967071533, 3.675572156906128, 3.2126030921936035, 3.9202651977539062, 4.597354412078857, 3.4683165550231934, 3.708364248275757, 4.14879846572876, 4.173330307006836, 4.33357048034668, 3.601968288421631, 3.6830010414123535, 3.2289042472839355, 3.7311861515045166, 5.718265056610107, 5.008103370666504, 5.025436878204346, 4.441926002502441, 4.247293472290039, 5.776808738708496, 5.099318027496338, 4.613248825073242, 4.252562522888184, 4.358675956726074, 5.088207244873047, 5.398776531219482, 4.562688827514648, 5.197953224182129, 4.225152492523193, 5.660234451293945, 4.642325401306152, 5.218774318695068, 4.519073486328125, 4.885108947753906, 4.664995193481445, 4.918984413146973, 4.723808765411377, 5.3916120529174805, 4.678825378417969, 5.523712158203125, 5.30157995223999, 4.827445983886719, 4.876067161560059, 4.532179832458496, 4.857734203338623, 5.065342903137207, 5.1909050941467285, 4.92045783996582, 4.719049453735352, 4.380414009094238, 4.619244575500488, 5.025851249694824, 5.246282577514648, 5.519219398498535, 5.405996322631836, 4.850127220153809, 4.024518966674805, 5.254763603210449, 1.4768651723861694, 1.2601194381713867, 1.7790346145629883, 2.236342668533325, 0.9030677080154419, 2.006594657897949, 1.9606491327285767, 1.1314377784729004, 2.2765207290649414, 2.114556312561035, 4.140946388244629, 2.083406925201416, 5.3442912101745605, 3.6949105262756348, 0.8752913475036621, 2.03584885597229, 5.200925827026367, 2.215453863143921, 2.186163902282715, 0.7152560949325562, 2.1605942249298096, 1.0976980924606323, 1.4286028146743774, 1.5101137161254883, 1.5324580669403076, 1.0213782787322998, 2.339587450027466, 4.195108413696289, 1.0836520195007324, 2.1541190147399902, 2.6600401401519775, 2.07136607170105, 5.34187126159668, 0.9085965156555176, 3.3270528316497803, 1.9106309413909912, 5.014314651489258, 4.448451042175293, 1.397149682044983, 0.5910438299179077, 3.310438394546509, 1.8006646633148193, 0.5180596113204956, 5.287714958190918, 4.258172512054443, 2.0107898712158203, 1.1769262552261353, 1.3080326318740845, 2.580207109451294, 1.718409538269043, 1.851822853088379, 4.538788795471191, 1.600402593612671, 1.2227232456207275, 4.503325462341309, 1.9339581727981567, 3.022737741470337, 2.8311285972595215, 3.5628879070281982, 1.9353535175323486, 2.192270040512085, 0.7684468030929565, 1.6939191818237305, 0.974746823310852, 5.756844520568848, 4.0795464515686035, 4.781566619873047, 2.5915799140930176, 3.82220721244812], "params": {"iterations": 1510, "learning_rate": 0.014286, "depth": 3, "l2_leaf_reg": 3.4047e-06, "bagging_temperature": 2.5656, "random_strength": 4.1266, "border_count": 207}, "time_end": "2026-02-28T11:22:39.256961"}