{"model": "catboost_minilm_features-extract_ngram_word_length_by_char", "type": "train", "seed": 40, "train_losses": [], "val_losses": [], "time_start": "2026-02-28T11:13:28.388722", "mse": 0.13154272078326537, "accuracy": 0.8269230769230769, "corr": 0.9781049867226551, "precision": [1.0, 0.7642857142857142, 0.603448275862069, 0.8098591549295775, 0.9478260869565217, 1.0], "recall": [0.7522123893805309, 0.7642857142857142, 0.8974358974358975, 0.7615894039735099, 0.8449612403100775, 0.9538461538461539], "f1": [0.8585858585858586, 0.7642857142857142, 0.7216494845360825, 0.7849829351535836, 0.8934426229508197, 0.9763779527559056], "support": [113, 140, 117, 151, 129, 130], "confusion_matrix": [[85, 28, 0, 0, 0, 0], [0, 107, 33, 0, 0, 0], [0, 5, 105, 7, 0, 0], [0, 0, 36, 115, 0, 0], [0, 0, 0, 20, 109, 0], [0, 0, 0, 0, 6, 124]], "predictions": [3.1521355923784715, 0.8061403809121752, 0.46612567336717037, 2.92612542792655, 0.3012926191583869, 2.6398070882644755, 1.8160506173834166, 0.3874245864568162, 0.18928561386135545, 1.3784459727771115, 2.163137929999547, 0.5449369658391652, 2.3313777003930607, 3.702630565859938, 0.201911366949743, 3.244446391023109, 0.40883198614834493, 2.5022345527217094, 0.28273017713867077, 1.1969335212163292, 2.106412910479288, 3.805469982791399, 0.37922325872581863, 4.047887345942678, 0.41461346871630056, 0.2580583942878891, 3.2019198764539, 1.4685569152473443, 1.5906530350289372, 0.1550450981713727, 2.71868100825853, 0.664850120418562, 0.952462958252241, 2.201671226021961, 1.3018788956635878, 2.867662462383673, 3.015812436657076, 0.34476776288988953, 0.3287292048252941, 2.878396463354046, 1.175412128930829, 2.4043910743889536, 3.9718870590553506, 1.6243815186553725, 0.533602157008833, 0.7647920166291424, 4.061902835004022, 1.50935445486028, 2.6395757548511867, 0.06946908009552422, 0.9530527704581837, 4.151064337840439, 3.176588332598577, 2.210814882968277, 1.9173924301885512, 0.3075090152550932, 1.4579894775553848, 0.2468010141649133, 1.5672313730848497, 1.7605352915882606, 0.9237734885052147, 0.22549816468124462, 1.142878071656676, 0.20766209593958962, 1.101123284516936, 0.3051435195829928, 1.248683364306882, 1.638709643100409, 1.3978203850863251, 0.13751764559463853, 4.451586844147828, 0.8744553141634508, 0.12192049681964745, 3.275605769712475, 2.653788802989259, 1.8569380773167519, 0.35695501962927656, 1.2402725486923234, 1.9267142586499348, 0.16751900210750215, 3.1067641418668055, 0.40413565132747875, 0.6878215627724058, 3.6180270423254406, 2.314953114674699, 2.7147880343079946, 3.378226704898804, 2.6304700497625966, 0.016820781764294246, 1.8990395658115775, 0.3725465837596147, 0.36899974634843513, 3.671675472835309, 2.630533312680477, 1.6432172239909573, 3.365283257438298, 1.7303838866861656, 3.3364824733739615, 3.3187995681163422, 1.7658784863038264, 1.4557335989473648, 1.3158233094299614, 1.3073794544731696, 3.737728136294849, 1.6126216743846487, 1.8109623280179623, 2.828813502204669, 0.4480223072483538, 2.3455172556651616, 0.4630728161235491, 1.5935582367658885, 2.959169196783171, 3.500794099167461, 3.2968590095584784, 0.06705722016031856, 2.4550091942399557, 1.9528132687593773, -0.005121086607724035, 2.753230581480681, 1.7593953831761804, 2.6628918549874196, 1.5755721274459094, 2.1702150816016474, 2.8756739120020205, 0.05654979807318572, 1.8959713440208388, 3.323003715644129, 2.2667894239884987, -0.023802149265979455, 2.544987427327867, 3.320356613729567, 2.7748554354193566, 2.0180364998094134, 0.43911066023176604, 0.7450039472857044, 1.8941294316844768, 2.6624299527358843, 2.0462647574512194, 2.167226950463221, 2.1638383453306376, 0.387745911671717, 0.3837458402620504, 1.836087635310145, 3.753177502924628, 3.544651130395943, 2.8038756955018487, 1.3047512358619593, 2.5112592813478556, 1.875685686293446, 0.1581123893531844, 2.3593664956920217, 2.1239912754234345, 3.8629030562978186, 0.27185052481805405, 2.158555689503014, 1.6962067709547366, 1.7314238842877345, 2.74284557669629, 3.76350816256598, 0.19780627810705953, 0.5203438257224806, 1.50767215568834, 2.261806235786242, 1.0132806545672997, 0.057726974582174684, 2.3873031827722064, 3.86831640878507, 2.488539056645519, 1.4454442800376552, 3.5844557558411614, 0.10377102811372341, 0.689207138116603, 2.574763321626308, 2.323252538936923, 2.8781756636893725, 3.843865682624675, 2.489071659242483, 2.626524118090529, 2.2936323515249457, 0.38583707576868065, 2.197623219868117, 0.2840940142607047, 0.4358198097110715, 3.238993676297061, 1.7498404464116637, 2.713871551674689, 1.3835897752947979, 2.3356247204675675, 2.9433299638367036, 0.023100057956003006, 2.549463125801606, 2.29888630933405, 3.065683252541749, 1.1830283931955046, 1.7300403110522238, 1.6990405594085023, 0.6709787809370655, 1.6785051791942576, 0.9800253843889435, 3.029541841567483, 2.503781504400651, 0.8850271309919124, 3.157155792285434, 3.2192275476771255, 3.76877994674551, 2.351839282313548, 1.840853522832885, 2.5833543425740007, 2.1137702280356594, 0.5150509829898171, 2.9538402106301826, 0.4089511772146346, 0.42985440198434954, 1.7381160034140106, 1.648370486803019, 3.675357312224496, 3.9296308342138095, 1.485034123804328, 1.581884116390027, 0.4791643052841117, 2.7395978235907625, 2.413529701261474, 0.49829555803005254, 2.120458782020644, 2.4755076174300346, 2.4095929354004872, 3.5223028544223896, 1.0138694845038134, 3.3488517476675423, 2.9155527438406423, 2.6933157283887095, 3.6624485928113066, 0.5166457435729774, 3.8488586067831414, 3.387282111377735, 3.750458417300526, 3.6104497055017415, 0.12834049731175323, 0.7489697839503464, 0.734886502216008, 2.866263595564718, 4.432933287060268, 0.34179583118370926, 1.5041977564359834, 3.2432661268528435, 4.30990963263716, 0.6318138871288268, 4.601114497486412, 3.3949626205221977, 0.4028355027744901, 1.9265136424781577, 2.0740772402909844, 1.8371573026749286, 1.3702361196577308, 1.6201244569257194, 3.2307725811227055, 2.0122931627491294, 4.569003267054108, 1.7989789551914668, 3.4016978329597354, 0.17437274767841693, 3.667691568494507, 1.6290752169795717, 2.9398977844827474, 3.6974819881146015, 1.3454731774492394, 1.2192118069766746, 1.1486803208366854, 2.53621274969612, 2.916500598615952, 0.7664604782433482, 0.1704807681699929, 2.922760437295908, 3.3268126363590413, 2.0984757003462735, 4.2332590958650185, 0.2315539497968424, 2.444152371563021, 1.6710916385128343, 2.6347694199260343, 1.9313579039806772, 1.0818580539078757, 1.222574094231085, 0.5383495431900205, 3.177892630396008, 0.2586835101960947, 1.2265677913474349, 0.6859782724035712, 1.039461599702318, 0.34455570038933825, 2.286313565879892, 2.8693833797675694, 3.4639092376611487, 1.7298126074355693, 2.788763585113665, 1.5487140553080052, 1.6725501045386475, 3.223022146737063, 3.232789629392506, 2.323901537765277, 2.6470733665084167, 1.8913461157083478, 2.6415046156092026, 0.5489555460698743, 2.9904558894626065, 3.6912473227907743, 4.162782799718068, 3.8211910501683812, 3.9241124745609186, 3.594781797273553, 3.9182231541890924, 3.7156145430553122, 4.41422708374639, 3.545700906193707, 4.244506971899391, 4.047945140215336, 4.233917777494303, 3.976474615441678, 4.223963800570462, 4.004567710249869, 3.871692177021971, 3.9216524203643726, 3.707875948389089, 3.68136370261439, 3.744987991929551, 4.422644544276457, 3.4153916296535076, 4.168530594711701, 4.121675182404111, 3.8609120530886925, 3.8344588368212804, 4.3174072787211655, 3.9622955008878566, 5.242560975644214, 5.173829475746778, 4.913057964667123, 4.741081380164202, 5.1217754321213755, 4.928225761739329, 4.955319699027697, 5.323713036146974, 4.693009800732907, 4.813493589022692, 4.804953708785074, 4.806129682473125, 5.114438659297195, 5.0907013580765295, 4.632994707550214, 5.149647356419621, 4.805482954724139, 5.1799605743484705, 4.869083466094996, 4.604705777436674, 4.522951356094438, 4.9591533048175815, 4.909311719519144, 5.268246835033061, 5.143187370145923, 4.748385451598693, 4.8146478393242695, 5.028497387045553, 4.555045843162313, 4.763294353802972, 