{"model": "catboost_minilm_features-extract_syllable_count_avg", "type": "test", "seed": 42, "time_start": "2026-02-28T11:26:34.704962", "mse": 0.7398215532302856, "accuracy": 0.49244712990936557, "corr": 0.8616167416134003, "precision": [0.7777777777777778, 0.2564102564102564, 0.35294117647058826, 0.4528301886792453, 0.7209302325581395, 0.9782608695652174], "recall": [0.125, 0.4444444444444444, 0.6666666666666666, 0.36923076923076925, 0.5535714285714286, 0.8181818181818182], "f1": [0.2153846153846154, 0.3252032520325203, 0.46153846153846156, 0.4067796610169492, 0.6262626262626263, 0.8910891089108911], "support": [56, 45, 54, 65, 56, 55], "confusion_matrix": [[7, 34, 13, 2, 0, 0], [1, 20, 23, 1, 0, 0], [1, 14, 36, 3, 0, 0], [0, 10, 29, 24, 2, 0], [0, 0, 1, 23, 31, 1], [0, 0, 0, 0, 10, 45]], "predictions": [1.9011924266815186, 1.8823044300079346, 3.820699691772461, 1.112604022026062, 1.8718738555908203, 0.4206075668334961, 1.9211691617965698, 0.19091176986694336, 0.8171772956848145, 1.4886013269424438, 2.280207872390747, 0.9605692625045776, 1.5905718803405762, 2.569310426712036, 1.285929799079895, 2.246563196182251, 1.7618930339813232, 2.778801202774048, 1.3961668014526367, 1.7005834579467773, 0.7988415956497192, 1.2458528280258179, 0.769188642501831, 1.404820203781128, 2.281588554382324, 1.976515769958496, 3.189896821975708, 1.641641616821289, 1.6568412780761719, 2.290127992630005, 0.2727837562561035, 1.807279348373413, 1.5173770189285278, 2.1683897972106934, 2.366980791091919, 2.2260801792144775, 0.533838152885437, 1.106966257095337, 3.246793508529663, 1.484841227531433, 1.358402967453003, 0.4273536205291748, 3.5732760429382324, 2.1618638038635254, 2.639171838760376, 1.4107035398483276, 1.2696716785430908, 3.4255166053771973, 3.0583181381225586, 3.0474514961242676, 1.7570626735687256, 1.7419830560684204, 3.907604455947876, 1.425140619277954, 2.6257176399230957, 2.4046239852905273, 0.9754647016525269, 0.8974146842956543, 2.938006639480591, 2.2112605571746826, 3.3309073448181152, 3.2848546504974365, 3.642202615737915, 1.5772322416305542, 1.1924142837524414, 2.2293858528137207, 1.5917696952819824, 1.260514736175537, 2.0912246704101562, 2.8882336616516113, 0.7579418420791626, 1.8806960582733154, 0.18735861778259277, 0.5584827661514282, 0.8931442499160767, 2.8254446983337402, 0.3192305564880371, 1.598278522491455, 1.3497273921966553, 1.0740735530853271, 0.6902393102645874, 3.273794174194336, 1.5386273860931396, 0.43034791946411133, 1.1026345491409302, 0.5694742202758789, 0.6823219060897827, 1.504180669784546, 1.887150764465332, 3.4181623458862305, 1.2142295837402344, 3.9718828201293945, 1.233607292175293, 3.295543670654297, 0.673001766204834, 2.867018222808838, 3.4662046432495117, 2.4305357933044434, 1.7816804647445679, 2.123035192489624, 1.8644895553588867, 3.473851442337036, 1.5755482912063599, 1.4840106964111328, 1.0359828472137451, 2.4398300647735596, 1.0732496976852417, 0.6445267200469971, 1.8139196634292603, 0.32682108879089355, 2.945740222930908, 1.5815136432647705, 1.391769528388977, 1.1731688976287842, 2.202180862426758, 3.03885817527771, 0.21144604682922363, 1.090251088142395, 2.912651538848877, 0.5157132148742676, 2.240696668624878, 2.6307780742645264, 1.639042615890503, 2.876587152481079, 2.0115439891815186, 1.5852692127227783, 3.1421937942504883, 1.2256560325622559, 1.3518444299697876, 2.8630783557891846, 2.3994362354278564, 1.1087255477905273, 2.7855305671691895, 3.423510789871216, 0.8235287666320801, 1.8752717971801758, 3.4883716106414795, 1.5741392374038696, 2.745563268661499, 2.646638870239258, 1.2599072456359863, 3.912936210632324, 1.4197018146514893, 2.6979057788848877, 1.6928333044052124, 2.470191240310669, 1.5490450859069824, 1.9244160652160645, 1.401674747467041, 1.6532976627349854, 0.9880121946334839, 2.16705060005188, 0.6388628482818604, 3.3802709579467773, 1.2090219259262085, 1.7993450164794922, 2.996349811553955, 1.771720290184021, 2.2424850463867188, 3.809342384338379, 3.3748655319213867, 2.1171720027923584, 3.3838555812835693, 0.9444730281829834, 2.786332845687866, 2.9490885734558105, 2.658757448196411, 2.0261826515197754, 1.118658185005188, 1.3409827947616577, 2.36793851852417, 0.5376378297805786, 1.5350617170333862, 2.437528610229492, 1.6140583753585815, 1.3161211013793945, 4.4117631912231445, 1.619005799293518, 2.4474170207977295, 2.4913179874420166, 1.0619951486587524, 2.291698694229126, 0.900781512260437, 0.8094241619110107, 0.701752781867981, 3.312736988067627, 2.1346747875213623, 3.816455364227295, 1.896228551864624, 1.9359042644500732, 1.6682946681976318, 0.8043347597122192, 2.253225088119507, 2.6808900833129883, 2.321547269821167, 4.078686237335205, 3.529892921447754, 4.439242362976074, 3.987987995147705, 3.3253133296966553, 3.568152666091919, 3.0667366981506348, 4.322910785675049, 4.263143539428711, 4.080903053283691, 3.641230344772339, 3.1520299911499023, 4.008703231811523, 4.612456321716309, 3.5329701900482178, 3.767237663269043, 4.263201713562012, 4.112881183624268, 4.4382805824279785, 3.828221559524536, 3.559512138366699, 3.228339672088623, 3.7803173065185547, 5.6001482009887695, 4.933037281036377, 5.224085330963135, 4.418083190917969, 4.205606460571289, 5.64174222946167, 5.082005977630615, 4.565258026123047, 4.360291481018066, 4.247952938079834, 5.22320032119751, 5.3096771240234375, 4.66066837310791, 5.235435485839844, 4.334463119506836, 5.453530311584473, 4.615086555480957, 5.217372894287109, 4.593911647796631, 4.99429178237915, 4.735668182373047, 4.961349010467529, 4.713531494140625, 5.477427005767822, 4.449084281921387, 5.295296669006348, 5.43214225769043, 4.867799282073975, 5.0862932205200195, 4.739611625671387, 4.87490701675415, 5.0518083572387695, 5.137418746948242, 5.008211135864258, 4.842894554138184, 4.222718715667725, 4.627875328063965, 5.003979206085205, 5.303204536437988, 5.653265953063965, 5.460758209228516, 4.736094951629639, 3.9183526039123535, 5.2924909591674805, 1.6706938743591309, 1.3433479070663452, 1.903240442276001, 2.4337117671966553, 1.111449956893921, 2.151799440383911, 1.8996047973632812, 1.193411946296692, 2.437366008758545, 2.4487814903259277, 4.374236106872559, 2.0696847438812256, 5.250504493713379, 3.66582989692688, 0.8657846450805664, 2.0311615467071533, 5.177031517028809, 2.201476812362671, 2.1718220710754395, 0.6226471662521362, 2.490806818008423, 1.0148322582244873, 1.3937811851501465, 1.53429114818573, 1.813612461090088, 0.9392930269241333, 2.4359374046325684, 4.220840930938721, 1.148228406906128, 2.2713630199432373, 2.5278334617614746, 1.936203956604004, 5.298618316650391, 0.7655247449874878, 3.3080358505249023, 1.7759819030761719, 5.0398077964782715, 4.352160930633545, 1.3184422254562378, 0.7253967523574829, 3.3407540321350098, 1.667264461517334, 0.5706818103790283, 5.485668182373047, 3.951500415802002, 1.9057236909866333, 1.3607860803604126, 1.5811489820480347, 2.6568846702575684, 1.9564080238342285, 1.9579797983169556, 4.855425834655762, 1.6872148513793945, 1.0771050453186035, 4.719646453857422, 1.9096879959106445, 2.9258790016174316, 2.6237287521362305, 3.555124282836914, 1.6880946159362793, 2.291999340057373, 0.6231944561004639, 1.6768219470977783, 0.8307194709777832, 5.46153450012207, 4.050961017608643, 4.881656646728516, 2.735811471939087, 3.8449339866638184], "params": {"iterations": 1510, "learning_rate": 0.014286, "depth": 3, "l2_leaf_reg": 3.4047e-06, "bagging_temperature": 2.5656, "random_strength": 4.1266, "border_count": 207}, "time_end": "2026-02-28T11:26:34.764682"}