{"model": "catboost_minilm", "type": "train", "seed": 42, "train_losses": [], "val_losses": [], "time_start": "2026-02-28T09:28:24.093146", "mse": 0.13213714148177355, "accuracy": 0.823076923076923, "corr": 0.9779417292952365, "precision": [0.9882352941176471, 0.7659574468085106, 0.622093023255814, 0.8068965517241379, 0.9067796610169492, 1.0], "recall": [0.7433628318584071, 0.7714285714285715, 0.9145299145299145, 0.7748344370860927, 0.8294573643410853, 0.9153846153846154], "f1": [0.8484848484848485, 0.7686832740213523, 0.740484429065744, 0.7905405405405406, 0.8663967611336032, 0.9558232931726908], "support": [113, 140, 117, 151, 129, 130], "confusion_matrix": [[84, 29, 0, 0, 0, 0], [1, 108, 31, 0, 0, 0], [0, 4, 107, 6, 0, 0], [0, 0, 34, 117, 0, 0], [0, 0, 0, 22, 107, 0], [0, 0, 0, 0, 11, 119]], "predictions": [3.1931322633987307, 0.7955747378247429, 0.45568220192250486, 2.8312470135966596, 0.2989305865175558, 2.59564905540772, 1.8355996811014639, 0.4034898439285235, 0.19662998845322344, 1.3837896401263838, 2.1716579081134797, 0.4428932994805024, 2.3808205320555738, 3.840859718882079, 0.21588690439563063, 3.3443539477440796, 0.439429844647782, 2.479687104010701, 0.26920717173652964, 1.2201615811252051, 2.109053252872892, 3.864355855929121, 0.45652113124774507, 4.066062062651438, 0.4006065172013571, 0.24110208179941406, 3.1233638305887954, 1.4950796660385344, 1.520467230739909, 0.1529659519454465, 2.7367952229985555, 0.6794163668967506, 1.0827381692238416, 2.111364818015459, 1.2852928494516853, 2.9310627736700674, 2.9303591669604496, 0.22386018418865117, 0.3353052999457713, 2.809019312502606, 1.0874036324098189, 2.444014891185985, 3.9420298130602673, 1.7026464311998801, 0.5558104563176964, 0.8159975525048784, 4.040618748818435, 1.5334443604295052, 2.5696664735509893, 0.044583762331185106, 0.902280074079091, 4.168855583704343, 3.1760557264404863, 2.2819947802364022, 1.8695710985061136, 0.3274702549387256, 1.5039211265074028, 0.22151119134798947, 1.5728481965734087, 1.8270290114904144, 1.016613080426327, 0.1918241045387692, 1.140003786112149, 0.2364128289974352, 1.0804781483211998, 0.3738268181151079, 1.2312038138751522, 1.6391283550371738, 1.3702598402874064, 0.26191062242461083, 4.44763084791404, 0.7726289815586316, 0.2264920508394077, 3.2552489313718724, 2.6239919941852112, 1.8651534054661587, 0.3490976411381248, 1.2272814790160278, 1.816363000027648, 0.27917185778324205, 3.129379324375658, 0.33028151290839336, 0.7213529226005773, 3.624599922803037, 2.2516035282652256, 2.7623802202887986, 3.361213628505107, 2.662930687823626, -0.05154971197892211, 1.9841750806547571, 0.30607880235268414, 0.40559177323761997, 3.7900998973918893, 2.6087299918413005, 1.6021652921897425, 3.2733894624361737, 1.6510196387072904, 3.383231741742571, 3.288101459352835, 1.761227674637671, 1.3667439268173414, 1.2314471875777082, 1.2475968901706376, 3.717242661957708, 1.6244418525230444, 1.638997697393274, 2.81032083907186, 0.5111834834896438, 2.2927644143288797, 0.5085613584728677, 1.4877392640240281, 2.965021010061887, 3.529794092214689, 3.3217549068645114, 0.01399121193101438, 2.519952338357064, 1.927170042379152, 0.025020740385069296, 2.79335828963053, 1.7322515833374221, 2.7105161737833106, 1.569296236378599, 2.2388418570588375, 2.781169896921032, -0.034646707912371344, 1.899016015399278, 3.2595815099829704, 2.2229080298547252, 0.0037640977054294034, 2.4636721615505177, 3.3508125319793285, 2.6608483461017083, 2.121083706078641, 0.39161707595054374, 0.7738869217621334, 1.9425132852664757, 2.7086684377512444, 2.0249046654045975, 2.1771308120395707, 2.136536631293807, 0.3306274860591354, 0.38882867490019546, 1.641472757627311, 3.852791999994594, 3.600584507344991, 2.7733035652870415, 1.3063270061179475, 2.5542357722033158, 1.9102763751546419, 0.1920627287154142, 2.3508292937655817, 2.188694173537381, 3.84202618109626, 0.34680942081591226, 2.1668702256997188, 1.6867716982311278, 1.686295958428409, 2.7255281741388413, 3.7893140104710366, 0.19876742092179356, 0.6112139821966747, 1.5143342396547044, 2.203124009813875, 1.032918823790662, 0.12401879145205008, 2.408445147254859, 3.9044201286214344, 2.3803213267032555, 1.5716230441404555, 3.590432714370718, 0.2011799815662254, 0.6988368916004393, 2.4891426002307018, 2.2553952022411625, 2.804376081126357, 3.770627442312972, 2.5392349769531957, 2.5846677881814077, 2.230638856666341, 0.4608060877140603, 2.1904201816574638, 0.26908663210077144, 0.4053856561344995, 3.26047009082541, 1.738910375018465, 2.8815049261339567, 1.40775659452416, 2.2794445458747856, 3.0137345404916345, -0.08225124055228017, 2.436945985352655, 2.259956395186092, 3.164922779457129, 1.2301121159886572, 1.7343393776229665, 1.6977121524410637, 0.5753399931100318, 1.7472682586276158, 0.9650538514782667, 3.1043206145974254, 2.5639394766471346, 0.8943128776573843, 3.0595572785178726, 3.387967580529522, 3.618872109609902, 2.220765210018969, 1.7875334339891054, 2.672418497814273, 2.1265020867183333, 0.46313882231507053, 3.0686613939734224, 0.369125428138366, 0.5013827602263243, 1.7816847743083206, 1.7682676796152819, 3.757212554115423, 3.8416747084665968, 1.5317407558682243, 1.5907817560165998, 0.47109416280892047, 2.7288932197804296, 2.424849491349337, 0.5452846465700609, 2.0484314510267594, 2.6054637345984526, 2.4498558743336147, 3.5650268362947193, 1.0858852415074935, 3.3886527617510236, 2.961449936571535, 2.6920069734713294, 3.707485163346429, 0.3961323739931095, 3.826010648387169, 3.474238067279484, 3.632937969091638, 3.6772188622413853, 0.11575344770945017, 0.8330286397566131, 0.7261576831054928, 2.901150395694582, 4.392860693787512, 0.44844117149857077, 1.48642872080516, 3.2524736915618506, 4.317565935721872, 0.6535205154988442, 4.610512694726971, 3.394556527314893, 0.419298638206806, 1.7357619764757777, 1.9405428619207719, 1.8241441700192196, 1.3750419340935909, 1.628776673234262, 3.0810499019815443, 1.9220776161718693, 4.354997649889975, 1.7660014533089052, 3.558745824161015, 0.18945078033262908, 3.6014342999283624, 1.5385421159651234, 3.0283341051043453, 3.741153024422702, 1.421496625204895, 1.2121807465347614, 1.0930617865600043, 2.485657613249344, 2.905632928466901, 0.7799661580592661, 0.18867627307728174, 2.954574317450113, 3.337209332687305, 2.063872832339235, 4.259683662161277, 0.3226037464550422, 2.4466944508228012, 1.6063968689889876, 2.6583841985994523, 1.8505944252604294, 0.8881079720020342, 1.218492786683863, 0.5330636771607618, 3.149568905052913, 0.30507413554275464, 1.102030678875606, 0.6733002029995405, 1.184179544171994, 0.32101125910919404, 2.30460830561006, 3.052811192942279, 3.4741771684635054, 1.6898830604157804, 2.6769190945314816, 1.578015950637526, 1.647687781858626, 3.1109628350895573, 3.1779877875894154, 2.32907634641986, 2.6073902847156485, 1.8058337432979013, 2.643696097328242, 0.46506970647910517, 2.950151819521709, 3.685182319775775, 4.213412949529015, 3.7514422578804423, 3.9041875980578857, 3.564489604195283, 3.9261236634040193, 3.6751342466164636, 4.3691003491997495, 3.4347885866202863, 4.309550027417376, 4.019001894644454, 4.1656925493657555, 4.222217751509399, 4.1368834300375195, 4.066121045792645, 3.9037666505597564, 3.80068299777518, 3.7016846793826437, 3.693627387307716, 3.717760859085362, 4.302259346929527, 3.471035647733957, 4.245967377072406, 4.150007734537725, 3.881514689552783, 3.9034903378201165, 4.33666533462152, 3.859967525958611, 5.153334736184253, 5.25031516834831, 4.8003954455361315, 4.842334053177513, 5.137054743781819, 4.874086098099388, 5.05521411409804, 5.26374877036373, 4.651232027691503, 4.849562427474078, 4.749315873627104, 4.776756945185339, 4.978063611409689, 5.152170728936608, 4.646728644008531, 5.1927144955956805, 4.981581258063656, 5.134298311953437, 4.8382455911614715, 4.694009991360231, 4.481117569696814, 5.016841717891856, 4.8284116386396345, 5.236925684321324, 5.169060006030063, 4.772410985237206, 4.798730196578145, 5.029306204842649, 4.53344175893445, 4.652068149692193, 5.079046083069995, 