{"model": "catboost_minilm_features-extract_stopwords", "type": "test", "seed": 41, "time_start": "2026-02-28T11:29:24.375483", "mse": 0.7249804735183716, "accuracy": 0.5045317220543807, "corr": 0.8646790931703503, "precision": [0.8333333333333334, 0.2876712328767123, 0.34951456310679613, 0.4074074074074074, 0.7560975609756098, 0.9791666666666666], "recall": [0.17857142857142858, 0.4666666666666667, 0.6666666666666666, 0.3384615384615385, 0.5535714285714286, 0.8545454545454545], "f1": [0.29411764705882354, 0.3559322033898305, 0.4585987261146497, 0.3697478991596639, 0.6391752577319587, 0.912621359223301], "support": [56, 45, 54, 65, 56, 55], "confusion_matrix": [[10, 31, 13, 2, 0, 0], [1, 21, 22, 1, 0, 0], [1, 12, 36, 5, 0, 0], [0, 9, 32, 22, 2, 0], [0, 0, 0, 24, 31, 1], [0, 0, 0, 0, 8, 47]], "predictions": [1.7542006969451904, 2.2047085762023926, 3.8027679920196533, 1.0801600217819214, 1.9259159564971924, 0.47173166275024414, 1.8929500579833984, 0.3604423999786377, 0.9968013763427734, 1.486175298690796, 2.336418390274048, 0.8506652116775513, 1.7007241249084473, 2.622770309448242, 1.142502784729004, 2.331498622894287, 1.5717971324920654, 2.521953582763672, 1.3625611066818237, 1.6757984161376953, 0.9242630004882812, 1.1441394090652466, 0.7895690202713013, 1.6028058528900146, 2.425889492034912, 2.0072526931762695, 3.281254768371582, 1.791386604309082, 1.4852088689804077, 2.4091315269470215, 0.2635688781738281, 1.802161455154419, 1.884976863861084, 2.0447158813476562, 1.97657310962677, 1.9255833625793457, 0.4241771697998047, 1.135904312133789, 3.4201555252075195, 1.6459853649139404, 1.324608325958252, 0.21956276893615723, 3.575650215148926, 2.3392333984375, 2.4454052448272705, 1.4133321046829224, 1.3026536703109741, 3.566999912261963, 3.0372159481048584, 2.969581365585327, 1.7210978269577026, 1.6941909790039062, 3.9132275581359863, 1.5112557411193848, 2.8729465007781982, 2.3933169841766357, 1.0835257768630981, 0.9704126119613647, 3.015657424926758, 2.20047664642334, 3.0977344512939453, 3.2631354331970215, 3.675053358078003, 1.5480012893676758, 1.3004661798477173, 2.1395044326782227, 1.6478776931762695, 1.2307289838790894, 2.118433952331543, 3.0442352294921875, 0.4793698787689209, 1.849815011024475, 0.13547515869140625, 0.628455638885498, 0.9463469982147217, 2.742880344390869, 0.3056497573852539, 1.6575367450714111, 1.495365023612976, 1.0286964178085327, 0.681201696395874, 3.2253305912017822, 1.5876555442810059, 0.5315597057342529, 1.1609386205673218, 0.4342842102050781, 0.7909302711486816, 1.4784480333328247, 1.8882235288619995, 3.36533260345459, 1.5147886276245117, 4.068841934204102, 1.1323349475860596, 3.12410831451416, 0.5882375240325928, 2.775827407836914, 3.4826266765594482, 2.6018712520599365, 1.6634211540222168, 1.9730525016784668, 1.7938569784164429, 3.402970314025879, 1.6570241451263428, 1.5399909019470215, 1.22807776927948, 2.4506349563598633, 1.134193778038025, 0.547454833984375, 1.8617417812347412, 0.2373650074005127, 2.3940207958221436, 1.3361197710037231, 1.4966907501220703, 1.423319935798645, 1.9742867946624756, 3.083585262298584, 0.24910473823547363, 1.2121187448501587, 2.91977858543396, 0.6078441143035889, 2.100461959838867, 2.6996569633483887, 1.5020501613616943, 2.7794203758239746, 1.8457527160644531, 1.6778976917266846, 3.027388572692871, 1.2923864126205444, 1.4708073139190674, 2.889058828353882, 2.472351312637329, 1.4074857234954834, 2.6960625648498535, 3.33341646194458, 0.7985820770263672, 2.1948394775390625, 3.374495506286621, 1.518479585647583, 2.642411708831787, 2.5934431552886963, 1.266422986984253, 3.8351261615753174, 1.5035858154296875, 2.57987380027771, 1.439517855644226, 2.535871982574463, 1.5511858463287354, 1.8444561958312988, 1.5902671813964844, 1.6564226150512695, 0.9602875709533691, 2.3040611743927, 0.8116236925125122, 3.430567502975464, 1.107253074645996, 1.738893985748291, 2.934185743331909, 1.8844009637832642, 2.056570053100586, 3.7562332153320312, 3.3473377227783203, 2.0994813442230225, 3.4864792823791504, 0.7783138751983643, 2.6635985374450684, 3.046302080154419, 2.6237919330596924, 2.120027542114258, 0.9924932718276978, 1.4951856136322021, 2.413789749145508, 0.5359200239181519, 1.5104174613952637, 2.3743207454681396, 1.7909414768218994, 1.1779017448425293, 4.1749396324157715, 1.5845072269439697, 2.533796787261963, 2.415860176086426, 0.9038277864456177, 2.2761125564575195, 0.9265408515930176, 0.6491621732711792, 0.7833974361419678, 3.1711888313293457, 2.0649008750915527, 3.789536952972412, 1.7219600677490234, 2.0830531120300293, 1.574272632598877, 1.1648513078689575, 2.321202278137207, 2.9626007080078125, 2.2615485191345215, 3.9818673133850098, 3.7749178409576416, 4.419317245483398, 4.0625457763671875, 3.4214279651641846, 3.5343637466430664, 3.225623607635498, 4.41578483581543, 4.1247663497924805, 3.978281259536743, 3.6718316078186035, 3.171321392059326, 3.9138660430908203, 4.520565032958984, 3.444148063659668, 3.676508903503418, 4.124562740325928, 4.18333625793457, 4.334085464477539, 3.6799521446228027, 3.6690292358398438, 3.277876138687134, 3.8240151405334473, 5.7384514808654785, 4.952436923980713, 5.038765907287598, 4.578763008117676, 4.249561309814453, 5.727500915527344, 5.12551212310791, 4.703395843505859, 4.211757183074951, 4.390432357788086, 5.073272228240967, 5.477705478668213, 4.555373191833496, 5.256328105926514, 4.248050689697266, 5.649407386779785, 4.61549186706543, 5.25012731552124, 4.549463272094727, 4.881805419921875, 4.558972358703613, 4.854735374450684, 4.7845916748046875, 5.465320587158203, 4.695889472961426, 5.470731258392334, 5.3706746101379395, 4.858675956726074, 4.950986862182617, 4.532268524169922, 4.9259138107299805, 5.061030864715576, 5.219005107879639, 4.8841142654418945, 4.803066253662109, 4.3529253005981445, 4.694372177124023, 5.056713104248047, 5.226613998413086, 5.5606770515441895, 5.380939960479736, 4.794613838195801, 3.929898262023926, 5.226759910583496, 1.5416669845581055, 1.349168062210083, 1.7953919172286987, 2.132904291152954, 0.9296773672103882, 2.000494956970215, 1.89862859249115, 1.0445516109466553, 2.258085250854492, 2.024080276489258, 4.0443034172058105, 2.0728166103363037, 5.399506092071533, 3.6948084831237793, 0.940301775932312, 1.952684998512268, 5.227278709411621, 2.1286535263061523, 2.0883967876434326, 0.6596353054046631, 2.15439772605896, 0.9850322008132935, 1.3457752466201782, 1.5486876964569092, 1.606894612312317, 1.0150907039642334, 2.392780065536499, 4.21438455581665, 1.042561650276184, 2.1023619174957275, 2.651834726333618, 1.9498894214630127, 5.331377983093262, 0.875800609588623, 3.317976713180542, 1.9887830018997192, 5.020175933837891, 4.46984338760376, 1.322560429573059, 0.6704410314559937, 3.348878860473633, 1.8059804439544678, 0.42313098907470703, 5.323379993438721, 4.186870098114014, 1.9605262279510498, 1.2999451160430908, 1.3359477519989014, 2.573897123336792, 1.8236839771270752, 1.8307045698165894, 4.597675323486328, 1.6694599390029907, 1.1521228551864624, 4.550413608551025, 1.9921114444732666, 2.9654242992401123, 2.8253133296966553, 3.5935893058776855, 1.9288153648376465, 2.1946277618408203, 0.7445951700210571, 1.7713922262191772, 1.0355902910232544, 5.709117412567139, 4.078426361083984, 4.882968902587891, 2.5857529640197754, 3.863569974899292], "params": {"iterations": 1510, "learning_rate": 0.014286, "depth": 3, "l2_leaf_reg": 3.4047e-06, "bagging_temperature": 2.5656, "random_strength": 4.1266, "border_count": 207}, "time_end": "2026-02-28T11:29:24.440040"}