{"model": "catboost_minilm_features-extract_numeric_word_ratio", "type": "train", "seed": 42, "train_losses": [], "val_losses": [], "time_start": "2026-02-28T11:20:46.304766", "mse": 0.13198538986338748, "accuracy": 0.8307692307692308, "corr": 0.9779840428233457, "precision": [0.9770114942528736, 0.7638888888888888, 0.625, 0.8285714285714286, 0.925, 1.0], "recall": [0.7522123893805309, 0.7857142857142857, 0.8974358974358975, 0.7682119205298014, 0.8604651162790697, 0.9307692307692308], "f1": [0.85, 0.7746478873239436, 0.7368421052631579, 0.7972508591065293, 0.891566265060241, 0.9641434262948207], "support": [113, 140, 117, 151, 129, 130], "confusion_matrix": [[85, 28, 0, 0, 0, 0], [2, 110, 28, 0, 0, 0], [0, 6, 105, 6, 0, 0], [0, 0, 35, 116, 0, 0], [0, 0, 0, 18, 111, 0], [0, 0, 0, 0, 9, 121]], "predictions": [3.2409256899915624, 0.8456654378541659, 0.47434738737428894, 2.8561237250549865, 0.21516599821230686, 2.5194496603080965, 1.7632694898651566, 0.45522825729757965, 0.18484288560909912, 1.320665831703209, 2.143998154905731, 0.45674793274707604, 2.360412057552044, 3.8172874803837713, 0.14351246889983882, 3.371254165077066, 0.3862864321865773, 2.569051715435953, 0.2881037640847084, 1.2814029782210035, 2.1201569487435803, 3.7499471122209806, 0.427549628330258, 4.020239182791656, 0.4620158065662796, 0.21421383938786365, 3.199449301059332, 1.4895936217049286, 1.5613058336653554, 0.13727973450044573, 2.6742383228482938, 0.6714922458091457, 1.0762390473737442, 2.1120208764339035, 1.2900537116101667, 3.0705418900422092, 2.906716135778579, 0.31844944796033037, 0.34645727324842923, 2.7112139260242927, 1.1261448107948946, 2.4651448629813033, 4.130568431157859, 1.6575436699740793, 0.5039909919139556, 0.8509580630313871, 4.021181746411404, 1.540406729048522, 2.548307151391079, 0.09934698845642043, 0.9645452284019009, 4.121243789030776, 3.2684749096197705, 2.232412366640509, 1.8535481689753204, 0.24581141148657082, 1.4664983071067983, 0.28390095440080243, 1.5147698809498786, 1.8397338620074466, 0.9926817915054527, 0.24546071085268562, 1.0612092514885378, 0.17481632132424485, 1.1703363517159757, 0.4045773947150648, 1.2318129468482943, 1.6203738964131587, 1.4107052526829145, 0.30040335727799583, 4.460892470388597, 0.8828146263413852, 0.23369893959793142, 3.2954063622559224, 2.5833978174239105, 1.8208493314279037, 0.34430182316504654, 1.251504897495736, 1.9322633392101936, 0.13068373171690473, 3.0763758669616905, 0.3899086207040776, 0.5851277672646871, 3.517009539286056, 2.2506126843507333, 2.7047621771348265, 3.3795489933351277, 2.71142246399168, -0.08493906056571543, 2.025076617894037, 0.37139507019745777, 0.2877095054503771, 3.723394072403063, 2.487571527510365, 1.5720665715937563, 3.2605243780976156, 1.6749651289042493, 3.3306174658269536, 3.3143792840091533, 1.734588211313454, 1.3166178759314062, 1.2861258225414696, 1.2537000144432573, 3.623284396168023, 1.6399397992402744, 1.7135211283833849, 2.7446188885144047, 0.3604286292395642, 2.244893710224435, 0.5019236375017875, 1.5343889800126265, 2.968366437717724, 3.6401490295887386, 3.279746496666271, 0.08985273400462646, 2.380476320607309, 1.907011577528956, 0.031024310478152017, 2.7545915184477234, 1.7173291386138865, 2.6680633885161744, 1.5647980283955638, 2.18800588631757, 2.9601522096963997, 0.025043960284782063, 1.8449555088838325, 3.3434652443332995, 2.231855911675255, -0.03126766913180079, 2.5139389742008187, 3.309807093488235, 2.791129756513429, 2.121955561791936, 0.4289089389511114, 0.8643701413846989, 1.950018121151135, 2.6516258655597014, 1.990280663630719, 2.1331044380758857, 2.191681263200498, 0.33266333143737015, 0.4228750126623564, 1.707019770779333, 3.747745660915818, 3.673201584625043, 2.589784684342367, 1.3453421620402577, 2.496653248430456, 1.8509379411268614, 0.2213262049543374, 2.390803226429018, 2.1698783604722247, 3.8506901207606123, 0.32455215448334274, 2.1216385874988446, 1.6862175358070732, 1.705137822001447, 2.789605548422371, 3.8812284004165996, 0.2710563128187822, 0.5332414274530506, 1.4766864040684038, 2.2405842718201803, 0.9610199315479546, 0.11217633389164483, 2.3624458287073, 3.99679423861489, 2.3379213996513246, 1.519724580745969, 3.726605480835051, 0.10619264995699407, 0.6518653885450887, 2.4994396736644533, 2.309347443745807, 2.907846261907758, 3.696197679336068, 2.4887982860115176, 2.479720568513297, 2.215218965723375, 0.5043136223804119, 2.21911354012931, 0.26818310728920336, 0.3856370028882572, 3.165415404066839, 1.7248092287229284, 2.68738014130447, 1.4395495613948939, 2.381545294619087, 3.1322829623997004, -0.037469163293776475, 2.494659395662786, 2.2841500876351235, 3.0794272013030604, 1.2384291529153788, 1.7409617343146984, 1.8027784763431365, 0.6565808559230699, 1.6759331054991407, 1.0025168239678774, 3.013807968785681, 2.562484414379829, 0.9251762008186999, 3.1233449253454806, 3.3038034119287056, 3.6853882849026487, 2.3683309406597397, 1.8021381515043333, 2.6381856760363527, 2.068179029742036, 0.6122538913058195, 2.914502775243519, 0.3127852809491345, 0.5199045622912875, 1.7771973587088554, 1.710148585783707, 3.6139705972330916, 3.825356913792379, 1.5982783910306728, 1.6502350618013257, 0.5068884057044669, 2.777168944234452, 2.4382753161874313, 0.6313344127116345, 2.0636072169659467, 2.5139062203322355, 2.4046625814561478, 3.5463315476759725, 1.1222122299788209, 3.276903019235459, 2.9964940787499414, 2.7263022590596844, 3.654407416160554, 0.4712614140415723, 3.7893081248138376, 3.465561639995631, 3.578793850139064, 3.658033446217755, 0.16785014405585663, 0.780500084113013, 0.771925785072874, 2.871646180121871, 4.324859112744108, 0.33466703482354454, 1.5491877718016256, 3.2394808227221716, 4.361575660178346, 0.6534043554176201, 4.540088543838067, 3.465896054225005, 0.3595687295331529, 1.7238085605949092, 2.0676649842646335, 1.8439887411414184, 1.4105569971008718, 1.7039292049103874, 3.1545023511587456, 1.9555341084774809, 4.448553103781908, 1.7262052655961302, 3.4641953350218673, 0.22704120568356156, 3.539539444587577, 1.5557824251052872, 2.980150542392612, 3.7587473863959473, 1.4430705547166853, 1.2284507272994547, 1.0403923169124025, 2.4585385837254594, 2.854454418939401, 0.7618582441117372, 0.18762802982338034, 2.8849802577914074, 3.2765596107514514, 2.0961560685090506, 4.2805816331245055, 0.2426481120728603, 2.429343065972908, 1.5745386248829125, 2.6045108623896165, 1.8639230204176815, 0.8176316767028964, 1.0944086873147167, 0.5667887519625368, 3.2207513366515497, 0.3261011497385593, 1.1196522133121813, 0.4727213037548017, 1.108086658492371, 0.3536152618789692, 2.294624303681811, 2.9286380047596685, 3.4585871201409537, 1.6900975445490856, 2.720942007820523, 1.4871271875204621, 1.5890283280369637, 3.2031596551701425, 3.1906530116056437, 2.434291143449836, 2.646605404313962, 1.8827678814059707, 2.501284577527254, 0.491285425637876, 2.988928195722426, 3.712407234833756, 4.234794757967244, 3.839014833368089, 3.887003377350198, 3.6076641650534063, 3.836544323292369, 3.6210060826247252, 4.46530103314355, 3.474846712645756, 4.3314560494693115, 4.024895394804787, 4.17270586434818, 4.095330453025611, 4.072618237988576, 4.040154283937686, 3.864954273976781, 3.7656061528295774, 3.636330384243799, 3.742151436177216, 3.7487133271097783, 4.374735275758065, 3.500390090202952, 4.094205114715536, 4.224521174148192, 4.007674547479576, 3.854177407162293, 4.265237735122843, 3.9311228493306904, 5.199641066569159, 5.320401687616348, 4.735077241337324, 4.873250147234513, 5.159530560951964, 4.87006296739761, 4.971255384036115, 5.36601522961471, 4.607152264617733, 4.782186036080889, 4.638996696262307, 4.751485288287805, 5.103658630011057, 5.035114297688688, 4.733476010877061, 5.249391058043123, 4.931835573511177, 5.1779030737164895, 4.781112948263189, 4.647116159161066, 4.562974008527094, 4.999555374337682, 4.797261683645291, 5.260168941231445, 5.151892266737365, 4.724324836686154, 4.817769695116293, 4.921155205684361, 4.557125037861716, 4.795615249947733, 5.16124764462428, 