{"model": "catboost_minilm_features-extract_dependency_tree_structure", "type": "test", "seed": 40, "time_start": "2026-02-28T11:42:03.859660", "mse": 0.7275211215019226, "accuracy": 0.5075528700906344, "corr": 0.8641788352386908, "precision": [0.9, 0.2976190476190476, 0.3829787234042553, 0.4, 0.725, 0.9791666666666666], "recall": [0.16071428571428573, 0.5555555555555556, 0.6666666666666666, 0.3384615384615385, 0.5178571428571429, 0.8545454545454545], "f1": [0.2727272727272727, 0.3875968992248062, 0.4864864864864865, 0.36666666666666664, 0.6041666666666666, 0.912621359223301], "support": [56, 45, 54, 65, 56, 55], "confusion_matrix": [[9, 36, 9, 2, 0, 0], [0, 25, 19, 1, 0, 0], [1, 12, 36, 5, 0, 0], [0, 11, 29, 22, 3, 0], [0, 0, 1, 25, 29, 1], [0, 0, 0, 0, 8, 47]], "predictions": [1.7340776920318604, 2.082456350326538, 4.134816646575928, 0.9310206174850464, 1.9169481992721558, 0.28261542320251465, 2.0670006275177, 0.38224315643310547, 0.9246129989624023, 1.487789273262024, 2.413442850112915, 0.8259056806564331, 1.7912428379058838, 2.7111077308654785, 1.1854983568191528, 2.2475216388702393, 1.497017502784729, 2.6207125186920166, 1.416424036026001, 1.890193223953247, 0.7761461734771729, 1.3207409381866455, 0.7833760976791382, 1.6144068241119385, 2.4588372707366943, 1.882880687713623, 3.187556266784668, 1.847429871559143, 1.535733938217163, 2.331202507019043, 0.29843568801879883, 1.7771497964859009, 1.7606980800628662, 2.0329601764678955, 2.2099545001983643, 2.0588431358337402, 0.6044337749481201, 1.110620141029358, 3.484945297241211, 1.6639070510864258, 1.2427234649658203, 0.3346102237701416, 3.628476142883301, 2.368553876876831, 2.5093915462493896, 1.4512875080108643, 1.221094012260437, 3.470335006713867, 2.9202492237091064, 2.83668851852417, 1.720032811164856, 1.7549726963043213, 3.9660134315490723, 1.67368745803833, 2.807854175567627, 2.553088665008545, 0.9625298976898193, 0.858298659324646, 3.12667179107666, 2.103074073791504, 3.379070520401001, 3.391685962677002, 3.7502570152282715, 1.5634623765945435, 1.3399651050567627, 2.237022638320923, 1.7323734760284424, 1.290792465209961, 2.2273972034454346, 2.9033043384552, 0.6466645002365112, 2.014178514480591, 0.27837443351745605, 0.49481844902038574, 0.889750599861145, 2.8504080772399902, 0.18030595779418945, 1.5970571041107178, 1.3162163496017456, 1.0400687456130981, 0.8739833831787109, 3.2709336280822754, 1.394068956375122, 0.6521192789077759, 1.1005430221557617, 0.36855077743530273, 0.5813637971878052, 1.458616018295288, 1.8812499046325684, 3.319948673248291, 1.3980741500854492, 3.925633192062378, 1.0607454776763916, 3.2505087852478027, 0.6930586099624634, 2.8329343795776367, 3.384577751159668, 2.5300114154815674, 1.661076545715332, 1.912092924118042, 1.8155770301818848, 3.700251579284668, 1.4054099321365356, 1.4775582551956177, 1.1429669857025146, 2.4754557609558105, 1.1167789697647095, 0.8155100345611572, 1.8183202743530273, 0.5486629009246826, 2.799434185028076, 1.3171852827072144, 1.4673129320144653, 1.4150298833847046, 2.2277722358703613, 2.9995639324188232, 0.2778439521789551, 1.12215256690979, 2.88209867477417, 0.6962637901306152, 2.102156639099121, 2.7768726348876953, 1.6153781414031982, 2.8620214462280273, 2.006415605545044, 1.7950520515441895, 3.3540964126586914, 1.3664638996124268, 1.4043995141983032, 2.884436845779419, 2.428236961364746, 1.3277748823165894, 2.4255259037017822, 3.339538097381592, 0.9069200754165649, 2.0837483406066895, 3.4093499183654785, 1.5309464931488037, 2.7084929943084717, 2.5492889881134033, 1.2153100967407227, 3.977914810180664, 1.4746506214141846, 2.6140711307525635, 1.403354525566101, 2.3572301864624023, 1.4964808225631714, 1.9024884700775146, 1.435278058052063, 1.7907164096832275, 0.8338577747344971, 2.31476092338562, 0.8372352123260498, 3.4290709495544434, 1.2643022537231445, 1.8060302734375, 3.076355218887329, 1.758484959602356, 2.1945033073425293, 3.7969841957092285, 3.415585994720459, 2.148658514022827, 3.468806743621826, 0.8502193689346313, 2.603128671646118, 2.8680291175842285, 2.7396671772003174, 2.218442916870117, 1.0306209325790405, 1.6118611097335815, 2.451237678527832, 0.4716792106628418, 1.5314044952392578, 2.4209368228912354, 1.6749401092529297, 1.299513578414917, 4.2794928550720215, 1.4946545362472534, 2.4530532360076904, 2.3940234184265137, 1.0057343244552612, 2.0497963428497314, 0.9150859117507935, 0.7050955295562744, 0.6802783012390137, 3.29709792137146, 2.0834734439849854, 3.7922542095184326, 1.778149127960205, 2.1944284439086914, 1.5585312843322754, 0.9433873891830444, 2.183168888092041, 2.7407565116882324, 2.216219902038574, 4.107963562011719, 3.525840997695923, 4.396396636962891, 3.96291446685791, 3.4499154090881348, 3.481163501739502, 3.265183210372925, 4.217342376708984, 4.382559776306152, 4.045792102813721, 3.678985595703125, 2.839698314666748, 4.054138660430908, 4.567667007446289, 3.37705659866333, 3.685397148132324, 4.209632396697998, 4.160702705383301, 4.3815598487854, 3.829972743988037, 3.5438642501831055, 3.1581852436065674, 3.666257858276367, 5.560330390930176, 5.044451713562012, 5.219659805297852, 4.608923435211182, 4.325107097625732, 5.719141960144043, 5.034477233886719, 4.586994171142578, 4.393492221832275, 4.302036762237549, 5.113133430480957, 5.291894912719727, 4.8079304695129395, 5.176350116729736, 4.342876434326172, 5.597159385681152, 4.702272891998291, 5.164475917816162, 4.907534599304199, 5.191363334655762, 4.694396018981934, 4.780569076538086, 4.8702802658081055, 5.305442810058594, 4.544497489929199, 5.382120132446289, 5.475903511047363, 4.923351287841797, 4.739032745361328, 4.960373878479004, 5.004921913146973, 5.091000556945801, 5.123651504516602, 5.03684139251709, 4.885005474090576, 4.383176326751709, 4.587974548339844, 5.082574844360352, 5.202167510986328, 5.761138916015625, 5.418004989624023, 4.839795112609863, 3.951230525970459, 5.280764579772949, 1.5046045780181885, 1.3773808479309082, 2.0793707370758057, 2.310802459716797, 1.18480384349823, 2.1314451694488525, 1.9753077030181885, 1.1912575960159302, 2.3772165775299072, 1.9535064697265625, 4.26982307434082, 2.1812338829040527, 5.123800754547119, 3.570620059967041, 0.7935503721237183, 1.9445444345474243, 5.085178375244141, 2.346644163131714, 2.1634979248046875, 0.7206016778945923, 2.1701173782348633, 1.246397852897644, 1.2695374488830566, 1.383955478668213, 1.6525049209594727, 0.8843948841094971, 2.2869455814361572, 4.261545181274414, 1.0937122106552124, 2.2438273429870605, 2.678140163421631, 1.965416431427002, 5.316371440887451, 0.9337825775146484, 3.3173747062683105, 1.9587981700897217, 5.03113317489624, 4.264415740966797, 1.318395972251892, 0.7087692022323608, 3.285170316696167, 1.6653225421905518, 0.564926266670227, 5.414886951446533, 4.083627700805664, 1.9387621879577637, 1.4735753536224365, 1.2189449071884155, 2.6559720039367676, 1.876900315284729, 1.950650691986084, 4.761925220489502, 1.360257625579834, 1.3073561191558838, 4.611379623413086, 1.9022622108459473, 3.0521106719970703, 2.6834828853607178, 3.6068921089172363, 1.6852786540985107, 2.397178888320923, 0.6224023103713989, 1.7207767963409424, 0.9176771640777588, 5.488459587097168, 4.060694694519043, 4.620244979858398, 2.60296893119812, 3.660755157470703], "params": {"iterations": 1510, "learning_rate": 0.014286, "depth": 3, "l2_leaf_reg": 3.4047e-06, "bagging_temperature": 2.5656, "random_strength": 4.1266, "border_count": 207}, "time_end": "2026-02-28T11:42:03.919670"}