{"model": "catboost_minilm_features-extract_punctuation", "type": "test", "seed": 42, "time_start": "2026-02-28T11:33:20.432887", "mse": 0.7231472134590149, "accuracy": 0.486404833836858, "corr": 0.8652494720302139, "precision": [0.7777777777777778, 0.27631578947368424, 0.3431372549019608, 0.42105263157894735, 0.717948717948718, 0.9583333333333334], "recall": [0.125, 0.4666666666666667, 0.6481481481481481, 0.36923076923076925, 0.5, 0.8363636363636363], "f1": [0.2153846153846154, 0.34710743801652894, 0.44871794871794873, 0.39344262295081966, 0.5894736842105263, 0.8932038834951457], "support": [56, 45, 54, 65, 56, 55], "confusion_matrix": [[7, 34, 13, 2, 0, 0], [1, 21, 22, 1, 0, 0], [1, 14, 35, 4, 0, 0], [0, 7, 32, 24, 2, 0], [0, 0, 0, 26, 28, 2], [0, 0, 0, 0, 9, 46]], "predictions": [1.7368724346160889, 1.885962724685669, 4.001733779907227, 0.966627836227417, 1.8164632320404053, 0.17866015434265137, 1.9945852756500244, 0.33136916160583496, 0.8786448240280151, 1.5358598232269287, 2.395875930786133, 0.9940818548202515, 1.696169137954712, 2.4957242012023926, 1.2585301399230957, 2.355647087097168, 1.6471279859542847, 2.8895583152770996, 1.4626621007919312, 1.7980594635009766, 0.7794973850250244, 1.6441991329193115, 0.9635868072509766, 1.479817509651184, 2.607964038848877, 1.7251560688018799, 3.068807601928711, 1.6155266761779785, 1.6364669799804688, 2.3753604888916016, 0.4253354072570801, 1.9890422821044922, 1.6010448932647705, 2.4075913429260254, 2.1849496364593506, 2.2787699699401855, 0.5892339944839478, 1.2495521306991577, 3.5722508430480957, 1.6665492057800293, 1.1451541185379028, 0.36004161834716797, 3.293569564819336, 2.394462823867798, 2.7079453468322754, 1.5681145191192627, 1.2418991327285767, 3.415938138961792, 2.648813009262085, 3.009638786315918, 1.663038969039917, 1.787452220916748, 4.022396564483643, 1.4108648300170898, 2.7168893814086914, 2.461378335952759, 1.0653114318847656, 0.8420729637145996, 2.9624528884887695, 2.1991446018218994, 3.26168155670166, 3.1485860347747803, 3.677000045776367, 1.534661054611206, 1.0890214443206787, 2.3272578716278076, 1.6568584442138672, 1.2649012804031372, 2.0780744552612305, 2.715944766998291, 0.7391464710235596, 1.8317269086837769, 0.23052215576171875, 0.6660357713699341, 0.8861721754074097, 2.6815154552459717, 0.14000391960144043, 1.7112852334976196, 1.3692902326583862, 1.1884913444519043, 1.0522822141647339, 3.2205865383148193, 1.6774139404296875, 0.5802147388458252, 1.0777435302734375, 0.6116690635681152, 0.5882197618484497, 1.340227723121643, 2.0366997718811035, 3.3104891777038574, 1.2277714014053345, 4.049970626831055, 1.2441304922103882, 3.130152463912964, 0.67942214012146, 2.5984132289886475, 3.4534130096435547, 2.6586148738861084, 1.5422593355178833, 2.124098300933838, 1.6903040409088135, 3.4829070568084717, 1.6876540184020996, 1.616842269897461, 1.0279748439788818, 2.4255177974700928, 1.238726019859314, 0.5152930021286011, 1.8837288618087769, 0.3151698112487793, 3.0025031566619873, 1.3325798511505127, 1.3731025457382202, 1.216261386871338, 2.2075226306915283, 3.157843828201294, 0.24442243576049805, 1.0109717845916748, 2.9810242652893066, 0.7685989141464233, 2.2138357162475586, 2.656020164489746, 1.6786317825317383, 2.986827850341797, 1.7677431106567383, 1.8196723461151123, 3.0238163471221924, 1.3529282808303833, 1.3493441343307495, 2.828949451446533, 2.4229302406311035, 1.271758794784546, 2.848910093307495, 3.425288677215576, 0.8450751304626465, 2.1669180393218994, 3.4028444290161133, 1.6938129663467407, 2.6388309001922607, 2.6588406562805176, 1.3304474353790283, 4.025138854980469, 1.540669560432434, 2.206559419631958, 1.5839112997055054, 2.5935347080230713, 1.649428129196167, 1.7509639263153076, 1.5241981744766235, 1.7514193058013916, 1.0224213600158691, 2.0650522708892822, 0.7090762853622437, 3.2574028968811035, 1.3175379037857056, 1.7755236625671387, 3.1869585514068604, 2.034581422805786, 2.1803765296936035, 3.6753623485565186, 3.4841551780700684, 2.0397167205810547, 3.17567777633667, 0.9532538652420044, 2.8615007400512695, 2.8915603160858154, 2.763786554336548, 2.062169313430786, 0.9093813896179199, 1.4373571872711182, 2.455697536468506, 0.6675509214401245, 1.345785140991211, 2.1827921867370605, 1.716917634010315, 1.0845210552215576, 4.040369987487793, 1.447196125984192, 2.6194732189178467, 2.1763534545898438, 0.9624269008636475, 2.341672658920288, 0.8521652221679688, 0.7151526212692261, 0.6648727655410767, 3.20780611038208, 2.1125450134277344, 3.7787797451019287, 1.8177945613861084, 1.9160423278808594, 1.578352928161621, 0.9426311254501343, 2.167684316635132, 2.6897189617156982, 2.1963348388671875, 4.035768985748291, 3.4489622116088867, 4.554631233215332, 3.9187512397766113, 3.591353416442871, 3.4625744819641113, 3.1861672401428223, 4.34381628036499, 4.083532333374023, 4.134613037109375, 3.5134358406066895, 3.054086923599243, 3.867341995239258, 4.547582626342773, 3.496616840362549, 3.6314611434936523, 4.296914100646973, 4.180970191955566, 4.442540645599365, 3.8527917861938477, 3.525660514831543, 3.3828282356262207, 3.7286806106567383, 5.683672904968262, 4.9972243309021, 5.2066330909729, 4.5488810539245605, 4.198158264160156, 5.75573205947876, 4.901974201202393, 4.611357688903809, 4.346096515655518, 4.275010108947754, 5.145566940307617, 5.342781066894531, 4.537924766540527, 5.211363792419434, 4.404300212860107, 5.610953330993652, 4.595383644104004, 5.073337078094482, 4.789582252502441, 5.077360153198242, 4.684501647949219, 4.927248001098633, 4.644079208374023, 5.357665061950684, 4.327834606170654, 5.318154335021973, 5.35491943359375, 4.87303352355957, 4.887322902679443, 4.860112190246582, 4.842720985412598, 5.045429229736328, 5.1283440589904785, 4.934781074523926, 5.015476703643799, 4.516562461853027, 4.523240089416504, 5.123627662658691, 5.298616409301758, 5.637392997741699, 5.15670108795166, 4.810847282409668, 4.084872722625732, 5.236063003540039, 1.5159978866577148, 1.2741340398788452, 1.94074285030365, 2.47440242767334, 1.0421669483184814, 2.1165552139282227, 2.029392957687378, 1.1708070039749146, 2.428473472595215, 2.2571933269500732, 4.283744812011719, 2.021829128265381, 5.222745895385742, 3.5515966415405273, 0.936219334602356, 1.8234953880310059, 5.142007827758789, 2.3565003871917725, 2.2070627212524414, 0.8089010715484619, 2.194493293762207, 1.209476351737976, 1.2710645198822021, 1.8630404472351074, 1.7510066032409668, 1.109452724456787, 2.2436695098876953, 4.272601127624512, 1.2837932109832764, 2.299016237258911, 2.623955249786377, 2.026228666305542, 5.347361087799072, 0.8549339771270752, 3.3522300720214844, 1.846437931060791, 5.047880172729492, 4.326643943786621, 1.5135194063186646, 0.6226233243942261, 3.218212604522705, 1.854801893234253, 0.42948150634765625, 5.325386047363281, 4.022581100463867, 1.9749338626861572, 1.281067967414856, 1.4686347246170044, 2.6372745037078857, 1.9347450733184814, 1.9938734769821167, 4.8551483154296875, 1.4820284843444824, 1.2378448247909546, 4.354971885681152, 1.797228455543518, 3.058397054672241, 2.512726306915283, 3.536844253540039, 1.6089057922363281, 2.192488431930542, 0.7273781299591064, 1.7202550172805786, 0.8946230411529541, 5.557007789611816, 4.019731044769287, 4.9238691329956055, 2.71555495262146, 3.640687942504883], "params": {"iterations": 1510, "learning_rate": 0.014286, "depth": 3, "l2_leaf_reg": 3.4047e-06, "bagging_temperature": 2.5656, "random_strength": 4.1266, "border_count": 207}, "time_end": "2026-02-28T11:33:20.487913"}