{"model": "catboost_minilm_features-extract_casing_bigrams", "type": "train", "seed": 41, "train_losses": [], "val_losses": [], "time_start": "2026-02-28T11:37:15.861798", "mse": 0.13178436049050643, "accuracy": 0.8192307692307692, "corr": 0.9779635582083261, "precision": [0.9767441860465116, 0.7638888888888888, 0.6176470588235294, 0.7972027972027972, 0.9067796610169492, 1.0], "recall": [0.7433628318584071, 0.7857142857142857, 0.8974358974358975, 0.7549668874172185, 0.8294573643410853, 0.9153846153846154], "f1": [0.8442211055276382, 0.7746478873239436, 0.7317073170731707, 0.7755102040816326, 0.8663967611336032, 0.9558232931726908], "support": [113, 140, 117, 151, 129, 130], "confusion_matrix": [[84, 29, 0, 0, 0, 0], [2, 110, 28, 0, 0, 0], [0, 5, 105, 7, 0, 0], [0, 0, 37, 114, 0, 0], [0, 0, 0, 22, 107, 0], [0, 0, 0, 0, 11, 119]], "predictions": [3.1974012881344107, 0.7446300896195697, 0.4579059244904631, 2.858248323726036, 0.17853681415033051, 2.4528531076642324, 1.70205877083303, 0.387788118059714, 0.12392312385018878, 1.4470029235537256, 2.1743053329226942, 0.5072267953775524, 2.3566924786992614, 3.85267660327282, 0.20107067296598657, 3.3118144652055532, 0.5119434147151798, 2.5557195520179508, 0.2089717830477147, 1.2268713057053113, 1.9604019399733397, 3.869055418472691, 0.3713544632518442, 4.009153049481731, 0.39874821882316924, 0.22736285906381548, 3.226764624495996, 1.5414478772027764, 1.629045603528951, 0.1305906243617514, 2.7303720562713742, 0.6854284403314268, 1.0299308514263559, 2.0750554503261895, 1.2704037592196016, 2.90673803825431, 2.9421506321073183, 0.25208858544391344, 0.37954054100292556, 2.6584279963896886, 1.0771812897871915, 2.4285024022535446, 3.874824640436886, 1.5597562755777867, 0.5533217163953845, 0.7365963115865852, 4.0243816759635145, 1.6053424241147578, 2.664588051872455, 0.05706581140799827, 0.9377415562972335, 4.189097795419029, 3.271547849398564, 2.2406097516463483, 1.9147735987517733, 0.30630996575328506, 1.4637665327967981, 0.2642445955584649, 1.5666642359044267, 1.7773530407104343, 0.9621064613299437, 0.20421393264867937, 1.119271232064907, 0.22836751004438316, 1.094611822381487, 0.41532572783140287, 1.2105790725300787, 1.5557195607323737, 1.4283728847626724, 0.30710548559886997, 4.478939606792412, 0.8973959828194835, 0.16929669714417628, 3.334051533502919, 2.6489692120639203, 1.8767564181595868, 0.3381942577378503, 1.2155897285938715, 2.0843977347898224, 0.21041348905430812, 3.1554575671545733, 0.3274502785268951, 0.6325943786859987, 3.653840894049634, 2.2223436729369515, 2.753122197345087, 3.3180643746276717, 2.7467202955997023, -0.007145746016457455, 1.9438307490049875, 0.3292121802508814, 0.3278214984390524, 3.7122807285627375, 2.534648696814332, 1.630419970966331, 3.3110080576302616, 1.6414374731669223, 3.375695248479107, 3.3499657207616274, 1.6773361963994327, 1.3731116814789632, 1.2451562313884503, 1.2345007585879477, 3.691106724825384, 1.5982153512223198, 1.6305153510378956, 2.776941823756661, 0.3663221297702761, 2.201838853120951, 0.495718772676935, 1.5896449451860681, 3.0316460866499404, 3.4700858749752324, 3.247258535781471, 0.10006059388809696, 2.4266031282242757, 1.8872975019862048, -0.033108938555177936, 2.764006985698311, 1.6733380034016845, 2.550343023937608, 1.5617564106734791, 2.1506511278533362, 2.888486955832582, -0.045164722613159736, 1.922914318247443, 3.3543055406739986, 2.224787131411209, -0.07136880627797826, 2.536509297886838, 3.2790224718763477, 2.7492391913706937, 2.1270022925556584, 0.3367328618747498, 0.8208203286813842, 1.9587496186757987, 2.6712769942619303, 2.044449074316854, 2.2043103702230455, 2.1454915489444693, 0.36043719179705214, 0.35688993924128853, 1.7288088677212257, 3.6651155366182593, 3.6242336320672024, 2.7360286689826374, 1.3061255063883743, 2.541420941493995, 1.8886842958742498, 0.23332873536413956, 2.4239966386481835, 2.0552035230866466, 3.764961157658868, 0.32379604676223295, 2.152487889731762, 1.6804407558212557, 1.7383252717622941, 2.708070733151154, 3.8523542086767764, 0.26004993766775586, 0.4711983580029431, 1.473619461303505, 2.2684045486526077, 1.0341505962155357, 0.022666225995494393, 2.3722923530617623, 3.9135476731234187, 2.407672960985581, 1.5496922020937105, 3.5110764656755418, 0.16960391210673142, 0.637177390625675, 2.489262752348971, 2.295508377831496, 2.9581183664664126, 3.7879461106691883, 2.5079866265618955, 2.6838993587527717, 2.233098801292148, 0.5204829902822257, 2.207521748026557, 0.2543210656455268, 0.39588907796021333, 3.1240445192710635, 1.7321543255813836, 2.8827915525829826, 1.4191715181269597, 2.336773283036771, 3.089201976620818, 0.013937593900374523, 2.4601033488086146, 2.345237933971622, 3.077794914775825, 1.2364927458117043, 1.6895945401002035, 1.7245976471733897, 0.6471879764355006, 1.7529397932846014, 0.9426398707878936, 2.9589299954391044, 2.470075650768917, 0.9567885802347105, 3.099554487199408, 3.2913042345488295, 3.6221053923020627, 2.501699997235326, 1.8208673087568417, 2.7349725814929253, 2.054526109258924, 0.5883816696639406, 2.9751541595923827, 0.3787807759405677, 0.4761176941211618, 1.6919675220769628, 1.7455355350093247, 3.673428411212382, 3.8347636932245237, 1.6617064006425217, 1.6140410787666322, 0.5336662354540682, 2.8306206868145227, 2.432062616306802, 0.5973424891678063, 2.1762030717215866, 2.5566334355660363, 2.4915064117143584, 3.4930446680510827, 1.0918000855372734, 3.2661504861238653, 3.0219071552598904, 2.7473445979298337, 3.611404851981541, 0.48466991714204033, 3.7879064778044347, 3.435963477266862, 3.566491477200353, 3.650293451695876, 0.16575886660015238, 0.7827918362711481, 0.7279487667529563, 2.913491162401888, 4.429513357120109, 0.3699205968968595, 1.4903897124366998, 3.253058395692018, 4.377718258701414, 0.6513124242516144, 4.61014335196489, 3.474349470762054, 0.3136970878204761, 1.8897994311610518, 2.058540368358305, 1.8818576397486013, 1.483931080347558, 1.631146208587058, 3.1173369001817473, 1.917630513305951, 4.3691676093578815, 1.724908553107299, 3.4011321981648512, 0.1421545481274511, 3.5556025937380866, 1.6303118998995967, 2.953182730614885, 3.781275746618642, 1.3872775404864417, 1.182242449122189, 1.1458337320855259, 2.5047420732931194, 2.7623282263463795, 0.8007280667722392, 0.20590851709762958, 3.023992093486819, 3.239834098850241, 2.1815955375755243, 4.314212731984886, 0.2639091800630817, 2.586622101814398, 1.6873481703964726, 2.635120623998671, 1.956933218784773, 0.8498586830248807, 1.1378915647246968, 0.43840415543477285, 3.2102709501909805, 0.26367329576301435, 1.1386504421120236, 0.5492120986357614, 1.121399758991605, 0.32623986596996346, 2.279967557228265, 2.9124816184171043, 3.4570944706584736, 1.6494671466631265, 2.8367056899790577, 1.5365395417106753, 1.6586346948935327, 3.2116962967600826, 3.192000149361948, 2.4924113469952225, 2.665332943884745, 1.930406034507921, 2.570940833474766, 0.5179899176121776, 3.078021081935117, 3.6729873154830557, 4.232151499872406, 3.6979477861631658, 3.8544505898326165, 3.605627255406401, 3.954912819434922, 3.642844283159347, 4.353279644116999, 3.5073549227690135, 4.426416558691179, 4.0087601494982, 4.132551727269748, 4.11108009425179, 4.219330448124936, 3.937351926785192, 3.833462480077584, 3.852943379627771, 3.746801517310451, 3.676357927942441, 3.7289241498712276, 4.40944819573861, 3.4688231137439516, 4.140333272609062, 4.092520896745805, 3.7855524644118077, 3.8200544852202407, 4.329777972892696, 3.9206776222166986, 5.226541003817323, 5.314235871637991, 4.780649208803057, 4.891589957699708, 5.09935583550928, 4.806964111603296, 5.0339812123531, 5.304185721524496, 4.611898111159034, 4.875946243839843, 4.792486220099105, 4.806462892727676, 5.0547581046546615, 5.136360241338663, 4.648911815177097, 5.234401864283999, 4.97014360106277, 5.119073090769887, 4.744188380301046, 4.6459125531074745, 4.494257080506272, 4.962696521450328, 4.827343786674309, 5.223992560923184, 5.153311188596302, 4.872887298899331, 4.829645044587773, 4.9614779884462425, 4.476231221901051, 