{"model": "catboost_mbert_lg", "type": "test", "seed": 42, "mse": 0.8169514536857605, "accuracy": 0.42748091603053434, "precision": [0.5, 0.20253164556962025, 0.27692307692307694, 0.34285714285714286, 0.7241379310344828, 1.0], "recall": [0.1836734693877551, 0.5714285714285714, 0.4, 0.23076923076923078, 0.4772727272727273, 0.8181818181818182], "f1": [0.26865671641791045, 0.29906542056074764, 0.32727272727272727, 0.27586206896551724, 0.5753424657534246, 0.9], "support": [49, 28, 45, 52, 44, 44], "confusion_matrix": [[9, 33, 6, 1, 0, 0], [4, 16, 7, 1, 0, 0], [5, 19, 18, 3, 0, 0], [0, 11, 29, 12, 0, 0], [0, 0, 5, 18, 21, 0], [0, 0, 0, 0, 8, 36]], "params": {"iterations": 804, "learning_rate": 0.0714, "depth": 3, "l2_leaf_reg": 0.0016, "bagging_temperature": 11.6586, "random_strength": 8.5578e-09, "border_count": 105, "small_dataset_weight_multiplier": 200.0}}