{"model": "catboost_minilm_features-extract_word_concreteness_avg", "type": "test", "seed": 40, "time_start": "2026-02-28T11:56:48.871195", "mse": 0.7387216687202454, "accuracy": 0.4984894259818731, "corr": 0.8621199134590485, "precision": [0.8333333333333334, 0.2857142857142857, 0.3368421052631579, 0.41379310344827586, 0.7380952380952381, 0.9787234042553191], "recall": [0.17857142857142858, 0.4888888888888889, 0.5925925925925926, 0.36923076923076925, 0.5535714285714286, 0.8363636363636363], "f1": [0.29411764705882354, 0.36065573770491804, 0.42953020134228187, 0.3902439024390244, 0.6326530612244898, 0.9019607843137255], "support": [56, 45, 54, 65, 56, 55], "confusion_matrix": [[10, 32, 12, 2, 0, 0], [1, 22, 19, 3, 0, 0], [1, 14, 32, 7, 0, 0], [0, 9, 30, 24, 2, 0], [0, 0, 2, 22, 31, 1], [0, 0, 0, 0, 9, 46]], "predictions": [1.6919405460357666, 1.8276517391204834, 3.6623826026916504, 1.4270198345184326, 1.7732818126678467, 0.5308864116668701, 1.8658957481384277, 0.48743104934692383, 0.9872350692749023, 1.3999868631362915, 2.305084228515625, 0.7240335941314697, 1.777819275856018, 2.7884397506713867, 1.4315201044082642, 2.0234298706054688, 1.6261849403381348, 2.4152097702026367, 1.2681323289871216, 1.7099171876907349, 1.0278280973434448, 1.3666800260543823, 0.7750376462936401, 1.585860252380371, 2.5367441177368164, 1.633317470550537, 3.14310884475708, 1.7723829746246338, 1.4308668375015259, 2.530751943588257, 0.43839287757873535, 1.9720516204833984, 1.7323265075683594, 2.1718692779541016, 2.378814697265625, 2.134089946746826, 0.7758042812347412, 1.4185601472854614, 3.4283735752105713, 1.3633441925048828, 1.4288146495819092, 0.1748826503753662, 3.8297762870788574, 2.3943257331848145, 2.419347047805786, 1.3693691492080688, 1.4795820713043213, 3.3242368698120117, 3.011810779571533, 3.0586397647857666, 1.8745043277740479, 1.91056489944458, 4.1375412940979, 1.4460285902023315, 3.0190348625183105, 2.5458147525787354, 0.853237509727478, 0.8715795278549194, 3.0284852981567383, 2.6116440296173096, 3.2810397148132324, 3.587376594543457, 3.4912962913513184, 1.6259387731552124, 0.928585410118103, 2.294139862060547, 1.4870481491088867, 1.4066201448440552, 2.1101667881011963, 2.9602580070495605, 0.4442603588104248, 1.9770655632019043, -0.09710574150085449, 0.8096834421157837, 1.015738844871521, 2.664947986602783, 0.4240853786468506, 1.5772440433502197, 1.1491003036499023, 1.4534945487976074, 0.8541953563690186, 3.2154836654663086, 1.5511455535888672, 0.5299267768859863, 0.8792294263839722, 0.5520278215408325, 0.7600997686386108, 1.327397346496582, 2.018435478210449, 3.4586386680603027, 1.300882339477539, 4.0847368240356445, 1.2106207609176636, 3.12540602684021, 0.7536411285400391, 2.752307891845703, 3.2550208568573, 2.530102014541626, 1.759965419769287, 2.097494602203369, 1.7670819759368896, 3.5252370834350586, 1.5173892974853516, 1.652369499206543, 1.4178650379180908, 2.3075673580169678, 0.9249917268753052, 0.4699368476867676, 1.7818195819854736, 0.47466135025024414, 2.8345518112182617, 1.3064464330673218, 1.3203502893447876, 1.1809680461883545, 1.9929817914962769, 2.874563694000244, 0.41742372512817383, 1.014440894126892, 2.8344244956970215, 0.42756128311157227, 2.3912055492401123, 3.0356545448303223, 1.794945240020752, 2.8469347953796387, 1.9033936262130737, 1.8365483283996582, 2.881356716156006, 1.441758155822754, 1.4874942302703857, 2.9971323013305664, 2.4051284790039062, 1.1641645431518555, 2.9285709857940674, 3.4132885932922363, 0.8748971223831177, 1.9466032981872559, 3.3768601417541504, 1.797367811203003, 2.4273946285247803, 2.581268310546875, 1.531028151512146, 4.131659984588623, 1.362903356552124, 2.5923843383789062, 1.5261058807373047, 2.3734846115112305, 1.730031967163086, 1.9302059412002563, 1.5646685361862183, 1.7045506238937378, 0.853358268737793, 2.3648431301116943, 0.8998942375183105, 3.4379897117614746, 1.288020133972168, 2.087395191192627, 2.7627758979797363, 1.6076350212097168, 2.3002641201019287, 3.801596164703369, 3.260122060775757, 2.198157787322998, 3.18652606010437, 0.7493530511856079, 2.5173697471618652, 2.9690253734588623, 2.5399577617645264, 1.9270939826965332, 1.0978446006774902, 1.4874709844589233, 2.4572560787200928, 0.43512701988220215, 1.2572227716445923, 2.1553027629852295, 1.8936192989349365, 1.567061424255371, 3.9780101776123047, 1.7497334480285645, 2.5978713035583496, 2.554129123687744, 0.8085424900054932, 2.466196060180664, 0.9614179134368896, 0.7922699451446533, 0.5853697061538696, 3.1491541862487793, 1.9534106254577637, 3.84745454788208, 1.6480597257614136, 2.2635579109191895, 1.7700014114379883, 1.0020240545272827, 2.3446998596191406, 2.7074637413024902, 2.183762788772583, 4.0829997062683105, 3.525327682495117, 4.466997146606445, 4.061395645141602, 3.370671033859253, 3.3979973793029785, 3.166748285293579, 4.265138626098633, 4.174464225769043, 4.005074977874756, 3.6162283420562744, 3.2308900356292725, 4.112465858459473, 4.61014986038208, 3.630131244659424, 3.730344772338867, 4.006127834320068, 4.214489459991455, 4.42205286026001, 3.7225747108459473, 3.3942198753356934, 3.0922250747680664, 3.752791166305542, 5.683506011962891, 4.817262649536133, 5.113751411437988, 4.510218143463135, 4.296894073486328, 5.713000297546387, 5.101444244384766, 4.6717119216918945, 4.177970886230469, 4.405916213989258, 4.95246696472168, 5.4612531661987305, 4.550854682922363, 5.2981438636779785, 4.449345588684082, 5.555498123168945, 4.587332725524902, 5.3362627029418945, 4.688672065734863, 5.196595668792725, 4.748053073883057, 4.866383075714111, 4.685079097747803, 5.40399169921875, 4.5403900146484375, 5.431994438171387, 5.437830924987793, 4.745150566101074, 4.965648651123047, 4.865049839019775, 4.8392791748046875, 5.165084362030029, 5.108850955963135, 4.925650119781494, 4.889544486999512, 4.173893451690674, 4.496362209320068, 5.151373386383057, 5.218284606933594, 5.71453857421875, 5.441213607788086, 4.791618824005127, 3.889645576477051, 5.256569862365723, 1.7566730976104736, 1.4415030479431152, 1.5289591550827026, 2.4549007415771484, 1.0463086366653442, 1.7660455703735352, 1.8567426204681396, 1.3400813341140747, 2.5107481479644775, 2.198171377182007, 4.2590765953063965, 2.3958194255828857, 5.03741455078125, 3.846113681793213, 1.1898969411849976, 2.1758971214294434, 5.174325942993164, 2.3162479400634766, 2.4725608825683594, 0.6950728893280029, 2.1677041053771973, 1.209039568901062, 1.4105167388916016, 1.5752553939819336, 1.4389513731002808, 0.8652408123016357, 2.386868715286255, 4.085368633270264, 1.2955669164657593, 2.2554922103881836, 2.8268611431121826, 1.965565800666809, 5.274056434631348, 1.2066783905029297, 3.51418399810791, 1.7345224618911743, 4.908759117126465, 4.2233405113220215, 1.4476739168167114, 0.574771523475647, 3.3938231468200684, 1.8297474384307861, 0.31293559074401855, 5.439500331878662, 3.897519588470459, 1.834149718284607, 1.1793854236602783, 1.662419319152832, 2.660466432571411, 1.9707000255584717, 1.847231149673462, 4.641533374786377, 1.3187980651855469, 1.1961981058120728, 4.563687801361084, 2.0482687950134277, 2.937805652618408, 2.86378812789917, 3.7398648262023926, 1.7984246015548706, 2.185973644256592, 0.9381946325302124, 1.8470479249954224, 0.980230450630188, 5.442098617553711, 4.197815418243408, 4.730259418487549, 2.7938666343688965, 3.5069451332092285], "params": {"iterations": 1510, "learning_rate": 0.014286, "depth": 3, "l2_leaf_reg": 3.4047e-06, "bagging_temperature": 2.5656, "random_strength": 4.1266, "border_count": 207}, "time_end": "2026-02-28T11:56:48.945022"}