{"model": "catboost_minilm_features-extract_casing_bigrams", "type": "test", "seed": 40, "time_start": "2026-02-28T11:37:15.767664", "mse": 0.7142311930656433, "accuracy": 0.513595166163142, "corr": 0.8668810238024491, "precision": [0.9090909090909091, 0.27848101265822783, 0.3548387096774194, 0.4482758620689655, 0.775, 0.96], "recall": [0.17857142857142858, 0.4888888888888889, 0.6111111111111112, 0.4, 0.5535714285714286, 0.8727272727272727], "f1": [0.29850746268656714, 0.3548387096774194, 0.4489795918367347, 0.42276422764227645, 0.6458333333333334, 0.9142857142857143], "support": [56, 45, 54, 65, 56, 55], "confusion_matrix": [[10, 32, 11, 3, 0, 0], [1, 22, 21, 1, 0, 0], [0, 16, 33, 5, 0, 0], [0, 9, 28, 26, 2, 0], [0, 0, 0, 23, 31, 2], [0, 0, 0, 0, 7, 48]], "predictions": [1.7765055894851685, 1.8553059101104736, 4.006648063659668, 1.1802384853363037, 1.8181833028793335, 0.37876272201538086, 1.8522865772247314, 0.5258687734603882, 0.7930305004119873, 1.5057520866394043, 2.557403087615967, 0.8470566272735596, 1.6049484014511108, 2.6359453201293945, 1.12018883228302, 2.3680005073547363, 1.5930778980255127, 2.7694125175476074, 1.3860223293304443, 1.7391468286514282, 0.9707244634628296, 1.1504043340682983, 0.7467348575592041, 1.5154929161071777, 2.3237826824188232, 1.964897632598877, 3.255519151687622, 1.6676759719848633, 1.3764240741729736, 2.369877576828003, 0.5029739141464233, 1.99045729637146, 1.5695754289627075, 2.257660150527954, 2.2819371223449707, 2.0033016204833984, 0.6079015731811523, 1.113297700881958, 3.274069309234619, 1.5993486642837524, 1.3168785572052002, 0.28352904319763184, 3.543499231338501, 2.4287774562835693, 2.544640302658081, 1.711876630783081, 1.3507342338562012, 3.5647635459899902, 2.7568371295928955, 3.145129442214966, 1.603734016418457, 1.7458323240280151, 4.0515336990356445, 1.4831448793411255, 2.6929209232330322, 2.3146541118621826, 0.9524521827697754, 0.9901102781295776, 3.0647428035736084, 2.0816988945007324, 3.150684356689453, 3.400239944458008, 3.6369383335113525, 1.6206501722335815, 1.3120415210723877, 2.185443162918091, 1.8133573532104492, 1.084647297859192, 2.0500833988189697, 2.9677951335906982, 0.5755629539489746, 1.9378702640533447, 0.3348572254180908, 0.38761448860168457, 1.0726890563964844, 2.881340503692627, 0.13974261283874512, 1.5126796960830688, 1.4907751083374023, 1.1291946172714233, 0.9281926155090332, 3.218703508377075, 1.5452651977539062, 0.38712501525878906, 1.0658046007156372, 0.3471376895904541, 0.7156120538711548, 1.3475730419158936, 2.00594425201416, 3.274044990539551, 1.4292137622833252, 3.860609531402588, 1.2168179750442505, 3.1669602394104004, 0.6192618608474731, 2.8800137042999268, 3.38228178024292, 2.7033538818359375, 1.5192981958389282, 1.8126822710037231, 1.7372567653656006, 3.428173542022705, 1.4683966636657715, 1.6313413381576538, 1.0733463764190674, 2.455976963043213, 1.101868748664856, 0.5347539186477661, 1.812787413597107, 0.27036166191101074, 2.6377923488616943, 1.5166629552841187, 1.3580703735351562, 1.3062691688537598, 2.1149260997772217, 2.989422559738159, 0.29614996910095215, 1.0359684228897095, 2.9778430461883545, 0.40789294242858887, 2.143775701522827, 2.6508805751800537, 1.472599983215332, 2.761199951171875, 1.8251463174819946, 1.7923027276992798, 3.0915026664733887, 1.329764723777771, 1.380645513534546, 2.7279300689697266, 2.5362513065338135, 1.201678991317749, 2.5996055603027344, 3.4800829887390137, 0.9374134540557861, 2.158843755722046, 3.514040470123291, 1.635452151298523, 2.7972967624664307, 2.5529656410217285, 1.2688075304031372, 3.900951385498047, 1.4568692445755005, 2.4793524742126465, 1.589280128479004, 2.6318676471710205, 1.5817947387695312, 1.8564743995666504, 1.2526016235351562, 1.7641074657440186, 0.9439458847045898, 2.237684488296509, 0.7462420463562012, 3.3605823516845703, 1.3384910821914673, 1.9151480197906494, 2.9646711349487305, 1.7748734951019287, 2.1391618251800537, 3.589736223220825, 3.4823899269104004, 2.1218972206115723, 3.495375633239746, 0.8601769208908081, 2.7560617923736572, 3.049445152282715, 2.526031255722046, 1.919133186340332, 0.9766826629638672, 1.4864262342453003, 2.447277784347534, 0.6250455379486084, 1.3698786497116089, 2.343369245529175, 1.9877042770385742, 1.231913447380066, 4.193630695343018, 1.7204487323760986, 2.538618326187134, 2.5218777656555176, 0.9942725896835327, 2.1722545623779297, 1.0771247148513794, 0.7278944253921509, 0.7066048383712769, 3.2558867931365967, 2.143815755844116, 3.997776985168457, 1.685041904449463, 2.095170259475708, 1.742109775543213, 0.7465673685073853, 2.118058681488037, 2.8457703590393066, 2.211547613143921, 4.034816265106201, 3.6245853900909424, 4.653841018676758, 4.0596513748168945, 3.40645432472229, 3.5398993492126465, 3.1756796836853027, 4.259022235870361, 4.218914985656738, 4.181502342224121, 3.640594482421875, 3.0581398010253906, 4.0204010009765625, 4.572292327880859, 3.4293792247772217, 3.680055618286133, 4.335895538330078, 4.064256191253662, 4.390867710113525, 3.7959418296813965, 3.673048496246338, 3.3034510612487793, 3.5316755771636963, 5.607982635498047, 4.835113048553467, 5.045216083526611, 4.3922882080078125, 4.2833099365234375, 5.613155364990234, 4.997137069702148, 4.624905109405518, 4.290349960327148, 4.3194169998168945, 5.186281681060791, 5.364776611328125, 4.7659101486206055, 5.1574506759643555, 4.578908920288086, 5.542492866516113, 4.640710353851318, 5.114291191101074, 4.608532428741455, 5.125426292419434, 4.687170028686523, 4.957772731781006, 4.685859680175781, 5.337108612060547, 4.547794342041016, 5.591625213623047, 5.300546646118164, 4.969207763671875, 4.97790002822876, 4.839008808135986, 4.8744707107543945, 4.934360504150391, 5.102264404296875, 4.987756729125977, 4.811323165893555, 4.515938758850098, 4.643483638763428, 5.242552280426025, 5.251049995422363, 5.784010410308838, 5.319839954376221, 4.888114929199219, 3.9264020919799805, 5.12428092956543, 1.7294600009918213, 1.361542820930481, 1.8692712783813477, 2.540095329284668, 1.0762909650802612, 2.2027668952941895, 2.0737364292144775, 1.0423938035964966, 2.4223783016204834, 2.2074995040893555, 4.304033279418945, 1.9516191482543945, 5.274057388305664, 3.5922553539276123, 0.970458984375, 1.9954097270965576, 5.243473529815674, 2.279845952987671, 2.1736717224121094, 0.7823461294174194, 2.1708803176879883, 1.2500325441360474, 1.3348404169082642, 1.4618313312530518, 1.622283935546875, 1.0681357383728027, 2.2500312328338623, 4.301438331604004, 0.9226579666137695, 2.2358579635620117, 2.6238913536071777, 2.0779833793640137, 5.226354598999023, 0.7987140417098999, 3.356271743774414, 1.862858533859253, 4.973456859588623, 4.261063098907471, 1.3552831411361694, 0.5876166820526123, 3.2537176609039307, 1.5932530164718628, 0.4629402160644531, 5.302118301391602, 4.014935493469238, 2.0429680347442627, 1.4616672992706299, 1.4762519598007202, 2.7169389724731445, 1.9052785634994507, 1.9312095642089844, 4.786797523498535, 1.3110707998275757, 1.1753675937652588, 4.647977352142334, 1.7036669254302979, 3.0641918182373047, 2.518141031265259, 3.5890159606933594, 1.6571731567382812, 2.454667806625366, 0.6331470012664795, 1.7110657691955566, 0.9438763856887817, 5.59524393081665, 3.962416172027588, 4.7835798263549805, 2.5812535285949707, 3.825394630432129], "params": {"iterations": 1510, "learning_rate": 0.014286, "depth": 3, "l2_leaf_reg": 3.4047e-06, "bagging_temperature": 2.5656, "random_strength": 4.1266, "border_count": 207}, "time_end": "2026-02-28T11:37:15.828153"}