{"model": "catboost_minilm_features-extract_3+syllable_count_ratio", "type": "train", "seed": 42, "train_losses": [], "val_losses": [], "time_start": "2026-02-28T11:27:42.681315", "mse": 0.13411010739495063, "accuracy": 0.823076923076923, "corr": 0.977554602566258, "precision": [0.9767441860465116, 0.7676056338028169, 0.6184971098265896, 0.8028169014084507, 0.9224137931034483, 1.0], "recall": [0.7433628318584071, 0.7785714285714286, 0.9145299145299145, 0.7549668874172185, 0.8294573643410853, 0.9307692307692308], "f1": [0.8442211055276382, 0.7730496453900709, 0.7379310344827587, 0.7781569965870307, 0.8734693877551021, 0.9641434262948207], "support": [113, 140, 117, 151, 129, 130], "confusion_matrix": [[84, 29, 0, 0, 0, 0], [2, 109, 29, 0, 0, 0], [0, 4, 107, 6, 0, 0], [0, 0, 37, 114, 0, 0], [0, 0, 0, 22, 107, 0], [0, 0, 0, 0, 9, 121]], "predictions": [3.1469326512640605, 0.8644387847476307, 0.5435495694278025, 2.842408273177555, 0.25176111187762595, 2.488149342603958, 1.6938597760003726, 0.40557813392201814, 0.17054890102771703, 1.3435268225148314, 2.084626633903919, 0.392103545388526, 2.367692514497583, 3.761527291154792, 0.16658963825606943, 3.2318063210926393, 0.5025381474563733, 2.636801209677702, 0.36422122423093617, 1.176861730603498, 2.0062327327266245, 3.8170702764740385, 0.4801917725515734, 3.962641060884206, 0.37390209157553933, 0.24577315099445718, 3.153726092404879, 1.542001697930092, 1.5308180031638288, 0.1182273301017367, 2.7385997306562215, 0.7509714209676883, 1.001497320864269, 2.1828720656945984, 1.3230307117162072, 3.079114058561734, 2.917562818511251, 0.26207523297095037, 0.32526942130646797, 2.7439353937869013, 1.1808997728053197, 2.5091815598363247, 3.964144962814209, 1.6842435252154164, 0.5181192362701807, 0.8369249418561555, 4.11410066317609, 1.5134929636792664, 2.6149592968524047, 0.13591409671138655, 0.898256582444328, 4.059493831970319, 3.2079098601550635, 2.2864285193312415, 1.8434318289368097, 0.41322237228058123, 1.480883065941894, 0.29080496109260334, 1.5429814052746975, 1.8248784801432771, 1.032891469520373, 0.16708501053498148, 1.1714914872772955, 0.1746484937863948, 1.0862268712693541, 0.39134689389323674, 1.1468257151176018, 1.6889584418135477, 1.3879737200570177, 0.24514829481605238, 4.447912485173487, 0.7766593325988924, 0.19037829605257928, 3.248076464829408, 2.5533291922097097, 1.87961773997062, 0.28716653460145247, 1.3223267726539294, 1.9232837521829176, 0.1719494530263117, 3.0767251952967074, 0.37411824285288775, 0.7619697585932825, 3.6268696884429272, 2.3298222155711708, 2.720883896731827, 3.3360521041953177, 2.758845444399487, -0.09574363313154688, 1.9349646032393863, 0.41146001324451076, 0.30534164041578027, 3.8031997930346315, 2.491121421350284, 1.6564849942202287, 3.3101193464830923, 1.7008282582101901, 3.2751901990600265, 3.2165118229195917, 1.6441957405634384, 1.3527997454033165, 1.3949498727827139, 1.2589773598104297, 3.681663042976023, 1.647894539557591, 1.6983272628471275, 2.784043420420943, 0.39392135147349494, 2.354871105831669, 0.4941101601107727, 1.6230051367895206, 3.0516863122854554, 3.4397339072453814, 3.289926323620842, 0.14434293410056398, 2.409543247689721, 1.934521707537621, 0.012297495667181746, 2.760944652947211, 1.7758600723005409, 2.6353654177760224, 1.5575054117637739, 2.098848566013876, 2.8431697205124693, -0.02989469295276148, 1.7948498327956868, 3.2672779692262317, 2.2374221718223857, -0.09049249748774946, 2.503906480711411, 3.3132214756934, 2.813919488996211, 2.1218032031608725, 0.4759738466729089, 0.8125315096407963, 1.9099196346619602, 2.6822947499265153, 2.0116050991625167, 2.203028914317329, 2.1122348710296115, 0.3707780561416487, 0.39288107037104947, 1.7151873532261885, 3.8066187373548965, 3.6141060165188943, 2.742443890874355, 1.3857265342550686, 2.5300750176792235, 1.8483672505724464, 0.16454894151513422, 2.310135498834902, 2.176273714456642, 3.7555595990760695, 0.3029734043701584, 2.13291927089971, 1.6958000035258216, 1.6592429808984652, 2.823581570863129, 3.87683563051381, 0.23507867321735265, 0.5387124294615118, 1.4974282739411422, 2.2760451595709603, 1.1031530825925195, 0.06327007001293516, 2.384779151502769, 3.9410847084573053, 2.3749690383852364, 1.510370554455735, 3.6434921131671656, 0.1567096943464672, 0.6985180722496094, 2.506537545495812, 2.372170294447477, 2.809768156810585, 3.805862912358357, 2.472317005507788, 2.495567711349836, 2.140418988838488, 0.4754435488041837, 2.244762321178933, 0.2633674708171281, 0.3269444941787527, 3.2214305617499868, 1.7371101696547757, 2.830934226307401, 1.3720924571370925, 2.442639021661124, 2.8942526412164065, -0.053478187513370745, 2.4215709690471217, 2.382949518345366, 3.0950889755115716, 1.2292010789932146, 1.7366085621628633, 1.789028873661994, 0.661527526467723, 1.676720493905573, 0.9907815242466307, 3.0517168450005117, 2.5925287121808336, 0.8361611327603331, 3.1143507726964423, 3.3028603649097574, 3.698824412894739, 2.3888265511991618, 1.7833260513962192, 2.604805260938384, 2.064936144124754, 0.48726953868504763, 2.839144578631288, 0.3306161198862445, 0.562060143158287, 1.635504118142972, 1.6164109255452392, 3.678060423994728, 3.8292417057740327, 1.5394043411568408, 1.610506170487244, 0.5360102796844806, 2.685187620816074, 2.45063866256327, 0.6118442233508881, 2.177797612467219, 2.5224217085590888, 2.495038334728625, 3.4344140492403303, 1.1327096609633673, 3.3281909873641746, 3.0032203557332684, 2.696593507224666, 3.694267562780544, 0.44363636432140163, 3.8715718118536975, 3.4191410416487837, 3.6859189038793554, 3.6794415993181744, 0.0914811260183308, 0.7802998598631652, 0.7489049732081261, 2.958417434261854, 4.366989437990847, 0.42142654684987635, 1.4441447118173616, 3.3333338659913916, 4.332015032451232, 0.6835170773283519, 4.520100412632568, 3.321187737821297, 0.3212665486284325, 1.8766422466072914, 2.054454678687115, 1.8183782368646033, 1.439273083345886, 1.6671744594355902, 3.1199926684727104, 1.9785738200527707, 4.460414392003571, 1.7543713942518324, 3.462867523698461, 0.08296959500162249, 3.5774075993246894, 1.596585362420334, 2.940554887614534, 3.655498140154525, 1.4131015430189036, 1.2093115550202238, 1.1435510978345893, 2.4520573620596493, 2.8479878074107194, 0.7849589433875397, 0.239702745342818, 2.952840757560766, 3.2889803729509866, 2.0866037010576073, 4.356339150595809, 0.29285744970254957, 2.505215528763089, 1.6260604126538327, 2.6196745239394987, 1.7980995152437242, 1.0035812921579828, 1.2125763733870276, 0.4851123543087916, 3.143633700741423, 0.23773356129723533, 1.134363298657154, 0.6518139490392856, 1.1198161192473668, 0.3127627222175504, 2.2548679214419223, 3.0048976531598472, 3.515404336171362, 1.6690925320147325, 2.6652213070348725, 1.5024134637703226, 1.5058262318770805, 3.1877323065829293, 3.182407886194153, 2.4636651722808622, 2.6815333574433207, 1.8756153213989153, 2.597172849104093, 0.5221857335661986, 3.0017209748981775, 3.750126744503162, 4.176507096003924, 3.778311436647328, 3.8418254011675685, 3.5837041052684393, 3.8216181537888847, 3.6275653211026544, 4.468508414200961, 3.525126682949535, 4.362694261949215, 3.9063167361648907, 4.202697095369167, 4.112769199116485, 4.0545726840831815, 4.052921572135291, 3.879006982957386, 3.8147017508488092, 3.6981625512723784, 3.669957656132196, 3.7878343698031003, 4.429711005174713, 3.459219904743121, 4.187153793729473, 4.179012496626123, 3.832892118961623, 3.8491701756885712, 4.294087134330453, 3.953041357633138, 5.174996659809309, 5.301364889469499, 4.825670970575999, 4.769367983077311, 5.254882432914576, 4.826355063034956, 5.003683993477301, 5.370470350149253, 4.613204703326007, 4.784596009310047, 4.679175322977352, 4.846003042962568, 5.0626447438768505, 5.1266145842345905, 4.741870576339472, 5.178619274163392, 4.856711095308928, 5.128456641953827, 4.8002198507092455, 4.652590655319083, 4.52776236431451, 5.0579890779127155, 4.794371995574499, 5.233107336312681, 5.163763472400564, 4.890066676886709, 4.806317037289289, 4.99068709612286, 4.512590682230355, 