{"model": "catboost_minilm_features-extract_sentence_length_by_word", "type": "train", "seed": 40, "train_losses": [], "val_losses": [], "time_start": "2026-02-28T11:15:27.161760", "mse": 0.1325154774981612, "accuracy": 0.8243589743589743, "corr": 0.9779343809577408, "precision": [0.9880952380952381, 0.7414965986394558, 0.625, 0.8297872340425532, 0.9083333333333333, 1.0], "recall": [0.7345132743362832, 0.7785714285714286, 0.8974358974358975, 0.7748344370860927, 0.8449612403100775, 0.9230769230769231], "f1": [0.8426395939086294, 0.759581881533101, 0.7368421052631579, 0.8013698630136986, 0.8755020080321285, 0.96], "support": [113, 140, 117, 151, 129, 130], "confusion_matrix": [[83, 30, 0, 0, 0, 0], [1, 109, 30, 0, 0, 0], [0, 8, 105, 4, 0, 0], [0, 0, 33, 117, 1, 0], [0, 0, 0, 20, 109, 0], [0, 0, 0, 0, 10, 120]], "predictions": [3.283426405001011, 0.7853271621196241, 0.43502350834527004, 2.87331738243565, 0.3019746787956801, 2.6109209404059976, 1.8059589004792191, 0.42474972578701786, 0.11517744402311259, 1.3612054466141221, 2.120560704310923, 0.37956810022438425, 2.3484437761277612, 3.8629625117189703, 0.19253864149345068, 3.3409167599453964, 0.4646527393103641, 2.6527573852797004, 0.39019211610288584, 1.2906187622171719, 2.159652882626734, 3.807564156033764, 0.41777740281328457, 3.9368798603850212, 0.4293979634543681, 0.20125982760097827, 3.1839772270961206, 1.4644843660798037, 1.6088603889914643, 0.1633459156328474, 2.8295556914386393, 0.7291876632264342, 1.1176995095907098, 2.073449678801965, 1.3202397384614315, 3.0200303370384196, 3.010039312308048, 0.2633494126456499, 0.299239685425869, 2.816301769189125, 1.217658557765017, 2.3780069280274363, 3.9330627796434405, 1.7207127623879805, 0.5551864558542592, 0.8057341855336919, 4.04401270035342, 1.4913041921240953, 2.674788149439331, 0.15004750601234917, 0.9603288725204788, 4.137330650149262, 3.2781329939774233, 2.2733172349144257, 1.8691021452658056, 0.34026171767056335, 1.3637793430187826, 0.2505920723471817, 1.524845789123154, 1.8390425922444038, 1.0075622719745756, 0.20633885427763898, 1.1551974126060929, 0.18419037922041914, 1.0927854599937539, 0.3563369068292044, 1.2729031579491392, 1.7642155170226497, 1.3764799620127848, 0.2701003093292007, 4.4082894454910635, 0.8104683062847413, 0.15045565929881777, 3.2802110071386585, 2.5964260273159456, 1.9230233433305766, 0.348725064253546, 1.329824784435507, 2.081314245614904, 0.17076204942912732, 3.168802636704472, 0.4319987379037906, 0.6834148866671355, 3.6363341735521235, 2.286190952662689, 2.7269665253794795, 3.272102403418734, 2.7478625844148263, -0.08896779681821343, 1.9506969862335284, 0.29302980325683414, 0.35955911205268176, 3.7284989023331487, 2.5028180842548142, 1.6070590339487518, 3.333704293313448, 1.6380912615197003, 3.3390708234424213, 3.300162402776098, 1.7846184488055696, 1.4481261133807948, 1.2011135611380863, 1.3210204315906875, 3.638738649269289, 1.6096820558538232, 1.7172292255721073, 2.699643021691065, 0.42590419300428195, 2.3193610671742597, 0.5580075186380096, 1.5504959112726473, 2.9453377688703677, 3.510103030340557, 3.3073226659160193, 0.055754418883607215, 2.517281716314699, 1.906010677768049, 0.09379443138830235, 2.777890866579778, 1.7660677891212906, 2.6013272690143867, 1.5854028767397037, 2.1081986572513216, 2.9391890312590374, 0.004280086194786481, 1.8792993372475166, 3.3123608572405785, 2.2281584367815475, -0.10346305721210669, 2.445843573208182, 3.2824357415619736, 2.7259104231604114, 2.1422637521934473, 0.42083309874713093, 0.8237794961013711, 1.948492195727178, 2.6837148728599782, 1.9265166774961815, 2.157640539102988, 2.141620411426249, 0.37140832407019175, 0.36978703722148243, 1.7237450321788939, 3.7694862830138183, 3.6537334114621975, 2.7456902148326865, 1.3670886381788525, 2.546904067463441, 1.9033296421564134, 0.229041624822643, 2.308174232216658, 2.0676621391539194, 3.784017491537166, 0.331506314640869, 2.1667539182628364, 1.5946631501252275, 1.673427017439898, 2.8425163244050475, 3.7977660793449464, 0.18575804753191072, 0.6242966084344412, 1.435825802645127, 2.262104024136744, 1.0746010227939373, 0.09636323627906407, 2.4186015897852933, 3.860382466596979, 2.2885348230626867, 1.431278980111445, 3.641253089307071, 0.14256268926207616, 0.6715854958549234, 2.6191527804874823, 2.3638300402436916, 2.841531621687767, 3.6755745337208188, 2.5592357094828926, 2.527339298482546, 2.227786859887562, 0.5504303257833065, 2.1518457878656974, 0.3082449623294923, 0.42511769253903253, 3.0644724770814014, 1.7181877246164357, 2.848162680947305, 1.4055260504974645, 2.299061778446411, 3.0467574759363343, 0.01372600090610554, 2.528247756031657, 2.3340003417040367, 3.171941601120781, 1.2643931193557725, 1.6945426581459566, 1.784599914953851, 0.697063601307548, 1.718971898960287, 0.9869203779770881, 3.0133018829448757, 2.3745062658958287, 1.0579979948099427, 3.2660373795076723, 3.28739301983276, 3.681220664039504, 2.2961003569454865, 1.7901068801762294, 2.705200341202339, 2.0529835479728717, 0.5541603000510187, 2.982880790516611, 0.3898693642848836, 0.4628469845253118, 1.7337134492525974, 1.7336820943809608, 3.693110267960848, 3.799837894830131, 1.5481469209893906, 1.576240407207707, 0.5288923535642034, 2.655374693327198, 2.3922190706674433, 0.5876007418770504, 2.1131031911615654, 2.557686290764686, 2.4351094965910787, 3.537075682779255, 1.0723814943944554, 3.297918243494198, 2.9463098891145587, 2.7834071720438596, 3.6545484005908495, 0.4728155879406981, 3.8159115781547115, 3.459470200722566, 3.7034791742438773, 3.656889849294764, 0.1254076124932988, 0.8005895755752406, 0.7471246646877641, 2.9093627455020514, 4.409033281859541, 0.41183444078088627, 1.5137827914239166, 3.2054568721042966, 4.317442537580792, 0.674155316909838, 4.590382210951566, 3.3757435145942485, 0.45564854464869153, 1.7617636028381654, 2.1287702048428985, 1.8032401425357585, 1.3936154148091826, 1.7081583265327285, 2.982930503861539, 1.89802815780186, 4.431364232054483, 1.7626757424928226, 3.4572472156018956, 0.16590531316444102, 3.5970141221243868, 1.5858213883752375, 2.9852700495531437, 3.736247997702491, 1.3879761428950093, 1.1770421288761648, 1.1391977857810327, 2.477946857552351, 2.873449227982661, 0.7359018410600127, 0.18983433985687848, 2.9431763447848045, 3.3827736334936773, 2.0207530979841355, 4.352041946974808, 0.20398331552422144, 2.460039294089811, 1.5630749219097355, 2.620786801127424, 1.8564800687199428, 0.8446776332965509, 1.2265772408742595, 0.4552631761832693, 3.231963581759938, 0.26307196276552824, 1.1350952570268116, 0.5769969271264452, 1.1368765009080415, 0.3078820203121859, 2.2637488402343338, 2.9943094115807947, 3.399647811432946, 1.7365639141365306, 2.715197157625832, 1.618852985548107, 1.4948386938231228, 3.1045801604165226, 3.321502878779192, 2.2470260390420655, 2.5511320334135825, 1.9205795994186121, 2.561180848389396, 0.5036003213088251, 2.932161692090154, 3.755638317977099, 4.214537425293572, 3.764275522446236, 3.8761580267592954, 3.556380395149471, 3.8238912912563596, 3.6284823213797663, 4.3661187193246915, 3.471402401010419, 4.343700912045127, 4.157346604337699, 4.187366796804047, 4.119168594355392, 4.14382517173489, 4.082035042021092, 3.8789981325831056, 3.7572150936073294, 3.713424731932161, 3.7467034249527393, 3.628366351695889, 4.364145999574353, 3.436305347887773, 4.221503144088288, 4.1340977412158635, 3.9024047832961135, 3.8662862677940373, 4.32250803625421, 3.849606542078185, 5.1774781804743775, 5.290321565334979, 4.857016814395148, 4.799425472266415, 5.096618107063026, 4.838341145132729, 5.081998314186306, 5.31984484480911, 4.551986498875699, 4.801670896948359, 4.712820304942918, 4.846280939680964, 5.053804674521485, 5.109696921025174, 4.539877303458588, 5.171397492636487, 4.9916026469405, 5.106800230853814, 4.787051183973055, 4.5766473982082685, 4.528726363223079, 5.059295364245941, 4.879301307870651, 5.245561521678826, 5.0471591170414865, 4.698742239557454, 4.672742120803132, 4.957232549755149, 4.456908554342472, 4.665605050313751, 