{"model": "catboost_minilm_features-extract_articles", "type": "test", "seed": 41, "time_start": "2026-02-28T11:31:04.594820", "mse": 0.7448238134384155, "accuracy": 0.49244712990936557, "corr": 0.8607257862608625, "precision": [0.8, 0.25, 0.36, 0.43333333333333335, 0.7368421052631579, 0.9787234042553191], "recall": [0.14285714285714285, 0.4222222222222222, 0.6666666666666666, 0.4, 0.5, 0.8363636363636363], "f1": [0.24242424242424243, 0.3140495867768595, 0.4675324675324675, 0.416, 0.5957446808510638, 0.9019607843137255], "support": [56, 45, 54, 65, 56, 55], "confusion_matrix": [[8, 34, 11, 3, 0, 0], [1, 19, 24, 1, 0, 0], [1, 13, 36, 4, 0, 0], [0, 10, 28, 26, 1, 0], [0, 0, 1, 26, 28, 1], [0, 0, 0, 0, 9, 46]], "predictions": [1.7918245792388916, 2.0494000911712646, 3.757946252822876, 1.0270085334777832, 1.8128260374069214, 0.31048107147216797, 1.923485517501831, 0.3697209358215332, 0.9318639039993286, 1.4488357305526733, 2.4236695766448975, 0.9742876291275024, 1.5557761192321777, 2.753662586212158, 1.291622281074524, 2.5069212913513184, 1.5795974731445312, 2.677820920944214, 1.507250428199768, 1.7002489566802979, 0.8430989980697632, 1.3295832872390747, 0.783610463142395, 1.681255578994751, 2.5678765773773193, 1.8381032943725586, 3.1816699504852295, 1.7093801498413086, 1.6339330673217773, 2.3879480361938477, 0.3571162223815918, 1.8866195678710938, 1.5788841247558594, 2.059540033340454, 2.36155104637146, 2.1580018997192383, 0.4499669075012207, 1.003652811050415, 3.4621009826660156, 1.541440725326538, 1.4023019075393677, 0.3063666820526123, 3.3022260665893555, 2.443498373031616, 2.7441697120666504, 1.3432749509811401, 1.1859397888183594, 3.4869942665100098, 3.1637301445007324, 2.909377336502075, 1.5900260210037231, 1.7100656032562256, 3.8721120357513428, 1.5399091243743896, 2.883603572845459, 2.4448063373565674, 1.0875377655029297, 0.8916569948196411, 3.0496625900268555, 2.3948984146118164, 3.336155891418457, 3.2784063816070557, 3.4970579147338867, 1.7957043647766113, 1.0764468908309937, 2.097585678100586, 1.8542556762695312, 1.3622263669967651, 1.9324932098388672, 2.748847007751465, 0.8423970937728882, 1.956249475479126, 0.15511703491210938, 0.5855158567428589, 0.9464718103408813, 2.7605788707733154, 0.2584986686706543, 1.5632060766220093, 1.2449517250061035, 1.1357362270355225, 0.7198389768600464, 3.4461593627929688, 1.5890010595321655, 0.5802608728408813, 1.238279938697815, 0.5182099342346191, 0.8956178426742554, 1.298551082611084, 1.8384530544281006, 3.278228759765625, 1.3758320808410645, 4.137483596801758, 1.1722159385681152, 3.020159959793091, 0.7764674425125122, 2.86618709564209, 3.464143753051758, 2.4143319129943848, 1.6876932382583618, 2.094724178314209, 1.691296935081482, 3.346240520477295, 1.4828230142593384, 1.3185157775878906, 1.1654194593429565, 2.4539847373962402, 1.20173978805542, 0.6143108606338501, 1.6480169296264648, 0.3070857524871826, 2.764866352081299, 1.4147862195968628, 1.5398266315460205, 1.4602375030517578, 2.1866064071655273, 3.0824334621429443, 0.27494072914123535, 1.1353380680084229, 2.874133825302124, 0.705958366394043, 2.139312744140625, 2.8190770149230957, 1.5156986713409424, 2.815833806991577, 1.7536160945892334, 1.7506762742996216, 2.9747750759124756, 1.2629241943359375, 1.4224026203155518, 2.476019859313965, 2.724403142929077, 1.3523939847946167, 2.6751792430877686, 3.4427263736724854, 0.6440143585205078, 2.2411513328552246, 3.3744874000549316, 1.48408842086792, 2.6330034732818604, 2.612135410308838, 1.427088975906372, 4.007723808288574, 1.440661072731018, 2.698063611984253, 1.609910488128662, 2.442702293395996, 1.839054822921753, 1.9481592178344727, 1.5456218719482422, 1.4587117433547974, 1.115045189857483, 2.4037203788757324, 0.7251887321472168, 3.4976108074188232, 1.1459293365478516, 1.880394697189331, 3.086482524871826, 1.7165700197219849, 2.0697994232177734, 3.55810546875, 3.4034299850463867, 2.0979738235473633, 3.335845470428467, 1.1001901626586914, 2.793332576751709, 2.9367029666900635, 2.5955698490142822, 1.9650143384933472, 1.0834174156188965, 1.541351318359375, 2.323928117752075, 0.43149828910827637, 1.3597432374954224, 2.2723209857940674, 1.7756688594818115, 1.2688040733337402, 4.267380237579346, 1.6004970073699951, 2.5409233570098877, 2.4712445735931396, 0.9300273656845093, 2.0752789974212646, 0.9913994073867798, 0.8628554344177246, 0.7382862567901611, 3.33579683303833, 1.984803557395935, 3.774113416671753, 1.7563022375106812, 2.0152478218078613, 1.663931965827942, 0.9111133813858032, 2.3387937545776367, 2.8683252334594727, 2.228152275085449, 3.912818431854248, 3.5520925521850586, 4.471183776855469, 3.880660057067871, 3.511561155319214, 3.475860595703125, 3.3144454956054688, 4.376159191131592, 4.184353351593018, 3.897753953933716, 3.6531472206115723, 2.955326557159424, 4.085125923156738, 4.531414985656738, 3.4395737648010254, 3.5830256938934326, 4.1504034996032715, 4.152717590332031, 4.2700300216674805, 3.796389102935791, 3.4103808403015137, 3.2427923679351807, 3.8610851764678955, 5.660061836242676, 4.962050437927246, 5.106115341186523, 4.563663005828857, 4.301368713378906, 5.631827354431152, 5.138172149658203, 4.657310962677002, 4.100803375244141, 4.453738212585449, 5.120841026306152, 5.530417442321777, 4.687188148498535, 5.215488910675049, 4.3047099113464355, 5.627735137939453, 4.643584251403809, 5.1516032218933105, 4.646261215209961, 5.014740943908691, 4.750466346740723, 4.705255508422852, 4.865616798400879, 5.385219097137451, 4.47467565536499, 5.480405807495117, 5.299066543579102, 4.971780776977539, 4.990382194519043, 4.764711380004883, 5.047768592834473, 5.0707244873046875, 5.107986927032471, 4.882843017578125, 4.881479263305664, 4.302188873291016, 4.511305809020996, 5.149796485900879, 5.331624984741211, 5.878910064697266, 5.297430038452148, 4.713902473449707, 4.109811782836914, 5.244121551513672, 1.5501254796981812, 1.3935420513153076, 1.738834023475647, 2.474282741546631, 1.1157978773117065, 2.08433198928833, 1.9927518367767334, 0.7675434350967407, 2.2477216720581055, 2.199096918106079, 4.190069198608398, 2.2021994590759277, 5.111082077026367, 3.6438064575195312, 0.7685794830322266, 2.1491119861602783, 5.122665882110596, 2.3349666595458984, 2.1446189880371094, 0.6759157180786133, 2.1929097175598145, 1.1838454008102417, 1.4045305252075195, 1.6386687755584717, 1.542301893234253, 1.0729750394821167, 2.235154390335083, 4.19377326965332, 0.9637526273727417, 2.318938732147217, 2.603280544281006, 1.9580116271972656, 5.257279396057129, 0.9524155855178833, 3.2654645442962646, 1.8725427389144897, 5.120738983154297, 4.221639156341553, 1.3968907594680786, 0.6240969896316528, 3.247422218322754, 1.6939442157745361, 0.551774263381958, 5.348584175109863, 4.028139591217041, 1.8489110469818115, 1.573428750038147, 1.4945929050445557, 2.6651387214660645, 1.9128437042236328, 1.8909742832183838, 4.662901878356934, 1.7145664691925049, 1.3352116346359253, 4.553153038024902, 1.6737854480743408, 2.897063732147217, 2.882547616958618, 3.563843011856079, 2.0205740928649902, 2.494250535964966, 0.6624966859817505, 1.6425631046295166, 0.9719219207763672, 5.503525733947754, 4.1279778480529785, 4.894217491149902, 2.71207332611084, 3.580155849456787], "params": {"iterations": 1510, "learning_rate": 0.014286, "depth": 3, "l2_leaf_reg": 3.4047e-06, "bagging_temperature": 2.5656, "random_strength": 4.1266, "border_count": 207}, "time_end": "2026-02-28T11:31:04.659322"}