{"model": "catboost_minilm_features-extract_polysemy", "type": "test", "seed": 40, "time_start": "2026-02-28T11:53:27.607533", "mse": 0.732560932636261, "accuracy": 0.49244712990936557, "corr": 0.8632606860353177, "precision": [0.7777777777777778, 0.2804878048780488, 0.3473684210526316, 0.41818181818181815, 0.7317073170731707, 0.9591836734693877], "recall": [0.125, 0.5111111111111111, 0.6111111111111112, 0.35384615384615387, 0.5357142857142857, 0.8545454545454545], "f1": [0.2153846153846154, 0.36220472440944884, 0.4429530201342282, 0.38333333333333336, 0.6185567010309279, 0.9038461538461539], "support": [56, 45, 54, 65, 56, 55], "confusion_matrix": [[7, 34, 12, 3, 0, 0], [1, 23, 20, 1, 0, 0], [1, 15, 33, 5, 0, 0], [0, 10, 29, 23, 3, 0], [0, 0, 1, 23, 30, 2], [0, 0, 0, 0, 8, 47]], "predictions": [1.988250494003296, 2.0100042819976807, 3.76163911819458, 0.9674794673919678, 1.8323569297790527, 0.24112248420715332, 1.9303563833236694, 0.28177976608276367, 0.8740766048431396, 1.6244219541549683, 2.34184193611145, 0.9213058948516846, 1.6745507717132568, 2.735004425048828, 1.0418204069137573, 2.2233314514160156, 1.599161148071289, 2.8209497928619385, 1.2105029821395874, 1.6664825677871704, 0.9862164258956909, 1.4461781978607178, 0.8932032585144043, 1.6648989915847778, 2.3839516639709473, 1.7884728908538818, 3.3259119987487793, 1.6392247676849365, 1.7464709281921387, 2.3901379108428955, 0.3951282501220703, 1.8215739727020264, 1.4646564722061157, 2.180562973022461, 2.325368642807007, 2.1025328636169434, 0.4050180912017822, 1.1992403268814087, 3.3094258308410645, 1.7125203609466553, 1.4697526693344116, 0.31716418266296387, 3.3580245971679688, 2.406557083129883, 2.5830907821655273, 1.3392930030822754, 1.3557430505752563, 3.5077133178710938, 3.0496606826782227, 3.023106336593628, 1.7325575351715088, 1.7691452503204346, 4.025138854980469, 1.5410575866699219, 2.9380505084991455, 2.433481454849243, 0.8728158473968506, 0.9011409282684326, 3.0264639854431152, 2.2452304363250732, 3.3639349937438965, 3.2002110481262207, 3.63683819770813, 1.7715601921081543, 1.3002735376358032, 2.1979916095733643, 1.8361077308654785, 1.278434157371521, 2.0442428588867188, 2.8175885677337646, 0.7625294923782349, 1.768476963043213, 0.2505497932434082, 0.5853309631347656, 1.0827815532684326, 2.7764363288879395, 0.17413640022277832, 1.4707386493682861, 1.376353144645691, 1.0886626243591309, 0.7712454795837402, 3.3079235553741455, 1.4807265996932983, 0.5513345003128052, 1.108790636062622, 0.6133750677108765, 0.6973763704299927, 1.3361023664474487, 1.9115040302276611, 3.379633903503418, 1.3532100915908813, 4.0973076820373535, 1.187157154083252, 3.1444249153137207, 0.5812705755233765, 2.7647268772125244, 3.351010799407959, 2.553072452545166, 1.5976347923278809, 2.0358099937438965, 1.7822450399398804, 3.550637722015381, 1.489542841911316, 1.645241141319275, 1.3128868341445923, 2.3814618587493896, 1.1189815998077393, 0.6509624719619751, 1.8677109479904175, 0.33388710021972656, 2.9320809841156006, 1.3666599988937378, 1.3758729696273804, 1.3266559839248657, 2.1518447399139404, 3.0906476974487305, 0.2487621307373047, 1.286835789680481, 2.903843641281128, 0.6757029294967651, 2.2153451442718506, 2.7055492401123047, 1.5219037532806396, 2.8782238960266113, 1.7999775409698486, 1.82405686378479, 2.981907367706299, 1.3093724250793457, 1.267038345336914, 2.696737289428711, 2.6704015731811523, 1.2789608240127563, 2.7994537353515625, 3.40144944190979, 0.8852776288986206, 2.1539742946624756, 3.2907609939575195, 1.672987461090088, 2.5895018577575684, 2.4936275482177734, 1.3136564493179321, 3.8997318744659424, 1.4157706499099731, 2.464935302734375, 1.6453264951705933, 2.331622362136841, 1.731069564819336, 1.7524819374084473, 1.4966658353805542, 1.6529160737991333, 1.1258763074874878, 2.1814723014831543, 0.8242725133895874, 3.4974327087402344, 1.2687056064605713, 1.8063446283340454, 2.9894943237304688, 1.932033896446228, 2.2867565155029297, 3.7907874584198, 3.325352191925049, 2.122312307357788, 3.3892431259155273, 0.9305752515792847, 2.9470198154449463, 3.0059680938720703, 2.792660713195801, 2.009842872619629, 1.1294646263122559, 1.4398508071899414, 2.5337817668914795, 0.5859324932098389, 1.3111366033554077, 2.275498628616333, 1.587274193763733, 1.2016956806182861, 4.323758602142334, 1.5020065307617188, 2.584409713745117, 2.5466277599334717, 0.8292003870010376, 2.292745351791382, 1.012123942375183, 0.6939328908920288, 0.8552591800689697, 3.1354317665100098, 1.970693588256836, 3.890307903289795, 1.709051489830017, 1.96732759475708, 1.4685035943984985, 0.9623463153839111, 2.2057626247406006, 2.9613583087921143, 2.3411991596221924, 3.8919224739074707, 3.6766433715820312, 4.510464668273926, 3.8449790477752686, 3.6118698120117188, 3.5100350379943848, 3.392667770385742, 4.353240489959717, 4.045713901519775, 4.032663345336914, 3.5874733924865723, 3.1018731594085693, 4.150652885437012, 4.472342491149902, 3.5603840351104736, 3.775524616241455, 4.189516067504883, 4.160158157348633, 4.337411403656006, 3.7207138538360596, 3.5282273292541504, 3.091215133666992, 3.7611193656921387, 5.711302280426025, 4.784848213195801, 5.081856727600098, 4.568280220031738, 4.260423183441162, 5.531856060028076, 5.147464275360107, 4.632647514343262, 4.1906208992004395, 4.311031341552734, 4.969308376312256, 5.36892557144165, 4.561130523681641, 5.209805011749268, 4.27561092376709, 5.574245929718018, 4.697091102600098, 5.191732406616211, 4.529407501220703, 5.099746227264404, 4.726902008056641, 4.827823162078857, 4.750031471252441, 5.2074055671691895, 4.585773468017578, 5.332716941833496, 5.4121270179748535, 4.906044006347656, 4.795666694641113, 4.713809967041016, 5.055792331695557, 5.135331630706787, 5.134360313415527, 4.960941314697266, 4.9801740646362305, 4.407878398895264, 4.653825759887695, 5.1061201095581055, 5.2759928703308105, 5.68770694732666, 5.309452533721924, 4.665235996246338, 4.025404930114746, 5.3071746826171875, 1.6188766956329346, 1.4113037586212158, 1.812645673751831, 2.2841956615448, 1.0590242147445679, 2.0452423095703125, 1.7867447137832642, 1.1004480123519897, 2.212127208709717, 2.218043804168701, 4.283236503601074, 2.1866455078125, 5.227903366088867, 3.696934938430786, 0.9092618227005005, 2.041369676589966, 5.207627296447754, 2.263911247253418, 2.170217275619507, 0.7431652545928955, 2.0795133113861084, 0.9515806436538696, 1.4175219535827637, 1.5780621767044067, 1.6377511024475098, 0.9268659353256226, 2.339169979095459, 4.088019371032715, 0.9681727886199951, 2.2920680046081543, 2.7123889923095703, 2.0037102699279785, 5.300192832946777, 0.8777123689651489, 3.3256046772003174, 1.7086093425750732, 5.066019058227539, 4.506235122680664, 1.4752521514892578, 0.7264361381530762, 3.216416358947754, 1.8256655931472778, 0.5835168361663818, 5.494023323059082, 4.03491735458374, 1.9831717014312744, 1.3948413133621216, 1.3545271158218384, 2.5589189529418945, 1.7366907596588135, 1.9066803455352783, 4.751814842224121, 1.5499308109283447, 1.1823134422302246, 4.578370094299316, 1.817134141921997, 2.898822784423828, 2.7745633125305176, 3.454820156097412, 1.948676347732544, 2.381226062774658, 0.7716522216796875, 1.7107501029968262, 0.9109127521514893, 5.57952880859375, 4.213324069976807, 4.7590742111206055, 2.6307730674743652, 3.680220603942871], "params": {"iterations": 1510, "learning_rate": 0.014286, "depth": 3, "l2_leaf_reg": 3.4047e-06, "bagging_temperature": 2.5656, "random_strength": 4.1266, "border_count": 207}, "time_end": "2026-02-28T11:53:27.664367"}