{"model": "catboost_minilm_features-extract_casing_bigrams", "type": "test", "seed": 42, "time_start": "2026-02-28T11:38:23.745774", "mse": 0.7256849408149719, "accuracy": 0.48942598187311176, "corr": 0.865009359191617, "precision": [0.8571428571428571, 0.26582278481012656, 0.35353535353535354, 0.4067796610169492, 0.7317073170731707, 1.0], "recall": [0.10714285714285714, 0.4666666666666667, 0.6481481481481481, 0.36923076923076925, 0.5357142857142857, 0.8363636363636363], "f1": [0.19047619047619047, 0.3387096774193548, 0.45751633986928103, 0.3870967741935484, 0.6185567010309279, 0.9108910891089109], "support": [56, 45, 54, 65, 56, 55], "confusion_matrix": [[6, 36, 11, 3, 0, 0], [1, 21, 22, 1, 0, 0], [0, 13, 35, 6, 0, 0], [0, 9, 30, 24, 2, 0], [0, 0, 1, 25, 30, 0], [0, 0, 0, 0, 9, 46]], "predictions": [1.7395005226135254, 1.8947439193725586, 3.739234685897827, 1.0949000120162964, 1.8430769443511963, 0.428875207901001, 2.1108179092407227, 0.5211774110794067, 0.9194518327713013, 1.5880541801452637, 2.337146282196045, 0.8263134956359863, 1.6764428615570068, 2.6820693016052246, 1.3247687816619873, 2.190034866333008, 1.6923489570617676, 2.864396333694458, 1.341090440750122, 1.5841288566589355, 1.0385998487472534, 1.4025176763534546, 0.904738187789917, 1.6320366859436035, 2.470733642578125, 1.8731613159179688, 3.154526948928833, 1.7176766395568848, 1.5405142307281494, 2.3403029441833496, 0.366497278213501, 1.887699007987976, 1.6806731224060059, 2.1046056747436523, 2.366612672805786, 2.1793301105499268, 0.6624115705490112, 1.261142373085022, 3.4352922439575195, 1.7366154193878174, 1.3938802480697632, 0.44886016845703125, 3.5691628456115723, 2.530979633331299, 2.540670394897461, 1.3670763969421387, 1.2334195375442505, 3.4779536724090576, 2.992473602294922, 2.9349560737609863, 1.7341430187225342, 1.9575581550598145, 3.8791189193725586, 1.4228779077529907, 2.8990132808685303, 2.48673415184021, 1.0663058757781982, 0.7941644191741943, 2.905299186706543, 2.472043514251709, 3.2531814575195312, 3.3826894760131836, 3.5534212589263916, 1.7531366348266602, 1.252651572227478, 2.153717041015625, 1.79374098777771, 1.2387549877166748, 2.046678066253662, 2.774502754211426, 0.6421856880187988, 1.9525372982025146, 0.2640340328216553, 0.6453304290771484, 1.0663888454437256, 2.822815418243408, 0.10608291625976562, 1.5563617944717407, 1.571828007698059, 1.2623358964920044, 0.8325679302215576, 3.3784408569335938, 1.6507319211959839, 0.5053665637969971, 1.0668859481811523, 0.5647673606872559, 0.7889292240142822, 1.4908130168914795, 2.033632278442383, 3.4328184127807617, 1.3121612071990967, 3.9163806438446045, 1.3553991317749023, 3.2973172664642334, 0.6650474071502686, 2.8492677211761475, 3.326420545578003, 2.522819757461548, 1.5274147987365723, 1.9656845331192017, 1.6745326519012451, 3.3590102195739746, 1.5220329761505127, 1.6110010147094727, 1.0680888891220093, 2.3148696422576904, 1.1642119884490967, 0.5996577739715576, 1.8085554838180542, 0.22761130332946777, 2.8181235790252686, 1.4417836666107178, 1.2620983123779297, 1.4043049812316895, 2.159531354904175, 3.0876247882843018, 0.36232829093933105, 0.9803940057754517, 2.9653775691986084, 0.7575596570968628, 2.3100082874298096, 2.5703907012939453, 1.6682066917419434, 2.856661796569824, 1.7867372035980225, 1.9078788757324219, 3.0311214923858643, 1.2670942544937134, 1.5802702903747559, 2.6786017417907715, 2.51029109954834, 1.1326920986175537, 2.728975534439087, 3.3071348667144775, 0.9274263381958008, 2.398437023162842, 3.456883192062378, 1.5494771003723145, 2.5918238162994385, 2.748417854309082, 1.2622283697128296, 4.061023235321045, 1.4956923723220825, 2.2950501441955566, 1.3345816135406494, 2.3914566040039062, 1.672043800354004, 1.9421030282974243, 1.5929176807403564, 1.7714424133300781, 0.8723859786987305, 2.426689863204956, 0.8731201887130737, 3.3316144943237305, 1.2016829252243042, 1.9454243183135986, 2.912921190261841, 1.844914436340332, 2.2425942420959473, 3.7753303050994873, 3.354924201965332, 2.0848708152770996, 3.4720542430877686, 0.8959469795227051, 2.9900591373443604, 2.8105199337005615, 2.663506507873535, 2.0590507984161377, 1.034176230430603, 1.460084080696106, 2.5710642337799072, 0.5188009738922119, 1.3654206991195679, 2.232619047164917, 1.8882803916931152, 1.1957337856292725, 4.1348114013671875, 1.6104280948638916, 2.577583074569702, 2.334496021270752, 0.8505817651748657, 2.364773988723755, 1.0185482501983643, 0.7682931423187256, 0.6856286525726318, 3.2251029014587402, 2.077024221420288, 3.851311206817627, 1.7795240879058838, 2.1176297664642334, 1.6487891674041748, 1.0952234268188477, 2.105318784713745, 2.7094662189483643, 2.3711273670196533, 3.9040932655334473, 3.5711536407470703, 4.351110935211182, 4.037429332733154, 3.360435962677002, 3.484783172607422, 3.313326358795166, 4.324860572814941, 4.175128936767578, 3.927262306213379, 3.5702314376831055, 2.996797800064087, 3.8445117473602295, 4.427951812744141, 3.4330434799194336, 3.638223648071289, 4.263498306274414, 4.120455741882324, 4.404718399047852, 3.7829625606536865, 3.6346330642700195, 3.2580995559692383, 3.8522415161132812, 5.679780960083008, 4.842772960662842, 5.182088375091553, 4.502478122711182, 4.08563232421875, 5.647744655609131, 4.946115493774414, 4.621365547180176, 4.1791887283325195, 4.465610980987549, 4.896759986877441, 5.394198894500732, 4.554222106933594, 5.189109802246094, 4.393282890319824, 5.544633865356445, 4.579460144042969, 5.075967788696289, 4.7913432121276855, 4.897371292114258, 4.831138610839844, 4.8876800537109375, 4.743135452270508, 5.230267524719238, 4.627893447875977, 5.423700332641602, 5.251197814941406, 4.86392879486084, 4.847044467926025, 4.607267379760742, 5.056684494018555, 5.065245628356934, 5.318346977233887, 5.020462512969971, 5.015877723693848, 4.584206581115723, 4.49376916885376, 5.196321487426758, 5.419164657592773, 5.689167499542236, 5.23649263381958, 4.704368591308594, 3.9805479049682617, 5.231340408325195, 1.6159377098083496, 1.4025287628173828, 1.8820291757583618, 2.306285858154297, 1.1364998817443848, 2.032569169998169, 1.9852583408355713, 1.1685556173324585, 2.2657883167266846, 2.0279557704925537, 4.173700332641602, 2.1917006969451904, 5.259087562561035, 3.5993003845214844, 1.074087381362915, 1.8716096878051758, 5.121309757232666, 2.3552889823913574, 2.2988271713256836, 0.7132960557937622, 2.2015860080718994, 1.2976677417755127, 1.438577651977539, 1.768737554550171, 1.6251922845840454, 1.1528581380844116, 2.2266366481781006, 4.174505233764648, 1.0062215328216553, 2.316627264022827, 2.6439459323883057, 2.0308213233947754, 5.33486795425415, 0.7634783983230591, 3.423736095428467, 2.0271010398864746, 4.998990535736084, 4.356149673461914, 1.3439927101135254, 0.6726367473602295, 3.2625269889831543, 1.6638975143432617, 0.5195034742355347, 5.358020782470703, 3.931110143661499, 1.9567303657531738, 1.483107328414917, 1.2742034196853638, 2.603196620941162, 1.9443227052688599, 1.9198613166809082, 4.72842264175415, 1.3822892904281616, 1.3030014038085938, 4.417098045349121, 1.8475444316864014, 2.9895005226135254, 2.8816473484039307, 3.614248752593994, 1.8560919761657715, 2.470137357711792, 0.7854989767074585, 1.6513005495071411, 0.9202837944030762, 5.653616905212402, 4.014366149902344, 4.96625280380249, 2.6800146102905273, 3.6535511016845703], "params": {"iterations": 1510, "learning_rate": 0.014286, "depth": 3, "l2_leaf_reg": 3.4047e-06, "bagging_temperature": 2.5656, "random_strength": 4.1266, "border_count": 207}, "time_end": "2026-02-28T11:38:23.809714"}