{"model": "catboost_minilm_features-extract_preposition_imageability", "type": "train", "seed": 42, "train_losses": [], "val_losses": [], "time_start": "2026-02-28T11:59:37.655976", "mse": 0.13355274535138761, "accuracy": 0.8358974358974359, "corr": 0.9776624126233405, "precision": [1.0, 0.7746478873239436, 0.631578947368421, 0.8309859154929577, 0.923728813559322, 1.0], "recall": [0.7610619469026548, 0.7857142857142857, 0.9230769230769231, 0.7814569536423841, 0.8449612403100775, 0.9307692307692308], "f1": [0.864321608040201, 0.7801418439716312, 0.75, 0.8054607508532423, 0.8825910931174089, 0.9641434262948207], "support": [113, 140, 117, 151, 129, 130], "confusion_matrix": [[86, 27, 0, 0, 0, 0], [0, 110, 30, 0, 0, 0], [0, 5, 108, 4, 0, 0], [0, 0, 33, 118, 0, 0], [0, 0, 0, 20, 109, 0], [0, 0, 0, 0, 9, 121]], "predictions": [3.1913130977762454, 0.8388138607875866, 0.44084216242050767, 2.9043835405024248, 0.2790635058207731, 2.5501387967254554, 1.765778434871919, 0.3855331002069802, 0.1793354624244663, 1.3383911592977258, 2.1737143206538945, 0.474393565212059, 2.427912671269935, 3.821574123712794, 0.16558849602420045, 3.3167251807655087, 0.45503126407501604, 2.5603782466114384, 0.2898778580930439, 1.218831616254584, 2.0974588106778542, 3.9089690463582976, 0.40852689370284656, 4.0346890969419285, 0.38991373527936757, 0.25193461311642507, 3.1373240454233997, 1.4809746190181075, 1.548929531610891, 0.13435838616527418, 2.704672280818721, 0.6752277707019374, 0.9326890781181469, 2.1479720238198152, 1.3201512922893723, 2.92338544512838, 2.859191892913792, 0.28772604092836707, 0.33120810183594784, 2.855922384547013, 1.1065982617433623, 2.4297682098145774, 4.038629037501586, 1.6428842050200496, 0.5564834075100058, 0.8033440839640689, 4.060920249811696, 1.5630318703902786, 2.549987927844084, 0.06543154880348556, 0.9570179119415494, 4.170096414514992, 3.2256772133965734, 2.198489520930339, 1.9183506414685745, 0.30781634196224283, 1.4326180795427592, 0.19665130358603067, 1.5888749306876635, 1.7629768904848166, 0.8762077655674079, 0.23565323386260628, 1.103856710009883, 0.23053676297919212, 1.129866162200323, 0.4608932387899163, 1.2407779366302754, 1.6771561703957225, 1.4024305081319268, 0.1741287989952105, 4.35580069257925, 0.8219070944603244, 0.23439745452197114, 3.2375985160956673, 2.657732595766758, 1.8602645274165421, 0.29317553471566615, 1.263151802295067, 1.845565691300385, 0.17002632679842788, 3.036958695561453, 0.4047867365107063, 0.6517706375613679, 3.6538027264647885, 2.3322484829837693, 2.703008033402391, 3.3311812759149584, 2.663438492020173, -0.0671221288428474, 1.9500288199899167, 0.3390171923827552, 0.3639882578684408, 3.631611148236005, 2.5125501298448625, 1.5534731914650721, 3.3305551473583366, 1.7460589655169798, 3.368961733204433, 3.353682399911681, 1.7003180107348905, 1.3472216695449653, 1.2684182905189898, 1.2696746462628117, 3.701126807123652, 1.7093189637003219, 1.6771102259612127, 2.7804918991484113, 0.39652159494115846, 2.329702472610184, 0.48546673694691433, 1.6128656879220866, 2.9834561554517083, 3.5232509567657084, 3.325719300948925, 0.09457423613151583, 2.485710601305356, 1.9985012876391506, -0.08344631664260094, 2.763180594811116, 1.751578585165372, 2.6508891304254454, 1.54866681515987, 2.178110937724189, 2.900741377339596, 0.08577709249392562, 1.881511800186374, 3.2854917411239852, 2.164513829036902, 0.05973259879225212, 2.4946117724963153, 3.2964966467491084, 2.62864679432063, 2.028617872564952, 0.41261148714707563, 0.8392879045257717, 1.9054240223240257, 2.6599647057273503, 1.9674989290795404, 2.1843487002745867, 2.2191777711011236, 0.3004036667892831, 0.3939912952864999, 1.7419894328167569, 3.810063186671904, 3.5717023035167417, 2.737875592131103, 1.3374280083657561, 2.570864680400609, 1.8217466833902787, 0.19920712110309235, 2.370914067851445, 2.1154977630732423, 3.789263751655063, 0.2924280450632768, 2.1573922090677202, 1.6617442862828027, 1.6720199717470514, 2.794890259737935, 3.8112172481612636, 0.21205138447519678, 0.5730845280245744, 1.448248391966874, 2.2875254168871537, 1.0122590791396786, -0.04298178798440766, 2.3238397232069428, 3.8684255230464073, 2.4615356041286196, 1.510732691749756, 3.6182898635621052, 0.050663916403273834, 0.6834414676391409, 2.5237691617886777, 2.3549293085907546, 2.969194365683618, 3.8299925477837804, 2.5439303782051046, 2.6434580040927202, 2.1756179686646346, 0.4506048982696127, 2.198446205242968, 0.27200131062145694, 0.3589201946383813, 3.1973061258062305, 1.8261384688869378, 2.8418444293982095, 1.346597294371216, 2.3913531472038514, 3.202275632388635, 0.04454613895776394, 2.5336720325861193, 2.278621484370107, 3.0482247673380467, 1.2696431086943976, 1.738258214329362, 1.6786216293640783, 0.6911466284541403, 1.7796174378828096, 1.0057961051470379, 2.923878345648516, 2.582777766070488, 0.9326608200336568, 3.164570036983781, 3.279956106898807, 3.708922780782075, 2.3387270864791025, 1.8219187186584944, 2.6966946053313787, 2.0327608189312247, 0.5340000807328498, 3.02550788735989, 0.43609810856075804, 0.4492789518152258, 1.7611429651537618, 1.6948352697981246, 3.7085215715360302, 3.8661692690501415, 1.659525297878634, 1.6498710125057032, 0.5204132244102551, 2.7974860398594417, 2.495622298682008, 0.5743722744808397, 2.084673437435394, 2.544472442509403, 2.3455857506165763, 3.6090689655503976, 1.0711973298292738, 3.2509243384654622, 3.030278183705006, 2.718770015768766, 3.7202478646941906, 0.4667849368614858, 3.835831274595509, 3.5091781412531975, 3.6144021884064492, 3.603393476038468, 0.09361948183417024, 0.7485426797527994, 0.754587646271142, 2.801862667854422, 4.384676362113203, 0.3491763765347278, 1.442780577613171, 3.266301300870291, 4.245989824333543, 0.7121855372902834, 4.517008190930241, 3.4084335793086464, 0.3766038215775387, 1.7742688329529797, 2.05335947946011, 1.8834836362849288, 1.466185572948288, 1.7025685568452045, 3.1955272727629707, 2.0132238054462452, 4.51604811385009, 1.7816091743457023, 3.401523196461791, 0.18028950594427284, 3.588171858050477, 1.5991785188880487, 2.9945292335265403, 3.7988718978912512, 1.4191221956100644, 1.2896357533696519, 1.0782230368717896, 2.4333416959616785, 2.903795087416986, 0.8377713910818796, 0.1844471832755059, 2.914702898851257, 3.41906508016797, 2.122162237026263, 4.323602883985324, 0.23868595911099133, 2.4865584092742696, 1.5876622538115357, 2.6381998318862716, 1.8551642216199837, 1.0459072403743543, 1.1525717197658032, 0.5108410322375192, 3.1281631406469037, 0.2864350597932477, 1.091782173968329, 0.6716619604089125, 1.1960311704675142, 0.3261836670174989, 2.224049088577879, 2.9511568814436417, 3.4784030398534447, 1.5665949751295432, 2.8582093993403412, 1.6664611517601338, 1.6367105880455735, 3.2313705452069454, 3.272551715962484, 2.3114553956203645, 2.6373012025438487, 1.8465186335712565, 2.5503517370339206, 0.49894430553573255, 2.9514334558685924, 3.740649613550303, 4.233558078625077, 3.804235748827402, 3.875531354946828, 3.60313130033213, 3.9146941857752693, 3.779266366650474, 4.358254239725516, 3.4837390239513755, 4.3032514203719945, 3.966729293984287, 4.147812488826349, 4.155412344765273, 4.084551089805714, 4.11866832319199, 3.8728997990113987, 3.836630175984422, 3.7110970526012785, 3.7734377404510218, 3.7348860812231743, 4.312327287927191, 3.434136818136965, 4.037522125768376, 4.1932904820237775, 3.79867827761745, 3.878264892111617, 4.331299336155929, 3.832517018809868, 5.243582016039057, 5.287994241672928, 4.856580214051569, 4.819764883546766, 5.085253086126375, 4.922348625472542, 4.973584700992127, 5.341989369435392, 4.650562561491768, 4.815276386513204, 4.897358554603413, 4.870650331374211, 5.111095738260418, 5.1000418260948415, 4.731208059484512, 5.254257962562295, 4.962660411029195, 5.178891621125346, 4.84733190547831, 4.678374063320488, 4.398694724598829, 5.093965657879334, 4.754702296561055, 5.333592523207507, 5.184416854424679, 4.750452388832911, 4.852130399701213, 4.837691142124221, 4.523219462244027, 4.566035266702124, 