{"model": "catboost_minilm_features-extract_lexical_density", "type": "train", "seed": 42, "train_losses": [], "val_losses": [], "time_start": "2026-02-28T11:24:20.896170", "mse": 0.13375717668119042, "accuracy": 0.8192307692307692, "corr": 0.9776829797626478, "precision": [1.0, 0.7448275862068966, 0.6184971098265896, 0.8214285714285714, 0.8934426229508197, 1.0], "recall": [0.7168141592920354, 0.7714285714285715, 0.9145299145299145, 0.7615894039735099, 0.8449612403100775, 0.9153846153846154], "f1": [0.8350515463917526, 0.7578947368421053, 0.7379310344827587, 0.7903780068728522, 0.8685258964143426, 0.9558232931726908], "support": [113, 140, 117, 151, 129, 130], "confusion_matrix": [[81, 32, 0, 0, 0, 0], [0, 108, 32, 0, 0, 0], [0, 5, 107, 5, 0, 0], [0, 0, 34, 115, 2, 0], [0, 0, 0, 20, 109, 0], [0, 0, 0, 0, 11, 119]], "predictions": [3.292270598782261, 0.8541940432963311, 0.5379207894723821, 2.8324306291295014, 0.29161873747274347, 2.567642334868933, 1.777916921576891, 0.4111078100922043, 0.16730914680217657, 1.4510379459114058, 2.17997635296883, 0.48891268320164905, 2.308989292689779, 3.809205613616054, 0.20532306297744007, 3.2688081604437342, 0.4457430825016857, 2.5419283828498935, 0.3127319956424506, 1.3154254094493754, 2.0955554668091625, 3.9054808649801824, 0.4553690559430903, 3.956449768541247, 0.40817143485676377, 0.2141965815670126, 3.1391802582021295, 1.4554360524186427, 1.5320959862704004, 0.19936948650520092, 2.839314119954268, 0.6671767222115152, 1.0733331757247002, 2.073357662166715, 1.3498935015281877, 3.123589378036347, 2.98718783412404, 0.23883526164987634, 0.3168345409236002, 2.797255367670258, 1.1701330092699966, 2.4718460763538226, 3.947766424318278, 1.5818040219226588, 0.5753258284793439, 0.7329081467660303, 4.058279186030754, 1.6056569211617036, 2.5766629656277233, 0.15277851656396413, 0.8545479422429347, 4.157274071478007, 3.2695427662342667, 2.2633449035607485, 1.8313974008020675, 0.31329054097815234, 1.4550222324645636, 0.2029629821303538, 1.522052864027693, 1.7866901860264033, 1.0469429640338963, 0.18653605324443578, 1.1507902123260985, 0.2036505234070094, 1.079964683312724, 0.33095581276682084, 1.2946327212266164, 1.720227217862048, 1.406571401153525, 0.23995577345145946, 4.487238851910199, 0.9013604921664562, 0.2606816508872134, 3.3427187135598047, 2.5348841763290606, 1.8995901722476973, 0.2606943081200428, 1.3052896363316622, 2.0881219205308352, 0.1941716860155709, 3.0991967812834433, 0.3489775152110308, 0.6708033800308637, 3.5373633616044184, 2.193046584498071, 2.6989658550289786, 3.305639470860177, 2.7523175981884234, -0.08746150859959956, 1.926501691340758, 0.3477567539473645, 0.3994939445064998, 3.731013284736364, 2.4912409296747304, 1.6105287463619904, 3.4340231120118245, 1.65457492190803, 3.475440952591714, 3.2690453842334617, 1.8180864280059936, 1.3035448637876144, 1.317583751059946, 1.250409172274375, 3.8140382668532666, 1.7016586152302242, 1.7176756907808284, 2.782925437222693, 0.5047443098141235, 2.285085962632704, 0.5359184398715575, 1.5628497999047504, 2.9626640612385113, 3.5015714029079135, 3.251703765672583, -0.025253206325505317, 2.4793714980626254, 1.8576413280543493, -0.06282546561976421, 2.7966273068108194, 1.7755634652441084, 2.684003600396881, 1.5384254822873236, 2.095060663940458, 2.761235533094585, -0.0031349860284826114, 1.9070920754156706, 3.3160986360025033, 2.177608814007072, -0.01871575233431555, 2.5112251424152334, 3.286028783992638, 2.726375230286086, 2.0047185024278114, 0.43711944375044753, 0.7472863999526371, 1.9882039777197917, 2.6898381632362094, 2.0804609893767876, 2.19075669009051, 2.1421661624182775, 0.4006616959396392, 0.31866945633370536, 1.6534389594168284, 3.831066520634382, 3.6802520936480807, 2.804082542346379, 1.350037858370311, 2.529466162568713, 1.8361405418013939, 0.23858047095472168, 2.3498390149373756, 1.9966428434909742, 3.8354327100205916, 0.3255064194796753, 2.1975932933046987, 1.6587304435525358, 1.6794508140003732, 2.738230664290974, 3.8384458432652346, 0.19712926114624718, 0.5080730540046159, 1.5206654040950354, 2.25753449837722, 1.0504197667970592, 0.101603763916712, 2.2463569007497233, 3.9085215319566835, 2.4354620920313237, 1.5839648442146226, 3.5989622468553746, 0.16231662932786772, 0.7070831323459081, 2.570423711098144, 2.260699225770538, 2.8637803674233084, 3.7944903547876803, 2.459139956293034, 2.5513793219871284, 2.169620438453848, 0.46662200639036033, 2.1433239476994865, 0.25146060621319055, 0.43149700995965556, 3.2815886371035696, 1.775289325748973, 2.836247066656747, 1.3332857513596843, 2.308355282769023, 3.144827638839902, -0.02308136584992937, 2.5229750706803604, 2.2291067274484924, 3.111242641494853, 1.2717027803354364, 1.643268015420353, 1.675753303559684, 0.6861215226785298, 1.7086516579532094, 0.9737625669770977, 2.943682105378434, 2.4836737082002864, 1.035158243884262, 3.1233108990081755, 3.2576189183530326, 3.5944703485026057, 2.358082640991345, 1.8131529701155695, 2.628984401794034, 2.0535971030267866, 0.5221883936906406, 3.0283756445221695, 0.40899085287017334, 0.5124174115115618, 1.7540947757623888, 1.7059748163912574, 3.61517573060539, 3.7910687761675064, 1.6941244980708594, 1.5523866434585563, 0.5485057515603724, 2.7063254405264225, 2.455619181310575, 0.54566903598201, 2.0927269165490956, 2.535439112245642, 2.382680886589799, 3.501532445323977, 0.9941310867748214, 3.304658281610941, 3.023972981053222, 2.685007561342045, 3.727961833817622, 0.4429231338302162, 3.814013048819314, 3.445859494280522, 3.6530877022436146, 3.675136014870727, 0.0796847052955858, 0.825479734303119, 0.7491894475604088, 2.93384253796504, 4.499129870862983, 0.39951302837825775, 1.5245922252488588, 3.256272663544515, 4.337259368972125, 0.6732231386576255, 4.6330388131585964, 3.501169157400833, 0.43542602443044087, 1.8357221343749917, 2.0713492691246294, 1.8406619119161496, 1.3843636957561958, 1.676704713657076, 3.1002417254138255, 1.8986585001582514, 4.334146088471993, 1.7905932220457492, 3.468243282066891, 0.24707565457996505, 3.539620212852615, 1.5643139535612822, 2.936029600541019, 3.7460508686478367, 1.4264460337745046, 1.1726206339315002, 1.1386536020430174, 2.4586092772603325, 2.684792408255561, 0.7886425065064677, 0.1534427026022236, 2.987497011463739, 3.2826522089609904, 2.054766084404419, 4.303814620435927, 0.23370955364955348, 2.539289336026954, 1.6056930154544504, 2.649103801311181, 1.8494933049040112, 0.8305012140146129, 1.1191722934361146, 0.4603516783873167, 3.1629240287112856, 0.21451324142416173, 1.1694407743099842, 0.6181197292991623, 1.1875248137767993, 0.35361218179649034, 2.2989297949365053, 2.939616798058634, 3.4743381800653466, 1.645335375858291, 2.7500395369880506, 1.5452512169779316, 1.6169900881493935, 3.1429426019543554, 3.2043409242521497, 2.41127257882529, 2.6579269216232437, 1.9094090700321753, 2.5390742376300897, 0.5173754970266837, 2.966913993829128, 3.6680238081277627, 4.195461782323241, 3.8429310005698367, 3.864157580846808, 3.6004348272852225, 4.012505647031888, 3.722560401006054, 4.405934902327385, 3.519672950451012, 4.318153135207794, 3.998335853062799, 4.229721000880196, 4.159789429732598, 4.114341302100173, 4.050572040271119, 4.024385344291309, 3.7750389625146443, 3.7036978117452826, 3.642023781266891, 3.709104688917898, 4.397703534320993, 3.4458449547194707, 4.140600819677493, 4.179878579944203, 3.9094005151461184, 3.840509201757301, 4.339984380455883, 4.020832171813987, 5.320084871853361, 5.321171526558231, 4.788674776371126, 4.823570960571216, 5.114559467628963, 4.939600743480744, 5.166777030196185, 5.282860372315735, 4.588867750818146, 4.775324390873936, 4.787883596612943, 4.741897569493448, 4.994829407331441, 5.149499027593589, 4.6088959668015335, 5.22772592365634, 4.7949515909279254, 5.2052113406054215, 4.856362157331785, 4.629303269358031, 4.470306396172785, 4.9928321573241, 4.879296584163875, 5.2317980929031, 5.182317639624415, 4.731900828791158, 4.739367755525453, 5.0088148513767745, 4.415855944198144, 4.721028349473583, 