{"model": "catboost_minilm", "type": "test", "seed": 42, "time_start": "2025-12-31T20:13:16.567099", "mse": 0.743872344493866, "accuracy": 0.5, "corr": 0.8665652627943737, "precision": [0.8333333333333334, 0.234375, 0.3333333333333333, 0.475, 0.7272727272727273, 1.0], "recall": [0.10204081632653061, 0.5357142857142857, 0.5333333333333333, 0.36538461538461536, 0.7272727272727273, 0.8181818181818182], "f1": [0.18181818181818182, 0.32608695652173914, 0.41025641025641024, 0.41304347826086957, 0.7272727272727273, 0.9], "support": [49, 28, 45, 52, 44, 44], "confusion_matrix": [[5, 31, 10, 3, 0, 0], [0, 15, 12, 1, 0, 0], [1, 13, 24, 7, 0, 0], [0, 5, 24, 19, 4, 0], [0, 0, 2, 10, 32, 0], [0, 0, 0, 0, 8, 36]], "predictions": [1.7061678171157837, 1.1808632612228394, 5.102579116821289, 4.785029411315918, 0.7321726083755493, 2.327288866043091, 4.275522708892822, 3.269688606262207, 0.3782477378845215, 2.5943140983581543, 3.3250226974487305, 3.7896568775177, 1.1697797775268555, 3.9437193870544434, 4.203529357910156, 3.0280160903930664, 0.4293558597564697, 2.6616530418395996, 3.539322853088379, 1.9829270839691162, 2.0262553691864014, 1.4270727634429932, 2.7754170894622803, 2.580904006958008, 2.031785488128662, 1.6242802143096924, 4.372427940368652, 4.297612190246582, 1.1160519123077393, 2.8347671031951904, 3.622499465942383, 4.46191930770874, 2.8511831760406494, 2.338644504547119, 4.55314826965332, 5.281742095947266, 0.17012286186218262, 1.96523916721344, 3.9262540340423584, 2.2613778114318848, 3.7949094772338867, 3.9614806175231934, 1.9384843111038208, 1.884256362915039, 4.053938865661621, 0.684694766998291, 1.469801902770996, 1.8238754272460938, 2.1829299926757812, 3.0784032344818115, 3.6774168014526367, 3.312051773071289, 0.606099009513855, 1.030938744544983, 2.0885093212127686, 5.303152084350586, 5.045938491821289, 4.666534423828125, 5.272983074188232, 1.7337297201156616, 2.7887611389160156, 1.4351345300674438, 1.780531644821167, 3.9281411170959473, 1.9606302976608276, 1.901172161102295, 2.508371353149414, 1.9735643863677979, 1.2687907218933105, 1.0126755237579346, 1.826916217803955, 1.2332478761672974, 1.671107292175293, 3.4623489379882812, 4.346053123474121, 4.039350509643555, 2.476148843765259, 1.1470670700073242, 0.7063804864883423, 1.9967331886291504, 1.3308742046356201, 3.6017704010009766, 1.4835494756698608, 1.6609201431274414, 2.017529249191284, 1.1400171518325806, 1.0074799060821533, 1.2442518472671509, 2.143954277038574, 1.013170838356018, 3.575303077697754, 1.7620201110839844, 1.469046711921692, 3.038594961166382, 3.0908610820770264, 2.5801150798797607, 1.4951142072677612, 0.9898234605789185, 1.4149963855743408, 4.8974785804748535, 1.4816606044769287, 1.2438907623291016, 1.6066310405731201, 2.3964133262634277, 0.7005922794342041, 1.600731611251831, 2.2920706272125244, 0.7435091733932495, 3.9508612155914307, 1.1879515647888184, 3.5626468658447266, 4.909636497497559, 5.188912391662598, 0.7126011848449707, 5.337917327880859, 2.4550020694732666, 1.5943541526794434, 1.8425827026367188, 1.229542851448059, 4.590488433837891, 1.6221733093261719, 1.7634114027023315, 2.371152400970459, 3.3194351196289062, 1.0661883354187012, 2.872114419937134, 3.7418856620788574, 2.751296281814575, 1.3532850742340088, 2.6532986164093018, 3.698563575744629, 1.3406614065170288, 3.363356828689575, 2.3817667961120605, 4.962249755859375, 0.9409466981887817, 1.9311778545379639, 4.417855739593506, 4.46576452255249, 5.164694786071777, 4.536314010620117, 1.460695743560791, 4.729837417602539, 1.6071397066116333, 1.7251886129379272, 1.373673439025879, 3.7767114639282227, 0.8511381149291992, 3.4354944229125977, 1.7532365322113037, 2.3326056003570557, 3.743122100830078, 2.5335636138916016, 3.0985260009765625, 1.2968714237213135, 0.8752654790878296, 2.4444961547851562, 1.3807330131530762, 0.8195462226867676, 1.674072504043579, 2.874912977218628, 2.3751935958862305, 1.1587650775909424, 0.993802547454834, 0.28090786933898926, 2.329049825668335, 4.703963756561279, 0.5387120246887207, 1.4352407455444336, 3.4264941215515137, 4.655019760131836, 4.14734411239624, 3.6480143070220947, 2.9684956073760986, 2.2382588386535645, 0.768431544303894, 2.6177759170532227, 3.624783515930176, 4.5460004806518555, 4.174277305603027, 3.202362060546875, 4.869041442871094, 3.5547096729278564, 1.1338369846343994, 2.935295581817627, 2.295302391052246, 0.2076115608215332, 0.8532265424728394, -0.004963397979736328, 1.1520878076553345, 5.030070781707764, 1.9336531162261963, 2.030784845352173, 5.238456726074219, 1.3516603708267212, 2.9947004318237305, 1.5405378341674805, 1.616559386253357, 3.893580198287964, 3.9618520736694336, 2.8996593952178955, 2.1186866760253906, 5.002267360687256, 4.804121494293213, 3.1611082553863525, 4.232993125915527, 2.7903659343719482, 1.797731637954712, 1.982276439666748, 3.2278847694396973, 4.633038520812988, 2.3842320442199707, 4.496610641479492, 1.8301677703857422, 1.6305675506591797, 0.9155234098434448, 0.9855126142501831, 2.1972124576568604, 0.9330155849456787, 3.7754597663879395, 4.984524726867676, 3.729717254638672, 4.398517608642578, 1.4643155336380005, 4.216981410980225, 2.024451494216919, 4.63596248626709, 1.2878283262252808, 2.08672833442688, 4.929685115814209, 1.1002799272537231, 1.7316714525222778, 2.1941821575164795, 0.6462728977203369, 3.4784481525421143, 0.7895230054855347, 2.3075034618377686, 4.878216743469238, 1.946561574935913, 2.121575355529785, 3.139941692352295, 3.5087897777557373, 5.1688618659973145, 2.408334732055664, 5.318192958831787, 4.880097389221191, 2.731895685195923, 1.2045217752456665, 3.531930685043335, 2.249054431915283, 4.6832594871521, 4.256590843200684, 5.289068222045898, 2.3702030181884766, 2.487668037414551, 4.678598403930664, 2.7548234462738037, 1.3860464096069336, 1.0090839862823486, 2.0439279079437256, 3.7641525268554688, 1.4764095544815063], "params": {"iterations": 1510, "learning_rate": 0.014286, "depth": 3, "l2_leaf_reg": 3.4047e-06, "bagging_temperature": 2.5656, "random_strength": 4.1266, "border_count": 207}, "time_end": "2025-12-31T20:13:16.712875"}