{"model": "catboost_minilm_features-extract_preposition_imageability_avg", "type": "test", "seed": 40, "time_start": "2026-02-28T12:01:12.991632", "mse": 0.7296969890594482, "accuracy": 0.5045317220543807, "corr": 0.8636691001548451, "precision": [0.8181818181818182, 0.2602739726027397, 0.3584905660377358, 0.40816326530612246, 0.7619047619047619, 0.98], "recall": [0.16071428571428573, 0.4222222222222222, 0.7037037037037037, 0.3076923076923077, 0.5714285714285714, 0.8909090909090909], "f1": [0.26865671641791045, 0.3220338983050847, 0.475, 0.3508771929824561, 0.6530612244897959, 0.9333333333333333], "support": [56, 45, 54, 65, 56, 55], "confusion_matrix": [[9, 32, 12, 3, 0, 0], [1, 19, 24, 1, 0, 0], [1, 12, 38, 3, 0, 0], [0, 10, 31, 20, 4, 0], [0, 0, 1, 22, 32, 1], [0, 0, 0, 0, 6, 49]], "predictions": [1.5772689580917358, 2.0183701515197754, 4.071890830993652, 0.8727346658706665, 1.844650387763977, 0.3419017791748047, 1.8280832767486572, 0.492673397064209, 0.8273805379867554, 1.4393126964569092, 2.2920823097229004, 0.8624868392944336, 1.7042484283447266, 2.8763575553894043, 0.9615927934646606, 2.3943381309509277, 1.6150859594345093, 2.9446511268615723, 1.2509855031967163, 1.8273735046386719, 0.8185182809829712, 1.5816035270690918, 0.7529925107955933, 1.6837319135665894, 2.2836458683013916, 1.8565948009490967, 3.249309539794922, 1.8861421346664429, 1.5464717149734497, 2.3734817504882812, 0.36807823181152344, 1.8658076524734497, 1.6390235424041748, 2.0625925064086914, 2.349966049194336, 2.0344512462615967, 0.5716804265975952, 1.2217872142791748, 3.537853717803955, 1.5080595016479492, 1.3751214742660522, 0.24000144004821777, 3.541959285736084, 2.4873709678649902, 2.4563181400299072, 1.36538827419281, 1.2754632234573364, 3.4438788890838623, 2.8441901206970215, 3.1312379837036133, 1.7674334049224854, 1.7776832580566406, 3.951174259185791, 1.6587570905685425, 2.907947540283203, 2.4888243675231934, 0.9677574634552002, 0.8952150344848633, 3.110707998275757, 2.1896512508392334, 3.3656957149505615, 3.4986281394958496, 3.7967448234558105, 1.5714497566223145, 1.2828196287155151, 2.1886003017425537, 1.848489761352539, 1.1952041387557983, 1.9141682386398315, 2.8501060009002686, 0.6580290794372559, 1.850965976715088, 0.16304874420166016, 0.4239206314086914, 0.7126832008361816, 3.107797384262085, 0.36457228660583496, 1.6037323474884033, 1.2721779346466064, 1.0056239366531372, 0.7190124988555908, 3.472534656524658, 1.6045751571655273, 0.5269758701324463, 1.088150143623352, 0.35761547088623047, 0.7479188442230225, 1.362097978591919, 1.9542474746704102, 3.259692668914795, 1.522780179977417, 3.8344173431396484, 1.289384365081787, 3.11854887008667, 0.6210623979568481, 2.923156261444092, 3.332904577255249, 2.3609652519226074, 1.620648741722107, 1.9952411651611328, 1.8513612747192383, 3.537966728210449, 1.464178442955017, 1.5383878946304321, 0.9887485504150391, 2.3454859256744385, 1.0037117004394531, 0.699154257774353, 1.7336534261703491, 0.44977855682373047, 2.601062774658203, 1.1488163471221924, 1.367215633392334, 1.4910153150558472, 2.2205452919006348, 3.156581163406372, 0.2570621967315674, 1.0916727781295776, 2.8949062824249268, 0.6017612218856812, 2.318525552749634, 2.684779644012451, 1.5293331146240234, 3.041343927383423, 1.8173339366912842, 1.799891710281372, 3.0866482257843018, 1.3177183866500854, 1.4603543281555176, 2.848436117172241, 2.6565566062927246, 1.4104653596878052, 2.43717885017395, 3.420315742492676, 0.7879625558853149, 2.2174530029296875, 3.4524338245391846, 1.6530165672302246, 2.765281915664673, 2.638671875, 1.3150795698165894, 4.061136722564697, 1.522883415222168, 2.556633949279785, 1.5871447324752808, 2.3171379566192627, 1.7731379270553589, 1.8566303253173828, 1.3404157161712646, 1.737678050994873, 0.9696788787841797, 2.486949920654297, 0.7185598611831665, 3.3933491706848145, 1.1689395904541016, 1.7349306344985962, 3.08314847946167, 1.7736048698425293, 2.2396795749664307, 3.745401382446289, 3.394487142562866, 2.065136432647705, 3.635010004043579, 1.0117803812026978, 2.8736164569854736, 2.782150983810425, 2.6375510692596436, 1.9096741676330566, 1.0738645792007446, 1.5994572639465332, 2.354714870452881, 0.5133568048477173, 1.44775390625, 2.251767873764038, 1.7481966018676758, 1.1145219802856445, 4.225470542907715, 1.4028831720352173, 2.444247007369995, 2.2697298526763916, 1.0802091360092163, 2.2046871185302734, 0.9677459001541138, 0.8534002304077148, 0.718407392501831, 3.289829730987549, 2.018033027648926, 3.955146551132202, 1.9941970109939575, 2.023343563079834, 1.66439950466156, 0.9287160634994507, 2.3655948638916016, 2.8979239463806152, 2.2238874435424805, 3.9254376888275146, 3.5093579292297363, 4.3798933029174805, 3.944852828979492, 3.397491693496704, 3.5255203247070312, 3.1353085041046143, 4.330306053161621, 4.077016353607178, 3.957352638244629, 3.7197659015655518, 2.9185914993286133, 3.932624340057373, 4.510446548461914, 3.568173885345459, 3.7930052280426025, 4.161136627197266, 4.1193084716796875, 4.342741012573242, 3.6810479164123535, 3.562033176422119, 3.2677440643310547, 3.820162773132324, 5.60536003112793, 4.860347270965576, 5.32077693939209, 4.555994033813477, 4.306159973144531, 5.7282819747924805, 5.0771636962890625, 4.605038642883301, 4.498937606811523, 4.57412052154541, 4.944128513336182, 5.46403169631958, 4.638480186462402, 5.226679801940918, 4.526250839233398, 5.607954502105713, 4.620443820953369, 5.1955060958862305, 4.713829040527344, 5.121769905090332, 4.684770584106445, 4.783235549926758, 4.704695701599121, 5.403246879577637, 4.573288917541504, 5.436967849731445, 5.476849555969238, 5.0701141357421875, 4.934484481811523, 4.698087692260742, 5.0702738761901855, 5.082949161529541, 5.113901138305664, 5.053504467010498, 4.927007675170898, 4.4208173751831055, 4.565662384033203, 5.166563034057617, 5.326751708984375, 5.717164993286133, 5.364507675170898, 4.766845226287842, 4.013350009918213, 5.255156517028809, 1.6505405902862549, 1.546062707901001, 1.8749098777770996, 2.2022526264190674, 1.0326626300811768, 2.2171056270599365, 2.094980001449585, 1.0503596067428589, 2.283733367919922, 2.0683352947235107, 4.396369457244873, 2.0841455459594727, 5.28360652923584, 3.7714340686798096, 0.9209988117218018, 1.7409932613372803, 5.093681335449219, 2.283055067062378, 2.213428258895874, 0.5991151332855225, 2.1788222789764404, 1.2322958707809448, 1.2159947156906128, 1.6954476833343506, 1.5953357219696045, 1.0887086391448975, 2.215245485305786, 4.032029151916504, 1.037377953529358, 2.1909377574920654, 2.70285964012146, 1.9770455360412598, 5.282110214233398, 0.7164555788040161, 3.459327220916748, 2.0208520889282227, 5.059929847717285, 4.272763729095459, 1.4103662967681885, 0.6497737169265747, 3.448241949081421, 1.7657675743103027, 0.39580464363098145, 5.4510087966918945, 3.8929696083068848, 1.8425534963607788, 1.364851713180542, 1.2135813236236572, 2.7320852279663086, 1.9599735736846924, 1.9568612575531006, 4.6429853439331055, 1.5086708068847656, 1.370463252067566, 4.519135475158691, 1.9091129302978516, 2.82832407951355, 2.8049724102020264, 3.5355286598205566, 1.8664923906326294, 2.386779308319092, 0.6599799394607544, 1.521704912185669, 1.014853835105896, 5.8216681480407715, 4.119690895080566, 4.937955856323242, 2.6164560317993164, 3.86114764213562], "params": {"iterations": 1510, "learning_rate": 0.014286, "depth": 3, "l2_leaf_reg": 3.4047e-06, "bagging_temperature": 2.5656, "random_strength": 4.1266, "border_count": 207}, "time_end": "2026-02-28T12:01:13.097003"}