{"model": "catboost_minilm_features-extract_word_concreteness", "type": "test", "seed": 41, "time_start": "2026-02-28T11:55:41.929638", "mse": 0.7490851283073425, "accuracy": 0.48942598187311176, "corr": 0.8599267599287078, "precision": [0.875, 0.2716049382716049, 0.3404255319148936, 0.43103448275862066, 0.7045454545454546, 0.9782608695652174], "recall": [0.125, 0.4888888888888889, 0.5925925925925926, 0.38461538461538464, 0.5535714285714286, 0.8181818181818182], "f1": [0.21875, 0.3492063492063492, 0.43243243243243246, 0.4065040650406504, 0.62, 0.8910891089108911], "support": [56, 45, 54, 65, 56, 55], "confusion_matrix": [[7, 32, 14, 3, 0, 0], [1, 22, 21, 1, 0, 0], [0, 16, 32, 6, 0, 0], [0, 11, 26, 25, 3, 0], [0, 0, 1, 23, 31, 1], [0, 0, 0, 0, 10, 45]], "predictions": [1.8943374156951904, 1.8543999195098877, 3.9866013526916504, 1.0456202030181885, 1.8049883842468262, 0.1299448013305664, 1.983872413635254, 0.5128146409988403, 0.7731647491455078, 1.732508897781372, 2.573357582092285, 0.8960137367248535, 1.7711312770843506, 2.6841907501220703, 1.31192946434021, 2.2787418365478516, 1.6896568536758423, 2.7657690048217773, 1.117748737335205, 1.6818280220031738, 0.8824424743652344, 1.486686110496521, 1.0092531442642212, 1.932561993598938, 2.34922194480896, 1.9370958805084229, 3.168766736984253, 1.6587458848953247, 1.6511931419372559, 2.2306740283966064, 0.25805234909057617, 1.7066197395324707, 1.7122548818588257, 1.9298295974731445, 2.23524808883667, 2.2879018783569336, 0.44892454147338867, 1.2370455265045166, 3.486989974975586, 1.3667718172073364, 1.2562910318374634, 0.5089895725250244, 3.4923136234283447, 2.503492832183838, 2.616779327392578, 1.4204189777374268, 1.3451528549194336, 3.506009101867676, 2.884021282196045, 2.926058530807495, 1.4319114685058594, 1.8069143295288086, 3.782576084136963, 1.6042227745056152, 2.927407741546631, 2.5618810653686523, 0.7758314609527588, 0.6822608709335327, 2.83022403717041, 2.2677512168884277, 3.2359189987182617, 3.3440847396850586, 3.798020839691162, 1.9658277034759521, 1.3202357292175293, 2.0660765171051025, 1.9953441619873047, 1.4802228212356567, 2.265827178955078, 2.869677782058716, 0.640323281288147, 1.919975757598877, 0.28670430183410645, 0.4800558090209961, 0.9281779527664185, 2.7337183952331543, 0.275418758392334, 1.8248234987258911, 1.5724960565567017, 1.1333158016204834, 0.9483176469802856, 3.3487000465393066, 1.5114668607711792, 0.6400322914123535, 1.7187999486923218, 0.5504781007766724, 0.7808924913406372, 1.5656782388687134, 1.8406834602355957, 3.4451725482940674, 1.343429684638977, 3.829195499420166, 1.0289336442947388, 3.120384693145752, 0.7720118761062622, 2.826375961303711, 3.281477689743042, 2.4913244247436523, 1.4231899976730347, 2.186458110809326, 1.8373701572418213, 3.549682378768921, 1.419770359992981, 1.6012870073318481, 0.9499965906143188, 2.366396427154541, 1.284436583518982, 0.5008156299591064, 1.770921230316162, 0.3517007827758789, 2.7845981121063232, 1.495874047279358, 1.4328917264938354, 1.1381036043167114, 2.351508378982544, 3.108219623565674, 0.30379462242126465, 1.0660556554794312, 2.8907833099365234, 0.6007041931152344, 2.323878765106201, 2.4796831607818604, 1.5459892749786377, 2.8950061798095703, 1.9758981466293335, 1.873576045036316, 2.928236246109009, 1.0476617813110352, 1.3164523839950562, 2.840794324874878, 2.5670487880706787, 1.2330939769744873, 2.7955641746520996, 3.282841920852661, 1.068631649017334, 2.086165428161621, 3.626391887664795, 1.5276422500610352, 2.623488426208496, 2.5613179206848145, 1.288271188735962, 4.006579875946045, 1.1055171489715576, 2.3808040618896484, 1.348412036895752, 2.415752649307251, 1.785200834274292, 1.8842211961746216, 1.5418797731399536, 1.4295451641082764, 1.0807591676712036, 2.3353428840637207, 1.0188978910446167, 3.383636474609375, 1.2925660610198975, 1.8010451793670654, 2.938880205154419, 1.9144363403320312, 2.075462579727173, 3.7791857719421387, 3.397583484649658, 2.101454973220825, 3.3952407836914062, 0.9731996059417725, 2.7394959926605225, 3.232348918914795, 2.692654609680176, 1.9195184707641602, 1.002918004989624, 1.5408827066421509, 2.599478006362915, 0.5200910568237305, 1.4483776092529297, 2.5530288219451904, 1.4762704372406006, 0.9345214366912842, 3.961883544921875, 1.4501980543136597, 2.445401430130005, 2.208857774734497, 1.043236255645752, 2.5295302867889404, 1.0799347162246704, 0.7398830652236938, 0.5188131332397461, 3.335196018218994, 2.0046257972717285, 3.891561508178711, 1.6731599569320679, 1.927433967590332, 1.4524739980697632, 1.0089600086212158, 2.3576676845550537, 2.6803832054138184, 2.3991384506225586, 4.049048900604248, 3.6035985946655273, 4.362001419067383, 4.322366714477539, 3.4537100791931152, 3.4621329307556152, 3.353144645690918, 4.445023536682129, 4.2166266441345215, 3.850395679473877, 3.717608690261841, 2.963648796081543, 3.7945756912231445, 4.43748140335083, 3.429392099380493, 3.6310689449310303, 4.600159645080566, 4.176407337188721, 4.305730819702148, 3.754204273223877, 3.7887072563171387, 3.6612417697906494, 3.983388900756836, 5.569128036499023, 4.942014694213867, 5.225898742675781, 4.611600875854492, 4.0498175621032715, 5.766962051391602, 4.994840145111084, 4.734730243682861, 4.188734531402588, 4.383123397827148, 5.224729537963867, 5.411231994628906, 4.494009017944336, 5.159526824951172, 4.327366828918457, 5.640067100524902, 4.584105968475342, 5.0636467933654785, 4.725140571594238, 4.824692726135254, 4.81212854385376, 4.904969692230225, 4.598310470581055, 5.316410541534424, 4.673824310302734, 5.480748176574707, 5.366017818450928, 4.820662975311279, 4.960298538208008, 4.570194244384766, 5.039310455322266, 4.873682022094727, 5.203675270080566, 4.714488983154297, 4.864536762237549, 4.529942989349365, 4.4653472900390625, 5.045677661895752, 5.422800540924072, 5.7080535888671875, 5.184911727905273, 4.739923000335693, 3.7267777919769287, 5.229619979858398, 1.4664452075958252, 1.3208523988723755, 1.8629662990570068, 2.12858247756958, 0.8545262813568115, 2.0001628398895264, 2.10951566696167, 1.1877658367156982, 2.3549959659576416, 2.35935640335083, 4.253442287445068, 2.0960352420806885, 5.302028179168701, 3.507376194000244, 0.7564852237701416, 1.8758926391601562, 5.024960517883301, 2.0231494903564453, 2.097083806991577, 0.9541010856628418, 2.1816179752349854, 1.1193100214004517, 1.5833479166030884, 1.5559436082839966, 1.8882479667663574, 1.1057649850845337, 2.156864643096924, 4.278664588928223, 0.9683414697647095, 2.482846260070801, 2.682584762573242, 2.0124683380126953, 5.45941162109375, 0.8097093105316162, 3.421675205230713, 1.9427225589752197, 5.001967906951904, 4.308490753173828, 1.4933745861053467, 0.6718035936355591, 3.185281753540039, 1.8017466068267822, 0.5384445190429688, 5.356451988220215, 3.9430365562438965, 2.090707778930664, 1.587866187095642, 1.6039156913757324, 2.635040283203125, 1.931166410446167, 2.232966423034668, 4.597382545471191, 1.4913537502288818, 1.3324544429779053, 4.499627113342285, 1.8519642353057861, 2.981898069381714, 2.8169631958007812, 3.6481175422668457, 1.8283097743988037, 2.5032970905303955, 0.7577060461044312, 1.747232437133789, 0.9369689226150513, 5.706531524658203, 3.9304380416870117, 4.839330673217773, 2.5856130123138428, 3.8796205520629883], "params": {"iterations": 1510, "learning_rate": 0.014286, "depth": 3, "l2_leaf_reg": 3.4047e-06, "bagging_temperature": 2.5656, "random_strength": 4.1266, "border_count": 207}, "time_end": "2026-02-28T11:55:41.995056"}