{"model": "catboost_minilm_features-extract_places", "type": "train", "seed": 40, "train_losses": [], "val_losses": [], "time_start": "2026-02-28T12:02:48.971296", "mse": 0.13123937375821587, "accuracy": 0.8307692307692308, "corr": 0.9781231433629277, "precision": [1.0, 0.7724137931034483, 0.6294117647058823, 0.8156028368794326, 0.9159663865546218, 1.0], "recall": [0.7433628318584071, 0.8, 0.9145299145299145, 0.7615894039735099, 0.8449612403100775, 0.9307692307692308], "f1": [0.8527918781725888, 0.7859649122807018, 0.7456445993031359, 0.7876712328767124, 0.8790322580645161, 0.9641434262948207], "support": [113, 140, 117, 151, 129, 130], "confusion_matrix": [[84, 29, 0, 0, 0, 0], [0, 112, 28, 0, 0, 0], [0, 4, 107, 6, 0, 0], [0, 0, 35, 115, 1, 0], [0, 0, 0, 20, 109, 0], [0, 0, 0, 0, 9, 121]], "predictions": [3.2390875723226866, 0.8169912145688487, 0.5067258452848291, 2.9145825540616994, 0.21930326369034825, 2.532699453337219, 1.7718913617191752, 0.34119407227618304, 0.16375453897394987, 1.3399823851047998, 2.1834085045306364, 0.47848842089525956, 2.4103397385331835, 3.8036295106794515, 0.1257981940510291, 3.2429321345771656, 0.4715657467671872, 2.483576990739276, 0.26953879747034115, 1.2378353288239652, 2.122284027073316, 3.820026277345259, 0.442930722839197, 4.069326583596217, 0.43222034881783333, 0.21561128766737214, 3.2278791660796533, 1.5151441964519408, 1.6162447916737515, 0.11010925211175726, 2.5932889457627013, 0.5766158872393807, 1.060090650353674, 2.1961623648151924, 1.223092230584896, 2.990363105138513, 2.8828724658031497, 0.2662953947689659, 0.35052818457669677, 2.7032765703433745, 1.1062513168896808, 2.414300678852594, 3.958803215518329, 1.6837885422983272, 0.573676851723099, 0.7492456161461654, 4.044816362677066, 1.6215580610096754, 2.6787395078348792, 0.11322947649458603, 0.8670000561686249, 4.076654173865841, 3.2333661966438525, 2.2356190051832154, 1.8099819227021385, 0.3942191691044634, 1.5220941782924888, 0.32594539924147226, 1.5468950777660537, 1.767179974200254, 0.9439604467511633, 0.23342324916987867, 0.996660111100824, 0.2050350006203825, 1.1767424697112268, 0.3621809650438279, 1.2541666900806803, 1.6513899636197373, 1.494681664989324, 0.2135860233735234, 4.4223320446986465, 0.8530757338913137, 0.1803705380658398, 3.2491101206734383, 2.561521947916466, 1.8112909105984891, 0.32913658577428206, 1.2307464798784158, 1.9494413635453636, 0.21245762595308193, 3.1703347494007392, 0.33580635185469854, 0.6727387680536672, 3.6244558883522533, 2.255805300190166, 2.6745829919128377, 3.4334362626768113, 2.7320754070106865, -0.039875237299884514, 1.9522946831898143, 0.3745792271006132, 0.3410482118768372, 3.748089325419727, 2.4723714122605753, 1.5962969628680928, 3.349586874809123, 1.7126431316774946, 3.456047604758516, 3.257041919484032, 1.7870708147976235, 1.258685588488825, 1.2383722836995643, 1.2509222407934515, 3.6583538930411263, 1.6315930351606456, 1.6895698238383947, 2.753012449708519, 0.35176083146287906, 2.2573830198363543, 0.5144014164168604, 1.6026461260575213, 2.92389058115458, 3.4064546768951325, 3.296119209715056, 0.10336324318521051, 2.4103961103583664, 1.8855438745191428, 0.046724003260858016, 2.7886727307644756, 1.705613350439418, 2.657886410223555, 1.5754218701816431, 2.118628218617336, 2.8261753402886183, -0.030434986556359345, 1.8544272973258087, 3.389924259317311, 2.19837472898871, -0.10752015678113302, 2.4785822836354106, 3.294890612795856, 2.7750230749760356, 2.1374016434885976, 0.49343364589066363, 0.8482746404974526, 1.9904538625361707, 2.646134431753134, 2.0281438138700283, 2.133324046213925, 2.1391580756654527, 0.3326197978277796, 0.4352416202410452, 1.7094967500821658, 3.73234102338432, 3.600013244835629, 2.727425013330526, 1.3039255827390697, 2.501240252098706, 1.8317667948434777, 0.21926631902564564, 2.3262940508170753, 2.145759139525827, 3.7854124622977237, 0.32343279906222966, 2.131781549029929, 1.6109339753827876, 1.763095359342005, 2.7093169525836824, 3.8987261854370696, 0.22402365031438976, 0.5187789265943212, 1.426017054390748, 2.2861681100133677, 1.0988800084863843, 0.12104160267463326, 2.390195055735101, 3.887541609578866, 2.477268627253655, 1.614018137991407, 3.6426294641918933, 0.14674953919891243, 0.6136170137274741, 2.612827005092453, 2.3767932100666527, 2.934549285114263, 3.871643347509573, 2.4403181050761216, 2.601103763984046, 2.257139568906169, 0.5767395116380332, 2.0702352615037922, 0.162538473284362, 0.3402763155604682, 3.2427195845844454, 1.7235142051966623, 2.8346086013567198, 1.4814377348444128, 2.40449490731382, 3.0761914145629903, -0.023705364963802378, 2.536320025280302, 2.292212693839844, 3.09400938347592, 1.2320358692409774, 1.7512857556497772, 1.8313241021206101, 0.6624625439532967, 1.776075836230755, 0.9637665753237932, 3.002608365943594, 2.5586028632723643, 1.0148902028391809, 3.123129638202542, 3.3263456169447823, 3.7073084242483896, 2.426301799898525, 1.8199081357562394, 2.6033281704947093, 2.103452947445799, 0.5397116202982326, 2.956095028077197, 0.41333490497476877, 0.4960024718779885, 1.7101749053429383, 1.7242327317941877, 3.7440021922214797, 3.8633794403236896, 1.5773702797239155, 1.6155886822009635, 0.5012852740186202, 2.8170760885764397, 2.4910996782464574, 0.5140156585261708, 2.206070734298207, 2.595248459402333, 2.41604419828095, 3.5803980912084827, 1.1414467112194, 3.2761596805384627, 3.0593594706464113, 2.671005611583496, 3.6394377904465696, 0.39961242761901294, 3.8146028685941475, 3.4660185082824806, 3.660457043149428, 3.6411581873508103, 0.10043855814733771, 0.7701040384657059, 0.7900436459289144, 2.8531016643644915, 4.405665531890364, 0.32275809744869965, 1.5469648421762092, 3.252910657782189, 4.403703941415089, 0.6392349207080616, 4.538674184975275, 3.430537350024286, 0.3494043610217763, 1.8701427324729727, 2.051458206476888, 1.8651239368441583, 1.3637742883274417, 1.6830054969546913, 3.151399292419045, 1.875686947285593, 4.387739527139395, 1.7961805004813325, 3.449550624888424, 0.16481973320914323, 3.5245888900674327, 1.5821739638820098, 3.089671009076556, 3.881884836307554, 1.3437954932188907, 1.296981948563884, 1.1441590044511194, 2.4584495277357297, 2.8347513056736, 0.7942422616214291, 0.1696040156069083, 2.880582787743969, 3.215624392489287, 2.1861178490460027, 4.3357266139148525, 0.20292746343928902, 2.4870179309846643, 1.6044753097328994, 2.70063240045531, 1.8343875422362992, 0.9411619736515955, 1.2012177733491856, 0.41738127765916433, 3.03572468910477, 0.30424756637964734, 1.107672542146505, 0.6203725477476283, 1.0755170117108586, 0.2745037356232882, 2.284292654682249, 2.9542515595112095, 3.398196335796074, 1.7740680971884986, 2.711708150302105, 1.4829548074606382, 1.6450449429122755, 3.1789769032804696, 3.0993436423766245, 2.448557719241847, 2.7200062500901336, 1.8500305932446728, 2.5846872689703706, 0.5594863568800832, 3.028211762917648, 3.633075906244577, 4.169896466210634, 3.895750618166489, 3.843760171602876, 3.5501863882250144, 3.972375054523618, 3.6907728372720046, 4.380757415813404, 3.5582604098439563, 4.351167555248724, 3.881306450400562, 4.197546330483675, 4.11558793208131, 4.176056396002114, 4.066274485665473, 3.953413411635382, 3.7990863927327267, 3.6579510587907365, 3.6844015130256373, 3.7247946151261564, 4.391680522999054, 3.4470355811201046, 4.1349178667051, 4.157230716901214, 3.833894148258648, 3.8436384236498453, 4.305404892250104, 3.900752024400385, 5.2336731587584975, 5.28991355755185, 4.7289322739626325, 4.840282750579704, 5.081475717338523, 4.904571704956211, 4.969387868292853, 5.2986128281353375, 4.610320306670576, 4.684242571129088, 4.823867094681072, 4.824478976449642, 5.172178920228161, 5.084106943115666, 4.631023325010984, 5.21502909736463, 4.7981987332264175, 5.189792529853894, 4.810428634173783, 4.774205896837929, 4.545714758711702, 5.047225476255532, 4.790821760394641, 5.200847104720057, 5.132602662383775, 4.827665348875492, 4.849990270102457, 4.924348909603468, 4.571981605828805, 4.7186843841257025, 5.154762777810575, 