{"model": "catboost_minilm_features-minilm", "type": "test", "seed": 42, "time_start": "2026-02-28T11:04:15.026458", "mse": 0.7093204259872437, "accuracy": 0.5015105740181269, "corr": 0.8682459923291429, "precision": [0.9166666666666666, 0.2702702702702703, 0.32978723404255317, 0.43859649122807015, 0.7083333333333334, 0.9782608695652174], "recall": [0.19642857142857142, 0.4444444444444444, 0.5740740740740741, 0.38461538461538464, 0.6071428571428571, 0.8181818181818182], "f1": [0.3235294117647059, 0.33613445378151263, 0.4189189189189189, 0.4098360655737705, 0.6538461538461539, 0.8910891089108911], "support": [56, 45, 54, 65, 56, 55], "confusion_matrix": [[11, 32, 9, 4, 0, 0], [0, 20, 23, 2, 0, 0], [1, 16, 31, 6, 0, 0], [0, 6, 30, 25, 4, 0], [0, 0, 1, 20, 34, 1], [0, 0, 0, 0, 10, 45]], "predictions": [1.7021822929382324, 1.9182567596435547, 4.075844764709473, 1.052008867263794, 1.9032734632492065, 0.3097207546234131, 1.9848628044128418, 0.4243431091308594, 0.9530049562454224, 1.4985860586166382, 2.5181820392608643, 0.7328033447265625, 1.8140506744384766, 2.507786273956299, 1.2271552085876465, 2.108633041381836, 1.6865479946136475, 2.4990923404693604, 1.2253353595733643, 1.8120999336242676, 0.8594280481338501, 1.2205724716186523, 0.8074254989624023, 1.6779372692108154, 2.5421056747436523, 1.903075933456421, 3.1292238235473633, 1.716109037399292, 1.5969505310058594, 2.497016191482544, 0.4176325798034668, 1.9900943040847778, 1.668280839920044, 2.1304726600646973, 2.2594261169433594, 1.9948368072509766, 0.26294779777526855, 1.2652678489685059, 3.5729451179504395, 1.7092819213867188, 1.3345149755477905, 0.04784679412841797, 3.7503581047058105, 2.4431920051574707, 2.7374613285064697, 1.8719249963760376, 1.416068434715271, 3.5639357566833496, 3.103970766067505, 3.141371011734009, 1.781938910484314, 1.6137487888336182, 3.8167197704315186, 1.1749591827392578, 2.5919790267944336, 2.5671494007110596, 0.8860434293746948, 0.8822227716445923, 2.7178032398223877, 2.4164304733276367, 3.3030283451080322, 3.3867294788360596, 3.7320632934570312, 1.741121530532837, 1.2446136474609375, 2.274770498275757, 1.6345899105072021, 1.4408162832260132, 2.297179937362671, 2.8753726482391357, 0.7086519002914429, 2.0596680641174316, 0.3790626525878906, 0.4899027347564697, 1.1432605981826782, 2.9246182441711426, 0.4659562110900879, 1.7354471683502197, 1.420963168144226, 1.1736526489257812, 0.3012681007385254, 3.183239698410034, 1.8141417503356934, 0.5240617990493774, 1.2360563278198242, 0.46235036849975586, 0.6316993236541748, 1.2347025871276855, 1.9393548965454102, 3.4457156658172607, 1.4934329986572266, 4.213963508605957, 1.050525188446045, 3.1494064331054688, 1.0366367101669312, 2.862771987915039, 3.474466562271118, 2.8272829055786133, 1.8305286169052124, 1.9824683666229248, 1.8395072221755981, 3.778292655944824, 1.5376874208450317, 1.7051255702972412, 1.098518967628479, 2.259392261505127, 1.0985538959503174, 0.6308729648590088, 1.7583160400390625, 0.5366503000259399, 2.9508609771728516, 1.4429364204406738, 1.4030051231384277, 1.286110281944275, 2.1735997200012207, 3.3091342449188232, 0.31540417671203613, 0.9293249845504761, 3.027024507522583, 0.4904646873474121, 2.1891326904296875, 2.7313969135284424, 1.639967679977417, 2.984649181365967, 1.7842764854431152, 1.8023293018341064, 3.141780376434326, 1.2468279600143433, 1.5195107460021973, 3.0283203125, 2.5647428035736084, 1.1395984888076782, 2.672320604324341, 3.454779863357544, 0.8389022350311279, 2.1921308040618896, 3.420591115951538, 1.5196616649627686, 2.492903709411621, 2.557502031326294, 1.5585665702819824, 4.090906620025635, 1.6015167236328125, 2.3107800483703613, 1.5269701480865479, 2.7402729988098145, 1.4489036798477173, 1.8977739810943604, 1.4684864282608032, 1.4970284700393677, 0.7657785415649414, 2.275909185409546, 0.8264025449752808, 3.5781683921813965, 1.29918372631073, 1.8689000606536865, 2.90128231048584, 2.0332529544830322, 2.35629940032959, 3.885413646697998, 3.660107135772705, 2.117918014526367, 3.3585100173950195, 0.8644086122512817, 2.8868114948272705, 2.866569757461548, 2.599724054336548, 1.8790483474731445, 0.7994081974029541, 1.4813262224197388, 2.606088399887085, 0.6967264413833618, 1.1935845613479614, 2.049396514892578, 1.932666301727295, 1.09267258644104, 4.229038238525391, 1.5247856378555298, 2.668215036392212, 2.6149940490722656, 0.8321154117584229, 2.5901448726654053, 0.9749181270599365, 0.5240235328674316, 0.7207852602005005, 3.1688084602355957, 2.2418036460876465, 3.7862935066223145, 1.6588209867477417, 2.2185237407684326, 1.4868968725204468, 0.8621455430984497, 2.1179075241088867, 2.664875030517578, 2.262070655822754, 3.8946149349212646, 3.6558051109313965, 4.290254592895508, 4.273561477661133, 3.4153335094451904, 3.5152673721313477, 3.2648043632507324, 4.269670486450195, 4.148081302642822, 4.007503032684326, 3.5945982933044434, 3.0628485679626465, 3.7750613689422607, 4.544408798217773, 3.7485594749450684, 4.017534255981445, 4.331263542175293, 4.134879112243652, 3.9996325969696045, 3.7691922187805176, 3.5445733070373535, 3.1341047286987305, 3.9292819499969482, 5.513677597045898, 5.1684651374816895, 4.957514762878418, 4.646388053894043, 4.361016273498535, 5.454749584197998, 4.999450206756592, 4.639057159423828, 4.327153205871582, 4.5552825927734375, 4.8689422607421875, 5.423480033874512, 4.690725803375244, 5.004528045654297, 4.401313304901123, 5.381284713745117, 4.388155460357666, 5.260759353637695, 4.460539817810059, 4.904498100280762, 4.718144416809082, 4.91129207611084, 4.81350040435791, 5.254246711730957, 4.771848678588867, 5.488530158996582, 5.258829593658447, 4.941426753997803, 5.065062999725342, 4.507810115814209, 5.043705940246582, 5.076692581176758, 5.124202728271484, 4.954179763793945, 4.904294490814209, 4.43373966217041, 4.365703582763672, 5.194591522216797, 5.096999168395996, 5.290632247924805, 5.178150177001953, 4.6494855880737305, 3.8485546112060547, 5.238755226135254, 1.6035900115966797, 1.3641321659088135, 1.9170608520507812, 2.2012953758239746, 1.0045312643051147, 2.2187418937683105, 2.055225372314453, 1.0065059661865234, 2.643624782562256, 2.3100788593292236, 4.376152038574219, 1.8684329986572266, 5.242748260498047, 3.2898173332214355, 1.0108639001846313, 1.784497857093811, 5.197277069091797, 2.2856028079986572, 2.0829384326934814, 0.9523160457611084, 2.178548574447632, 1.3788704872131348, 1.3714755773544312, 1.544802188873291, 1.7136273384094238, 0.9348763227462769, 2.350515842437744, 4.404298305511475, 1.1551424264907837, 2.2232062816619873, 2.623807907104492, 1.998971939086914, 5.325096130371094, 0.9625639915466309, 3.5967538356781006, 1.9313693046569824, 4.939619064331055, 4.163058280944824, 1.673677682876587, 0.669937014579773, 3.4608006477355957, 1.6165742874145508, 0.6629431247711182, 5.380545616149902, 3.951792001724243, 1.9995454549789429, 1.4430811405181885, 1.3729174137115479, 2.7197744846343994, 1.781055212020874, 2.159376859664917, 4.680637836456299, 1.5222394466400146, 1.462867259979248, 4.502325534820557, 1.838771104812622, 2.8727519512176514, 2.6732161045074463, 3.8161087036132812, 1.6650171279907227, 2.5806500911712646, 0.5033736228942871, 1.7176520824432373, 0.8836166858673096, 5.406909465789795, 4.153285026550293, 4.796319007873535, 2.7878599166870117, 3.8202078342437744], "params": {"iterations": 1510, "learning_rate": 0.014286, "depth": 3, "l2_leaf_reg": 3.4047e-06, "bagging_temperature": 2.5656, "random_strength": 4.1266, "border_count": 207}, "time_end": "2026-02-28T11:04:15.092687"}