{"model": "catboost_minilm_features-extract_3+syllable_count_ratio", "type": "test", "seed": 40, "time_start": "2026-02-28T11:27:09.404335", "mse": 0.7328416109085083, "accuracy": 0.486404833836858, "corr": 0.8632994934154279, "precision": [0.75, 0.2702702702702703, 0.3431372549019608, 0.38181818181818183, 0.7209302325581395, 0.9795918367346939], "recall": [0.10714285714285714, 0.4444444444444444, 0.6481481481481481, 0.3230769230769231, 0.5535714285714286, 0.8727272727272727], "f1": [0.1875, 0.33613445378151263, 0.44871794871794873, 0.35, 0.6262626262626263, 0.9230769230769231], "support": [56, 45, 54, 65, 56, 55], "confusion_matrix": [[6, 33, 13, 4, 0, 0], [1, 20, 23, 1, 0, 0], [1, 13, 35, 5, 0, 0], [0, 8, 31, 21, 5, 0], [0, 0, 0, 24, 31, 1], [0, 0, 0, 0, 7, 48]], "predictions": [1.837311029434204, 1.7910043001174927, 3.902862787246704, 1.1521936655044556, 2.038606643676758, 0.1785893440246582, 2.03109073638916, 0.08920764923095703, 0.8468025922775269, 1.744215726852417, 2.4642021656036377, 0.7387224435806274, 1.8968470096588135, 2.5243172645568848, 1.0732816457748413, 2.378087043762207, 1.692575454711914, 2.737962245941162, 1.398651123046875, 1.6697802543640137, 0.8129539489746094, 1.3140980005264282, 0.7451510429382324, 1.6709575653076172, 2.4857678413391113, 1.8056409358978271, 3.1902360916137695, 1.6951518058776855, 1.567655324935913, 2.440643787384033, 0.42108917236328125, 1.8232266902923584, 1.7279365062713623, 2.1621177196502686, 2.313390016555786, 2.2169482707977295, 0.5988832712173462, 1.1444288492202759, 3.5157699584960938, 1.524106502532959, 1.3509230613708496, 0.37119603157043457, 3.3777291774749756, 2.33992338180542, 2.631713628768921, 1.3431758880615234, 1.4041624069213867, 3.3580281734466553, 3.252500534057617, 3.0950231552124023, 1.6466556787490845, 1.8033547401428223, 4.0725603103637695, 1.7272144556045532, 2.8744163513183594, 2.580695867538452, 1.0062590837478638, 0.9274729490280151, 2.9929087162017822, 2.2653889656066895, 3.332742691040039, 3.142462968826294, 3.5833568572998047, 1.6984398365020752, 1.2522674798965454, 2.1625072956085205, 1.6270952224731445, 1.1346161365509033, 2.0059266090393066, 2.9137213230133057, 0.89417564868927, 1.8203623294830322, 0.24550986289978027, 0.5385385751724243, 1.1730817556381226, 2.775345802307129, 0.3658599853515625, 1.5725291967391968, 1.3584308624267578, 1.0128324031829834, 0.814267635345459, 3.1921732425689697, 1.4789469242095947, 0.6361807584762573, 1.267189860343933, 0.6061805486679077, 0.7071290016174316, 1.5219714641571045, 1.9478859901428223, 3.278794288635254, 1.3169440031051636, 4.0903472900390625, 1.2472584247589111, 3.2686686515808105, 0.7023074626922607, 2.8859333992004395, 3.3474912643432617, 2.5521864891052246, 1.5762693881988525, 2.0194926261901855, 1.725479006767273, 3.529696464538574, 1.5726840496063232, 1.6364386081695557, 1.1128062009811401, 2.494438886642456, 1.1578037738800049, 0.543937087059021, 1.878238558769226, 0.42732977867126465, 2.947291135787964, 1.4793369770050049, 1.53273606300354, 1.4357373714447021, 2.158235549926758, 3.217951774597168, 0.3571743965148926, 1.1001991033554077, 3.0180792808532715, 0.5521284341812134, 2.1137044429779053, 2.6474809646606445, 1.5460789203643799, 2.8936593532562256, 1.7313263416290283, 1.7816188335418701, 3.133922576904297, 1.2900959253311157, 1.5866310596466064, 2.6781232357025146, 2.6412765979766846, 1.1783286333084106, 2.5850906372070312, 3.6264114379882812, 0.8564952611923218, 2.177962064743042, 3.553748607635498, 1.5140899419784546, 2.6670937538146973, 2.53844952583313, 1.379298210144043, 4.089693069458008, 1.521721601486206, 2.3684821128845215, 1.5170422792434692, 2.521604061126709, 1.534281611442566, 1.9293253421783447, 1.4928038120269775, 1.6659064292907715, 0.9490818977355957, 2.260089635848999, 0.70849609375, 3.4695885181427, 1.2365976572036743, 1.8080437183380127, 2.8023250102996826, 1.8153413534164429, 2.2269582748413086, 3.7826194763183594, 3.6870808601379395, 2.244168519973755, 3.615541934967041, 0.9215242862701416, 2.776810884475708, 2.9569358825683594, 2.6999776363372803, 2.0077478885650635, 1.166151523590088, 1.5091204643249512, 2.387784957885742, 0.5474952459335327, 1.424332857131958, 2.391826868057251, 1.7534749507904053, 1.2869213819503784, 4.125507354736328, 1.6209330558776855, 2.712343454360962, 2.481426954269409, 0.8899941444396973, 2.1953907012939453, 0.9303665161132812, 0.6211901903152466, 0.6510828733444214, 3.313516616821289, 2.0347182750701904, 4.064011573791504, 1.828751802444458, 1.894651174545288, 1.8342185020446777, 0.8653719425201416, 2.1521482467651367, 2.8537485599517822, 2.2598304748535156, 4.023505210876465, 3.5418288707733154, 4.470244407653809, 3.8390307426452637, 3.397365093231201, 3.456977128982544, 3.151374101638794, 4.235713005065918, 4.16424560546875, 3.967604160308838, 3.6316325664520264, 3.017216920852661, 3.902416706085205, 4.521214485168457, 3.4335827827453613, 3.766303062438965, 4.214938640594482, 4.0804829597473145, 4.367136478424072, 3.8008458614349365, 3.6712894439697266, 3.119256019592285, 3.710794687271118, 5.568617820739746, 4.953912734985352, 5.078681468963623, 4.514191627502441, 4.2565999031066895, 5.797787666320801, 5.069591522216797, 4.718153953552246, 4.435050964355469, 4.40557336807251, 5.03216552734375, 5.398751258850098, 4.685670852661133, 5.2483978271484375, 4.533520698547363, 5.661351203918457, 4.569967269897461, 5.197718620300293, 4.746978282928467, 5.045331954956055, 4.697695255279541, 4.837796211242676, 4.806890964508057, 5.2573442459106445, 4.757750034332275, 5.352371692657471, 5.416861534118652, 4.974359512329102, 4.830911636352539, 4.779839992523193, 4.99178409576416, 4.939441680908203, 5.174565315246582, 5.066721439361572, 4.896732330322266, 4.426104545593262, 4.600024223327637, 5.160987377166748, 5.222719669342041, 5.635727882385254, 5.1643171310424805, 4.810335636138916, 4.038978576660156, 5.173769474029541, 1.5851482152938843, 1.4645582437515259, 1.9329540729522705, 2.2833547592163086, 1.0138065814971924, 2.236107349395752, 2.054270029067993, 1.1155411005020142, 2.3652021884918213, 2.122905731201172, 4.150169849395752, 2.042141914367676, 5.239808082580566, 3.704180955886841, 0.8294628858566284, 1.9787182807922363, 5.2582478523254395, 2.3951914310455322, 2.27040958404541, 0.6485750675201416, 2.0463900566101074, 1.1599050760269165, 1.448080062866211, 1.4557039737701416, 1.7362712621688843, 0.9578835964202881, 2.335688829421997, 4.208136081695557, 0.9591538906097412, 2.325946092605591, 2.6658148765563965, 2.06634783744812, 5.218400955200195, 0.8888468742370605, 3.480717182159424, 1.9536669254302979, 5.120591163635254, 4.241264343261719, 1.2645061016082764, 0.7434743642807007, 3.341256856918335, 1.8458025455474854, 0.6590192317962646, 5.3556623458862305, 4.035974502563477, 1.749313235282898, 1.5179908275604248, 1.6890475749969482, 2.619109869003296, 1.9414825439453125, 2.0653421878814697, 4.74202823638916, 1.4522366523742676, 1.2688754796981812, 4.5879716873168945, 1.6848284006118774, 2.8702991008758545, 2.6911721229553223, 3.50833797454834, 1.8107266426086426, 2.5321197509765625, 0.7745369672775269, 1.5951411724090576, 1.0337814092636108, 5.533447265625, 3.9792590141296387, 4.749707221984863, 2.690643548965454, 3.604748249053955], "params": {"iterations": 1510, "learning_rate": 0.014286, "depth": 3, "l2_leaf_reg": 3.4047e-06, "bagging_temperature": 2.5656, "random_strength": 4.1266, "border_count": 207}, "time_end": "2026-02-28T11:27:09.460373"}