{"model": "catboost_minilm_features-extract_word_length_by_char", "type": "test", "seed": 42, "time_start": "2026-02-28T11:13:28.257425", "mse": 0.7165759205818176, "accuracy": 0.5015105740181269, "corr": 0.8665664060318481, "precision": [0.8, 0.2682926829268293, 0.3617021276595745, 0.43636363636363634, 0.7441860465116279, 0.9787234042553191], "recall": [0.14285714285714285, 0.4888888888888889, 0.6296296296296297, 0.36923076923076925, 0.5714285714285714, 0.8363636363636363], "f1": [0.24242424242424243, 0.3464566929133858, 0.4594594594594595, 0.4, 0.6464646464646465, 0.9019607843137255], "support": [56, 45, 54, 65, 56, 55], "confusion_matrix": [[8, 36, 9, 3, 0, 0], [1, 22, 21, 1, 0, 0], [1, 14, 34, 5, 0, 0], [0, 10, 29, 24, 2, 0], [0, 0, 1, 22, 32, 1], [0, 0, 0, 0, 9, 46]], "predictions": [1.746258020401001, 2.081374168395996, 3.9815168380737305, 1.0405385494232178, 1.9754621982574463, 0.1598968505859375, 1.9342155456542969, 0.4127662181854248, 0.7108957767486572, 1.5915913581848145, 2.485621929168701, 0.8717807531356812, 1.741039752960205, 2.6875503063201904, 1.202909231185913, 2.3872056007385254, 1.484035849571228, 2.6023502349853516, 1.3995388746261597, 1.7921886444091797, 1.0560187101364136, 1.4759531021118164, 0.732793927192688, 1.4847346544265747, 2.2894325256347656, 1.7665705680847168, 3.331772565841675, 1.7082215547561646, 1.7171125411987305, 2.39009690284729, 0.3912959098815918, 1.9165663719177246, 1.7407960891723633, 2.1414952278137207, 2.3557333946228027, 2.025836229324341, 0.2808873653411865, 1.1017265319824219, 3.4772462844848633, 1.5728877782821655, 1.4741867780685425, 0.15228509902954102, 3.5701069831848145, 2.3509013652801514, 2.549135684967041, 1.4947258234024048, 1.426634430885315, 3.5214333534240723, 3.0754873752593994, 3.235184669494629, 1.5983996391296387, 1.8348301649093628, 4.116091251373291, 1.4769059419631958, 2.9666004180908203, 2.4280829429626465, 0.9425029754638672, 0.8568613529205322, 3.175715684890747, 2.160024642944336, 3.339465379714966, 3.256715774536133, 3.5763301849365234, 1.7791110277175903, 1.1524258852005005, 2.2270708084106445, 1.743286371231079, 1.250948429107666, 2.0796875953674316, 2.939056158065796, 0.6264024972915649, 1.7877681255340576, 0.17209887504577637, 0.6364834308624268, 0.9522731304168701, 2.8331236839294434, 0.34566307067871094, 1.5576775074005127, 1.3658889532089233, 1.1197079420089722, 0.739464521408081, 3.4443037509918213, 1.5364413261413574, 0.5625637769699097, 1.129867672920227, 0.5423818826675415, 0.9162511825561523, 1.5770403146743774, 1.907487154006958, 3.3651766777038574, 1.4554001092910767, 3.943147659301758, 1.3764995336532593, 3.2392923831939697, 0.626700758934021, 2.9265871047973633, 3.3730454444885254, 2.6643905639648438, 1.6481995582580566, 2.216933250427246, 1.8782603740692139, 3.440072774887085, 1.5794031620025635, 1.382411003112793, 1.1130326986312866, 2.507751941680908, 1.0449597835540771, 0.6712148189544678, 2.0802698135375977, 0.26406383514404297, 3.034851312637329, 1.2430957555770874, 1.3831640481948853, 1.2650420665740967, 2.0968708992004395, 3.2800469398498535, 0.2543656826019287, 1.171727180480957, 2.7838969230651855, 0.7671431303024292, 2.358034133911133, 2.6073050498962402, 1.5946846008300781, 2.9450130462646484, 1.9454803466796875, 1.7532446384429932, 3.047293186187744, 1.3841407299041748, 1.3983027935028076, 3.0136091709136963, 2.633072853088379, 1.2448176145553589, 2.535810708999634, 3.309513568878174, 0.9936584234237671, 2.2070863246917725, 3.637455940246582, 1.4832582473754883, 2.7176833152770996, 2.6078150272369385, 1.2851412296295166, 4.022421836853027, 1.4346431493759155, 2.4803109169006348, 1.5638395547866821, 2.454866647720337, 1.5756902694702148, 1.8413269519805908, 1.5089983940124512, 1.8106927871704102, 1.0081087350845337, 2.440734624862671, 0.8042216300964355, 3.359236717224121, 1.0890411138534546, 1.8609981536865234, 3.149554491043091, 1.752640724182129, 2.152208089828491, 3.5976808071136475, 3.506789207458496, 2.0993289947509766, 3.3913581371307373, 0.986961841583252, 2.6547396183013916, 3.0385355949401855, 2.741511344909668, 2.0745527744293213, 0.9770640134811401, 1.8178730010986328, 2.4897704124450684, 0.7189782857894897, 1.457046389579773, 2.2179458141326904, 1.797675609588623, 1.2340872287750244, 4.322631359100342, 1.444932460784912, 2.6102089881896973, 2.485991954803467, 1.0783092975616455, 2.051877975463867, 0.8911983966827393, 0.6529413461685181, 0.5082635879516602, 3.157437801361084, 2.182077407836914, 3.8800249099731445, 1.708186149597168, 2.1227118968963623, 1.4909082651138306, 0.9844086170196533, 2.2471389770507812, 2.8911280632019043, 2.0912299156188965, 4.107518672943115, 3.592075824737549, 4.484551429748535, 3.941862106323242, 3.4858975410461426, 3.3443844318389893, 3.2026000022888184, 4.241089344024658, 4.2168402671813965, 4.030701160430908, 3.7103376388549805, 3.0566725730895996, 3.9280896186828613, 4.466649055480957, 3.6472573280334473, 3.7065467834472656, 4.294942378997803, 4.171243667602539, 4.509829998016357, 3.9105710983276367, 3.403324842453003, 3.4061293601989746, 3.707205295562744, 5.444952011108398, 4.889129638671875, 5.161497116088867, 4.466714859008789, 4.371903896331787, 5.7855329513549805, 5.062564373016357, 4.594161033630371, 4.52667760848999, 4.301516532897949, 5.1736907958984375, 5.125425815582275, 4.402884483337402, 5.225144863128662, 4.394904136657715, 5.5059967041015625, 4.73744010925293, 5.248287200927734, 4.867681980133057, 5.080066204071045, 4.732844352722168, 4.993831157684326, 4.698239326477051, 5.3892693519592285, 4.659164905548096, 5.476232528686523, 5.374579429626465, 4.942724227905273, 4.827191352844238, 4.769804000854492, 5.100028991699219, 5.01646089553833, 4.974902153015137, 4.933837890625, 4.895569801330566, 4.371065616607666, 4.6424970626831055, 5.033690452575684, 5.249414443969727, 5.705741882324219, 5.277284622192383, 4.755343437194824, 4.004374027252197, 5.276871204376221, 1.6903340816497803, 1.3215761184692383, 1.8934704065322876, 2.3687775135040283, 0.998953104019165, 2.130462408065796, 1.8428579568862915, 1.0371488332748413, 2.294947624206543, 2.153411626815796, 4.383060932159424, 1.9924107789993286, 5.208672046661377, 3.7517333030700684, 0.8553789854049683, 1.9833900928497314, 5.122899532318115, 2.1984634399414062, 2.3503122329711914, 0.8495464324951172, 2.067767858505249, 1.0792264938354492, 1.3891938924789429, 1.471606731414795, 1.673357605934143, 0.7964141368865967, 2.3455376625061035, 4.207728385925293, 1.1378519535064697, 2.426400661468506, 2.541516065597534, 2.054680109024048, 5.282198905944824, 0.8217546939849854, 3.475860834121704, 1.9807913303375244, 5.140073776245117, 4.342183589935303, 1.448567271232605, 0.6661734580993652, 3.4709904193878174, 1.7393242120742798, 0.37291908264160156, 5.371603488922119, 4.061866760253906, 2.004936456680298, 1.3203355073928833, 1.4860904216766357, 2.7580811977386475, 2.052420139312744, 1.9394354820251465, 4.7999138832092285, 1.3371708393096924, 1.1621432304382324, 4.59230899810791, 1.9301445484161377, 2.9117865562438965, 2.508606433868408, 3.52774977684021, 1.8715099096298218, 2.3188557624816895, 0.7689743041992188, 1.8916648626327515, 0.9248453378677368, 5.4498772621154785, 4.103308200836182, 4.814637184143066, 2.5843989849090576, 3.6572365760803223], "params": {"iterations": 1510, "learning_rate": 0.014286, "depth": 3, "l2_leaf_reg": 3.4047e-06, "bagging_temperature": 2.5656, "random_strength": 4.1266, "border_count": 207}, "time_end": "2026-02-28T11:13:28.339492"}