{"model": "catboost_minilm_features-extract_places", "type": "train", "seed": 41, "train_losses": [], "val_losses": [], "time_start": "2026-02-28T12:03:41.350151", "mse": 0.13243022862450773, "accuracy": 0.8294871794871795, "corr": 0.9778833438913326, "precision": [0.9775280898876404, 0.7777777777777778, 0.6089385474860335, 0.8444444444444444, 0.9180327868852459, 1.0], "recall": [0.7699115044247787, 0.75, 0.9316239316239316, 0.7549668874172185, 0.8682170542635659, 0.9230769230769231], "f1": [0.8613861386138614, 0.7636363636363637, 0.7364864864864865, 0.7972027972027972, 0.8924302788844621, 0.96], "support": [113, 140, 117, 151, 129, 130], "confusion_matrix": [[87, 26, 0, 0, 0, 0], [2, 105, 33, 0, 0, 0], [0, 4, 109, 4, 0, 0], [0, 0, 37, 114, 0, 0], [0, 0, 0, 17, 112, 0], [0, 0, 0, 0, 10, 120]], "predictions": [3.198060975549337, 0.8128199257317892, 0.5531601276925329, 2.8720692491769695, 0.28984465592857545, 2.5298477878461734, 1.8257284823975142, 0.39328025790638543, 0.17229585641707956, 1.4261012025336295, 2.1429024547986724, 0.4421647938244777, 2.3190895474249986, 3.8272127838767087, 0.17922592265189197, 3.2678025133367026, 0.45421886801999056, 2.476365276312959, 0.22969055352436962, 1.2937526199418588, 2.105993710124406, 3.9368384021636817, 0.41259683288510773, 4.033192499448177, 0.39779397085909496, 0.25723298369203995, 3.229377885781751, 1.5388022055080857, 1.5347220292840613, 0.14486352460802498, 2.7043469564210394, 0.6523145841846125, 1.0361083068915535, 2.1317363571681103, 1.2686703111628646, 3.091613458690276, 2.924556129204827, 0.2551701689354551, 0.3733802003141249, 2.7469473655766246, 1.1621303453695793, 2.4580216208396966, 3.9716811143321777, 1.66631114085764, 0.5139315986077988, 0.7476682472458529, 4.0234034229083875, 1.5503779976471426, 2.6131552376854663, 0.09258533393393087, 0.9461923284958735, 4.147970886913702, 3.304823101771372, 2.236659076802691, 1.8293350389031795, 0.32898227156271, 1.4999119860277466, 0.20148380806033472, 1.547888710931494, 1.7621268911932988, 0.9129337722648829, 0.19745728500604498, 1.1352444098018686, 0.1855114039949708, 1.1321243305110886, 0.29551976106124345, 1.2163868457969236, 1.5703291762550338, 1.4304547500566498, 0.2815778170335159, 4.440951791853667, 0.8839461817350858, 0.1390984758844609, 3.3044125874310977, 2.630163169537826, 1.857048070373045, 0.25081636668144114, 1.252125427807817, 1.9430259718850076, 0.21435399873580252, 3.147513865312215, 0.34054823624305053, 0.6419068716233429, 3.6657007936479613, 2.3623048482266977, 2.7431768796317284, 3.2679232803451574, 2.772716296876553, -0.025612848211617578, 1.9205703026908405, 0.28351876591907565, 0.4098314457519643, 3.6921579831358833, 2.560476742701071, 1.658998418818682, 3.3523834317041126, 1.7304486359525095, 3.397424865204743, 3.2929792641107265, 1.6957316423157724, 1.4076038469054784, 1.2032017350808968, 1.2971955437480218, 3.656593681679979, 1.6294618441757143, 1.7052981626908688, 2.8248877047326344, 0.33763339646869817, 2.247373656094067, 0.4817931607026722, 1.5531827139268422, 2.92917030121031, 3.5678546307628416, 3.304551154387898, 0.13588904762497034, 2.4466207100192165, 1.8416145155745656, 0.06778202134475952, 2.8085251115217744, 1.7785018810490785, 2.6705287839326113, 1.5506896274208368, 2.0902291124320507, 2.8702539215600607, -0.09411720788292399, 1.9214280687853382, 3.404488101666572, 2.21598982957118, -0.10251994524690744, 2.435510629464858, 3.332702635513926, 2.723156115293228, 2.05078762787764, 0.4227522293654946, 0.7729904006663844, 1.9515043635981986, 2.6020906685946317, 2.0800309216677793, 2.1832795173270183, 2.1778437661350707, 0.3707412248268298, 0.4242667974835146, 1.685346828301863, 3.739867551060738, 3.593518996029382, 2.8755586913409688, 1.2762586332343477, 2.477494884626681, 1.7756793766130705, 0.2608674784666629, 2.3271799500589263, 2.011488852244077, 3.8394875204502714, 0.3300983188918649, 2.1503349293933236, 1.7795993828047956, 1.716184842839207, 2.79625205604324, 3.79774649649106, 0.21556867423513149, 0.5438187970039119, 1.5460463814166723, 2.2285261421925098, 1.0170073281331409, 0.037424318585986605, 2.3501693239723194, 3.8795147072137115, 2.3682454751909967, 1.5678886474447182, 3.6181035121146268, 0.11598368211808374, 0.660845444968694, 2.5174554495699457, 2.248132088433367, 2.9323501535239047, 3.794320391349139, 2.558430954510414, 2.5676429706902737, 2.1432779989833515, 0.46156504555418865, 2.081567798202621, 0.26340183682909846, 0.3329153838812271, 3.2517786549437298, 1.7171587024019743, 2.7405831249861174, 1.3797954656943807, 2.3135891567278604, 2.992759868904758, 0.0789099870256198, 2.550755146544552, 2.3574366066586565, 3.040559812809088, 1.2701747988526961, 1.7228787058187516, 1.7686813034165398, 0.7080428743331457, 1.7215352462384985, 1.009606607911023, 2.9940980888595563, 2.5484914260437126, 1.1416870443336447, 3.2189580188206453, 3.3047772748534436, 3.6700994362970216, 2.29430546274948, 1.9013722532756954, 2.7018629091917257, 2.0371178253292173, 0.49277710701165756, 3.04369937803006, 0.3645094737185084, 0.46745054690570464, 1.754456829370616, 1.6887219262319904, 3.582140027537914, 3.930255789011757, 1.513831495540723, 1.6301631176068114, 0.5052529254424922, 2.74701396707911, 2.494959655761407, 0.5869392546939238, 2.105944896504543, 2.541145912158642, 2.4889827792393633, 3.542928528642305, 1.0119318850199055, 3.3327650119891743, 3.037526929387275, 2.7499549153726424, 3.7091638154916082, 0.48244095689689637, 3.7997065039183884, 3.5636240542405058, 3.6191357242519224, 3.5624155798034263, 0.13841195526766548, 0.7880041606081265, 0.7330820361998047, 2.899300782429903, 4.400207455410618, 0.4302655621664737, 1.5154207495547762, 3.2602216716595516, 4.247703604357209, 0.6628644437497562, 4.4949810857293215, 3.396812718578498, 0.34557113737807565, 1.8158973892144366, 2.0460579696053793, 1.8749739374556293, 1.3636661755378876, 1.604874859737273, 3.2041902968189806, 1.9154370200516762, 4.3798792071230945, 1.7773761292243175, 3.5216457087157127, 0.18548370431234895, 3.50513155040846, 1.5989309772650855, 3.055566541744583, 3.8052081393713237, 1.5093450407290359, 1.2343693308186632, 1.0652906339993806, 2.4934243462506833, 2.7887943667961035, 0.8217479117045212, 0.1735823612559826, 3.0203515337941935, 3.384019196352472, 2.118093882100451, 4.273543209203925, 0.2759129896034609, 2.4950903218624383, 1.5921680681399608, 2.674153329961208, 1.8726288717764923, 0.8853701367971498, 1.133012561104521, 0.47515320129607685, 3.1328718606700763, 0.27850669056865573, 1.1591833029704552, 0.5789542666795582, 1.1264911649937286, 0.3714491185515634, 2.2986762690455245, 3.0902792886850863, 3.4986496117978048, 1.7626237092652963, 2.787905574476467, 1.5940280079966551, 1.6135652038819943, 3.181922132965735, 3.1019014203553668, 2.2876655201830007, 2.563618307348272, 1.8776643249221925, 2.5554592418500164, 0.5159855799861832, 2.9213814989035773, 3.7026026549009523, 4.211175538055713, 3.792453029301311, 3.8558482143004227, 3.536865223120456, 3.9604826416341314, 3.631973482041821, 4.428047395253506, 3.5341323788047125, 4.307161482920282, 4.074189685068573, 4.0864517200420885, 4.151703232535759, 4.15750541966399, 4.009298004648554, 3.9416561819166174, 3.7819452432187965, 3.653612465782896, 3.691476923791601, 3.746309369572046, 4.413703638863898, 3.537761781777681, 4.130580343623111, 4.1741968589739304, 3.7854288190648173, 3.8517347569811755, 4.391841267961114, 3.8183746208703804, 5.207627919413996, 5.351183854666666, 4.820289546946649, 4.813815043192962, 5.055112376561947, 4.940189124328392, 5.082033465587708, 5.352301729540391, 4.627030189552071, 4.783659567277292, 4.885752632939422, 4.722778064644596, 4.9821707455776565, 5.094516089301571, 4.64845767182603, 5.159718999765057, 4.982977858735666, 5.1054938817928734, 4.806882526341644, 4.641001641483425, 4.495567338642802, 5.015226378965388, 4.841813526539176, 5.217948387698623, 5.161744084374913, 4.751775197604726, 4.718747532235456, 5.01441584834408, 4.44391778635927, 4.697851513024174, 