{"model": "catboost_minilm_features-extract_stopwords", "type": "train", "seed": 41, "train_losses": [], "val_losses": [], "time_start": "2026-02-28T11:28:50.059054", "mse": 0.1320423310573314, "accuracy": 0.8358974358974359, "corr": 0.9779528299932105, "precision": [0.9886363636363636, 0.7841726618705036, 0.6294117647058823, 0.8309859154929577, 0.9243697478991597, 0.9918032786885246], "recall": [0.7699115044247787, 0.7785714285714286, 0.9145299145299145, 0.7814569536423841, 0.8527131782945736, 0.9307692307692308], "f1": [0.8656716417910447, 0.7813620071684588, 0.7456445993031359, 0.8054607508532423, 0.8870967741935484, 0.9603174603174603], "support": [113, 140, 117, 151, 129, 130], "confusion_matrix": [[87, 26, 0, 0, 0, 0], [1, 109, 30, 0, 0, 0], [0, 4, 107, 6, 0, 0], [0, 0, 33, 118, 0, 0], [0, 0, 0, 18, 110, 1], [0, 0, 0, 0, 9, 121]], "predictions": [3.1947416632762935, 0.8250182825516781, 0.4744601029335769, 2.8599899594811027, 0.18625313100826935, 2.5660078428417847, 1.803344166354096, 0.3539210910457653, 0.20540482838529028, 1.291103649926195, 2.148242074366661, 0.4169478657178374, 2.388662756112564, 3.844621285005144, 0.14890204716459454, 3.2864538120836833, 0.47501640521772837, 2.5757970012699105, 0.37525526040443546, 1.2408116441860193, 2.1349793768087117, 3.8635977633879905, 0.4548473299229161, 3.93680466427639, 0.3418239856490639, 0.2583084830122586, 3.173871548732895, 1.5304447580617948, 1.593224929487, 0.15247065478598731, 2.725878434663629, 0.6628935246742413, 1.0512799339274361, 2.1365307082975233, 1.2755394073326842, 2.873846911363532, 2.8903250041710566, 0.3475092797849908, 0.38482472619297914, 2.709103544355151, 1.2414285229661524, 2.495241397153969, 3.9901684049976023, 1.721317064987236, 0.5168621691029196, 0.7800721178701513, 4.005954237389994, 1.5124285509923536, 2.583594681521189, 0.07304045920740698, 0.8916536098762045, 4.12500548303783, 3.2591555900447022, 2.2511576655538432, 1.8197653904220328, 0.30257397402779285, 1.4652300261830733, 0.24140534811379677, 1.5779068926479762, 1.8521575513604316, 1.0408605851619055, 0.10766387082962137, 1.0737412660439873, 0.18772341775895152, 0.9846941855891647, 0.3538054422689889, 1.179618361961137, 1.6637872515509824, 1.3538258813386155, 0.20685532929613304, 4.5056597518307795, 0.9080881383924282, 0.20983254747583224, 3.284346123347529, 2.602511980432788, 1.8321844529346651, 0.3094277764794313, 1.3627801546711609, 1.9224675331345549, 0.1854236080555176, 3.12830249530213, 0.30320178523782815, 0.6331746285021322, 3.5880114535865957, 2.172902078822918, 2.7100294971632493, 3.4203117721593013, 2.734836677648657, -0.06328349551793577, 1.976451972289138, 0.32330896270324816, 0.3643809147229158, 3.739945689238409, 2.5078396034501482, 1.5879389814640725, 3.339774780840937, 1.7040191065143038, 3.3996188226661115, 3.2319660933500356, 1.6786379439020491, 1.3736217501005306, 1.3099094429062843, 1.289145297985096, 3.704626776180623, 1.601311338347585, 1.7099295416620062, 2.7505801814160233, 0.4005205614148646, 2.3025438337891835, 0.43176764316814786, 1.4631821235276101, 2.9462805824789497, 3.563798114235235, 3.284839956787784, 0.1150481445635454, 2.4955713273223177, 1.8671369240409716, -0.07457663479981358, 2.7297151239579014, 1.7085767739987072, 2.6563410140042314, 1.6070475569423257, 2.1223631171941437, 2.8153229982230763, -0.04313691990388291, 1.9182177247410839, 3.3239100505884247, 2.2784227760971194, -0.0612658357650262, 2.5276410101516635, 3.3201733830371642, 2.7666581807095993, 2.185906827412908, 0.3667234453210133, 0.8514376137222119, 1.9587304567670536, 2.7158966157048074, 2.0513613331917524, 2.170280341142081, 2.147658464642642, 0.32780068619870306, 0.3887568507020993, 1.647310337421637, 3.6842975767440134, 3.5376968836407388, 2.8123053450322058, 1.3150950322689892, 2.5588798210989387, 1.8348596644801765, 0.2758472068294835, 2.3352335432109155, 2.1052649492933755, 3.7707584074659835, 0.32820490594537777, 2.1525794629201966, 1.691044491951816, 1.6517005873889214, 2.813309012908744, 3.8636601046801005, 0.19989382999542205, 0.5445032278263058, 1.5177736447468306, 2.2445241040596704, 1.0766175543792058, 0.14013881140498885, 2.398159466140664, 3.9483487788610843, 2.412718590885598, 1.5293800294931783, 3.5991539132749835, 0.14897312248108685, 0.642616802737547, 2.5456550850195514, 2.252206596469414, 2.886563028527509, 3.852249569362357, 2.5417971848785896, 2.664608196961395, 2.210167922992917, 0.5315043834958377, 2.1881969297853208, 0.22954508173089483, 0.3609199371992471, 3.2422012995605356, 1.7691777040797687, 2.7134162014347365, 1.4635520631986803, 2.2739163843969146, 3.038044804634175, -0.060366069274657264, 2.525170368605769, 2.318671650648019, 3.1753709918215716, 1.1402457800591472, 1.804599673469507, 1.7904368638137536, 0.6538323984178527, 1.770150440472564, 1.0053719337817473, 3.049229062011437, 2.521136583695013, 1.0539000118756554, 3.1978205772179935, 3.2448292425887466, 3.6640942199952313, 2.3376865207986715, 1.801968524746972, 2.6212711109486486, 2.0571277589954895, 0.610773342788455, 2.9310546286246844, 0.3957831091178945, 0.47159119224894086, 1.7370757532394028, 1.728276864410815, 3.603428813139283, 3.849685312774729, 1.5640861705469324, 1.5455921080079114, 0.48564615586602633, 2.7477383692081494, 2.4541944873444206, 0.48322198500416036, 2.0721087455375096, 2.6441388248367432, 2.4451086508603272, 3.495540391095122, 0.9804362666425608, 3.316630765377274, 2.954263074258684, 2.615020072269475, 3.666883197373763, 0.4573792382545099, 3.822292420420544, 3.52094670702648, 3.6179750801788177, 3.5895784664808046, 0.1678740271022492, 0.7653093595424816, 0.7757618597090294, 2.8505306258953005, 4.400660889835359, 0.41499616746587176, 1.5698726554952782, 3.2958218104964008, 4.307272072664356, 0.6723135040611281, 4.510845326077628, 3.4202240866508147, 0.42308504181721673, 1.820848215992657, 2.080396069811402, 1.8401103193713806, 1.3478813794047015, 1.7105346658248906, 3.1948504501734236, 1.9327524968484227, 4.478927863311526, 1.783303220884155, 3.4555090032335913, 0.21959422524768524, 3.4567914318402297, 1.6274136715844219, 2.994246772702672, 3.7474531987048785, 1.3870047363994773, 1.2074205440440124, 1.1336831325615506, 2.467057894180656, 2.856850797679332, 0.7700193364156469, 0.21855112676780974, 2.9435639974700223, 3.3233200089088397, 2.1376653492380533, 4.290087048819628, 0.31203816556165975, 2.413246060953933, 1.5987688354862026, 2.6692914456844825, 1.8544285486482206, 0.9755152139638326, 1.1515376253469305, 0.5394953128578124, 3.1666726708102333, 0.333193940458409, 1.0778353367153013, 0.5967393893674162, 1.141480211463241, 0.3557585752916901, 2.299757872270274, 3.0105624250463503, 3.50341748722641, 1.626041615011994, 2.7977714685869195, 1.6128738430968843, 1.6317215818401927, 3.2244428862591183, 3.2149287615650755, 2.3914404137099625, 2.6511781963940186, 1.8849546832247341, 2.58050707179339, 0.5121569573388867, 3.0204233705788157, 3.6860704337266927, 4.168760521172878, 3.8283864598039, 3.8284009010228317, 3.5495720184018777, 3.907754351837033, 3.6828219785632554, 4.595333038120636, 3.5394462066705548, 4.330775356340906, 3.9452922780899247, 4.230144299134356, 4.123555221747464, 4.099165970705258, 3.9452670288830722, 3.9905485261846754, 3.855115479666727, 3.669881487160184, 3.6572170445632413, 3.733336217011498, 4.4129751355212825, 3.4531413031548626, 4.113491795824176, 4.08157231844953, 3.918649178851121, 3.899002736538897, 4.290887798011422, 3.9077960226051864, 5.2344481169918184, 5.247672063671134, 4.808438036694787, 4.786990480029141, 5.131899619218476, 4.819998736497488, 4.9847889453471, 5.330204463555276, 4.621606629016297, 4.78686520526877, 4.67885570043237, 4.803546266323616, 5.031542738208721, 5.112971259814046, 4.621158343204332, 5.1203699406486205, 4.898922970582333, 5.1587249524621495, 4.826624580011645, 4.711266037570855, 4.424805715243217, 5.089931516159151, 4.8532813871583595, 5.218574721261211, 5.180490035967511, 4.751902858659618, 4.803373583180292, 4.917308113469679, 