{"model": "catboost_minilm_features-extract_char_ngrams", "type": "test", "seed": 40, "time_start": "2026-02-28T11:10:34.060117", "mse": 0.7891548871994019, "accuracy": 0.48036253776435045, "corr": 0.8514725907540113, "precision": [0.8181818181818182, 0.273972602739726, 0.3333333333333333, 0.37735849056603776, 0.6976744186046512, 0.9038461538461539], "recall": [0.16071428571428573, 0.4444444444444444, 0.6111111111111112, 0.3076923076923077, 0.5357142857142857, 0.8545454545454545], "f1": [0.26865671641791045, 0.3389830508474576, 0.43137254901960786, 0.3389830508474576, 0.6060606060606061, 0.8785046728971962], "support": [56, 45, 54, 65, 56, 55], "confusion_matrix": [[9, 31, 13, 3, 0, 0], [1, 20, 22, 2, 0, 0], [1, 12, 33, 8, 0, 0], [0, 10, 30, 20, 5, 0], [0, 0, 1, 20, 30, 5], [0, 0, 0, 0, 8, 47]], "predictions": [1.5547587871551514, 2.1577534675598145, 3.9573659896850586, 1.2412712574005127, 1.6855120658874512, 0.4660038948059082, 1.6063101291656494, 0.13932085037231445, 1.0537086725234985, 1.9295053482055664, 2.547792911529541, 1.020159363746643, 1.6761475801467896, 2.61613130569458, 1.5170063972473145, 2.2805447578430176, 1.671622395515442, 2.8921680450439453, 1.5708032846450806, 1.6915574073791504, 0.8939039707183838, 1.5480613708496094, 0.5681968927383423, 1.5597474575042725, 2.1522340774536133, 1.8009717464447021, 3.5182762145996094, 1.98223876953125, 1.5503352880477905, 2.3964931964874268, 0.24676132202148438, 1.7317768335342407, 1.6463918685913086, 1.882307529449463, 2.0033586025238037, 1.9495515823364258, 0.8115410804748535, 1.2964808940887451, 3.4800384044647217, 1.7006486654281616, 0.926953911781311, 0.3477802276611328, 3.4675381183624268, 2.1454052925109863, 2.94687557220459, 1.2585062980651855, 1.445306420326233, 3.8072714805603027, 2.7601864337921143, 3.1963460445404053, 1.5476503372192383, 1.3503706455230713, 4.170541763305664, 1.9228320121765137, 2.9486424922943115, 2.5281245708465576, 0.9129968881607056, 0.669165849685669, 2.936486005783081, 2.01027250289917, 3.214797258377075, 3.649345636367798, 3.9194717407226562, 1.9415041208267212, 1.5832841396331787, 2.070646286010742, 1.7229163646697998, 1.3030487298965454, 2.0383121967315674, 2.9829087257385254, 0.38860440254211426, 1.8779956102371216, 0.1325232982635498, 0.49396324157714844, 0.5614720582962036, 2.9788658618927, 0.6097266674041748, 1.7350375652313232, 1.314515471458435, 0.8599370718002319, 0.5293879508972168, 3.3104801177978516, 1.4736052751541138, 0.16088128089904785, 1.1845595836639404, 0.3316318988800049, 0.5743200778961182, 1.4881420135498047, 1.9966638088226318, 3.2942893505096436, 1.1383765935897827, 3.500018835067749, 1.4051135778427124, 2.931647539138794, 0.6235436201095581, 2.824878215789795, 3.885645866394043, 2.9062657356262207, 1.5405898094177246, 2.2052509784698486, 1.4684085845947266, 3.41347074508667, 1.5887129306793213, 1.6087725162506104, 1.3944135904312134, 2.634563684463501, 1.2403115034103394, 0.6039773225784302, 1.9842784404754639, 0.3810446262359619, 2.232008934020996, 1.477687954902649, 1.3054190874099731, 1.3536937236785889, 1.928299903869629, 3.143608570098877, 0.03323173522949219, 1.1618926525115967, 2.987797498703003, 0.5806879997253418, 1.9110326766967773, 2.5633327960968018, 1.5601650476455688, 2.9959664344787598, 1.9923317432403564, 1.9359967708587646, 3.2821757793426514, 1.333734154701233, 1.4982082843780518, 2.854410409927368, 2.280263662338257, 1.4243721961975098, 2.040930986404419, 3.260277032852173, 0.6653387546539307, 2.0628979206085205, 3.438154458999634, 1.1877145767211914, 2.7378246784210205, 2.5900185108184814, 0.9763684272766113, 4.303359508514404, 1.0353519916534424, 2.632193088531494, 1.37471342086792, 2.1889941692352295, 1.8475276231765747, 1.8143401145935059, 1.337264895439148, 1.6174677610397339, 0.9423457384109497, 2.2570276260375977, 0.5040075778961182, 3.440777063369751, 1.1535141468048096, 2.09474515914917, 3.181225061416626, 1.6243571043014526, 2.2799811363220215, 3.5679149627685547, 3.290322780609131, 2.209263801574707, 4.017266273498535, 1.3878238201141357, 2.2944610118865967, 3.360130786895752, 2.5207653045654297, 1.7867932319641113, 0.773669958114624, 1.6567509174346924, 2.634821653366089, 0.5292431116104126, 1.5537521839141846, 2.50423526763916, 1.8060871362686157, 0.9245586395263672, 4.512090682983398, 1.5926166772842407, 2.1847083568573, 2.405654191970825, 1.0795975923538208, 2.3405115604400635, 0.8507194519042969, 0.8493534326553345, 0.6806228160858154, 3.7749342918395996, 2.3619067668914795, 3.64951753616333, 1.6804487705230713, 1.9703433513641357, 1.6601111888885498, 0.7158204317092896, 2.2301738262176514, 2.7774789333343506, 2.1310319900512695, 4.233953475952148, 3.611431360244751, 4.639349937438965, 3.775904655456543, 3.5808207988739014, 3.6590986251831055, 3.049344539642334, 4.129329681396484, 4.557806015014648, 4.2340264320373535, 3.975170135498047, 3.0321614742279053, 3.9953689575195312, 4.7052321434021, 3.7793331146240234, 3.889995574951172, 4.42807674407959, 3.483198642730713, 4.603967189788818, 4.127871990203857, 3.923583507537842, 3.5125668048858643, 3.4812355041503906, 5.410247802734375, 4.599386692047119, 5.054292678833008, 4.361751556396484, 4.602692604064941, 5.6315999031066895, 4.721856594085693, 4.605340957641602, 4.6860761642456055, 4.801641464233398, 4.956497669219971, 5.3060302734375, 4.6406049728393555, 5.318902969360352, 4.430070877075195, 5.52755069732666, 5.242673397064209, 5.347838878631592, 4.928666114807129, 5.200603008270264, 4.387378692626953, 5.172159194946289, 5.006913185119629, 5.123292446136475, 4.253993988037109, 5.297454833984375, 5.399359703063965, 5.063607215881348, 4.8154191970825195, 4.8272552490234375, 5.01800012588501, 4.688204288482666, 4.838259696960449, 5.0457682609558105, 4.674070358276367, 4.336730480194092, 4.872882843017578, 4.634171009063721, 5.031932830810547, 5.422392845153809, 4.764533996582031, 5.216474533081055, 3.6719913482666016, 5.002377510070801, 1.7136318683624268, 1.5338411331176758, 1.927455186843872, 2.082092761993408, 0.8335961103439331, 2.1911957263946533, 2.07248592376709, 1.361761450767517, 2.113553524017334, 1.8291254043579102, 4.189182758331299, 1.9959828853607178, 5.058237552642822, 4.270822525024414, 0.6632283926010132, 1.7359809875488281, 4.649250030517578, 2.543790340423584, 1.9608768224716187, 0.8016681671142578, 2.538245439529419, 0.906285285949707, 1.3726563453674316, 1.2770930528640747, 2.0089261531829834, 0.7065973281860352, 1.8382786512374878, 4.547800064086914, 0.5803977251052856, 2.352391481399536, 2.584824562072754, 2.20430850982666, 5.028347969055176, 1.2016595602035522, 3.7765557765960693, 2.2480051517486572, 4.576714515686035, 3.678307056427002, 1.3106812238693237, 0.6765029430389404, 3.230257511138916, 1.8654199838638306, 0.5353215932846069, 5.531174182891846, 4.481354713439941, 1.9247499704360962, 1.615371823310852, 1.535405158996582, 2.638369560241699, 1.574914574623108, 2.4013333320617676, 4.7912092208862305, 1.4748200178146362, 1.4343314170837402, 3.911057949066162, 2.145551919937134, 2.899160861968994, 3.0582048892974854, 3.6911849975585938, 1.6153044700622559, 2.7331082820892334, 0.7313904762268066, 1.7782888412475586, 0.9104597568511963, 5.409392356872559, 3.99422025680542, 4.6499409675598145, 2.848536491394043, 4.264554977416992], "params": {"iterations": 1510, "learning_rate": 0.014286, "depth": 3, "l2_leaf_reg": 3.4047e-06, "bagging_temperature": 2.5656, "random_strength": 4.1266, "border_count": 207}, "time_end": "2026-02-28T11:10:34.145909"}