{"model": "catboost_minilm_features-extract_numeric_word_ratio", "type": "train", "seed": 41, "train_losses": [], "val_losses": [], "time_start": "2026-02-28T11:20:06.019880", "mse": 0.13613840173101005, "accuracy": 0.8256410256410256, "corr": 0.9772524459197771, "precision": [0.9882352941176471, 0.7602739726027398, 0.6184971098265896, 0.8129496402877698, 0.9304347826086956, 1.0], "recall": [0.7433628318584071, 0.7928571428571428, 0.9145299145299145, 0.7483443708609272, 0.8294573643410853, 0.9384615384615385], "f1": [0.8484848484848485, 0.7762237762237763, 0.7379310344827587, 0.7793103448275862, 0.8770491803278688, 0.9682539682539683], "support": [113, 140, 117, 151, 129, 130], "confusion_matrix": [[84, 29, 0, 0, 0, 0], [1, 111, 28, 0, 0, 0], [0, 6, 107, 4, 0, 0], [0, 0, 38, 113, 0, 0], [0, 0, 0, 22, 107, 0], [0, 0, 0, 0, 8, 122]], "predictions": [3.1769453414076523, 0.7860381321663452, 0.5069886259243401, 2.981948153077931, 0.3319397198269871, 2.571339681379097, 1.7591263524666056, 0.39256481029283563, 0.16149829226850487, 1.444904296425357, 2.2076866853117916, 0.4185243960127063, 2.322256978509043, 3.7530255656139877, 0.261687731840214, 3.285984495158087, 0.43569104902158706, 2.588841355784867, 0.3366440259079626, 1.2453852132270482, 1.957312705669639, 3.8407646442693, 0.40706662075263456, 4.0702746086396155, 0.32935137923776026, 0.2183773502961639, 3.179112170584394, 1.505097677947826, 1.5552617036144722, 0.12200239607157748, 2.7193904221953673, 0.6869516391800485, 1.1578392157329391, 2.0864736865530342, 1.2960931898879196, 3.0952543364328853, 3.038114553615379, 0.2724390473647711, 0.3835657703117481, 2.779244137601447, 1.1480500292160034, 2.4805739333313626, 3.9693721574981637, 1.7063011062429279, 0.6139028832234095, 0.7598201306949988, 4.061081367297202, 1.588247076137607, 2.5426597094102825, 0.18251057461054998, 1.0339243595680097, 4.135534487397673, 3.2208984450114846, 2.277970863916847, 1.8989858997408917, 0.3850370489863377, 1.4468647018801162, 0.2895587071303045, 1.5871657778672366, 1.7816563126275522, 0.9369460947437707, 0.187727425600547, 1.065425141906696, 0.1975408292481, 1.1402809546830852, 0.444518313541892, 1.2836974756965052, 1.54878322178515, 1.4109386729154292, 0.28072428723229326, 4.404016887930895, 0.9764043365776824, 0.2232748783302787, 3.221687429656467, 2.651008842942906, 1.9026536355107506, 0.3096630533493374, 1.223392650382096, 2.0093881380649217, 0.198135995202386, 3.085006032937488, 0.35012151260539026, 0.7220356960440892, 3.5755813793005573, 2.295371047023665, 2.705242710068749, 3.2521032067326736, 2.69312741430774, -0.02678350174413957, 1.9291845554577138, 0.31740501965977685, 0.34007653241959623, 3.6860898771295307, 2.43067495524726, 1.5500149577923088, 3.291193375146536, 1.607807121712979, 3.3742836450779423, 3.3584425186275935, 1.6622865778811382, 1.3601686692503576, 1.2851320250956244, 1.2610782217275156, 3.6956912539978037, 1.6987537987673815, 1.5973410680273905, 2.8150307687379232, 0.4414123133115102, 2.2722454048441176, 0.4656249806501984, 1.6535481514329349, 3.0579221092272997, 3.4641345806580413, 3.292053359538873, 0.06201306310684185, 2.3520925299436617, 1.9624754179793373, 0.07582825612003408, 2.730075816643915, 1.6792488203039873, 2.6847756092384287, 1.5755483738845735, 2.161790573739334, 2.9541836201917584, -0.03480234324977083, 1.8807157422952867, 3.3407442949919344, 2.254281630932959, -0.11747791269292174, 2.445978619544155, 3.2466126129079416, 2.720792008685175, 2.088400717208942, 0.439095689348433, 0.7535394018848833, 1.8990541644945806, 2.628210652684594, 2.0311737641388485, 2.136267707293832, 2.1469250425445416, 0.43258011745053304, 0.34247820591872413, 1.7231452203470599, 3.7189502587963617, 3.686799660726835, 2.7390542029396503, 1.3405575613613747, 2.54730508566168, 1.865024785790474, 0.2723671480097378, 2.445818299577056, 2.1018127024756614, 3.8118873114796816, 0.3230454173288875, 2.1418842876815063, 1.663901050971329, 1.7466564234539792, 2.665820910436823, 3.9226953254885104, 0.1956478654192324, 0.5315256635795322, 1.4873546119348278, 2.1968516260755586, 0.9620247526699959, 0.12657197973853895, 2.2510114835983384, 3.8562229597913635, 2.4367639993788917, 1.494862291369592, 3.5580904876631396, 0.23289334566234388, 0.7009850078100992, 2.6604867987118617, 2.289661063037199, 2.819205621348022, 3.822118027403897, 2.5439672716523343, 2.6004303202262435, 2.2359542692405303, 0.525732239400581, 2.203075170171915, 0.2682128619067701, 0.435959502110709, 3.222234230798419, 1.7653890041286595, 2.667372211391757, 1.3637573283878126, 2.3029582730334544, 3.0194561535189437, -0.005797736546012455, 2.4691749834140153, 2.292278094453059, 3.1738768097456083, 1.2511950729441683, 1.6259257033116508, 1.723470620883915, 0.7478382501062157, 1.6989914614806367, 0.9922450515731254, 3.0134758018019205, 2.4263962098474514, 0.8969787842007897, 3.075587657408499, 3.2579661656360583, 3.681790906632224, 2.3828903341889967, 1.784305656934913, 2.6397468139524847, 2.032334371441164, 0.5892723821496055, 2.935029545965413, 0.32365987339644464, 0.48549253257786695, 1.669740704130303, 1.705624514351756, 3.6441598312217263, 3.8448212972854114, 1.6041392370156036, 1.6340268937669018, 0.4962340931807856, 2.728064780863944, 2.476797065085895, 0.47312302899055636, 2.162107823651695, 2.5669223382323048, 2.3791706306305245, 3.4831796057714643, 1.091216072975471, 3.286650518534727, 2.9941580101880367, 2.674170828524451, 3.652347951081578, 0.5360807333993858, 3.8410535873317118, 3.475715831847876, 3.654517362980358, 3.643264415078489, 0.055056213496028406, 0.7959155028311278, 0.7228027323691391, 2.9140445907775643, 4.309870173469692, 0.32712470406348926, 1.4777464770314765, 3.215503010846595, 4.340724852374, 0.6931178226029944, 4.6020832872358355, 3.4359625351607628, 0.39989581233381477, 1.8756901408309519, 2.0527464279456735, 1.8882220557181286, 1.4112564503295133, 1.6967496784060687, 3.0540432810135094, 1.8427557246001913, 4.517842185285634, 1.7905948939416654, 3.403478362390316, 0.19987707879710603, 3.5143776179275235, 1.5680289993163297, 2.9409663849484886, 3.90827656343859, 1.4201009354118996, 1.2166886975240763, 1.184470551370441, 2.4391742119227, 2.8464588739659877, 0.7705399530060959, 0.24812966492555377, 2.9816072304735077, 3.291444952295853, 1.9963415125512132, 4.312529642193985, 0.2373186765580244, 2.5540826592139534, 1.609086280656374, 2.6422477892024645, 1.9125220911834475, 0.9114528823718961, 1.1353788258682627, 0.5049153495702376, 3.2420991347145, 0.28655458406079726, 1.139421814332376, 0.650840842963248, 1.2113338887385356, 0.24269748283334414, 2.190608129646236, 2.8876408571239667, 3.397987744854273, 1.7262833183281758, 2.7420446089287975, 1.4856936316844183, 1.66940782164375, 3.274276225330528, 3.3188924861132856, 2.3590829241250795, 2.6691894272259438, 1.893468194171947, 2.5252668908098275, 0.47689322422370184, 3.030801323894537, 3.7636048329754335, 4.239412661159795, 3.858908357958183, 3.883754945362115, 3.6122485649506784, 3.9300763239177825, 3.7385112978671136, 4.417968657272178, 3.5701472921797563, 4.224161194850975, 4.026581182090455, 4.157107641426555, 4.1448057087150065, 4.185728015173698, 4.047305644897726, 3.906463134622279, 3.8299549367201973, 3.691521214436654, 3.660209613633443, 3.7398400853044715, 4.453468627107917, 3.442554315054867, 4.034610054447605, 4.176707647711632, 3.8827856824720284, 3.9543318082076837, 4.28141856127077, 3.962938188842898, 5.2693731296595026, 5.326627156777549, 4.8437942200421436, 4.7787208882188015, 5.1598455168754604, 4.8621367451811235, 5.063170876250814, 5.263161352583914, 4.657477886288013, 4.8405884336194305, 4.69205238845927, 4.730558518490405, 5.0735556016185965, 5.016537152033923, 4.6619391295012935, 5.145417454977428, 4.841626741472002, 5.083025701664807, 4.8022434995755905, 4.6429687155571, 4.579193655724122, 5.037490253062542, 4.8063928435329455, 5.3364253919918125, 5.111346838931471, 4.675559611159332, 4.7499243817752035, 4.8571327326111255, 4.602906346629762, 