{"model": "catboost_minilm_features-extract_quote_ratio", "type": "train", "seed": 41, "train_losses": [], "val_losses": [], "time_start": "2026-02-28T11:08:47.995679", "mse": 0.13186538910175394, "accuracy": 0.8294871794871795, "corr": 0.9780150265726142, "precision": [0.9885057471264368, 0.7730496453900709, 0.6331360946745562, 0.8095238095238095, 0.9137931034482759, 1.0], "recall": [0.7610619469026548, 0.7785714285714286, 0.9145299145299145, 0.7880794701986755, 0.8217054263565892, 0.9230769230769231], "f1": [0.86, 0.7758007117437722, 0.7482517482517482, 0.7986577181208053, 0.8653061224489796, 0.96], "support": [113, 140, 117, 151, 129, 130], "confusion_matrix": [[86, 27, 0, 0, 0, 0], [1, 109, 30, 0, 0, 0], [0, 5, 107, 5, 0, 0], [0, 0, 32, 119, 0, 0], [0, 0, 0, 23, 106, 0], [0, 0, 0, 0, 10, 120]], "predictions": [3.2075944056096577, 0.8610920236876003, 0.4659000944338021, 2.9611484777332038, 0.26509069685291564, 2.525706146786069, 1.77073143280345, 0.3256809852726872, 0.1447887043299998, 1.3711903670986567, 2.2080257139132984, 0.4295433394537911, 2.3661569422392295, 3.724396446426531, 0.2785191521631152, 3.2441099632182753, 0.39397198869392414, 2.711643995828658, 0.2945740492291682, 1.1333055576374287, 2.0196591268403417, 3.846610821070813, 0.39606142660489363, 4.026852010528904, 0.36754201630343664, 0.2824800181457232, 3.1875216392509578, 1.4940907909356893, 1.6125642125322588, 0.19722750128612088, 2.7783661222397034, 0.7002660540051917, 1.0998498633780054, 2.1096530775139013, 1.3199827151354697, 3.023644627801189, 3.012641226976322, 0.33526823256761906, 0.37002013069104134, 2.7730696228060907, 1.0924692344102354, 2.4477491673585408, 3.954410073553812, 1.7512329600980203, 0.5863581594372587, 0.842968527472133, 4.014877793774894, 1.5288492997092098, 2.5970715194332348, 0.1141810989769736, 0.9382206365846879, 4.110701007928439, 3.267620443024657, 2.258697715284296, 1.8179020792822862, 0.3208085493693562, 1.5022814408572427, 0.17719785512855513, 1.5316345016637216, 1.7489681964693964, 0.9140302152508275, 0.2501337969946942, 1.1443318520287944, 0.17746009780511773, 1.1208190730065843, 0.37827115594068994, 1.2677615734567345, 1.6145317789380251, 1.3274126146293732, 0.23428663877395373, 4.482496630396646, 0.8823166082432019, 0.2000693295756375, 3.258000994565692, 2.5356004057038826, 1.8709374988161467, 0.3767402541914886, 1.2607107893666982, 2.061417748937809, 0.14667922470045003, 3.1502429367281595, 0.3494891804807425, 0.5806750330544455, 3.7572282229589558, 2.3579932835794675, 2.609485234179045, 3.401648192970874, 2.6610212998984606, -0.03318421141090333, 1.8517047803306936, 0.3409818819880903, 0.32213529892223525, 3.755031562134663, 2.6458787963052552, 1.586884771892389, 3.3468342648887663, 1.685488104362419, 3.419183124224354, 3.307126630294114, 1.6936137920355623, 1.3744256976660116, 1.2995904347973162, 1.3041023670101342, 3.760563014361717, 1.6368281412596972, 1.6562201921531354, 2.7223648959109483, 0.4155975761283499, 2.2259658045750896, 0.5443171251308225, 1.6469879437590744, 2.9538827111174055, 3.44616608375057, 3.2024658788801674, 0.018752683919051716, 2.4677302926379787, 1.9261143911181235, -0.016421431498842676, 2.7398132812452016, 1.6880488859148954, 2.674660261898515, 1.5260219539910347, 2.0368285784078686, 2.9327764837894352, 0.05663823048350558, 1.8960496073198583, 3.2907190096945294, 2.224665151805219, -0.118402243415201, 2.4241420954497412, 3.343083681436635, 2.7713250363437485, 2.0765579094180655, 0.3639335283786287, 0.8063948171672919, 2.0022622299184443, 2.7411940687914353, 2.0462570424336395, 2.179382540582185, 2.163802518820285, 0.36163839660101527, 0.39257763416319813, 1.7466477610896691, 3.7803735926503084, 3.588696635339133, 2.7788574358152487, 1.2922473306123905, 2.5642400839939388, 1.9221574217077082, 0.25558072811633004, 2.390314061734656, 2.1638966146972454, 3.8217278579466933, 0.31717530736951316, 2.186395878268126, 1.7439088212033065, 1.6653696360302548, 2.8331026522470566, 3.879593505292101, 0.23700082319605054, 0.563981690613157, 1.4390180044395724, 2.184689283583795, 0.9389881484004781, 0.11241993918128479, 2.4389838045051113, 3.8659557604405297, 2.3475420497837103, 1.5383186985825708, 3.5515428175560206, 0.17717604479969884, 0.6368231800798307, 2.6563329083602154, 2.3071385494070977, 2.8066863111428058, 3.8049302657870996, 2.6260745616327092, 2.5647043532219382, 2.209577358500513, 0.5785384334365371, 2.203892518683809, 0.17665886410526088, 0.3953241560080123, 3.27742697720385, 1.663139352722729, 2.690284144401273, 1.3765260660330876, 2.3301152653037818, 3.0376336916127467, -0.06548245433725786, 2.5371817312553677, 2.298346246849967, 3.1333118883250846, 1.258298498700162, 1.7328424013086143, 1.7596390535659676, 0.6972603432670439, 1.695173635106778, 0.973911088607188, 3.071005602285501, 2.5211531296926095, 0.9224040249774483, 3.1477901891501174, 3.2287212954958004, 3.685305389945526, 2.3838677995786983, 1.8491903341531315, 2.671304871988723, 2.0488139268700767, 0.5039963888393872, 2.8904872403315025, 0.4086773048819681, 0.5022767866332014, 1.7621753027260072, 1.7316180216260642, 3.6680909791434284, 3.8442909509500804, 1.5935360261329479, 1.5769171126165198, 0.4867224104739809, 2.6961445675904603, 2.452175113714491, 0.6335741677272098, 2.2084221960834163, 2.646798916828158, 2.4239637606721516, 3.4875063456500506, 0.9602035444481709, 3.334967466590302, 3.0818671211558186, 2.7311668214804943, 3.6762084444702414, 0.38633287612500355, 3.820077406393434, 3.5066742690614543, 3.7365534452431532, 3.6854977270834377, 0.10164741955238288, 0.7602723870162369, 0.7845083908325172, 2.9015254106798753, 4.366060885878664, 0.4008594457598953, 1.573004200199248, 3.151183426677841, 4.3368672770746155, 0.7219472228025074, 4.551178507590615, 3.328087488508446, 0.41474086108027874, 1.8918234763030541, 2.0714508354796353, 1.8469696164358584, 1.3457390479480942, 1.644512092449506, 3.1832927024751414, 1.9456320024951066, 4.4065963157676915, 1.7862641070549437, 3.491177282355555, 0.15310528626414177, 3.571246992324544, 1.6330253768572565, 3.0773287991295772, 3.8250373659047066, 1.415690402187151, 1.2238334341372865, 1.1072082838603445, 2.5314737041514612, 2.7863996620797336, 0.8252281240757278, 0.19730144962026275, 2.9232997881972387, 3.315001294666119, 1.989911049726425, 4.246020072531467, 0.23953169943482466, 2.3905859525259476, 1.6396346624312823, 2.6778294669803957, 1.8403788885911496, 0.927028214515877, 1.186465451850899, 0.5343648492250692, 3.1114559925196428, 0.3578482686910873, 1.1118644898790075, 0.5942221623991129, 1.1178458648831435, 0.32740700763728015, 2.2685685394809703, 2.948453323397426, 3.4486865157305258, 1.6601700755023865, 2.7643164675607275, 1.5953375113449955, 1.7037775416575307, 3.1749030193109498, 3.208635946343839, 2.384096478947663, 2.651502690397986, 1.868883568990036, 2.5742980314241617, 0.5399569426265727, 2.8785164124373237, 3.6906571138814153, 4.229208433564291, 3.8272155971533053, 3.7804896394022247, 3.5745023679199317, 3.852028798304844, 3.656928169068661, 4.448161013423876, 3.46106422485804, 4.406165579014605, 4.055337387757202, 4.185675450795409, 4.159789218625486, 4.163212600813873, 4.0948314271511865, 3.866514717060901, 3.850422931063936, 3.7729940763807073, 3.6484033487994365, 3.740604260912127, 4.349544794984166, 3.4984498082772992, 4.229903163548941, 4.175790378224361, 3.8387023162056435, 3.913666555241379, 4.27145624025955, 3.88672595812408, 5.2343713452347895, 5.313325808728918, 4.815316843562638, 4.891107624013436, 5.168839142996871, 4.91646232896927, 5.015626308959213, 5.275887202310956, 4.661500231214509, 4.872221525593405, 4.698082092790045, 4.799082437481834, 5.132231936032142, 5.038459577108471, 4.620285854505882, 5.104850159993537, 4.841087816129946, 5.150939834635254, 4.756362600095107, 4.656533495195028, 4.577732748285472, 5.055245211117797, 4.769799804506109, 5.194440535011059, 5.1934253490118625, 4.732537002493041, 4.841912673431458, 5.058923765017303, 4.55998998741825, 4.730911019494613, 