{"model": "catboost_minilm_lg", "type": "train", "seed": 42, "train_losses": [], "val_losses": [], "mse": 0.46276144239844924, "accuracy": 0.6377201370627141, "precision": [0.859987602665427, 0.4113142197421589, 0.22266929201267016, 0.697970201941546, 0.7560218453578614, 0.9905789393709162], "recall": [0.4186248255572738, 0.6879062882152281, 0.5785142348754448, 0.6472032348127467, 0.7303270950186038, 0.865449717889147], "f1": [0.563129455338796, 0.5148114252685323, 0.3215676577857452, 0.6716287434123436, 0.7429523755720016, 0.9237963651822723], "support": [26513, 15537, 4496, 20774, 18007, 15065], "confusion_matrix": [[11099, 12981, 2193, 230, 10, 0], [1646, 10688, 2958, 235, 10, 0], [61, 1028, 2601, 799, 7, 0], [100, 1267, 3675, 13445, 2285, 2], [0, 19, 247, 4468, 13151, 122], [0, 2, 7, 86, 1932, 13038]]}