{"model": "catboost_minilm_features-extract_ngram_word_length_by_char", "type": "test", "seed": 41, "time_start": "2026-02-28T11:14:48.048459", "mse": 0.7394520044326782, "accuracy": 0.49244712990936557, "corr": 0.8617823323426672, "precision": [0.8, 0.28378378378378377, 0.3469387755102041, 0.4166666666666667, 0.7142857142857143, 0.9574468085106383], "recall": [0.14285714285714285, 0.4666666666666667, 0.6296296296296297, 0.38461538461538464, 0.5357142857142857, 0.8181818181818182], "f1": [0.24242424242424243, 0.35294117647058826, 0.4473684210526316, 0.4, 0.6122448979591837, 0.8823529411764706], "support": [56, 45, 54, 65, 56, 55], "confusion_matrix": [[8, 32, 13, 3, 0, 0], [1, 21, 22, 1, 0, 0], [1, 12, 34, 7, 0, 0], [0, 9, 29, 25, 2, 0], [0, 0, 0, 24, 30, 2], [0, 0, 0, 0, 10, 45]], "predictions": [1.7161633968353271, 2.0400712490081787, 4.030795097351074, 1.150441288948059, 1.7997751235961914, 0.23182964324951172, 2.086167812347412, 0.40140247344970703, 0.8593881130218506, 1.5829339027404785, 2.1330769062042236, 0.773373007774353, 1.6197171211242676, 2.5587868690490723, 1.0449665784835815, 2.2125725746154785, 1.5543160438537598, 2.8148679733276367, 1.4552924633026123, 1.679908037185669, 0.9969810247421265, 1.31602942943573, 0.7326276302337646, 1.6015198230743408, 2.3745129108428955, 1.9388365745544434, 3.2041015625, 1.6826276779174805, 1.6293423175811768, 2.526373863220215, 0.516411304473877, 2.0732150077819824, 1.4693456888198853, 2.0827906131744385, 2.3819360733032227, 2.176490306854248, 0.5154440402984619, 1.081347942352295, 3.2821364402770996, 1.5254065990447998, 1.4984050989151, 0.0692284107208252, 3.636235475540161, 2.4986019134521484, 2.6479952335357666, 1.4764268398284912, 1.367177128791809, 3.424485206604004, 2.91113543510437, 3.01336932182312, 1.783894419670105, 1.7178356647491455, 4.042110443115234, 1.5868395566940308, 2.945976972579956, 2.660426139831543, 0.9953670501708984, 0.9647693634033203, 2.8467867374420166, 2.417768716812134, 3.033512592315674, 3.3942503929138184, 3.7853875160217285, 1.672655701637268, 1.2190707921981812, 2.2064943313598633, 1.7289798259735107, 1.2449291944503784, 2.1327309608459473, 2.806269645690918, 0.5619844198226929, 1.8710823059082031, 0.07448720932006836, 0.4007301330566406, 0.8914960622787476, 2.9101240634918213, 0.1904301643371582, 1.5273241996765137, 1.4223957061767578, 1.2202569246292114, 1.0762149095535278, 3.320951461791992, 1.6223797798156738, 0.4560263156890869, 1.1235158443450928, 0.35754823684692383, 0.7090778350830078, 1.346484899520874, 1.9187347888946533, 3.339251756668091, 1.4259148836135864, 3.981126070022583, 1.2026338577270508, 3.492201566696167, 0.5534943342208862, 2.8703396320343018, 3.327101230621338, 2.477604627609253, 1.7676926851272583, 2.044227361679077, 1.8110018968582153, 3.381251811981201, 1.4985568523406982, 1.5432382822036743, 0.9790012836456299, 2.4114773273468018, 0.917617917060852, 0.5825629234313965, 1.9020544290542603, 0.20135927200317383, 2.8102059364318848, 1.3926546573638916, 1.504543423652649, 1.3277406692504883, 1.9743623733520508, 3.015047073364258, 0.46455836296081543, 1.0200668573379517, 3.0303730964660645, 0.5102782249450684, 2.2718513011932373, 2.772987127304077, 1.5246152877807617, 2.7531206607818604, 2.018444061279297, 1.6925363540649414, 3.0784225463867188, 1.1917575597763062, 1.4184081554412842, 2.8354225158691406, 2.6066205501556396, 1.163102388381958, 2.6225974559783936, 3.3173582553863525, 0.8084309101104736, 2.081751823425293, 3.5679538249969482, 1.5824253559112549, 2.767367362976074, 2.698552370071411, 1.3482885360717773, 4.102307319641113, 1.5218658447265625, 2.464402675628662, 1.5980267524719238, 2.562448263168335, 1.5820351839065552, 1.8265323638916016, 1.5094505548477173, 1.5808701515197754, 1.0388070344924927, 2.197864294052124, 0.9545090198516846, 3.320636749267578, 1.246513843536377, 1.9932893514633179, 2.9635024070739746, 1.9590266942977905, 2.1965136528015137, 3.6273727416992188, 3.320828914642334, 2.075183391571045, 3.3644514083862305, 0.8343261480331421, 2.667119026184082, 3.0669281482696533, 2.5127999782562256, 2.130626916885376, 1.0436127185821533, 1.5967462062835693, 2.5984432697296143, 0.5382124185562134, 1.4207825660705566, 2.61063814163208, 1.757246494293213, 1.1209200620651245, 4.26887321472168, 1.5957181453704834, 2.6020445823669434, 2.6195456981658936, 0.8998881578445435, 2.4274821281433105, 0.9461100101470947, 0.7313669919967651, 0.857688307762146, 3.327634334564209, 2.3271121978759766, 3.867772102355957, 1.7599878311157227, 2.228951930999756, 1.53294038772583, 1.0075684785842896, 2.304203510284424, 2.6581456661224365, 2.305220365524292, 4.126195907592773, 3.6445350646972656, 4.641965389251709, 4.096067905426025, 3.3698010444641113, 3.3902435302734375, 3.188678026199341, 4.4107255935668945, 4.374029159545898, 3.990145683288574, 3.585329055786133, 3.1185333728790283, 4.021932601928711, 4.550367832183838, 3.6548922061920166, 3.7445757389068604, 4.179149627685547, 4.057405471801758, 4.336215972900391, 3.740018367767334, 3.7017760276794434, 3.4603867530822754, 3.7462992668151855, 5.728974342346191, 4.793935775756836, 5.087064743041992, 4.559237480163574, 4.225428581237793, 5.597562789916992, 5.029958724975586, 4.688909530639648, 4.260336875915527, 4.472419738769531, 4.921364784240723, 5.419013023376465, 4.7152509689331055, 5.355016708374023, 4.316024303436279, 5.585799694061279, 4.780611991882324, 5.210666656494141, 4.773611068725586, 4.98306941986084, 4.776280879974365, 4.951963424682617, 4.647478103637695, 5.432290077209473, 4.538505554199219, 5.475089073181152, 5.4020843505859375, 4.982359409332275, 4.9078898429870605, 4.724710941314697, 4.962622165679932, 5.040180206298828, 5.1506218910217285, 4.861504554748535, 4.852167129516602, 4.445119857788086, 4.486261367797852, 5.268692970275879, 5.222187042236328, 5.56296443939209, 5.3352460861206055, 4.826568126678467, 3.9513015747070312, 5.270857810974121, 1.5512933731079102, 1.4239552021026611, 1.7088992595672607, 2.4703729152679443, 0.9519988298416138, 2.107595920562744, 2.210385322570801, 1.1261330842971802, 2.255533456802368, 2.0508852005004883, 4.309370994567871, 2.2020785808563232, 5.250138282775879, 3.7531604766845703, 0.8105427026748657, 2.1457440853118896, 5.156883239746094, 2.237943410873413, 2.1976382732391357, 0.7128852605819702, 2.205098867416382, 1.261533260345459, 1.3879257440567017, 1.5652132034301758, 1.6609017848968506, 1.0077894926071167, 2.320762872695923, 4.2213134765625, 0.932647705078125, 2.3124420642852783, 2.570578098297119, 1.9278981685638428, 5.284735679626465, 0.858397364616394, 3.4070096015930176, 1.6845524311065674, 5.055998802185059, 4.224254608154297, 1.2145214080810547, 0.7692239284515381, 3.430150270462036, 1.7474613189697266, 0.6918286085128784, 5.476481914520264, 4.051004409790039, 1.9532697200775146, 1.3071140050888062, 1.4331653118133545, 2.6515963077545166, 1.956610083580017, 1.7250032424926758, 4.686711311340332, 1.58182692527771, 1.4125529527664185, 4.477190017700195, 1.7480146884918213, 2.769347667694092, 2.7957653999328613, 3.6187713146209717, 2.046851634979248, 2.310286045074463, 0.5330625772476196, 1.7208184003829956, 1.1520707607269287, 5.709074020385742, 4.083199977874756, 4.793496131896973, 2.7038652896881104, 3.770960807800293], "params": {"iterations": 1510, "learning_rate": 0.014286, "depth": 3, "l2_leaf_reg": 3.4047e-06, "bagging_temperature": 2.5656, "random_strength": 4.1266, "border_count": 207}, "time_end": "2026-02-28T11:14:48.149239"}