{"model": "catboost_minilm_features-extract_word_concreteness", "type": "test", "seed": 40, "time_start": "2026-02-28T11:55:07.875059", "mse": 0.741579532623291, "accuracy": 0.48338368580060426, "corr": 0.8613218606796164, "precision": [0.7777777777777778, 0.28205128205128205, 0.35714285714285715, 0.3620689655172414, 0.6976744186046512, 1.0], "recall": [0.125, 0.4888888888888889, 0.6481481481481481, 0.3230769230769231, 0.5357142857142857, 0.8181818181818182], "f1": [0.2153846153846154, 0.35772357723577236, 0.4605263157894737, 0.34146341463414637, 0.6060606060606061, 0.9], "support": [56, 45, 54, 65, 56, 55], "confusion_matrix": [[7, 33, 13, 3, 0, 0], [1, 22, 21, 1, 0, 0], [1, 11, 35, 7, 0, 0], [0, 12, 29, 21, 3, 0], [0, 0, 0, 26, 30, 0], [0, 0, 0, 0, 10, 45]], "predictions": [2.043596029281616, 1.9222931861877441, 3.7904512882232666, 1.1924586296081543, 1.6906850337982178, 0.07833981513977051, 1.8834993839263916, 0.2988879680633545, 0.7247474193572998, 1.6217827796936035, 2.290473461151123, 0.7591540813446045, 1.7886474132537842, 2.5972847938537598, 1.1906570196151733, 2.277564287185669, 1.5631802082061768, 2.750831365585327, 1.2816786766052246, 1.7941551208496094, 0.8270778656005859, 1.1875989437103271, 0.8344141244888306, 1.6946715116500854, 2.332176446914673, 1.8033387660980225, 3.143666982650757, 1.7135893106460571, 1.6513452529907227, 2.4128334522247314, 0.16937470436096191, 1.7801891565322876, 1.5649118423461914, 2.0610451698303223, 1.986741065979004, 2.0687694549560547, 0.2556474208831787, 1.1893725395202637, 3.6699657440185547, 1.4849210977554321, 1.4553841352462769, 0.5033271312713623, 3.251314640045166, 2.5290427207946777, 2.8455448150634766, 1.3516485691070557, 1.3941538333892822, 3.487879991531372, 3.1434993743896484, 3.0837392807006836, 1.4407514333724976, 1.8769972324371338, 3.786591053009033, 1.6198314428329468, 2.804152011871338, 2.4506123065948486, 0.921607494354248, 0.5804839134216309, 3.0206003189086914, 2.343252658843994, 3.3109450340270996, 3.333158254623413, 3.6469886302948, 1.8924238681793213, 1.4423304796218872, 2.135167360305786, 1.7924158573150635, 1.4268605709075928, 2.1246695518493652, 2.8964455127716064, 0.6749078035354614, 1.9344208240509033, 0.251924991607666, 0.5770306587219238, 0.8111445903778076, 2.6000921726226807, 0.27262449264526367, 1.5704114437103271, 1.538256049156189, 1.0662187337875366, 0.792300820350647, 3.281470775604248, 1.6589808464050293, 0.47826647758483887, 1.602997899055481, 0.526877760887146, 1.0123811960220337, 1.3791289329528809, 1.780961036682129, 3.2665910720825195, 1.4609359502792358, 4.183871269226074, 1.120040774345398, 3.3618009090423584, 0.6908454895019531, 3.0287556648254395, 3.25919508934021, 2.7224183082580566, 1.5002143383026123, 2.1309049129486084, 1.911879539489746, 3.4293482303619385, 1.4228191375732422, 1.4026410579681396, 0.9113162755966187, 2.370607852935791, 1.2024108171463013, 0.5859498977661133, 2.0030527114868164, 0.14159917831420898, 2.7978615760803223, 1.3057011365890503, 1.4410961866378784, 1.3024578094482422, 2.05802321434021, 3.2952537536621094, 0.36066532135009766, 1.2521008253097534, 2.9822425842285156, 0.6821068525314331, 2.2761454582214355, 2.574826955795288, 1.393105149269104, 2.8056609630584717, 1.9290480613708496, 1.885765790939331, 2.9393839836120605, 1.0413707494735718, 1.3427658081054688, 2.627131462097168, 2.6392033100128174, 1.0758423805236816, 2.474822521209717, 3.3596434593200684, 1.0098363161087036, 2.2010128498077393, 3.291590690612793, 1.572526454925537, 2.4257514476776123, 2.6489176750183105, 1.3003623485565186, 4.041110992431641, 1.2662535905838013, 2.415755033493042, 1.3106836080551147, 2.5432076454162598, 1.947059988975525, 1.9519553184509277, 1.6316540241241455, 1.5682826042175293, 1.1650524139404297, 2.457412004470825, 0.9893232583999634, 3.6031651496887207, 1.1327500343322754, 1.7387480735778809, 2.860222816467285, 1.951270580291748, 2.0897653102874756, 3.663835287094116, 3.4900097846984863, 2.013672113418579, 3.197929620742798, 0.8979456424713135, 2.8007688522338867, 3.2489845752716064, 2.604792833328247, 2.0395166873931885, 1.1313203573226929, 1.623799204826355, 2.6343932151794434, 0.762892484664917, 1.5672941207885742, 2.701266288757324, 1.415200114250183, 0.9074068069458008, 4.290136814117432, 1.5040377378463745, 2.53351092338562, 2.4106101989746094, 0.982254147529602, 2.0891482830047607, 1.0719187259674072, 0.5076520442962646, 0.5244194269180298, 3.281299591064453, 1.918857455253601, 3.8352396488189697, 1.8828682899475098, 1.8368961811065674, 1.6038875579833984, 1.0787944793701172, 2.3437490463256836, 2.768509864807129, 2.2671217918395996, 3.900322675704956, 3.7713167667388916, 4.425234317779541, 4.202736854553223, 3.385693311691284, 3.2616193294525146, 3.3048176765441895, 4.4136786460876465, 4.205691337585449, 3.8883614540100098, 3.4523143768310547, 2.9242501258850098, 3.9951484203338623, 4.383090496063232, 3.5923967361450195, 3.6336629390716553, 4.446168899536133, 4.1278300285339355, 4.4462738037109375, 3.8966588973999023, 3.6629886627197266, 3.5564382076263428, 3.7343640327453613, 5.728343963623047, 4.772830486297607, 5.1828813552856445, 4.454013824462891, 4.188441276550293, 5.396900653839111, 4.975146293640137, 4.588162422180176, 4.265901565551758, 4.253157615661621, 5.2873382568359375, 5.386435508728027, 4.61407470703125, 5.277266502380371, 4.389872074127197, 5.550015449523926, 4.610419750213623, 5.292027473449707, 4.543566703796387, 5.017642021179199, 4.752313613891602, 4.684955596923828, 4.652235984802246, 5.402453422546387, 4.674114227294922, 5.528460502624512, 5.226393699645996, 4.806316375732422, 4.836606979370117, 4.6732659339904785, 4.908224582672119, 5.013693332672119, 5.223539352416992, 4.831090450286865, 5.055373191833496, 4.38206672668457, 4.492477893829346, 5.180258274078369, 5.423105239868164, 5.8001861572265625, 5.47787618637085, 4.774446487426758, 3.8994832038879395, 5.118305683135986, 1.3041564226150513, 1.2031887769699097, 1.5938513278961182, 2.240760564804077, 1.046086072921753, 2.157590866088867, 1.8740607500076294, 1.256671667098999, 2.0865304470062256, 2.244521379470825, 4.294287204742432, 2.2926690578460693, 5.27596378326416, 3.584627628326416, 0.6280835866928101, 2.0972933769226074, 5.076696872711182, 2.1290829181671143, 2.1792850494384766, 1.0907114744186401, 2.2623462677001953, 1.128793478012085, 1.4981356859207153, 1.5866440534591675, 1.6417298316955566, 1.2161349058151245, 2.200868844985962, 4.227463722229004, 0.8360682725906372, 2.3155293464660645, 2.632340431213379, 2.0225830078125, 5.454356670379639, 0.9903382062911987, 3.4071028232574463, 1.8934918642044067, 5.0584492683410645, 4.348585605621338, 1.5487958192825317, 0.8215279579162598, 3.4350521564483643, 1.7232482433319092, 0.5766854286193848, 5.42300271987915, 3.8709545135498047, 1.984792947769165, 1.36072838306427, 1.334226369857788, 2.65742564201355, 1.930600881576538, 1.8866913318634033, 4.590221405029297, 1.5200510025024414, 1.5953850746154785, 4.612133026123047, 1.861040472984314, 2.864020347595215, 2.630764961242676, 3.469560146331787, 1.5000766515731812, 2.37568736076355, 0.7386765480041504, 1.739365816116333, 1.1000466346740723, 5.685112476348877, 4.036439418792725, 4.680069923400879, 2.612300157546997, 3.8138675689697266], "params": {"iterations": 1510, "learning_rate": 0.014286, "depth": 3, "l2_leaf_reg": 3.4047e-06, "bagging_temperature": 2.5656, "random_strength": 4.1266, "border_count": 207}, "time_end": "2026-02-28T11:55:07.940646"}