{"model": "catboost_minilm_features-extract_events", "type": "train", "seed": 42, "train_losses": [], "val_losses": [], "time_start": "2026-02-28T11:48:57.197735", "mse": 0.13167887573892248, "accuracy": 0.8256410256410256, "corr": 0.9779406821860839, "precision": [0.9880952380952381, 0.7605633802816901, 0.6162790697674418, 0.8226950354609929, 0.9173553719008265, 1.0], "recall": [0.7345132743362832, 0.7714285714285715, 0.905982905982906, 0.7682119205298014, 0.8604651162790697, 0.9230769230769231], "f1": [0.8426395939086294, 0.7659574468085106, 0.7335640138408305, 0.7945205479452054, 0.888, 0.96], "support": [113, 140, 117, 151, 129, 130], "confusion_matrix": [[83, 30, 0, 0, 0, 0], [1, 108, 31, 0, 0, 0], [0, 4, 106, 7, 0, 0], [0, 0, 35, 116, 0, 0], [0, 0, 0, 18, 111, 0], [0, 0, 0, 0, 10, 120]], "predictions": [3.2361384148767955, 0.8552424623781207, 0.4411154783542979, 2.9051184323831576, 0.1570461360782196, 2.5562085667095316, 1.7904986386168256, 0.4770283480924098, 0.18239471714945088, 1.302431112710044, 2.2134234958196872, 0.5265663192316117, 2.4291329729364883, 3.9067623485028373, 0.07319169017819682, 3.246680058931105, 0.5095134197216167, 2.5358959972912696, 0.2326759140772663, 1.2769024753763063, 2.1875779291651662, 3.7761055348241976, 0.4874131875352048, 3.9049496838396207, 0.4177846050723133, 0.21479208425256324, 3.251104398702391, 1.5726868651722845, 1.6130715962558626, 0.14314325826608032, 2.729650768400703, 0.5827758782440129, 1.0292564079518522, 1.9622936356464633, 1.2608001925022274, 3.0293406759177834, 2.9649149262929466, 0.25886900010178415, 0.3669565836799542, 2.723740877507139, 1.122661623030481, 2.476154521784796, 3.961209503270168, 1.6843168290873554, 0.5433881856273521, 0.8109532617187414, 4.0156414054483385, 1.5481011512952754, 2.6963629226522317, -0.01215564302750538, 1.004279900070039, 4.20824828283261, 3.2623591617147687, 2.3503790765181636, 1.8801459105548992, 0.26063548857465824, 1.4936682263870882, 0.2479940986929412, 1.6071630633619112, 1.8237565212038471, 0.9415045398213315, 0.21212612556238453, 1.1597930868659045, 0.21074308912621476, 1.0435409843017855, 0.3027767102876937, 1.1978150828707597, 1.7081953668949432, 1.4261529321777946, 0.2044648294518061, 4.409804167796734, 0.8752330535617114, 0.22467743138050178, 3.259808650417174, 2.573532709467244, 1.8216108956777572, 0.32234354750889604, 1.2251783618366532, 1.9237989813484926, 0.14071060153510073, 3.099058691633337, 0.4095193951866096, 0.735589028054771, 3.5682390949249854, 2.281813719319982, 2.7240374565108563, 3.3134924545782027, 2.7471668478565068, -0.02413120586426265, 1.9856202217088486, 0.2910560583582571, 0.281482294422279, 3.8302015352311356, 2.575675914832847, 1.624896664801259, 3.3923200264405264, 1.6858070050018283, 3.3612270652963767, 3.208563944200624, 1.7420998288177456, 1.3387056997175408, 1.2149221919391842, 1.3916428246181003, 3.7497855200596133, 1.623849560821479, 1.7197951415659318, 2.7366581703498905, 0.2873916172112665, 2.3248286813533205, 0.360001292928672, 1.5503528444774473, 2.9140406757783395, 3.6061087613166167, 3.3580807555849663, -0.019291684546103305, 2.4803530554951823, 1.8910188219704787, -0.13825807073462926, 2.7511996482070886, 1.7643994261696379, 2.6866472657897176, 1.6001268128225035, 2.0602266563656966, 2.8718032696893516, -0.020934775862994304, 1.8845370590815218, 3.3026268107970878, 2.2731727704062483, 0.01028239700071909, 2.544138695958739, 3.267823030356938, 2.7824014085743056, 2.1043271588537706, 0.34091729448221475, 0.730089510131068, 1.8414293144406515, 2.6356475617736432, 2.025627820612421, 2.120982726498255, 2.139664954971112, 0.3185576709890432, 0.3916011087111282, 1.761581659502885, 3.705911352204092, 3.5799704585023164, 2.769624145982938, 1.320441831533359, 2.527486623775994, 1.8704581618384557, 0.145557620845155, 2.3588191216607965, 2.0469459412180173, 3.7937505582029116, 0.29564084467339935, 2.142745952067344, 1.636353973496932, 1.7220917292515843, 2.7663972276668494, 3.8054946147854944, 0.1935549335620883, 0.5379496028409196, 1.384859852442834, 2.2631663989199025, 1.0008056958653109, 0.1383260783677911, 2.3613683324639, 3.9115082488143664, 2.487142473603846, 1.490885066019267, 3.6599725055356225, 0.13072642889851105, 0.6804537477471204, 2.5623730550526442, 2.309272984426454, 2.881132992485894, 3.847862122648672, 2.393797692668457, 2.5428186486846855, 2.172688528206263, 0.47534632562029167, 2.1433390068089357, 0.28377793451023026, 0.35162152669486524, 3.040409550623002, 1.808123909620102, 2.84249823014457, 1.4000023590750366, 2.393675734314682, 3.1186834484339774, 0.06150551301619123, 2.5283971845969386, 2.4625440009573727, 3.1507850508374773, 1.2086091118929736, 1.810031094927101, 1.7139142125451547, 0.7023407673296493, 1.6654069705289547, 0.9856053441715462, 2.9610315323160035, 2.5672437971432416, 0.9072128913029456, 3.0961440555982547, 3.2142072538931044, 3.7298811245004657, 2.4534381468119535, 1.8461825463489507, 2.6681473305552497, 2.0479666098712714, 0.5345191169377723, 2.83905653965209, 0.34533492250788145, 0.5107590654452392, 1.738863085879062, 1.7448564834910423, 3.6770175671363505, 3.828185688019375, 1.5944997324475492, 1.6501441739262723, 0.5363713389797264, 2.7864485581373337, 2.4654516189318536, 0.5349371507189984, 2.1225507939945603, 2.621241702432737, 2.5247048231320703, 3.5539530238074954, 1.0288728031106917, 3.3075287365716672, 3.106711750881619, 2.710921932047904, 3.6178448116037387, 0.4761498289758648, 3.805500435950762, 3.619253147135317, 3.721470068201951, 3.6060042133302446, 0.1043086844826413, 0.7759243562358744, 0.7139848016046684, 2.900990654898132, 4.431062686991924, 0.3947069467458695, 1.5180212548972194, 3.240465705371451, 4.341235450982418, 0.6893368595937972, 4.655815981390633, 3.4421188220645753, 0.40313612251641384, 1.822847080779924, 2.000257143506205, 1.9401064404566744, 1.4561609796612527, 1.727212947428375, 3.1034317299361414, 1.9857785906224126, 4.461316913882448, 1.739738869194818, 3.3465111356935666, 0.15784352986385874, 3.641030226439689, 1.6358893222526636, 2.920519186559075, 3.7077402025735884, 1.447689061756241, 1.261392408095157, 1.1189561254602416, 2.4579636174258717, 2.7978054336215235, 0.737474763619286, 0.1933193560032045, 2.9936885900569896, 3.296179786023436, 2.028059678522183, 4.292929503373065, 0.22316228112043435, 2.4411054091790527, 1.5929019444917385, 2.592702370045704, 1.8084961832975235, 0.9482326517115187, 1.18067510734571, 0.5230686986003092, 3.1496965602058102, 0.29754796838659514, 1.05185339641563, 0.6104528183572311, 1.16178077580268, 0.2903502770441664, 2.2029002438592045, 2.904537889806888, 3.363201652971191, 1.597254544972905, 2.6997148271711446, 1.5742732829262849, 1.7530323307518478, 3.1713823056235144, 3.2247349844534527, 2.367938808333903, 2.6751935522601125, 1.8639832959365714, 2.5612774230007513, 0.584945587828966, 2.900882478618678, 3.6581077748469992, 4.249642621109061, 3.8450299002582264, 3.919696384384166, 3.6694746663928433, 3.895270546985463, 3.6108051792210194, 4.407178551479381, 3.5473667092423535, 4.309447209342608, 3.921612855701396, 4.216529863690292, 4.118606091308388, 4.1327394561871325, 4.001689941252172, 3.8810162081857573, 3.8882935223260624, 3.777619327585679, 3.6833445208760667, 3.7750095513565762, 4.412979198036625, 3.4209235445102917, 4.158637775978881, 4.1875640419761, 3.848117548467179, 3.8293921087433587, 4.437802240266901, 3.9044223609059485, 5.172130498816952, 5.274347446992235, 4.8138073288218255, 4.754458705832814, 5.162335004139859, 4.950082829058889, 5.121433416682973, 5.221172376715916, 4.609991053125241, 4.742798437489478, 4.82799978895575, 4.8391651177659885, 5.012084560429431, 5.092136854609713, 4.558298482517546, 5.101722456537557, 4.845894231156373, 5.151610754305103, 4.825395429171492, 4.7489796439884095, 4.503660880516422, 5.137724548187958, 4.810848378565644, 5.201983788282606, 5.132630776269349, 4.727681022757272, 4.759148096487095, 4.921231791599084, 4.519076448948072, 4.692842836058575, 5.0809936582414945, 