{"model": "catboost_minilm_features-extract_ngram_word_length_by_char", "type": "train", "seed": 42, "train_losses": [], "val_losses": [], "time_start": "2026-02-28T11:14:48.194231", "mse": 0.13430040370958257, "accuracy": 0.8179487179487179, "corr": 0.9775621380018807, "precision": [0.9764705882352941, 0.7448275862068966, 0.6140350877192983, 0.8098591549295775, 0.9145299145299145, 1.0], "recall": [0.7345132743362832, 0.7714285714285715, 0.8974358974358975, 0.7615894039735099, 0.8294573643410853, 0.9230769230769231], "f1": [0.8383838383838383, 0.7578947368421053, 0.7291666666666666, 0.7849829351535836, 0.8699186991869918, 0.96], "support": [113, 140, 117, 151, 129, 130], "confusion_matrix": [[83, 30, 0, 0, 0, 0], [2, 108, 30, 0, 0, 0], [0, 7, 105, 5, 0, 0], [0, 0, 36, 115, 0, 0], [0, 0, 0, 22, 107, 0], [0, 0, 0, 0, 10, 120]], "predictions": [3.2462073027303044, 0.8391533078796205, 0.5312076475720142, 2.8874109636384184, 0.22657061608124351, 2.5032753213327523, 1.7933913430524897, 0.41361041046205216, 0.16618217497926935, 1.392858028197773, 2.1840825725638546, 0.4506506108436832, 2.3674355558092373, 3.783864776134277, 0.24462427312685397, 3.2556052406367613, 0.4074786736804663, 2.6093113181550227, 0.29553051696640287, 1.263155755702526, 2.074529013613328, 3.876487924879105, 0.48634793690674405, 3.9357216434402704, 0.4424820652627268, 0.24633985265720337, 3.1168740221397533, 1.4744917588139643, 1.489935223466127, 0.12347992902972837, 2.7385236280420684, 0.7036632794059829, 1.0799291714418813, 2.089607436335701, 1.315933041119563, 3.090884500058578, 2.988250250125968, 0.25928086284278784, 0.36324329273252953, 2.7432854612669595, 1.0241352419848169, 2.464443474853679, 3.9436479528227264, 1.7405246257072307, 0.5386854375422914, 0.81567641618759, 3.980233761967318, 1.4827245985391482, 2.5856702208398925, 0.031406145378443995, 0.8639632150611498, 4.213749749335349, 3.199678459728519, 2.2111002482746698, 1.8858115519328105, 0.34777179995675667, 1.4877219157248764, 0.2688614774757605, 1.5499449535501855, 1.7852344187205014, 0.9440827277336965, 0.23083396178871896, 1.113936495248309, 0.2099488855455256, 1.0803887720153484, 0.3958965086936601, 1.2414179246542383, 1.586608804594899, 1.3736490402373929, 0.24826016127993622, 4.3904492339688455, 0.9364140056505637, 0.14822052658339668, 3.229732440330373, 2.5579386414248955, 1.8513951646699995, 0.3068120785614479, 1.249950196937187, 1.9382450047025113, 0.1520549721474489, 3.0700944588336982, 0.36227935977875836, 0.7039261335562714, 3.6406552615668253, 2.2768858800147678, 2.670948855057842, 3.303715035743981, 2.7660906767015514, -0.03495780785996683, 1.9715251705793704, 0.3656288071215479, 0.3175106499654743, 3.7706417040065254, 2.503516038442319, 1.581856398369219, 3.2679350004644085, 1.587127806717942, 3.3467756851946553, 3.2116702328685616, 1.7566097625475163, 1.3210863132442827, 1.2796120291189241, 1.2481110841193606, 3.733318248559199, 1.6871122049225726, 1.687545064616808, 2.7826564890542285, 0.4878274133414, 2.251486194136497, 0.3984367887113325, 1.5250873209863234, 2.9996224469106334, 3.5700601608516678, 3.2617199508317762, 0.11474915690881415, 2.3820832210603506, 1.8982470674052028, -0.03913933545009929, 2.7531314944079663, 1.714045374138511, 2.574946612834592, 1.5852767903560554, 2.1592527363686207, 2.891290270955947, -0.008593496265519196, 1.8883135414260646, 3.2596054804080614, 2.2636929091692752, -0.05305233551823374, 2.5348351535952887, 3.324926844903498, 2.8292771206860223, 2.161315520545329, 0.42973673675730906, 0.8391070374980851, 2.0163305239552765, 2.7745597774232476, 2.032735130675246, 2.1323456039420208, 2.22338616593472, 0.3345965555248638, 0.3829000963453404, 1.6768545150358645, 3.7146151311345745, 3.564080792730018, 2.881868436669058, 1.3506525887858505, 2.560931847897883, 1.9206527017349144, 0.23943295514083474, 2.401771237823053, 2.1924862846791626, 3.7963271247881067, 0.2933279282001129, 2.179477882137592, 1.6986070008737184, 1.7334448351307161, 2.731625599612801, 3.803623134223776, 0.16546253210621753, 0.5749092643551699, 1.4375099842086319, 2.1863700402211235, 0.8838318715817495, 0.09452946082300606, 2.3996560443811115, 3.878571694306472, 2.2937805785314715, 1.5549332727877152, 3.621848881794391, 0.15547310898465083, 0.688160090903112, 2.5986210303258854, 2.297486595442701, 2.8686702494616707, 3.7992766381724397, 2.518149820367882, 2.555503807433066, 2.1791010562751243, 0.541532981064635, 2.2246161081895752, 0.26601959677835696, 0.3367390672710764, 3.138815514103572, 1.7434757159036764, 2.73369158138801, 1.387906166222617, 2.3705108255264826, 3.1137611525649476, -0.05457818599035136, 2.5257148097022464, 2.3338576042365653, 3.0851127546351926, 1.206565472041115, 1.783856673795801, 1.7087273933513485, 0.6978254816567497, 1.663768256567206, 1.0247126123583534, 2.871805490820113, 2.5491886709581393, 0.94340823988539, 3.1515427221473984, 3.274739625902941, 3.6051690115502026, 2.3265204831335984, 1.7911049373798171, 2.6925358254842884, 2.0082954643086133, 0.5757370746885295, 2.964246291046813, 0.4304956005576597, 0.5426271405211409, 1.7573366819648342, 1.7283316710150438, 3.5862836934739044, 3.8528180830251975, 1.6974551625859977, 1.6583645361285717, 0.5369678828254234, 2.853593185131663, 2.4446672805850334, 0.5865883522789959, 2.12395008779331, 2.61076543765535, 2.376297970959312, 3.4148999912901377, 0.9938231981153738, 3.3525615885922626, 3.0734695818089888, 2.742855137038652, 3.6879310391365614, 0.4801447610542313, 3.8499546393187196, 3.5185167829725326, 3.6332662995994234, 3.643938403485598, 0.1657100968137306, 0.7614857462326263, 0.7334148017587321, 2.9218352630175177, 4.2850605513329425, 0.3410140482864694, 1.5715791128446153, 3.2349417985263895, 4.246282365122685, 0.6869602458863004, 4.539826859926883, 3.337834064329311, 0.3588512597862743, 1.8003080941397198, 2.027568491167257, 1.8884899471238419, 1.399247535135261, 1.6371351542049037, 3.239210904936211, 1.8670842083296946, 4.4754924777302225, 1.8881893554403817, 3.485813639195206, 0.21570301150560311, 3.4653824624668514, 1.5734367437779728, 2.9386260369179116, 3.720702218736103, 1.4699525652093248, 1.2151398410957832, 1.0438696966491805, 2.4848926861799785, 2.7303469764834105, 0.8256109302824712, 0.19955297221936075, 2.884806626901391, 3.303916094376889, 2.0591821684352625, 4.276178449328901, 0.3066972295069763, 2.4720186978074046, 1.587931422141473, 2.625764135675175, 1.86419230636836, 0.9624295329465256, 1.1969152487751693, 0.438111221785229, 3.1640063198766297, 0.3241263909124057, 1.1051442984709299, 0.6271393904960945, 1.2686627253786074, 0.3532369598036209, 2.3237799544065125, 2.987617936745505, 3.4007978476175076, 1.5971503822344228, 2.799806808789568, 1.5077319309442547, 1.637469915588656, 3.195558629870038, 3.256350218182023, 2.4643741813514737, 2.649924885551219, 1.9155954570308453, 2.498378650033314, 0.5216463516555911, 3.0124949317083707, 3.7596299232266532, 4.212470754636977, 3.7716217638581804, 3.9385407098925356, 3.605602001299263, 3.873483351656605, 3.62917784948843, 4.475246451046425, 3.4887801886569325, 4.307280701078742, 4.036678850270199, 4.201095872158904, 4.171127680809727, 4.0955822116011165, 3.969520477348847, 3.794237629834684, 3.8390342790896703, 3.6691663657783473, 3.744239431502841, 3.7411748240875546, 4.434479298537214, 3.494966110086336, 4.144385405654926, 4.118818072094188, 3.900043818095839, 3.8821464482631045, 4.3711173413523055, 3.878898909033615, 5.226474600161065, 5.255172282147907, 4.794561051597179, 4.815839221061831, 5.127954394965647, 4.865299091207908, 4.971750291647256, 5.257156675709195, 4.637679848288357, 4.795493412193343, 4.7564084564566596, 4.776713166775321, 5.077436866925549, 5.238635161432857, 4.702687454560184, 5.241267864358372, 4.835596071578301, 5.066099609776396, 4.852321546194485, 4.678521395789127, 4.435196123481762, 5.011113845434281, 4.9006651675866735, 5.209129297104793, 5.201424730431418, 4.761386641526871, 4.780138286470377, 4.943031851382424, 4.4775866983203025, 