{"model": "catboost_minilm_features-extract_events", "type": "train", "seed": 41, "train_losses": [], "val_losses": [], "time_start": "2026-02-28T11:48:24.034435", "mse": 0.13241693276523261, "accuracy": 0.8205128205128205, "corr": 0.977988669163222, "precision": [0.9883720930232558, 0.7769784172661871, 0.6114285714285714, 0.795774647887324, 0.9067796610169492, 1.0], "recall": [0.7522123893805309, 0.7714285714285715, 0.9145299145299145, 0.7483443708609272, 0.8294573643410853, 0.9230769230769231], "f1": [0.8542713567839196, 0.7741935483870968, 0.7328767123287672, 0.7713310580204779, 0.8663967611336032, 0.96], "support": [113, 140, 117, 151, 129, 130], "confusion_matrix": [[85, 28, 0, 0, 0, 0], [1, 108, 31, 0, 0, 0], [0, 3, 107, 7, 0, 0], [0, 0, 37, 113, 1, 0], [0, 0, 0, 22, 107, 0], [0, 0, 0, 0, 10, 120]], "predictions": [3.2054747681800655, 0.8278179607093785, 0.48901127528250665, 2.9603209290320023, 0.24350919732032184, 2.521238721587458, 1.7586306833612693, 0.564491034209174, 0.13966917143759083, 1.3100009051984784, 2.207078503367348, 0.5069828023119032, 2.3438208604006547, 3.712257383368171, 0.1666227409109795, 3.3348415846074344, 0.4911698628785568, 2.4697245112491504, 0.3287788669983698, 1.2579004121870485, 2.0937754775069037, 3.774889902202399, 0.39541719291549393, 3.949516422250607, 0.4046442525169063, 0.23626701161481245, 3.224173319160507, 1.5942310745723591, 1.5040676472640353, 0.18904583206120984, 2.720538732657138, 0.7633263788963656, 1.1219216098768627, 2.116397803641698, 1.2412808183081245, 2.9709683620628025, 2.8941575686482874, 0.27124901960709025, 0.39483798490483935, 2.6691169096007497, 1.0901541048074281, 2.4061086331775283, 3.9042408996654183, 1.7571651385179465, 0.525087764397115, 0.7772160429647532, 4.105682217553885, 1.5222623948519687, 2.534525597826693, 0.09314258870052328, 0.8876567231737966, 4.20480774148436, 3.3043923361734118, 2.2195888111972204, 1.8681237733668383, 0.35360888392129297, 1.5641678689996978, 0.24787947520766718, 1.5569441572663174, 1.8108123174491895, 0.9676913911792202, 0.2284427953500061, 1.102911389155079, 0.1736591849455147, 1.117684674843515, 0.450705957220904, 1.210033419880033, 1.7364289602523502, 1.4469757960292693, 0.2823553283613154, 4.469061477276004, 0.9480719088308229, 0.25481122580601, 3.272016303143106, 2.5738039567660023, 1.8273206055749913, 0.31181083587794456, 1.211626112231214, 1.8806243019801914, 0.10844851531424471, 3.1076254207225107, 0.4352175790814172, 0.5970680706378626, 3.6018005520334384, 2.123362705261905, 2.7601249506366488, 3.2835802095747315, 2.762721797644592, -0.08802709857480329, 2.0503519239338255, 0.2901060705822762, 0.39231075781282154, 3.8100754532559478, 2.482008071209381, 1.6023337330821277, 3.308936990726718, 1.681942816807899, 3.459605783241609, 3.259916176048155, 1.7587199198248493, 1.3647821229888035, 1.2555209691023712, 1.2817682015422927, 3.7909161342301028, 1.610532194245182, 1.6466870976810029, 2.7152906102598253, 0.44178927359615816, 2.2287809306245348, 0.5661689606380913, 1.5605303583084957, 3.0463161151421105, 3.5312200115253307, 3.309722766589161, 0.0634708524553802, 2.435010208140839, 1.8865737577062993, -0.08519770486026168, 2.7748696708828517, 1.7225945740770343, 2.648189390483515, 1.5986202419815272, 1.9926285606266512, 2.8008260973740886, 0.05423048699829991, 1.9894418616145177, 3.419515458043255, 2.2065955833561426, -0.05894188715805937, 2.482584305187851, 3.305908673249313, 2.734501905235603, 2.10859912331933, 0.32945956087489003, 0.8444129810788636, 1.9457310567296022, 2.6983707795564515, 2.0038781202907767, 2.1685242317141995, 2.2230324292397636, 0.3477834726931541, 0.46412813174778966, 1.7331276842366932, 3.7817891583331544, 3.554679198340989, 2.723967541059083, 1.288209940154115, 2.5236973143675225, 1.9889561630801504, 0.24668250863704388, 2.32696137937844, 2.1536655927767394, 3.806587458573632, 0.3329044407903994, 2.1543528499883373, 1.6972284274441654, 1.7463178608318277, 2.697014632416859, 3.8669616509819296, 0.192643344880417, 0.4860303300888411, 1.484889624997809, 2.203923984856306, 1.0982865666635444, 0.15397267417640226, 2.377969194897336, 3.894991708184312, 2.340128642471564, 1.572907328641961, 3.6000396680832925, 0.16100809724303744, 0.6839107104489937, 2.532023540333598, 2.2885323414554137, 2.877488962872613, 3.7102870293014982, 2.431250100001198, 2.586686226371823, 2.1422129842920765, 0.48641730885408396, 2.149192564963596, 0.2195480164991448, 0.4149206065410205, 3.1934930447246845, 1.7439001755209649, 2.8141032604971397, 1.3557608347380385, 2.377598889879521, 3.041658780221977, 0.11230175907175255, 2.45742029461867, 2.2886678435013668, 3.1933672901966106, 1.2332068504227935, 1.7290821558690959, 1.782945866760517, 0.7699676535863946, 1.7162989465997933, 0.9681695081937469, 2.8857045861970922, 2.5277139428458772, 1.0466885773395789, 3.052365868391176, 3.324390901145633, 3.6436710004558526, 2.432048736107049, 1.8047372962174952, 2.567412124147477, 1.9757167984168351, 0.5532302695410278, 2.864903700852091, 0.32056756766030947, 0.4454051829301484, 1.794290835128169, 1.5988583063721529, 3.618640136629115, 3.8327113450614703, 1.561381614198225, 1.576719935733978, 0.6093264428796297, 2.769987240485923, 2.371877993945961, 0.5650094626355082, 2.1350353461867253, 2.6490042167327466, 2.5034432685731765, 3.5650589292779626, 1.0255593474905045, 3.3238427095944836, 2.9724789785636587, 2.668337003193564, 3.6512926326050135, 0.4095023547966119, 3.8654517561737354, 3.4301628593257054, 3.5994313622247995, 3.631570544800014, 0.07920991854969817, 0.7677225149711626, 0.6734444785866305, 2.91488520709384, 4.4493055348703425, 0.3497252190697826, 1.5644165777149177, 3.241254364576462, 4.439141645056653, 0.6584479927427354, 4.569781573309888, 3.461665324287133, 0.30210032139283616, 1.7899815076193515, 2.0323817931053565, 1.8245111800667502, 1.4961138581632527, 1.6802578643411636, 3.1776727819619035, 1.9134716818741333, 4.4705097825582145, 1.7202413729964672, 3.3576340490690235, 0.25967938229015797, 3.5849176366213804, 1.6641650166541937, 2.9253973840227134, 3.7367629625217296, 1.3521207970475972, 1.2580466425500836, 1.1343297200409803, 2.5163807766260287, 2.8735459021326206, 0.7377811026924701, 0.19108411692070293, 2.9383489694766816, 3.2810139608261077, 2.1021205337978977, 4.3443940436895865, 0.2802235461512139, 2.4653261160069606, 1.6445618696128697, 2.582568631741619, 1.8487762339011768, 0.8925647214300825, 1.2007743209175832, 0.5506633177331253, 3.0203656839789432, 0.2577032130260113, 1.1100477815334648, 0.6050281969501807, 1.2098485679326936, 0.32665040424154235, 2.253824080053529, 2.8793570522095306, 3.43682162064883, 1.6460540039671563, 2.693854262021558, 1.5541124041911032, 1.5857403177277292, 3.1885292040336237, 3.2483168015866073, 2.4261436001682997, 2.5832822697510505, 1.8338464460587725, 2.5397741605355924, 0.5230671855983373, 2.9163269274034165, 3.670898074116706, 4.206307662627796, 3.869393226120778, 4.069555812903518, 3.6000487229911333, 3.8816199590386966, 3.6234472396884634, 4.365659002552599, 3.45138099234139, 4.352790885562326, 3.9556517824686495, 4.166542085999893, 4.087859831572882, 4.164142517631625, 4.006038831333338, 3.928880738192225, 3.8479949116475396, 3.7343363671798095, 3.70912660261039, 3.779223857363447, 4.404364814630217, 3.4242020721359507, 4.158617921206642, 4.194981989141376, 3.864371598003724, 3.8638976691007563, 4.400336309461119, 3.935653750573649, 5.216295635784824, 5.274892616681934, 4.787561711267351, 4.773727028853703, 5.112975981347129, 4.842537228289777, 5.0401537015647015, 5.3063826876547395, 4.653053399085525, 4.7522275246750905, 4.796115572559524, 4.893503704195565, 4.9781959863047565, 5.113146048835504, 4.69670829763107, 5.164703198916099, 4.8994087949363765, 5.156991814035198, 4.872506179074477, 4.693076997683347, 4.476023202129422, 4.984217610500326, 4.794788869377303, 5.215341317211039, 5.141392784349973, 4.827039023904845, 4.820973176024914, 4.932757887466758, 4.494066361940433, 4.765960067991527, 