{"model": "catboost_mbert_lg", "type": "train", "seed": 42, "train_losses": [], "val_losses": [], "mse": 0.44040952037793674, "accuracy": 0.646176986214041, "precision": [0.8633436860843875, 0.4169409783357575, 0.23072756815309622, 0.7060436717375557, 0.7615890221402214, 0.9890365697980026], "recall": [0.429864594727115, 0.7011005985711527, 0.5685053380782918, 0.6568306537017425, 0.7335480646415283, 0.8742781281115167], "f1": [0.5739537694515788, 0.5229100160814152, 0.32823937331449854, 0.6805486284289277, 0.7473055924867755, 0.9281234585300543], "support": [26513, 15537, 4496, 20774, 18007, 15065], "confusion_matrix": [[11397, 12871, 2061, 177, 7, 0], [1651, 10893, 2801, 183, 9, 0], [53, 1065, 2556, 817, 5, 0], [100, 1280, 3461, 13645, 2287, 1], [0, 16, 193, 4444, 13209, 145], [0, 1, 6, 60, 1827, 13171]]}