{"model": "catboost_minilm_features-extract_char_ngrams", "type": "train", "seed": 40, "train_losses": [], "val_losses": [], "time_start": "2026-02-28T11:10:07.336423", "mse": 0.146561803855676, "accuracy": 0.8, "corr": 0.9756204250831798, "precision": [0.9875, 0.7272727272727273, 0.5879120879120879, 0.8014705882352942, 0.8842975206611571, 1.0], "recall": [0.6991150442477876, 0.7428571428571429, 0.9145299145299145, 0.7218543046357616, 0.8294573643410853, 0.9076923076923077], "f1": [0.8186528497409327, 0.734982332155477, 0.7157190635451505, 0.759581881533101, 0.856, 0.9516129032258065], "support": [113, 140, 117, 151, 129, 130], "confusion_matrix": [[79, 34, 0, 0, 0, 0], [1, 104, 35, 0, 0, 0], [0, 5, 107, 5, 0, 0], [0, 0, 40, 109, 2, 0], [0, 0, 0, 22, 107, 0], [0, 0, 0, 0, 12, 118]], "predictions": [3.340444063710722, 0.8518342958370178, 0.44501649342079563, 2.9128230731254154, 0.3447121698057174, 2.374899828906665, 1.5790435647263763, 0.5281889476299215, 0.13146641082065402, 1.170534030889757, 2.140959023963607, 0.47665726362472505, 2.5695303873806954, 3.535805115079993, 0.28440301410272184, 3.2918418368396734, 0.4493687029415665, 2.640920323444814, 0.3342155973145995, 1.1642276762932202, 2.150581835091438, 3.7660209405027114, 0.3546761726616161, 3.6799831119210964, 0.28573823544693955, 0.3525086109279405, 3.131757642086499, 1.3879385384565215, 1.478647884898891, 0.14768767159953589, 2.816422191158295, 0.6321205148517715, 1.098477653698183, 1.9879097983838663, 1.4293323990207085, 2.9451015717840856, 2.9213534434696595, 0.2799075990519686, 0.36075226146576655, 2.8442772615348066, 1.2081573226358886, 2.3638817509080465, 4.160929579538989, 1.8160454550446172, 0.6353276458033665, 0.687953717142302, 4.042471346814916, 1.6526701705887745, 2.567831206943297, 0.11143081392259235, 0.8188489896642248, 4.210442210756382, 3.39330795440308, 2.223249731948053, 1.867489794704211, 0.25397646492049475, 1.3915218746450633, 0.3736638385233304, 1.599918383232064, 1.7189683987839726, 1.2386958166621123, 0.1755523610522971, 1.2080607848358211, 0.17149325462523457, 1.1917623405622533, 0.43884986025268846, 1.4610621306797376, 1.6588006778076307, 1.59770549246465, 0.1178215849199451, 4.598058819801052, 0.8018233954571576, 0.25618755696935924, 3.473091328876618, 2.672828296589895, 1.7175263830549454, 0.2723817429336024, 1.2934370710698089, 1.9755404099290248, 0.17821424220398407, 3.263597912696535, 0.35464178748221986, 0.8643921647620532, 3.591035162229126, 2.040244526123523, 2.6487986914796116, 3.515262017648806, 2.4928861280185086, 0.013085364062671356, 1.8893706924026081, 0.2981027533929548, 0.4324333472059476, 3.8360148116208412, 2.486651997263493, 1.617052199671642, 3.1662306378648957, 1.6947047669330682, 3.2748823859920515, 3.3151212683817413, 1.678264181934529, 1.24968348696344, 1.252058878699801, 1.2032923245977407, 3.7818230459771014, 1.6261352366688784, 1.7771433716714777, 2.7953765129256403, 0.19801719449621746, 2.1187037008386627, 0.42435833218585417, 1.7571051949215128, 3.005578692193373, 3.736364563579734, 3.2929667974884254, 0.04195776927499795, 2.508298874660468, 1.9845153244732132, 0.1501468700907318, 2.795463891968505, 1.686358340931975, 2.607767145771752, 1.748030362198862, 2.0928252298131413, 2.868247912037804, 0.04860043620817711, 2.027142582791533, 3.4746171286742977, 2.177813701304582, -0.2064210095211778, 2.34779557031869, 3.2585830911228997, 3.002244500407972, 2.0836666959060066, 0.3754368140740332, 0.8227620342618878, 1.9435242490937807, 2.8059459677580207, 2.062037554010169, 2.1977133141353073, 2.0403261997647313, 0.36118489642867946, 0.3887344219610944, 1.6077889534922267, 3.428000650862778, 3.4790548223435898, 2.6503901726239416, 1.3427935113134726, 2.5378399911267815, 1.7273942932117983, 0.26396571343407116, 2.4099720274323664, 2.068553598162719, 3.9130839676086495, 0.22267240503648322, 2.3227028252694817, 1.7670958766626639, 1.679674866261199, 2.3984948947843288, 3.9232564247881774, 0.24694703326913725, 0.5033073506096102, 1.5271451457255125, 2.1572953294762396, 1.0224714032622337, 0.08918363360375459, 2.366143242799988, 4.010583708584963, 2.3795598270970055, 1.588266055407742, 3.6126148344895306, 0.26976128920244546, 0.7969749995584343, 2.46219135316866, 2.090241515721614, 2.8261939146374586, 3.706326638557182, 2.483819028464308, 2.577472362516954, 2.33493182512906, 0.6231062881700571, 2.149903170936422, 0.3232098862966506, 0.4347110140015409, 3.01469380385297, 1.7944023840847514, 2.7144501490411064, 1.5729676515731261, 2.5549822057264246, 2.83861359311241, -0.040024307049132624, 2.4833637301777065, 2.2820253114326414, 3.1874391171291876, 1.2374309537398964, 1.6854195394964222, 1.8025013071795908, 0.589520901416277, 1.6544557689620207, 0.9420061845688004, 3.2054570305817656, 2.707917221877375, 1.1128915669732051, 2.977440633833902, 3.148224672944141, 3.7416776612408285, 2.4668588759037595, 1.7299377519430439, 2.6750491782285852, 1.998932406178591, 0.646087918085821, 2.8404831048557035, 0.3125990742416094, 0.5290353770301355, 1.675294935011932, 1.597245625850475, 3.637215622358576, 3.8846817413566015, 1.6287148023652547, 1.5542669244754064, 0.5817024155890129, 2.9101831867853862, 2.4177087176513776, 0.6494753398440436, 2.0546039713595228, 2.598838052375976, 2.4582021586342453, 3.556279645672223, 1.1265155439732926, 3.334675002867052, 3.16548828805164, 2.5688254891635927, 3.5026248440389436, 0.6561558881967888, 3.954108004274408, 3.6186442160035517, 3.768784520726776, 3.6641629984816078, 0.12094898807359522, 0.7689788762966623, 0.6067388314957358, 2.922101688569381, 4.423963333739401, 0.20743070979056943, 1.6106253148185101, 3.2155788475467633, 4.236540550504332, 0.7181172491605876, 4.4739919819261535, 3.091142194426019, 0.3575821957370633, 1.7451278734912812, 2.0296918379896636, 2.0127366707061687, 1.3223729316299082, 1.6806266183620657, 3.0309002946727963, 2.0521706335193146, 4.458327446899153, 1.811515207880824, 3.267689848587221, 0.12522940896163393, 3.6025131608878436, 1.3179933697026955, 2.965384357180885, 3.86258227241317, 1.529196456061218, 1.2632380731970494, 1.1011932021424615, 2.639689123435606, 2.840356433371361, 0.9033589731784448, 0.18398711687526426, 2.715378433335021, 3.495130868858214, 2.09368814670234, 4.333144740347938, 0.20416487784598525, 2.550849676804289, 1.6984744170963872, 2.5571914231246433, 2.026704189334147, 0.884132043732399, 1.2086657434897243, 0.5510898361308676, 3.247490197547958, 0.32209221977780045, 1.1465705358239264, 0.507582912361513, 1.1673068158949225, 0.33858509838873907, 2.330050029602039, 2.6790327897376183, 3.436699966343822, 1.5178349691726098, 2.6732975457320913, 1.6245254758185128, 1.7419860128511826, 3.32580438398819, 3.3796776254601593, 2.2932051801608315, 2.7443391429978394, 1.7939535096526857, 2.6561154983607786, 0.5294347146461205, 2.995326000793625, 3.7613070376836175, 4.018159787117501, 3.9869630535820355, 4.199172797687619, 3.7310840112890062, 3.9193119542827874, 3.7380436625185354, 4.39088714405967, 3.6332021047997918, 3.976527861193803, 4.100297228459464, 4.272048017171794, 4.1230553810155675, 4.375431967404199, 3.8453852831239783, 3.9284576291706834, 4.002909625333261, 3.6621540924051086, 3.8872328680083683, 3.8803316995345947, 4.180754896913931, 3.598419131294275, 4.045964864939833, 4.289848178547255, 3.644837060912598, 4.115034883616932, 4.2175187347941705, 3.988644669389637, 5.204455545483958, 4.9853128000787095, 4.620672415455013, 4.890893142569029, 5.3518420428938525, 4.7257376998090415, 4.992218733235877, 5.404965051709684, 4.776765636764712, 4.75030747975826, 4.647217201256721, 4.688366481249455, 4.83417428020114, 5.0561665011277, 4.363445667666543, 5.100194479466898, 4.844231494642603, 5.183428318963838, 4.815827565129712, 5.097289072496552, 4.781121990257571, 5.070696379043812, 4.7599813196410885, 5.402710482407444, 5.037948942127882, 4.763402656012259, 5.253441783385453, 4.940639920056465, 4.6601544015128, 4.831605171596473, 4.93058575819777, 4.737444459990841, 4.97967455814922,