{"model": "catboost_minilm_features-extract_pos_frequency", "type": "test", "seed": 41, "time_start": "2026-02-28T11:39:30.025056", "mse": 0.7235623002052307, "accuracy": 0.4984894259818731, "corr": 0.8653841332017476, "precision": [0.8333333333333334, 0.2753623188405797, 0.3490566037735849, 0.4107142857142857, 0.725, 0.9791666666666666], "recall": [0.17857142857142858, 0.4222222222222222, 0.6851851851851852, 0.35384615384615387, 0.5178571428571429, 0.8545454545454545], "f1": [0.29411764705882354, 0.3333333333333333, 0.4625, 0.38016528925619836, 0.6041666666666666, 0.912621359223301], "support": [56, 45, 54, 65, 56, 55], "confusion_matrix": [[10, 31, 13, 2, 0, 0], [1, 19, 24, 1, 0, 0], [1, 12, 37, 4, 0, 0], [0, 7, 32, 23, 3, 0], [0, 0, 0, 26, 29, 1], [0, 0, 0, 0, 8, 47]], "predictions": [1.7181310653686523, 1.957340955734253, 3.9015069007873535, 1.1004067659378052, 1.8198014497756958, 0.20280218124389648, 2.080500602722168, 0.32888007164001465, 0.7669774293899536, 1.5245921611785889, 2.3786752223968506, 0.858851432800293, 1.5986824035644531, 2.534947156906128, 1.2338820695877075, 2.32291841506958, 1.548753261566162, 2.64263653755188, 1.1892458200454712, 1.8143681287765503, 0.8000826835632324, 1.1870704889297485, 0.7801316976547241, 1.558581829071045, 2.3655784130096436, 1.7783517837524414, 3.0271239280700684, 1.7125322818756104, 1.5586814880371094, 2.3854362964630127, 0.33533692359924316, 1.8994488716125488, 1.6863844394683838, 2.1484971046447754, 2.442350149154663, 2.3318426609039307, 0.5523180961608887, 1.1308099031448364, 3.396059036254883, 1.620575189590454, 1.5525916814804077, 0.34392261505126953, 3.3309717178344727, 2.3916468620300293, 2.6699109077453613, 1.518575668334961, 1.4845693111419678, 3.437396287918091, 3.081021785736084, 2.7746710777282715, 1.620158076286316, 1.7599436044692993, 3.7166619300842285, 1.3084648847579956, 2.8478527069091797, 2.351550817489624, 1.0895298719406128, 0.9501298666000366, 2.923922300338745, 2.31477689743042, 3.162555694580078, 3.300314426422119, 3.70058012008667, 1.588332176208496, 1.4440702199935913, 2.2332425117492676, 1.704784870147705, 1.516531229019165, 2.121033191680908, 2.7725107669830322, 0.8929082155227661, 1.8404271602630615, 0.26215052604675293, 0.43903064727783203, 0.9986362457275391, 2.802133798599243, 0.04914045333862305, 1.7634494304656982, 1.581129550933838, 1.1287221908569336, 1.0044023990631104, 3.2956044673919678, 1.7261133193969727, 0.6092824935913086, 1.2088322639465332, 0.33620381355285645, 0.7344392538070679, 1.5097789764404297, 2.156888723373413, 3.41268253326416, 1.3214111328125, 4.0559186935424805, 1.3139721155166626, 3.2518770694732666, 0.6496816873550415, 2.8537092208862305, 3.4143600463867188, 2.5251669883728027, 1.6263667345046997, 1.9243799448013306, 1.9649403095245361, 3.667487382888794, 1.6219861507415771, 1.4703518152236938, 1.0104923248291016, 2.4250247478485107, 1.2130165100097656, 0.4729280471801758, 1.816119909286499, 0.44252467155456543, 2.8124966621398926, 1.3875012397766113, 1.4773197174072266, 1.438978910446167, 1.9211926460266113, 2.96929669380188, 0.3583993911743164, 0.965686559677124, 2.9502758979797363, 0.5131039619445801, 2.3830597400665283, 2.868302583694458, 1.638791799545288, 2.7897086143493652, 1.791184425354004, 1.8576197624206543, 2.965243339538574, 1.2987703084945679, 1.538477897644043, 2.790247678756714, 2.4305410385131836, 1.4375334978103638, 2.6157402992248535, 3.3249359130859375, 0.863052248954773, 2.067213296890259, 3.3998866081237793, 1.7008306980133057, 2.5414865016937256, 2.659864664077759, 1.258501648902893, 4.060905456542969, 1.4146596193313599, 2.4704337120056152, 1.830643892288208, 2.584116220474243, 1.5325777530670166, 1.8995137214660645, 1.6476311683654785, 1.7178130149841309, 1.2078263759613037, 2.1929984092712402, 0.7835524082183838, 3.4535036087036133, 1.2686535120010376, 1.8676044940948486, 2.9521801471710205, 1.8746883869171143, 2.2773211002349854, 3.6171627044677734, 3.414184093475342, 1.9111919403076172, 3.284850597381592, 0.9778560400009155, 2.725557565689087, 2.9499077796936035, 2.9094951152801514, 2.22027587890625, 0.9783625602722168, 1.4487946033477783, 2.4098448753356934, 0.6633729934692383, 1.4056583642959595, 2.3107194900512695, 1.7840549945831299, 1.2077481746673584, 4.227015495300293, 1.4936074018478394, 2.3949711322784424, 2.364302158355713, 0.9544397592544556, 2.3367438316345215, 1.0791757106781006, 0.6902674436569214, 0.8294640779495239, 3.3248746395111084, 2.1972508430480957, 3.6512389183044434, 1.701279640197754, 2.1554999351501465, 1.741603136062622, 1.040474772453308, 2.1321463584899902, 2.9154105186462402, 2.2830276489257812, 3.9292526245117188, 3.724660634994507, 4.310873508453369, 3.8777246475219727, 3.41579008102417, 3.4063665866851807, 3.1189661026000977, 4.3639020919799805, 4.1280364990234375, 3.8023858070373535, 3.6066410541534424, 3.024500846862793, 3.9215476512908936, 4.517723560333252, 3.665264129638672, 3.663322925567627, 4.255062580108643, 3.999657154083252, 4.288357734680176, 3.850642204284668, 3.670992612838745, 3.281561851501465, 3.8248672485351562, 5.461063385009766, 4.844718933105469, 5.045025825500488, 4.730646133422852, 4.320124626159668, 5.746060371398926, 4.938100814819336, 4.86322546005249, 4.333925724029541, 4.539697647094727, 5.006783485412598, 5.385611057281494, 4.519453048706055, 5.159219264984131, 4.264991760253906, 5.581185340881348, 4.580893516540527, 5.279955863952637, 4.577707290649414, 5.038504600524902, 4.563206672668457, 4.927018165588379, 4.732985973358154, 5.236303329467773, 4.679781913757324, 5.450152397155762, 5.493969917297363, 4.997763633728027, 4.932370185852051, 4.625454902648926, 4.907508850097656, 5.195450782775879, 4.959059238433838, 4.828366279602051, 4.7032976150512695, 4.441584587097168, 4.568402290344238, 5.063928604125977, 5.180517196655273, 5.676429748535156, 5.253708839416504, 4.875060081481934, 4.105788707733154, 5.255597114562988, 1.6699621677398682, 1.433759093284607, 1.8497464656829834, 2.414862871170044, 1.152807593345642, 2.1381282806396484, 2.217836380004883, 0.9868786334991455, 1.8971643447875977, 2.0381884574890137, 4.22707462310791, 1.9794762134552002, 5.279092788696289, 3.6162848472595215, 0.9947584867477417, 2.025141716003418, 5.065892696380615, 2.263606309890747, 2.2791402339935303, 0.6932888031005859, 2.036259889602661, 1.003204107284546, 1.5106571912765503, 1.718841791152954, 1.7675796747207642, 1.077516794204712, 2.6987545490264893, 4.271843910217285, 1.0740714073181152, 2.351823091506958, 2.6133995056152344, 1.8657221794128418, 5.391055107116699, 0.7687934637069702, 3.2377748489379883, 1.8023005723953247, 5.027736663818359, 4.162274360656738, 1.6452349424362183, 0.8636443614959717, 3.3993160724639893, 1.7086641788482666, 0.4802415370941162, 5.479043483734131, 3.9195261001586914, 1.9819673299789429, 1.2494158744812012, 1.307889699935913, 2.606733798980713, 1.7554402351379395, 1.8501205444335938, 4.700231552124023, 1.4634305238723755, 1.197499394416809, 4.326063632965088, 1.8369414806365967, 2.887263298034668, 2.748518943786621, 3.705218553543091, 1.8911583423614502, 2.2954134941101074, 0.7951501607894897, 1.5943515300750732, 1.0377238988876343, 5.53786039352417, 4.015805244445801, 4.763029098510742, 2.6007239818573, 3.924569606781006], "params": {"iterations": 1510, "learning_rate": 0.014286, "depth": 3, "l2_leaf_reg": 3.4047e-06, "bagging_temperature": 2.5656, "random_strength": 4.1266, "border_count": 207}, "time_end": "2026-02-28T11:39:30.081831"}