{"model": "catboost_minilm_features-extract_punctuation", "type": "train", "seed": 40, "train_losses": [], "val_losses": [], "time_start": "2026-02-28T11:31:39.010724", "mse": 0.13285881953325243, "accuracy": 0.8333333333333334, "corr": 0.9778160201931497, "precision": [0.9770114942528736, 0.773972602739726, 0.6407185628742516, 0.8226950354609929, 0.9159663865546218, 1.0], "recall": [0.7522123893805309, 0.8071428571428572, 0.9145299145299145, 0.7682119205298014, 0.8449612403100775, 0.9230769230769231], "f1": [0.85, 0.7902097902097902, 0.7535211267605634, 0.7945205479452054, 0.8790322580645161, 0.96], "support": [113, 140, 117, 151, 129, 130], "confusion_matrix": [[85, 28, 0, 0, 0, 0], [2, 113, 25, 0, 0, 0], [0, 5, 107, 5, 0, 0], [0, 0, 35, 116, 0, 0], [0, 0, 0, 20, 109, 0], [0, 0, 0, 0, 10, 120]], "predictions": [3.1814098595418, 0.788583923853275, 0.49310730422698024, 2.8196156295199564, 0.25760803915331376, 2.5935088331486473, 1.7315360015352679, 0.3867288184752353, 0.16415775707260094, 1.3490112697604777, 2.1864149831789135, 0.47861024019287113, 2.3696890588253874, 3.8428564411972497, 0.20152342002381607, 3.24462215646335, 0.49352136253715395, 2.6035950010398743, 0.2677233995439092, 1.2919272754022304, 2.017265305303261, 3.86002463810217, 0.4469387462609813, 4.003573853920024, 0.3580873400035087, 0.2960320710905604, 3.160367220351658, 1.5143074462574457, 1.5582139878997503, 0.15730573717418306, 2.788733577448667, 0.7005791100965566, 1.1366894193435746, 2.171077549011713, 1.2756222346001187, 3.0207464401358486, 2.9749684083158945, 0.3449606454321805, 0.35162485780927, 2.7947550531936827, 1.1502962584627872, 2.3538418472875793, 4.1201536066028845, 1.729681532795876, 0.5481220866310768, 0.8259406310113098, 4.002466204815829, 1.5168388836259303, 2.60152297311187, 0.15323558202240628, 1.0288653818905005, 4.198156807538695, 3.196408054174385, 2.2419644962031198, 1.8835676581817742, 0.3250445612213353, 1.4425798107990107, 0.23346388104285998, 1.6291682207465632, 1.7758132811537608, 1.016906577557896, 0.25314177802316573, 0.9726794218669754, 0.1846122882782235, 1.1024878688939925, 0.3740305781352511, 1.1995784619471863, 1.6901494469426939, 1.4435699611276214, 0.19393587254385736, 4.415503535724257, 0.819694306382946, 0.179613117179112, 3.273606687305989, 2.6063294800060044, 1.8527752758111542, 0.4378120422391625, 1.2202818331063563, 2.0626071178658796, 0.20792218248739003, 3.091971583091726, 0.37799904295834663, 0.6518168518881455, 3.598761806301476, 2.1437349279239983, 2.730442396337749, 3.3711927244414603, 2.753301437820732, 0.015608237668058855, 2.0275429797749176, 0.31432546124995486, 0.4529961991159901, 3.690694054275883, 2.591506670051211, 1.5935485820902806, 3.4339056242874517, 1.7019917664573927, 3.356410178262568, 3.2451514542741133, 1.7191899812839484, 1.3966245744971608, 1.278185566700384, 1.317535180321838, 3.750772317078667, 1.5928430774296656, 1.6880918623893852, 2.7679057814303993, 0.43874473066565756, 2.228807765145602, 0.5025811034750338, 1.5871441466400098, 3.0174494423240645, 3.576116942362412, 3.3039058111482946, 0.09538098829270192, 2.4288483857346375, 1.8706747864628412, -0.04730523117075025, 2.7461037804571378, 1.7765478910110082, 2.6244068167092287, 1.5994564964969256, 2.188454676618275, 2.818366592506387, -0.08285805276717007, 1.9192076752363898, 3.350108658850569, 2.236606231368734, 0.00014925903156548515, 2.521970158849859, 3.3596844011305613, 2.6527285215181093, 2.0919865059000227, 0.3744502552929534, 0.8065827264046461, 1.970954772922582, 2.6250113752267694, 1.9753499170680766, 2.0473460574028417, 2.176324346540172, 0.2745724895953807, 0.36875273526408137, 1.7242489261640248, 3.6929677782195776, 3.635766373095825, 2.820729102246838, 1.3467310525467246, 2.4685491762341423, 1.9036889537243704, 0.23998667295781306, 2.346899477806538, 2.110878606708393, 3.7808386366639937, 0.3041440475711017, 2.178584889035503, 1.631798651034531, 1.7158668705810578, 2.763019167302849, 3.903779680994031, 0.1837054861979195, 0.45809359284454, 1.4784688187507982, 2.195819618166922, 1.08600672500884, 0.09043012717224119, 2.3374203879132534, 3.921001413721453, 2.4008393878977725, 1.4462330546533093, 3.5539501597055496, 0.12099798257380323, 0.7035202945938246, 2.6071796887436935, 2.29148869715441, 2.919006269526388, 3.7190329756288065, 2.460733887262907, 2.5685075044892196, 2.24316406351547, 0.5069830955744954, 2.128095614687003, 0.21538035472668104, 0.4936591878959318, 3.241593921597369, 1.6984272071798336, 2.79669529671084, 1.4165884551696413, 2.387908999647688, 3.0899534228551047, -0.04665801799479663, 2.4539384975062712, 2.3886482739605133, 3.134400480555138, 1.2764707458127242, 1.77019684569862, 1.7450156733383926, 0.6622526120869363, 1.6630899861111441, 1.0171876520381586, 2.969906971767456, 2.6619277551003067, 1.0557010450026323, 3.2436013569390276, 3.3185929272529555, 3.6975835444016, 2.366335576830597, 1.7850433237607106, 2.61734183840251, 2.0050609089866707, 0.5298750846530165, 2.970272181128627, 0.34762393807448433, 0.4831573443150936, 1.7807277728884021, 1.722921671620635, 3.5785284166183597, 3.833290544269907, 1.5519808288544494, 1.596325336730648, 0.458781023508708, 2.7467833179730876, 2.358509022009668, 0.5588029336670652, 2.1586754459248327, 2.5981916858356975, 2.4545507474270085, 3.6053297530788324, 1.0115359039368788, 3.345245808644478, 2.8565580582877237, 2.7314331756403663, 3.618483287918514, 0.5048184150594452, 3.8333249389566966, 3.5941167892564714, 3.6355128127391616, 3.6321871366689953, 0.12719584756070246, 0.7547045239166423, 0.7164956870463401, 2.827242004620125, 4.421054191026326, 0.357413849017131, 1.4670158755397265, 3.1976057745070476, 4.36612490782085, 0.6828166675446106, 4.679344100010203, 3.394317995742583, 0.3621896911970732, 1.8096993556290712, 2.024390780708268, 1.871625370821807, 1.324659886903888, 1.6688772005206176, 3.189027910697697, 1.9524563520500033, 4.4822014282902085, 1.8287646424713953, 3.434361029978203, 0.23032469679579082, 3.5063352485776345, 1.588322881924595, 3.0046700266293485, 3.719587558084129, 1.4293721784731843, 1.2123566774467966, 1.0725873604747087, 2.4970893535571097, 2.9177505145746734, 0.8308481343991938, 0.16367292877502937, 2.863138549816269, 3.2644506800704582, 2.0654302545054177, 4.32348176634328, 0.19593108047221852, 2.5092409642845515, 1.6612163681468262, 2.657213685801864, 1.843202948871279, 0.9366384663106408, 1.213364695442937, 0.5532331129053283, 3.181496517336721, 0.33210885490636244, 1.2457483843360637, 0.6609722215143559, 1.1882856218748612, 0.3546961938327762, 2.198944218902238, 2.9331206170413666, 3.40342737169743, 1.6755738559463949, 2.817223936783338, 1.5485128348823158, 1.5656246976280315, 3.2087376326244224, 3.313042953627203, 2.3602873295703546, 2.6221846666128474, 1.87962168700798, 2.566211241333092, 0.48581856166515935, 2.867511841732228, 3.6349440108414237, 4.319954454978202, 3.836772827389642, 3.873665388956553, 3.5643117163701943, 3.9676840540787186, 3.6800325595428713, 4.385277943093547, 3.4961344822210814, 4.305071041220245, 3.9711777825322083, 4.156899233858383, 4.191804433818513, 4.127548679460215, 4.076484261573437, 3.8806791387697466, 3.8051977800323815, 3.685603547072197, 3.784558741031132, 3.6805018752255023, 4.376681307027717, 3.4611217672821573, 4.194168288084885, 4.1740346767270875, 3.8777248444868833, 3.873698716478735, 4.332406150390973, 3.926556871719048, 5.161780153331216, 5.2523878501064605, 4.806433306479578, 4.819786327824582, 5.2104420829637865, 4.848122031115691, 4.999044842356255, 5.303693501830826, 4.583563247829835, 4.819927340427347, 4.747798964127245, 4.660854683622731, 5.009683600377281, 5.04254558396567, 4.794583088863642, 5.274556876377833, 4.829807716608882, 5.114790353974052, 4.841000675858446, 4.6005218404078105, 4.4948622276416526, 4.909205946805903, 4.901028608690502, 5.241669294922334, 5.1197140130108005, 4.784743586801643, 4.818117611540176, 5.049862943099924, 4.5341485854129715, 4.569444237245707, 5.030044759899759, 