{"model": "catboost_minilm_features-extract_sentence_length_by_word", "type": "train", "seed": 41, "train_losses": [], "val_losses": [], "time_start": "2026-02-28T11:16:07.084189", "mse": 0.13416867567732535, "accuracy": 0.823076923076923, "corr": 0.9776280050386179, "precision": [0.9882352941176471, 0.7659574468085106, 0.6114285714285714, 0.8028169014084507, 0.9304347826086956, 1.0], "recall": [0.7433628318584071, 0.7714285714285715, 0.9145299145299145, 0.7549668874172185, 0.8294573643410853, 0.9384615384615385], "f1": [0.8484848484848485, 0.7686832740213523, 0.7328767123287672, 0.7781569965870307, 0.8770491803278688, 0.9682539682539683], "support": [113, 140, 117, 151, 129, 130], "confusion_matrix": [[84, 29, 0, 0, 0, 0], [1, 108, 31, 0, 0, 0], [0, 4, 107, 6, 0, 0], [0, 0, 37, 114, 0, 0], [0, 0, 0, 22, 107, 0], [0, 0, 0, 0, 8, 122]], "predictions": [3.2246818287106613, 0.8216671786679295, 0.468844651252569, 2.923503987625646, 0.268696668256744, 2.628221572172804, 1.7338834619810568, 0.4688347942850193, 0.16688972275341607, 1.4150099297381435, 2.119337500133477, 0.39521382166998276, 2.3362895376478066, 3.785894074761141, 0.15030222014365302, 3.2924506940637253, 0.4198678154012705, 2.567760439421921, 0.2846913184684001, 1.221468838301219, 2.1267464576324695, 3.8548669640712534, 0.38770974527649527, 4.0645638474341865, 0.3775998982434965, 0.26371837929699105, 3.1419639216671102, 1.5044802560440815, 1.5175953508824231, 0.16448903473969612, 2.775113614301196, 0.7717369671909193, 1.0453393563723565, 2.166165958892474, 1.3210821577172, 3.0179377935740086, 2.954161237564308, 0.27562894256382586, 0.36514855329098994, 2.737027095388692, 0.9930269571961652, 2.4086230304244305, 3.879321833294676, 1.6489463058558076, 0.4951966902719471, 0.7314109876137809, 4.163528680787358, 1.6092970190730673, 2.524192359641708, 0.1451845587796461, 0.9105624197467501, 4.1400382286294075, 3.2324025860994907, 2.2370618256847736, 1.8779712284784684, 0.37588456944420123, 1.4325711444265536, 0.2020462566603105, 1.5110175020590533, 1.8601151317816265, 1.0110428784803926, 0.16781257964712637, 1.138791763933066, 0.25072413417980277, 1.119003624492478, 0.4261241619290663, 1.208212709078622, 1.6450760376064046, 1.4021432840317785, 0.2917905019330025, 4.462194178319151, 0.8458206586927888, 0.19366723398945096, 3.334116207470839, 2.5472554441866806, 1.902283371656968, 0.2998448503596278, 1.284018848037664, 1.9575763004919775, 0.16735854007543471, 3.09782281415974, 0.38917718990815287, 0.7193244263130854, 3.634245518610957, 2.3284193049381234, 2.7187258914908927, 3.266478885284676, 2.6668621768184972, -0.003978817738265139, 2.0537418234698337, 0.33783333551174444, 0.3064018956218755, 3.7222951132214486, 2.550291415767906, 1.6537364181522651, 3.2945120317957968, 1.5900596633407762, 3.326693753987554, 3.3071468147347423, 1.7650403096517924, 1.2779769344945011, 1.2306934103974911, 1.2726990370849498, 3.725625363928411, 1.5652588132436562, 1.6588143539082925, 2.7684284025114327, 0.43181409461792253, 2.1941606372254423, 0.547164110349815, 1.5063138611793003, 2.973255378045984, 3.479569098397718, 3.289393006902954, 0.11095257462871944, 2.4218490307121177, 1.8932052743770846, -0.028099470816883354, 2.7861195120261786, 1.7316773452339649, 2.6110981951815604, 1.5147855801185832, 2.1536627788303377, 2.868604255473385, -0.040661653424600264, 1.890740603107525, 3.35152562653402, 2.1989072954629734, 0.019413487623501702, 2.4958440188447737, 3.3728164023958023, 2.799558894265695, 2.0323947053280866, 0.39339224748024737, 0.858568244873706, 1.953106297216537, 2.6084628035115855, 2.042950948943709, 2.039485412298683, 2.2092475320050013, 0.3729047515503767, 0.4161566715170193, 1.7002680536642774, 3.744650722188728, 3.5556720976408536, 2.7728981620626136, 1.298234872894684, 2.4595123846392486, 1.8740944407217404, 0.22705133419119594, 2.4372541034396646, 2.097046255461508, 3.8537655153157617, 0.34917893445773185, 2.081799557486995, 1.6551890732215613, 1.6558913640795812, 2.8162011180639155, 3.89616546792935, 0.2002556798562969, 0.41352699132982096, 1.5419945330994778, 2.212196892551727, 1.0691320983123447, 0.05059622719814305, 2.3792645571926183, 3.875561618045731, 2.3326409589804302, 1.527052859676589, 3.7040747086678976, 0.20654232120299776, 0.637415645926976, 2.6477481442730633, 2.2055443027736383, 2.7571405844018884, 3.7941745920859242, 2.516882107887467, 2.681281950149417, 2.2447705671596325, 0.5600220023124511, 2.1704671762271746, 0.2676739052856032, 0.3907372301460903, 3.2067509773074496, 1.744231488625732, 2.759258551784394, 1.5195808937396476, 2.277389416559661, 3.0949900844462914, -0.010696099819741178, 2.4648739528824803, 2.270037619294976, 3.1790803361758226, 1.1818070975202843, 1.7361309246041825, 1.8555446901507389, 0.7020161353226027, 1.7059687676116906, 0.9964510493341787, 2.9363081043806827, 2.4719712639675744, 0.9978047749281871, 3.178588892872529, 3.2341151926245577, 3.71289861030273, 2.345864129057494, 1.8332920666612178, 2.6416462797340006, 2.0471686608020887, 0.5388888950965967, 2.9525585232546994, 0.4261838830837532, 0.5138355678490785, 1.8227697803517455, 1.7294435478566217, 3.753822791108104, 3.858657462714608, 1.5275811415900082, 1.6183874373851745, 0.5552638866092576, 2.753585073040253, 2.443478197479137, 0.6222092944165016, 2.0855452268122896, 2.5928850914960613, 2.51586967148578, 3.500335597151796, 1.010311184484018, 3.338305980954448, 2.9985415486466933, 2.758658836299448, 3.7903960809165613, 0.5266832472104492, 3.8550128222592326, 3.3792889627579723, 3.6088288476381774, 3.616282864558717, 0.06901595396288673, 0.8697635691135119, 0.684064151005247, 2.7997983591409854, 4.3031360643624, 0.3776134053006106, 1.5440991646097508, 3.243196845712224, 4.35245255723726, 0.7052458485355959, 4.6773214697261825, 3.3390286264445956, 0.39069768154252493, 1.8153887342800163, 2.001083351882366, 1.8937123577921509, 1.4673398570048686, 1.6934028475936258, 3.1424547807323706, 1.9927711069940868, 4.36415362998825, 1.7938729949893466, 3.486314828702025, 0.1607782314068058, 3.5996241516882357, 1.5661348199400682, 3.070958543869597, 3.6806003859724115, 1.3892248974155554, 1.226691458884215, 1.1579472884546944, 2.587133783894774, 2.8270122416154284, 0.7776540397563685, 0.255259641448748, 3.0744047321419594, 3.28919224492574, 2.1208047983015677, 4.228309281931419, 0.2310918625449947, 2.46857721024123, 1.6746504142201886, 2.663841426926261, 1.9086965897468997, 0.876972345771275, 1.1534103236538724, 0.5234868914772624, 3.124866127937274, 0.24482562510645245, 1.1126446709167734, 0.6224779899945481, 1.1911324708957967, 0.32551070799210047, 2.23382988681625, 2.9715019162606726, 3.4126608570946724, 1.7661462565504995, 2.693278848414873, 1.5283547231295203, 1.5950743757049768, 3.106744812743997, 3.1938566288969645, 2.488910448053415, 2.7314404751631898, 1.899485778375161, 2.5850248144980017, 0.5603614264781096, 3.0035618699026894, 3.6770249870752982, 4.246385411207523, 3.7187936961993096, 3.8144610115884277, 3.550090228175648, 3.949410588898851, 3.733907716673211, 4.4215616249019165, 3.4492344298419755, 4.38227311834931, 3.9942181404762165, 4.073145655397817, 4.075826923523442, 4.179472550644683, 3.957731921827657, 3.912257879283981, 3.7726542131650502, 3.7023699195196356, 3.669919509535833, 3.743658621304541, 4.4261121861379635, 3.454248138961504, 4.221137365250419, 4.1327560229898666, 3.955519860583328, 3.893278721194183, 4.317017634214312, 3.8620870170340877, 5.241922463301282, 5.312780654641868, 4.803834150366988, 4.752947047052128, 5.142389297291541, 4.821468287678908, 5.19192674038182, 5.266041309229152, 4.630575973755159, 4.845047196913475, 4.736612330001441, 4.7764706881350545, 5.028036204550549, 5.077677310483063, 4.6625991402609674, 5.161897210378797, 4.8618981791502, 5.169777877656422, 4.8373328735085686, 4.62447385243781, 4.5233156707734565, 4.997552202196976, 4.81239725894927, 5.28140254107798, 5.1664576162345615, 4.765607709945962, 4.777009925996563, 4.946794525788339, 4.549827529130766, 