{"model": "catboost_minilm_features-extract_contractions", "type": "train", "seed": 40, "train_losses": [], "val_losses": [], "time_start": "2026-02-28T11:33:20.519712", "mse": 0.1336250119494973, "accuracy": 0.8192307692307692, "corr": 0.9777065018657047, "precision": [0.9761904761904762, 0.7430555555555556, 0.6127167630057804, 0.8201438848920863, 0.9159663865546218, 1.0], "recall": [0.7256637168141593, 0.7642857142857142, 0.905982905982906, 0.7549668874172185, 0.8449612403100775, 0.9307692307692308], "f1": [0.8324873096446701, 0.7535211267605634, 0.7310344827586207, 0.7862068965517242, 0.8790322580645161, 0.9641434262948207], "support": [113, 140, 117, 151, 129, 130], "confusion_matrix": [[82, 31, 0, 0, 0, 0], [2, 107, 31, 0, 0, 0], [0, 6, 106, 5, 0, 0], [0, 0, 36, 114, 1, 0], [0, 0, 0, 20, 109, 0], [0, 0, 0, 0, 9, 121]], "predictions": [3.1254748591125363, 0.8322256919963613, 0.5002941419552833, 2.8923293634527174, 0.25050045188083514, 2.5265515869338824, 1.790759072160681, 0.38438751062794463, 0.2191489881719555, 1.3771296019893617, 2.129552068891396, 0.45119557994544657, 2.379799468821606, 3.697841582573933, 0.15591257704410566, 3.2849457321785858, 0.4151615781806415, 2.52044656062781, 0.2235567223221171, 1.3470222691077363, 2.125350304286688, 3.8497671697952494, 0.3453117238107595, 3.9669310571474146, 0.41781785285265416, 0.21617108083853998, 3.1555739163138536, 1.597111296634737, 1.555636663804384, 0.15135152470770796, 2.719787732031475, 0.6836175222947563, 1.1412079985045904, 2.181286488928154, 1.2954072861959811, 3.068019327197037, 2.978484702168027, 0.1779060591295054, 0.4206047703764155, 2.8062311088539436, 1.0903818290332208, 2.4001155626309294, 3.9238796106130236, 1.7709879173234444, 0.5443890218483063, 0.6720419040213246, 4.131620684515536, 1.4706185322634309, 2.5934816152399427, 0.07293254935814719, 0.8730414742700063, 4.177515264321059, 3.245282369225487, 2.264091551562585, 1.9228730026773397, 0.3101443265872601, 1.5120226068774305, 0.24192115639236844, 1.4926814048638564, 1.8043240522223125, 0.8256837617061923, 0.2616756324052645, 1.098824808939289, 0.2134079891773677, 0.9902251633244596, 0.4057913950315464, 1.2220667401757648, 1.6237949716736138, 1.457824939572051, 0.2596662751393164, 4.487023830324756, 0.8437825448721328, 0.2542861808378176, 3.263949127614914, 2.6048097584582766, 1.8384037651742235, 0.4038862859098469, 1.3449711502767105, 1.9323987669740936, 0.20902167732224886, 3.1245250803893727, 0.4366340441723584, 0.7240020430195546, 3.622988180717351, 2.3501790821130486, 2.65025896880535, 3.3037842321309956, 2.632126910378151, 0.036094787801012274, 2.030339318012444, 0.33224615498396926, 0.3885179168160895, 3.7376103742883684, 2.5800892978157024, 1.6010757294476008, 3.250869377733727, 1.6808794744450708, 3.4137629687133333, 3.2071131247339473, 1.7120458870233013, 1.487635588319964, 1.2840594966721197, 1.2467676996857404, 3.7613018386677792, 1.5479792075973235, 1.7346093319184668, 2.796940575270952, 0.3875203718615423, 2.136770699276481, 0.5587724737035236, 1.5830510426771867, 2.9288118034987063, 3.5205680923727494, 3.2431034776041763, 0.10944700193052626, 2.4426227196228125, 1.8948026878968411, -0.028196996883119496, 2.791420445420819, 1.7192487769011402, 2.6335586182794173, 1.6647531849164974, 2.134921475222605, 2.8327874648339595, -0.032787744118159434, 1.9077113891748922, 3.3933085133382552, 2.1835079162908815, 0.006525186465891064, 2.4407067543351864, 3.240647331593801, 2.7646058675392284, 2.1713226280591273, 0.43823940287998164, 0.8454102224161606, 2.027248751631933, 2.8116836634127402, 2.0525016348338485, 2.254845820600195, 2.2186139553368154, 0.3027547776743367, 0.3550074334483986, 1.6466022228855515, 3.666845055850038, 3.626354640031666, 2.7983361333618078, 1.3827025816834326, 2.578378035089024, 1.8240500837715425, 0.24541250050202157, 2.3329143248811643, 2.1578199564340212, 3.7820485780692277, 0.2926531632647884, 2.1367356579532317, 1.6040754664945092, 1.7475129133001817, 2.733927185360845, 3.8013840210873036, 0.23861379165013608, 0.5065973306630305, 1.4544950647480033, 2.2322361764091347, 0.8560370982796166, 0.03181519278452516, 2.391773420012582, 3.8974865175085807, 2.408731262870915, 1.490578158339865, 3.5845058895456314, 0.1376207639336826, 0.7274021562531172, 2.5612669138441766, 2.2308648993608196, 2.858910557098697, 3.917251630551464, 2.4272749976774333, 2.645037707591893, 2.2162922455585825, 0.4617760257829122, 2.207197418499981, 0.2502254121250309, 0.3665781032330915, 3.2983162003526614, 1.7708926020705689, 2.864040882954026, 1.3870086894741114, 2.296347809607735, 3.0379324138898833, 0.038951164011546524, 2.5152174258455773, 2.2884360560763235, 3.1429389275665156, 1.2215309471024491, 1.723092133916194, 1.6172100510266185, 0.6013913461364195, 1.7204399116659719, 1.0318220739034945, 2.99397751219902, 2.6349377113877424, 0.8888638005035754, 3.095522031850887, 3.1986159944072003, 3.6294514037262218, 2.311642592254631, 1.8163032155316348, 2.5579735308532547, 1.9678568280010817, 0.6292296385291236, 2.9903181717150926, 0.3829704829806344, 0.6040460060771904, 1.6595709919134294, 1.6857759945145374, 3.6135982338360497, 3.8098649363509747, 1.6106262523135775, 1.5566734950569252, 0.508879603445751, 2.8398623608442297, 2.5045751516979347, 0.6103560460718294, 2.1169688059122924, 2.682144895611792, 2.3360138186798767, 3.50739181499602, 1.0569840883685295, 3.2720048995020155, 3.010582334470523, 2.696727468833847, 3.6772332268659365, 0.5125758513599716, 3.82569658614057, 3.483447328374806, 3.550703152764818, 3.6472580259422815, 0.0727916420066479, 0.7983850234953298, 0.7227693425933, 3.0093323594473786, 4.46585940792224, 0.3686494096809465, 1.45154171580824, 3.2721541022180864, 4.371681166179026, 0.6650701625567195, 4.633652744700209, 3.4617790077015878, 0.4133132802866215, 1.7961248920158832, 2.010004670767137, 1.8824033174046393, 1.379866182845694, 1.6339989381759663, 3.2117111518317776, 1.9507960462037595, 4.411062321877461, 1.749261361270143, 3.4376728659206224, 0.19484128053364813, 3.5440657805009117, 1.5751150379963192, 3.031720917918517, 3.7172481158518185, 1.4225513865338033, 1.23924962516968, 1.153970084738467, 2.481419226539431, 2.8874517766238617, 0.8311360876325642, 0.1791255803415739, 2.9697650649492604, 3.430117575910086, 2.039131488258152, 4.207389716493487, 0.23457888324990783, 2.4152464975723307, 1.572695278729694, 2.641520341340694, 1.8611257453360897, 0.930305440456787, 1.134310286815503, 0.5958996174214097, 3.205727057074836, 0.23215927287836902, 1.1055855289940624, 0.5739348740763508, 1.155657875557633, 0.3184635676000567, 2.2450839646931793, 3.0209816744912414, 3.45869885384201, 1.6314404962327538, 2.7542277797984873, 1.5381983623430564, 1.6479444550908033, 3.0538896023113176, 3.293385572373154, 2.342572332431115, 2.6498474242760546, 1.889392814255705, 2.5676669554067444, 0.4947110214830075, 2.975260497789313, 3.666666161393212, 4.316309494780957, 3.7253743865692615, 3.903442536508658, 3.5825088609236415, 3.969702968036169, 3.7184813098498886, 4.324288930298288, 3.552450515223208, 4.3273327304880205, 3.9479998667008473, 4.169961332527417, 4.203286459338058, 4.136029466099373, 3.987720498782126, 4.007790266147936, 3.8052090017270332, 3.739591983367146, 3.645136467675825, 3.674730675190709, 4.348891831871409, 3.4207961797975717, 3.9687005037644436, 4.182591638199014, 3.8768554115586698, 3.7558076075097464, 4.3724355562183845, 4.061372277696545, 5.23661074035026, 5.25302034532017, 4.80937984818374, 4.803790485184414, 5.102489242453265, 4.871188997656837, 5.101274724116738, 5.292661611355868, 4.629578524825915, 4.726596045721013, 4.708936936058901, 4.799918689090246, 4.923764146679043, 5.15279719208903, 4.591150756959771, 5.189365182848391, 4.9174186677456095, 5.155952058472714, 4.92870684747613, 4.703350109226017, 4.548390293259729, 5.088751076791968, 4.832225912057348, 5.221786016684565, 5.174730650418629, 4.795921608191813, 4.809924554700232, 5.034243941172438, 4.561703350463729, 4.764998632102708, 