{"model": "catboost_minilm_features-extract_numeric_word_ratio", "type": "test", "seed": 40, "time_start": "2026-02-28T11:20:05.894193", "mse": 0.71028071641922, "accuracy": 0.4773413897280967, "corr": 0.8678490954023188, "precision": [0.875, 0.2375, 0.336734693877551, 0.38181818181818183, 0.7317073170731707, 0.9795918367346939], "recall": [0.125, 0.4222222222222222, 0.6111111111111112, 0.3230769230769231, 0.5357142857142857, 0.8727272727272727], "f1": [0.21875, 0.304, 0.4342105263157895, 0.35, 0.6185567010309279, 0.9230769230769231], "support": [56, 45, 54, 65, 56, 55], "confusion_matrix": [[7, 37, 10, 2, 0, 0], [1, 19, 24, 1, 0, 0], [0, 15, 33, 6, 0, 0], [0, 9, 31, 21, 4, 0], [0, 0, 0, 25, 30, 1], [0, 0, 0, 0, 7, 48]], "predictions": [1.8987648487091064, 2.139859199523926, 3.827671766281128, 1.1723692417144775, 1.9741504192352295, 0.2547791004180908, 1.897996425628662, 0.5079807043075562, 0.7380707263946533, 1.4924170970916748, 2.435990333557129, 0.8867454528808594, 1.6928749084472656, 2.6095499992370605, 1.3818433284759521, 2.3446364402770996, 1.5280014276504517, 2.6777830123901367, 1.3783460855484009, 1.8132069110870361, 0.8877795934677124, 1.2137287855148315, 0.9165933132171631, 1.8506579399108887, 2.481236696243286, 1.8467508554458618, 3.1105852127075195, 1.9919918775558472, 1.5310157537460327, 2.2262823581695557, 0.39565467834472656, 1.8113903999328613, 1.591078281402588, 2.180553674697876, 2.2928237915039062, 2.063115358352661, 0.5543982982635498, 1.022204041481018, 3.3684163093566895, 1.683577299118042, 1.3691504001617432, 0.3942539691925049, 3.540759325027466, 2.369941473007202, 2.5858237743377686, 1.4488303661346436, 1.3930528163909912, 3.536759376525879, 3.037105083465576, 3.0262622833251953, 1.580672025680542, 1.7657734155654907, 3.899381160736084, 1.4375404119491577, 2.85210919380188, 2.3040597438812256, 1.0036617517471313, 0.859589695930481, 2.8953166007995605, 2.062532424926758, 3.1461522579193115, 3.264646530151367, 3.6232237815856934, 1.6108726263046265, 1.3039839267730713, 2.2357583045959473, 1.810187578201294, 1.2205873727798462, 1.9666416645050049, 2.958627700805664, 0.6236824989318848, 1.8024837970733643, 0.21704506874084473, 0.604488730430603, 1.11396324634552, 2.726146936416626, 0.35297226905822754, 1.5122549533843994, 1.4412145614624023, 1.1137112379074097, 0.8630514144897461, 3.3169500827789307, 1.6657497882843018, 0.4854733943939209, 1.2102744579315186, 0.5380069017410278, 0.6365811824798584, 1.3515350818634033, 2.0288944244384766, 3.6503853797912598, 1.366357684135437, 3.8643574714660645, 1.1639132499694824, 3.4366869926452637, 0.6483272314071655, 2.7642064094543457, 3.4094958305358887, 2.68729305267334, 1.7901822328567505, 1.9321881532669067, 1.6877245903015137, 3.5372378826141357, 1.5492208003997803, 1.601938247680664, 1.1734645366668701, 2.4206759929656982, 1.147641658782959, 0.6468615531921387, 1.9740455150604248, 0.22483515739440918, 2.471435308456421, 1.4066108465194702, 1.4455091953277588, 1.2932125329971313, 2.1251537799835205, 2.9608516693115234, 0.1968555450439453, 1.1960501670837402, 3.0627756118774414, 0.6610070466995239, 2.331441640853882, 2.629377841949463, 1.756458044052124, 2.9334044456481934, 1.987182855606079, 1.7915170192718506, 2.9196410179138184, 1.2317306995391846, 1.4595037698745728, 2.821037769317627, 2.4422736167907715, 1.2511248588562012, 2.8076415061950684, 3.4346489906311035, 0.8593364953994751, 2.2239315509796143, 3.491492986679077, 1.5362141132354736, 2.6430530548095703, 2.5620832443237305, 1.307747483253479, 4.140074253082275, 1.5183242559432983, 2.5570812225341797, 1.4273289442062378, 2.5699708461761475, 1.5309202671051025, 1.9125499725341797, 1.441658616065979, 1.7017028331756592, 0.9204840660095215, 2.255737066268921, 0.7623707056045532, 3.4576051235198975, 1.0852192640304565, 1.8134772777557373, 3.104975700378418, 1.937007188796997, 2.347321033477783, 3.6959381103515625, 3.3409125804901123, 2.1070995330810547, 3.4595208168029785, 0.954094648361206, 2.6757001876831055, 2.8115108013153076, 2.8347365856170654, 2.0865213871002197, 1.0184204578399658, 1.4763597249984741, 2.389697313308716, 0.5182216167449951, 1.4810584783554077, 2.5183396339416504, 1.5774099826812744, 1.127557396888733, 4.2400593757629395, 1.451867938041687, 2.5391528606414795, 2.4390745162963867, 0.7264872789382935, 2.2454426288604736, 0.9912763833999634, 0.6497652530670166, 0.8234394788742065, 3.2889657020568848, 2.135967969894409, 3.7836532592773438, 1.8262443542480469, 2.0966570377349854, 1.7635817527770996, 1.0474627017974854, 2.324134111404419, 2.822725296020508, 2.1712749004364014, 4.166617393493652, 3.5575194358825684, 4.463467121124268, 3.863521099090576, 3.2399191856384277, 3.3586299419403076, 3.1537766456604004, 4.3503193855285645, 4.308636665344238, 3.9084043502807617, 3.7036542892456055, 2.9961140155792236, 3.8451552391052246, 4.542490005493164, 3.5083725452423096, 3.7596359252929688, 4.312057971954346, 3.945544719696045, 4.411826133728027, 3.9254655838012695, 3.5827927589416504, 3.336679458618164, 3.847398519515991, 5.603115081787109, 4.980304718017578, 5.20197868347168, 4.456172943115234, 4.245124816894531, 5.685608863830566, 4.918463706970215, 4.5908284187316895, 4.3090715408325195, 4.646584510803223, 5.128461837768555, 5.352895736694336, 4.592123985290527, 5.1402435302734375, 4.417476654052734, 5.615636825561523, 4.70991849899292, 5.328235626220703, 4.62579345703125, 5.1908650398254395, 4.677690505981445, 5.08482027053833, 4.750572681427002, 5.330258369445801, 4.607325553894043, 5.3912272453308105, 5.445871353149414, 4.978009223937988, 4.974597930908203, 4.823271751403809, 4.9032745361328125, 5.026734352111816, 5.141294479370117, 5.079596042633057, 4.875027179718018, 4.588811874389648, 4.7942304611206055, 5.165297031402588, 5.307370185852051, 5.65971565246582, 5.2465925216674805, 4.754836082458496, 4.033185958862305, 5.237279891967773, 1.750544548034668, 1.5266855955123901, 1.8441956043243408, 2.36977481842041, 0.946007490158081, 2.114677906036377, 2.13053297996521, 0.9512214660644531, 2.3563761711120605, 2.1484837532043457, 4.274325370788574, 1.9789429903030396, 5.194120407104492, 3.3673956394195557, 0.9212884902954102, 1.9639112949371338, 4.967079162597656, 2.356801748275757, 2.281830310821533, 0.8002195358276367, 2.2016985416412354, 1.1191391944885254, 1.3131765127182007, 1.353481411933899, 1.771515130996704, 1.0922660827636719, 2.3103182315826416, 4.293739318847656, 0.9688625335693359, 2.203312397003174, 2.621258020401001, 2.0451629161834717, 5.2631611824035645, 0.7579048871994019, 3.425611972808838, 1.9208173751831055, 5.006429195404053, 4.307063579559326, 1.4253071546554565, 0.8009272813796997, 3.320103645324707, 1.8548072576522827, 0.5305088758468628, 5.335196495056152, 4.080139636993408, 1.8150303363800049, 1.2071635723114014, 1.5161126852035522, 2.6550772190093994, 1.821276307106018, 1.9860576391220093, 4.887173652648926, 1.6429346799850464, 1.4485427141189575, 4.5702409744262695, 1.8393046855926514, 2.8159890174865723, 2.8463168144226074, 3.6393041610717773, 1.7133886814117432, 2.2588398456573486, 0.6322212219238281, 1.6350526809692383, 0.8269097805023193, 5.545126438140869, 4.147397041320801, 4.835910797119141, 2.604875326156616, 3.757495880126953], "params": {"iterations": 1510, "learning_rate": 0.014286, "depth": 3, "l2_leaf_reg": 3.4047e-06, "bagging_temperature": 2.5656, "random_strength": 4.1266, "border_count": 207}, "time_end": "2026-02-28T11:20:05.977451"}