{"model": "catboost_minilm_features-extract_polysemy", "type": "train", "seed": 42, "train_losses": [], "val_losses": [], "time_start": "2026-02-28T11:54:00.734095", "mse": 0.13330067635907109, "accuracy": 0.841025641025641, "corr": 0.9777101023739894, "precision": [0.9887640449438202, 0.7801418439716312, 0.6272189349112426, 0.8540145985401459, 0.926829268292683, 1.0], "recall": [0.7787610619469026, 0.7857142857142857, 0.905982905982906, 0.7748344370860927, 0.8837209302325582, 0.9307692307692308], "f1": [0.8712871287128713, 0.7829181494661922, 0.7412587412587412, 0.8125, 0.9047619047619048, 0.9641434262948207], "support": [113, 140, 117, 151, 129, 130], "confusion_matrix": [[88, 25, 0, 0, 0, 0], [1, 110, 29, 0, 0, 0], [0, 6, 106, 5, 0, 0], [0, 0, 34, 117, 0, 0], [0, 0, 0, 15, 114, 0], [0, 0, 0, 0, 9, 121]], "predictions": [3.1754947464150836, 0.8315351148743522, 0.4481389724644007, 2.8561635977117783, 0.21131072892943426, 2.5306470629210227, 1.7915691310737336, 0.49281146701280143, 0.12531380828894445, 1.3740655539120956, 2.155693025621161, 0.48407979024961056, 2.394613099825242, 3.8684330323752616, 0.16320246549238338, 3.3257576919273677, 0.4352812869529301, 2.623077736924487, 0.32643049747847197, 1.334989301044278, 2.0013169190867126, 3.8020122129686187, 0.392400687753637, 4.05229167584622, 0.3767197792163408, 0.2916509641568963, 3.1912623550280106, 1.5105949565917727, 1.5916805446970619, 0.16786556963036148, 2.764354313513245, 0.7078054007452272, 1.0547740210098309, 2.0501687973454965, 1.359138434541074, 3.0043875908906545, 2.940428191109241, 0.3175363237840565, 0.34941337088239477, 2.6302472871710583, 1.1299825674326796, 2.4430818561740497, 3.9450380022638942, 1.6082929031525186, 0.48278820069112394, 0.7906181806480019, 3.984731947705897, 1.4968892871461488, 2.630115850796018, 0.07946707962164457, 0.9446013814347478, 4.167533411593707, 3.2164280018857867, 2.246850085880016, 1.862607880018127, 0.3604301843497, 1.5459808374443509, 0.2286137991580146, 1.6287346826204159, 1.7750436782051677, 0.9002586821147034, 0.1773843257866088, 1.0999093018025627, 0.18737862729040877, 1.103963821554668, 0.41788985862589545, 1.2879239461962921, 1.582114203871862, 1.3983722129771414, 0.20152345302364294, 4.381879301946926, 0.9377427083149221, 0.1714252121708042, 3.2327040940904235, 2.5517903403435045, 1.8085743143075286, 0.31783411355854874, 1.2443095526252528, 2.0131267110632516, 0.2462108389286808, 3.008404478378197, 0.3804288157991538, 0.5965853025682255, 3.6438732027105702, 2.3740695633270334, 2.8174027739232828, 3.332758424573612, 2.548631249716097, 0.031172408530351525, 2.000926535844298, 0.30647400830359883, 0.4196534348421008, 3.7521660533309786, 2.530219048289277, 1.6111105205754157, 3.3719832109608943, 1.6206639456605143, 3.400271148278003, 3.2939496569018814, 1.713675964618448, 1.3387810379720622, 1.3006866399201376, 1.2463632387947612, 3.691111875345274, 1.6194797483975343, 1.6088506397052824, 2.7524490309276786, 0.35004250667806946, 2.283685180733566, 0.5026689222340828, 1.5660007603641346, 2.892632071621716, 3.6270505615120863, 3.319032904070703, 0.06115213469217773, 2.48276785317208, 1.90303013675909, 0.07387508911818585, 2.81564249265271, 1.7494358011509532, 2.614592219858766, 1.563335049364131, 2.0968015572402554, 2.898355178456883, -0.05823709611916783, 1.8772753166317044, 3.331564149530869, 2.225892471622277, -0.049811112382499356, 2.4758830369076184, 3.34984789757546, 2.689008748119734, 1.943844468171012, 0.40662227086085867, 0.8383308046681115, 1.9652859947107872, 2.6353607570515867, 2.0352756013880313, 2.154338881294423, 2.1695208023378316, 0.3514787763588507, 0.4083903719513007, 1.731157141838359, 3.755966076196534, 3.5783541104134895, 2.7502689183967353, 1.329129034828387, 2.5102470809927184, 1.8201539538360825, 0.18091034385244997, 2.351870869623043, 2.0696509427124905, 3.9097419991676965, 0.3408262153767403, 2.204696512882851, 1.659679341805446, 1.733130993364244, 2.793216326216719, 3.8186789502817913, 0.17887653774650092, 0.4900460249650629, 1.5490913462056692, 2.136491619518858, 1.0270673329476683, 0.08319199994533788, 2.338634716858287, 3.950814360039399, 2.421492770861527, 1.4643114240735344, 3.656213021340566, 0.1718494598855118, 0.689325022827699, 2.532165163723632, 2.2311697520088822, 2.868465429058796, 3.8173774490815564, 2.5067735241350078, 2.5099538322719734, 2.204961002252564, 0.5207766449167459, 2.1383965152464475, 0.2734532038529438, 0.38021593955934296, 3.242131291202268, 1.7088235532397307, 2.70432541777041, 1.4052667910445125, 2.3053177960876066, 3.1197985611896417, -0.016484661371203746, 2.517093822176814, 2.320981786135187, 2.95304770187691, 1.2430887564815807, 1.7531439570037053, 1.8054474072183924, 0.6659179207085741, 1.6972708627929471, 0.9576138224222894, 2.9975421468496486, 2.4022019933597427, 1.052740649323842, 3.069164275556551, 3.2259922751089745, 3.674998126411645, 2.3991223326865194, 1.8954666397224451, 2.6815880088685975, 2.0096263935499707, 0.5749732033657049, 2.930094923748922, 0.4346668603150161, 0.46459586221855176, 1.7629504495048427, 1.7033000777563063, 3.584018321835031, 3.840772158349912, 1.5651537841441239, 1.5707534178940603, 0.4389977419804536, 2.7868460425812422, 2.42899338967815, 0.5656974433969106, 2.0523414263232986, 2.523562173359035, 2.3792794040795506, 3.46609407184332, 1.0570879724153968, 3.2774469785204854, 2.9430996188109293, 2.7167569217121623, 3.58421819588607, 0.4899165382214963, 3.827490001573758, 3.565098926676897, 3.620907514855367, 3.548241732262329, 0.11367361476429094, 0.7739974372134266, 0.7527729826175462, 2.881114031238214, 4.301026006409529, 0.34641195359774724, 1.5233677378677242, 3.2777024326906368, 4.2771458574869, 0.7338101895188447, 4.5254866547451265, 3.349415962758404, 0.376590548440626, 1.773567502463643, 2.027082139413426, 1.928658703523631, 1.3706222545365523, 1.6997690009881814, 3.1172694317977787, 1.898158423309263, 4.454499715906292, 1.7737868427866719, 3.505846529024288, 0.20898129102886154, 3.5367893276292355, 1.5730480950168748, 2.9879094244753674, 3.7214703057668643, 1.4653605411883666, 1.2946371123507026, 1.1294027739071875, 2.480209192390741, 2.793077471427466, 0.7409934688276136, 0.20688236288064932, 2.970023568031806, 3.3222469641263976, 2.0789592464160402, 4.26041500313225, 0.2701243699013469, 2.389799114853876, 1.619038548812789, 2.7051002600376943, 1.8982235797010194, 0.9483207016352426, 1.2006649224773218, 0.5251829512901918, 3.176435648243805, 0.2986396063357395, 1.201786105701818, 0.6345534743348773, 1.1652006220698707, 0.2579929459759174, 2.288979564425992, 2.8839910171192464, 3.4862474931071157, 1.7053774983954733, 2.6915822259129287, 1.4379468974388037, 1.708701959059889, 3.217045290148993, 3.225795957991704, 2.4662439659536743, 2.7026991124262376, 1.8931071999757914, 2.571168532660283, 0.5156305648871453, 2.9209363277044043, 3.746536492066636, 4.220130447678335, 3.7326740190857706, 3.852016411462099, 3.5686302142141493, 3.772286164755752, 3.6268851019457786, 4.390891080502957, 3.537673895867834, 4.385472264531765, 4.0665184671640615, 4.222840241747704, 4.071025082538834, 4.204218901857853, 3.9213436456206754, 3.855115423638983, 3.791221070822919, 3.661542387953799, 3.701023740020426, 3.6337453979875365, 4.361507337153681, 3.5015529441305313, 4.138200329902042, 4.200656906649444, 3.867796151802706, 3.842155415809742, 4.319669494347686, 3.824766331481709, 5.208274592269278, 5.306859818983854, 4.775574477758867, 4.771952530355184, 5.109070351650358, 4.865912928811403, 5.060955278583436, 5.350682928526503, 4.635669589163802, 4.792885980133762, 4.832795001995265, 4.834384542378443, 5.033313622296822, 5.143388949649081, 4.677054311039193, 5.189251267201961, 4.992549642594003, 5.150213167512264, 4.841337043340702, 4.629984580159027, 4.404615955291613, 5.07178540851876, 4.846414458433758, 5.241391234859848, 5.137994909425293, 4.8114988293312875, 4.7388865226864905, 5.066171129967552, 4.57482751818707, 4.791128367798741, 5.054495913091536, 