{"model": "catboost_minilm_features-extract_pos_frequency", "type": "train", "seed": 41, "train_losses": [], "val_losses": [], "time_start": "2026-02-28T11:38:57.398445", "mse": 0.13133703207290662, "accuracy": 0.8307692307692308, "corr": 0.9781024313717257, "precision": [0.9883720930232558, 0.7762237762237763, 0.631578947368421, 0.8085106382978723, 0.9224137931034483, 1.0], "recall": [0.7522123893805309, 0.7928571428571428, 0.9230769230769231, 0.7549668874172185, 0.8294573643410853, 0.9461538461538461], "f1": [0.8542713567839196, 0.784452296819788, 0.75, 0.7808219178082192, 0.8734693877551021, 0.9723320158102767], "support": [113, 140, 117, 151, 129, 130], "confusion_matrix": [[85, 28, 0, 0, 0, 0], [1, 111, 28, 0, 0, 0], [0, 4, 108, 5, 0, 0], [0, 0, 35, 114, 2, 0], [0, 0, 0, 22, 107, 0], [0, 0, 0, 0, 7, 123]], "predictions": [3.1590714209296493, 0.8513431228830557, 0.5522644577083322, 2.7906230345953986, 0.3085740503367327, 2.418415764366615, 1.8319046719930867, 0.38482843305077985, 0.2131917225378941, 1.358562398048525, 2.1766683182797713, 0.43297905418294436, 2.3601466583307227, 3.8389468089246046, 0.13544092949811137, 3.353120286790065, 0.4887389039470045, 2.5752786074146328, 0.31432826135614755, 1.273656595368808, 2.0650572003951697, 3.900383903856171, 0.403711649358903, 3.9412199058454043, 0.34471745449437385, 0.22826346584637758, 3.187038082773163, 1.6161534075758828, 1.5301750897042492, 0.17653206127720322, 2.76930689679983, 0.6911524576283024, 0.9737793941581332, 2.133332124460604, 1.2115657462754812, 3.0162718323386346, 3.0488164591021336, 0.3585620816809585, 0.31741222081717346, 2.854908433557527, 1.2174968128835066, 2.353995049672815, 3.9196561092266227, 1.6074414755283977, 0.5415771507765985, 0.8549354917604861, 4.0519719446194955, 1.5616896492176906, 2.5845257503318915, 0.042779726257020645, 0.9464199206959703, 4.11883439313876, 3.189855459771144, 2.2502394813784607, 1.8398368862060772, 0.350302680336279, 1.5232024452646482, 0.2199944251050141, 1.5506442152010786, 1.847540559795179, 1.0451951341048091, 0.20711082417492044, 1.1249536546679555, 0.20340213474565427, 1.1059733802245182, 0.3258518359160276, 1.2564223121590914, 1.6243963250914053, 1.452257934781037, 0.1878166842293716, 4.4337823467017605, 0.904617228495056, 0.18276788021301194, 3.322834593555238, 2.557126559038011, 1.8379478776795986, 0.41695695455622683, 1.2234340440280873, 2.0751803760879675, 0.2089919819277073, 3.1574741356297937, 0.3655428021211553, 0.6120567785238564, 3.5301309773924787, 2.2631239762459354, 2.7379675081400596, 3.31292373289653, 2.679974672860788, 0.0022407711280996168, 1.9365415898960352, 0.31699321309744866, 0.40794228991920845, 3.762764243741116, 2.4455112961765537, 1.599814145589935, 3.314080805899721, 1.6999429659287117, 3.503972788712772, 3.2340577801347385, 1.651737344646822, 1.4701585928907515, 1.2878198808567969, 1.2293967321115062, 3.7776575212953363, 1.5756948781533704, 1.7032535611205677, 2.692757975367239, 0.40243618016222893, 2.4157221404266807, 0.5245371575523545, 1.577234656103287, 2.9241182920559727, 3.5037288673086504, 3.3349356799377103, -0.016239068523517197, 2.528565855505422, 1.9122652150464052, -0.09460600750873605, 2.8544008700399797, 1.6779590478990078, 2.66363189701513, 1.632142239056736, 2.0808506566445013, 2.804861312001595, -0.006725350527370555, 1.898264050908129, 3.3706565587657944, 2.2016831582765057, -0.09351659246441457, 2.440401792511676, 3.3269051738692608, 2.728006333763877, 2.077654999338402, 0.3841644336492829, 0.7657798004096767, 1.9898564042995406, 2.673533453829296, 1.982475567570068, 2.212623005924319, 2.1832827567078805, 0.290777382500353, 0.41234186738748546, 1.667644863414632, 3.796716529537623, 3.5867701113511687, 2.8623362957455005, 1.3348393213401106, 2.6499246186159007, 1.877020854075072, 0.2454244368151004, 2.3157791903076146, 2.0659789800147634, 3.8028465545922163, 0.3694037659800453, 2.1839522501481436, 1.698891304266044, 1.7313202288874971, 2.71943176518738, 3.7780255237917677, 0.1628305079926582, 0.5948797737636728, 1.5258161738674971, 2.204906548855251, 1.121943353864184, 0.06842638709837967, 2.415829696078264, 3.9708929744284616, 2.44502592457028, 1.6285933863171453, 3.623644015015728, 0.1993049174712742, 0.645163616724119, 2.5270180997431817, 2.1855060767006145, 2.80949184998842, 3.799515596184287, 2.4545138650555858, 2.7268865801818927, 2.1235887335082664, 0.5620432784915859, 2.1509202851387985, 0.28870193791691046, 0.3739689214718944, 3.2826221343515813, 1.8012901288845713, 2.7704640651091204, 1.4761658207320894, 2.2571283062686236, 3.0017503778300556, -0.044762751613123264, 2.538554743529799, 2.2359206203132973, 3.082333563753126, 1.2028926666103266, 1.761469157475293, 1.6867130007796975, 0.7626241637583477, 1.7210970058287338, 1.0240175711882342, 2.8736815159623026, 2.646616369671902, 1.0436594275878248, 3.162831259384312, 3.3071911801793594, 3.672164242427301, 2.3551667655269855, 1.7896537918354103, 2.6609858584396884, 2.101905245341045, 0.5789294534577378, 2.750189932382141, 0.4235453144710739, 0.4276426577289736, 1.7381313140033843, 1.740303755199963, 3.6347895348549564, 3.7785762868913144, 1.6248646484054494, 1.5781166872899868, 0.5036581934640545, 2.7399902973265498, 2.4310972792667545, 0.5701217368109976, 2.154959871686533, 2.651324386162324, 2.3853521848777155, 3.5984748549575407, 1.0856479838609243, 3.338881708030601, 2.969324200187203, 2.71337615875937, 3.7480385699008365, 0.45879096040453016, 3.797676437371167, 3.4580613329225454, 3.7380959118670614, 3.6259317358539445, 0.1687587751398545, 0.8268260896451836, 0.743074428856896, 2.847883051133187, 4.437774490439676, 0.3347301217278984, 1.4501536284407222, 3.2363614050345966, 4.3369132950318106, 0.7046781895902263, 4.600055051979064, 3.399839370752988, 0.3451867274585143, 1.9084895209854669, 2.093172096706832, 1.8884813299413454, 1.4226756927837398, 1.625943300132081, 3.080867888646323, 2.0120643711, 4.443858504545013, 1.8331879318487427, 3.418051442677938, 0.1483327459524073, 3.437405503006897, 1.5335686964909248, 2.9841650134907782, 3.725625770694213, 1.376999083284793, 1.1646346471730595, 1.0691870898074367, 2.5747749239067477, 2.9076421248514888, 0.7965396914799554, 0.25338021997156046, 3.0307745913685347, 3.349767014473812, 2.0865097970257813, 4.318879151017527, 0.27981807791311386, 2.5539248132236074, 1.6094936861879166, 2.637987824980797, 1.7957822905899574, 0.7926487291369044, 1.1645653820379145, 0.55569996661582, 3.1803574996303206, 0.26959111602449193, 1.0952237760262173, 0.6207688993830658, 1.1707208650275795, 0.302206705220339, 2.2250701481691224, 2.9671120199722596, 3.4362608916260857, 1.6856325604474367, 2.6866911611656445, 1.5312838581058887, 1.6453604885819515, 3.1138721357992245, 3.283922962681363, 2.351183168550626, 2.597867329835248, 1.913849131568862, 2.53123699287037, 0.5614838642955562, 2.9671041690336235, 3.705590886341381, 4.228574835153001, 3.8155465722783215, 3.8534512592703143, 3.6044744951518095, 4.010047086663081, 3.6207531281989764, 4.376884541340003, 3.533624362124722, 4.28863778788319, 3.9603920878666194, 4.189895499625676, 4.2331616919590065, 4.1875174566158355, 4.025662968945673, 4.047376174721858, 3.8293930682552455, 3.75106693786598, 3.652550304263101, 3.7517912742661204, 4.3797953420813815, 3.382841220251563, 4.112057401277353, 4.156145750644968, 3.9977378782138757, 3.853876065353122, 4.3340622494571415, 3.939734974798437, 5.2293228723150325, 5.321820895188008, 4.841428530600615, 4.76989176816512, 5.053734704073446, 4.950154923675507, 5.042804668680528, 5.244102032969138, 4.526075122370832, 4.820560981053534, 4.696094253092545, 4.826996877390387, 5.038306027753162, 5.0836500772609075, 4.587250490755655, 5.139428631049293, 4.876745367755092, 5.244638068586308, 4.81554002818195, 4.710593583664843, 4.548746857432661, 5.001677746688829, 4.886670604079356, 5.264587677656669, 5.096104213152754, 4.755681117913658, 4.77729281960507, 5.079466338587103, 4.583345647102057, 4.7703697411999695, 