{"model": "catboost_minilm_features-extract_pos_frequency", "type": "train", "seed": 40, "train_losses": [], "val_losses": [], "time_start": "2026-02-28T11:38:23.848324", "mse": 0.1329286570815618, "accuracy": 0.8294871794871795, "corr": 0.9777092999382001, "precision": [0.9882352941176471, 0.7676056338028169, 0.6228571428571429, 0.8214285714285714, 0.9310344827586207, 1.0], "recall": [0.7433628318584071, 0.7785714285714286, 0.9316239316239316, 0.7615894039735099, 0.8372093023255814, 0.9384615384615385], "f1": [0.8484848484848485, 0.7730496453900709, 0.7465753424657534, 0.7903780068728522, 0.8816326530612245, 0.9682539682539683], "support": [113, 140, 117, 151, 129, 130], "confusion_matrix": [[84, 29, 0, 0, 0, 0], [1, 109, 30, 0, 0, 0], [0, 4, 109, 4, 0, 0], [0, 0, 36, 115, 0, 0], [0, 0, 0, 21, 108, 0], [0, 0, 0, 0, 8, 122]], "predictions": [3.2669564418645196, 0.8665141037875714, 0.5264299147640434, 2.8637547006432853, 0.28243060993937874, 2.484070332960397, 1.8077735851642038, 0.36024234819926004, 0.10370921405804756, 1.3299604114433001, 2.1308664980217342, 0.44937636072311493, 2.3883115888052764, 3.753574536983698, 0.14028564091083684, 3.2562196635750116, 0.48194624093927496, 2.5416297796000866, 0.34812136087786083, 1.246674700214112, 2.1978145587543185, 3.870107285368534, 0.3522851698318128, 4.095850434945217, 0.37870782616612475, 0.19988338761116253, 3.1757099375759026, 1.5873884031360617, 1.5709294692942917, 0.1989824668960538, 2.721649875879521, 0.6847659458264381, 0.9350890776343002, 2.090973795172161, 1.3670968484835866, 2.875604205913322, 3.0855488749374977, 0.33799719716587884, 0.33607032142592486, 2.6726180018351844, 1.2036473362609486, 2.503654906833788, 3.9250422041269033, 1.654941794654614, 0.5003718241001927, 0.8280697927442666, 4.160024340900211, 1.521667247073744, 2.6720953292332617, 0.09155196650789765, 0.9338213796382535, 4.156909795922674, 3.2012679049851624, 2.312762754587614, 1.8163288883619868, 0.4169141363770361, 1.396439792518458, 0.22007086539290244, 1.5432841348518405, 1.8077532856305703, 0.9177824047848826, 0.25089659995496394, 1.1459943085131434, 0.19433377789804318, 1.1326925590678838, 0.41301155566248493, 1.2243185151355407, 1.6275348050090876, 1.340165369962217, 0.21489251016175093, 4.441178292181973, 0.8858861089511552, 0.14432145366594984, 3.2537685031036614, 2.529396315511489, 1.8282319301150345, 0.31164612327579366, 1.230425101129644, 1.9165202678248292, 0.23094211003974152, 3.1247277951350934, 0.35190886267112553, 0.6704918442390237, 3.6237064882765324, 2.3436352993828358, 2.7245101729467733, 3.196315016469345, 2.798413262567461, -0.08159017931879875, 1.9580416023221527, 0.36748707073679654, 0.3100968651548093, 3.765171197938015, 2.507093484617678, 1.6351966646913263, 3.272951893053987, 1.6360126922845022, 3.374016962103453, 3.3757506349369946, 1.7641439618175223, 1.4238627555097245, 1.227125426866462, 1.3000307602179733, 3.804456626142572, 1.7229487085847977, 1.628731642237459, 2.819376663089976, 0.5118863057779326, 2.2779735123403393, 0.5298429649370082, 1.5164482128211785, 2.9408682125558463, 3.489702562822617, 3.2615121006007146, 0.06133983252889097, 2.476517903139218, 2.0025800638382547, -0.02480161224389832, 2.844748340542861, 1.7283948121716968, 2.6919719607023773, 1.6195634542091746, 2.0864594644388728, 2.855144921037631, 0.03717649162948078, 1.9065564837083802, 3.269097636173214, 2.1443234172497654, 0.009288169059665119, 2.4970969290637717, 3.297355047189182, 2.7858578049191642, 1.9808768951305735, 0.3453017311573783, 0.7993426044700236, 1.9133724953047666, 2.62082488221987, 2.06032227094246, 2.1650517413416153, 2.1638455085986665, 0.44097765104207065, 0.4339965477275185, 1.7130435720724884, 3.8340423202186855, 3.5997956688009998, 2.7843887209002913, 1.2874519557968818, 2.5423699976111656, 1.8696392622334277, 0.23385037600975966, 2.3470592641207926, 2.016352218309124, 3.761504964043678, 0.3013755285078994, 2.195150384164165, 1.7154310996949242, 1.7251656420273145, 2.6404987695247324, 3.7518421725621733, 0.11374148942926965, 0.5901768837514041, 1.5480464522160458, 2.2017825928031467, 1.0524475999142566, 0.10406070204992668, 2.3633951084706433, 3.929537750773034, 2.3941630610403726, 1.5205035550689212, 3.6758932202876977, 0.20374054914210493, 0.678094101347851, 2.666018892958124, 2.2255881651644795, 2.795912563086138, 3.7942968791771854, 2.510782942050747, 2.6188863335810066, 2.0996324542457985, 0.5304074372402778, 2.1693715988056064, 0.29947202008098817, 0.36536317812912467, 3.268183583902142, 1.718281941206003, 2.798002486074568, 1.3875372616400605, 2.308108787773349, 2.9259555474425865, -0.12310746336070721, 2.4796371407574647, 2.380932368029912, 3.030151592065347, 1.2352945349631652, 1.7238933643635719, 1.6653715023036142, 0.6796011567592393, 1.6358330180920577, 0.9474365481286402, 3.0066279139826224, 2.5005719248490648, 1.0463494896927645, 3.094461478572651, 3.2099211335238422, 3.6649610005016795, 2.3602846266567394, 1.7219471515532403, 2.605836788566292, 2.0760559532713607, 0.49036486385542855, 2.8884156496470874, 0.4008978323954091, 0.43055123149832264, 1.8864187632253944, 1.6833517694859674, 3.8318179737464697, 3.7959800449701775, 1.5642884417468457, 1.5703339127610958, 0.514390912764634, 2.8401372715767286, 2.410206410977082, 0.588582645227387, 2.1109829010183194, 2.563825156366961, 2.3653414535052657, 3.4674896641979256, 1.0915958336232416, 3.269398959165497, 3.020277620894288, 2.7581070227338413, 3.707310387146002, 0.3915713561696945, 3.8076299046352684, 3.57392910487454, 3.747589121285165, 3.5884943968382594, 0.12310805045121986, 0.7470442309174508, 0.7725943529938817, 2.9631003430018708, 4.4551251155869735, 0.33132159044226617, 1.4433794293555209, 3.242363370932435, 4.32043785139283, 0.6881877846893016, 4.685139120123819, 3.375673779678886, 0.3853592901102467, 1.865156917125021, 2.0196834997259923, 1.8986275637011794, 1.46039172316776, 1.737621117759483, 3.1022488754603605, 1.9138991775094738, 4.5064760807166735, 1.7866394808025978, 3.508742005475504, 0.09121228605600606, 3.5523285211748403, 1.5700103962340246, 2.926706880619038, 3.6971719391939315, 1.4683192837351617, 1.2262430058629852, 1.0702397910082464, 2.4825554216467176, 2.803956906774863, 0.7908467483978376, 0.2547995795142364, 2.898766031562647, 3.394964771959695, 2.103117448502304, 4.2582457360853265, 0.25793393792031205, 2.4648018628067847, 1.5822003779798672, 2.739973852050978, 1.83294821033482, 0.9478192842991815, 1.2496413709196599, 0.48744725638738773, 3.162296429449894, 0.2631767363111601, 1.1363530867700933, 0.6881850952932296, 1.1768584542253793, 0.3417744565145724, 2.2007405924224903, 3.0317017584024035, 3.427680806443453, 1.6805398082275773, 2.6809508296726063, 1.6021112543379867, 1.6872617978415614, 3.149066704178951, 3.2948871954909875, 2.3761524251030615, 2.6421689338540726, 1.8607284333051475, 2.460757902774943, 0.531603071848793, 2.943133666307481, 3.649300640983399, 4.19722991459967, 3.7844443487384956, 3.8336341606506004, 3.610031955351057, 4.01212206382928, 3.652833716542758, 4.429672479425032, 3.552106404956822, 4.362558159775928, 3.9843947241919624, 4.180597146037301, 4.085261070720453, 4.152280354059496, 4.043788271788101, 4.010885830702671, 3.9079498162451465, 3.7096153071753006, 3.644155560748756, 3.725626406031269, 4.441487137576856, 3.396899079445335, 4.206166154921728, 4.189094873729239, 3.841429581226862, 3.8915895503065183, 4.3203457661611715, 3.878984872904545, 5.174642189768033, 5.322273998973479, 4.815266443086769, 4.779832251542867, 5.0633107554460555, 4.906501759520227, 5.017972284369001, 5.35232244377677, 4.584037079677398, 4.817110497842551, 4.773471711059064, 4.8211920358978855, 5.125709859984382, 5.216787801631813, 4.682385520948915, 5.18685215642608, 4.830421950031289, 5.088502383024267, 4.860571380376429, 4.659036081537314, 4.409802758816481, 5.0580555830561735, 4.822415574146542, 5.308641065088221, 5.136687846944237, 4.815078660385623, 4.818794998489673, 5.054199488310155, 4.554812286873893, 