{"model": "catboost_minilm_features-extract_stopwords", "type": "train", "seed": 42, "train_losses": [], "val_losses": [], "time_start": "2026-02-28T11:29:24.470333", "mse": 0.13359674749687503, "accuracy": 0.8256410256410256, "corr": 0.977660585881114, "precision": [0.9770114942528736, 0.7697841726618705, 0.6136363636363636, 0.8142857142857143, 0.9310344827586207, 1.0], "recall": [0.7522123893805309, 0.7642857142857142, 0.9230769230769231, 0.7549668874172185, 0.8372093023255814, 0.9384615384615385], "f1": [0.85, 0.7670250896057348, 0.7372013651877133, 0.7835051546391752, 0.8816326530612245, 0.9682539682539683], "support": [113, 140, 117, 151, 129, 130], "confusion_matrix": [[85, 28, 0, 0, 0, 0], [2, 107, 31, 0, 0, 0], [0, 4, 108, 5, 0, 0], [0, 0, 37, 114, 0, 0], [0, 0, 0, 21, 108, 0], [0, 0, 0, 0, 8, 122]], "predictions": [3.1759817908340913, 0.8498032041592336, 0.5624982200636826, 2.8568135870004054, 0.3322765171468771, 2.5837492949446728, 1.7641281260209571, 0.4493616539655827, 0.1970380612176137, 1.334189968074685, 2.0634515721109485, 0.4871193627515056, 2.3266589464852525, 3.7901567510092216, 0.1964688510328605, 3.245413361614137, 0.4514806480209459, 2.629470820021203, 0.2730611511466594, 1.24179806271265, 2.051874058477115, 3.892175604345274, 0.4267577686953672, 3.955954698676539, 0.3968760587029392, 0.27958314983625243, 3.1880955683939924, 1.4819380842988095, 1.5530158598254349, 0.1555016063961805, 2.7812010487498324, 0.7703316999427081, 1.0313333425714049, 2.1188105779567694, 1.3622213675476313, 3.05908990358976, 2.8394744044723073, 0.24817029528346302, 0.3509772542356777, 2.7474431304299394, 1.177183049627851, 2.4150423990697107, 3.973157384406344, 1.5985731184458691, 0.5828522289840752, 0.7555383283837822, 4.070137824890234, 1.6088868128455591, 2.6454339538408, 0.11023419348158958, 0.8928368100238746, 4.169913238380664, 3.18255733545203, 2.2290884289130175, 1.84903894585148, 0.32936959031630186, 1.4109817550282722, 0.15030879903042615, 1.5312358882375068, 1.8206714726444222, 1.0362639270186749, 0.18270994953938624, 1.145024333438313, 0.22876496654639222, 1.1119573814873018, 0.4074161213913432, 1.2921271873336566, 1.6593887014270337, 1.3877624080387747, 0.2580604554921764, 4.45949637072926, 0.8488881606438028, 0.14975045279186805, 3.3306531962942665, 2.6092946524187317, 1.845941854390094, 0.24564961460803802, 1.2759832204673065, 1.8648708412534754, 0.15873716059095733, 3.1662071711604316, 0.3630895559921803, 0.6727440057084557, 3.557176241667272, 2.2084172323217435, 2.765154236883004, 3.3140613565225294, 2.6823940244749656, -0.06549103539630696, 1.9546508935829328, 0.34399947391935415, 0.4159565304806345, 3.6812642077251185, 2.4835229609228486, 1.7298374275298865, 3.410498513113193, 1.6624364385114938, 3.3589759698562682, 3.173558137948911, 1.7427452240348493, 1.3941376047769807, 1.2387199508986109, 1.1870826991447985, 3.726487319129147, 1.6215302915469012, 1.6882897353969173, 2.745436856267619, 0.4200711405615345, 2.2995844968718844, 0.45915168449559385, 1.596584173884084, 2.9395362113366734, 3.557297028122707, 3.2909088162205737, 0.08356969169054418, 2.3872697996502814, 1.9391473293827333, -0.02836397418093739, 2.806336843961254, 1.768380295833616, 2.7278041061208658, 1.5654479868585744, 2.1704307205272313, 2.7537996461427614, -0.03704168207668612, 1.9146903107657456, 3.292289473381824, 2.1833875220601513, -0.03226199338962177, 2.5182800103458574, 3.3627016033527677, 2.7216031254042425, 2.048248237698402, 0.4182436251215118, 0.8297014539541241, 1.921985180549473, 2.7347667746982225, 2.008077602860565, 2.1375693220062573, 2.2852889844546405, 0.4562720674078955, 0.36149806982620314, 1.7507234430845378, 3.7279614854376453, 3.6453990761430735, 2.8035718811473367, 1.3533413265672942, 2.4725607321720133, 1.8210328396997357, 0.22777939234554934, 2.3469053265799356, 2.16971541470547, 3.8850645776174626, 0.310062649210999, 2.1645017621261866, 1.7325430954168852, 1.7222984437879012, 2.7416984943049143, 3.7562614094809996, 0.21374105549364542, 0.567744657275657, 1.5044321303060055, 2.2450651457822857, 1.0519570612382596, 0.06734927607845576, 2.4019334402561494, 3.959819655167852, 2.405079994963998, 1.5597375742421327, 3.677751241833216, 0.14892188282866892, 0.699582236915955, 2.5339871791499404, 2.2912605953789518, 2.888933493772787, 3.823494954653194, 2.4838415293192346, 2.650787804970547, 2.2365733926924487, 0.49035504976185296, 2.2262606798502844, 0.25275743222094427, 0.3838139529541609, 3.3055176251803684, 1.7297151699733024, 2.801345219048778, 1.423871772474253, 2.3502933916595175, 3.074587138730779, 0.06945775574042079, 2.540507118030885, 2.308848604237452, 3.0534053341909715, 1.248388009089301, 1.6895413215300261, 1.6913535730363136, 0.6377471513451012, 1.5977963159790045, 0.9573899300338946, 3.035697369394705, 2.4608886386845383, 1.090446737338381, 3.2357426121780373, 3.293929135807023, 3.58253990959308, 2.3502214921566593, 1.8089748117035698, 2.5985058008107162, 2.0315708408190263, 0.5559141114388995, 2.9067715754609176, 0.32432735888678454, 0.5129676108175074, 1.7716252253884908, 1.6721557340937134, 3.5838880558230692, 3.7889732002651964, 1.6143239246982253, 1.5615540463930824, 0.47115286974088466, 2.7673927008896193, 2.418070123301394, 0.6044977835825001, 2.103285957005746, 2.5601974473991094, 2.4504619979527473, 3.41290443213031, 0.9948526042666048, 3.288286427317896, 2.9778336758937938, 2.727234069017195, 3.7428658646030764, 0.4823124199161337, 3.7895025877676582, 3.400851927535061, 3.6050088880300337, 3.561517194595851, 0.14588646706728037, 0.7649151988975111, 0.7413831199331922, 2.8705294936174752, 4.508167339639453, 0.35377484996221487, 1.4682521154958752, 3.3121493726405244, 4.3289189069912855, 0.6768108061601217, 4.611410792483467, 3.40432075248427, 0.3952517415854251, 1.9235732092569537, 2.030049773281995, 1.8580139183291238, 1.4755615153060246, 1.696376133405324, 3.08944972721417, 1.9295324488013352, 4.416735077734428, 1.739960132717965, 3.4248545330899964, 0.2479697066588491, 3.601232783649377, 1.556346663055625, 2.868648812332619, 3.555081437218932, 1.3922797482248481, 1.1687354986980993, 1.0665555214591216, 2.429707031752269, 2.7687445654681997, 0.8054014427026415, 0.1743098989269538, 2.948995519731025, 3.3137837765238345, 2.0276386914275815, 4.240914382872687, 0.29547607933789743, 2.379129943627455, 1.6219504074008757, 2.683954379492437, 1.8455083739919194, 0.919666805554608, 1.1539443473845001, 0.5335521729813695, 3.2022793542208414, 0.3006905232092181, 1.1432299780277893, 0.6621014920598178, 1.1493288343925614, 0.28396046134562347, 2.305954311328188, 3.088569671841468, 3.4094980371749717, 1.6643708054492299, 2.755268257705449, 1.6382863924425344, 1.5666260482501864, 3.1466788289330623, 3.1810161620756165, 2.3407993477888054, 2.653867852012181, 1.9434731177082427, 2.6161929614449, 0.6376920449124512, 2.8930575429144287, 3.6565778264806017, 4.241155693900099, 3.7566715750807993, 3.895718862312359, 3.59380741601342, 3.8859051307007295, 3.6957605583300404, 4.4470344773431, 3.535613756884351, 4.348940004888879, 3.962124764525405, 4.212683366929568, 4.193069444382315, 4.083339109802797, 4.055661378704977, 3.9459699635638055, 3.8225199405461705, 3.7520982881293676, 3.6657177958347686, 3.7286710954465114, 4.440535817853238, 3.4447180775378996, 4.1787051879768615, 4.1557088003166145, 3.867678834255937, 3.890486845207624, 4.301407010179497, 4.020765276281572, 5.212286768208298, 5.287721246633604, 4.776733373003619, 4.790794505921716, 5.055029857927451, 4.887419682404366, 5.103815766093842, 5.247098964168735, 4.6266841359953705, 4.8494253288598195, 4.835794863620881, 4.841941298933026, 4.943181904540351, 5.105563275897728, 4.607468791881381, 5.166998243983366, 4.817041077566207, 5.14518471303423, 4.817392076637722, 4.612999877632836, 4.503356581983738, 4.917220216138513, 4.906468680304152, 5.2168793231640915, 5.2321532756613784, 4.787997869292159, 4.80222417540082, 5.0341015974114445, 4.501102977148522, 4.71903799471213, 