{"model": "catboost_minilm_features-extract_tense", "type": "test", "seed": 40, "time_start": "2026-02-28T11:51:45.631149", "mse": 0.7385234832763672, "accuracy": 0.5045317220543807, "corr": 0.8620221590903221, "precision": [0.8571428571428571, 0.3, 0.3564356435643564, 0.38596491228070173, 0.7, 0.9795918367346939], "recall": [0.21428571428571427, 0.4666666666666667, 0.6666666666666666, 0.3384615384615385, 0.5, 0.8727272727272727], "f1": [0.34285714285714286, 0.3652173913043478, 0.4645161290322581, 0.36065573770491804, 0.5833333333333334, 0.9230769230769231], "support": [56, 45, 54, 65, 56, 55], "confusion_matrix": [[12, 28, 13, 3, 0, 0], [1, 21, 22, 1, 0, 0], [1, 12, 36, 5, 0, 0], [0, 9, 29, 22, 5, 0], [0, 0, 1, 26, 28, 1], [0, 0, 0, 0, 7, 48]], "predictions": [1.866640567779541, 2.0281002521514893, 3.73209810256958, 1.171179175376892, 1.837960958480835, 0.3379344940185547, 1.97881281375885, 0.2974245548248291, 0.8030849695205688, 1.6124887466430664, 2.450124502182007, 1.0009150505065918, 1.8020877838134766, 2.5792043209075928, 1.109994649887085, 2.4256324768066406, 1.647330641746521, 2.8212168216705322, 1.4794000387191772, 1.700183629989624, 1.0098397731781006, 1.4417662620544434, 0.8976867198944092, 1.6605172157287598, 2.444639205932617, 1.8233420848846436, 3.0191872119903564, 1.626250982284546, 1.4852372407913208, 2.526320695877075, 0.35951972007751465, 1.8602709770202637, 1.73097825050354, 2.1877570152282715, 2.252976894378662, 2.247880220413208, 0.7102595567703247, 1.1503748893737793, 3.304877758026123, 1.4928370714187622, 1.4216327667236328, 0.4718763828277588, 3.4489221572875977, 2.3710474967956543, 2.6982831954956055, 1.3882167339324951, 1.3038086891174316, 3.4886786937713623, 2.9998888969421387, 3.141866683959961, 1.6050434112548828, 1.888535737991333, 4.069647789001465, 1.5427446365356445, 2.7331275939941406, 2.3096351623535156, 0.7944329977035522, 0.7963458299636841, 3.0718793869018555, 2.1974756717681885, 3.072923421859741, 3.2227859497070312, 3.6382226943969727, 1.6987831592559814, 1.2342864274978638, 2.2658276557922363, 1.9717295169830322, 1.170752763748169, 1.9273600578308105, 2.981196641921997, 0.6535775661468506, 1.7804529666900635, 0.13720297813415527, 0.42131853103637695, 0.800400972366333, 2.968482255935669, 0.272838830947876, 1.8305058479309082, 1.328500747680664, 0.9828749895095825, 0.8965991735458374, 3.2200779914855957, 1.6738526821136475, 0.43694615364074707, 1.161178469657898, 0.46035194396972656, 0.651331901550293, 1.5522689819335938, 2.0195257663726807, 3.510809898376465, 1.2522568702697754, 4.027061462402344, 1.1562012434005737, 3.098482608795166, 0.7285376787185669, 2.883277654647827, 3.4157116413116455, 2.414032459259033, 1.6280192136764526, 2.0596420764923096, 1.7229816913604736, 3.3635330200195312, 1.5045852661132812, 1.649564266204834, 1.0435644388198853, 2.4996118545532227, 1.0210102796554565, 0.6476942300796509, 1.834887981414795, 0.3222205638885498, 2.869203567504883, 1.3453702926635742, 1.3258897066116333, 1.4808661937713623, 2.2601523399353027, 2.8875176906585693, 0.4036896228790283, 0.947989821434021, 3.019939422607422, 0.49499082565307617, 2.187175989151001, 2.526762008666992, 1.6029030084609985, 2.718912124633789, 2.032217502593994, 1.9059524536132812, 3.098259925842285, 1.3064683675765991, 1.349086880683899, 2.67637300491333, 2.6254327297210693, 1.2588014602661133, 2.7668955326080322, 3.5869669914245605, 0.916510820388794, 1.9920899868011475, 3.390380620956421, 1.5771818161010742, 2.7184464931488037, 2.652167320251465, 1.260549545288086, 3.9867498874664307, 1.4444106817245483, 2.3438076972961426, 1.6768184900283813, 2.450014352798462, 1.5004363059997559, 1.971850872039795, 1.536863088607788, 1.6987978219985962, 0.8464555740356445, 2.332951307296753, 0.8823825120925903, 3.5349721908569336, 1.1519618034362793, 1.8381445407867432, 2.901110887527466, 1.8488132953643799, 2.0463504791259766, 3.880958318710327, 3.4384212493896484, 1.9833872318267822, 3.3634417057037354, 0.8805365562438965, 2.824249744415283, 2.874441385269165, 2.736591339111328, 2.064807415008545, 1.0749958753585815, 1.5429677963256836, 2.532254219055176, 0.44823575019836426, 1.5022021532058716, 2.164348840713501, 1.8514735698699951, 1.0688621997833252, 4.134990215301514, 1.5557124614715576, 2.560842275619507, 2.5421767234802246, 1.0112552642822266, 2.3026020526885986, 0.9256277084350586, 0.6292237043380737, 0.7115398645401001, 3.3164749145507812, 2.0715839862823486, 3.9161791801452637, 1.854363203048706, 2.0423812866210938, 1.654797911643982, 0.941372275352478, 2.2394723892211914, 2.8094265460968018, 2.211500883102417, 4.130924701690674, 3.503912925720215, 4.4530029296875, 4.1406025886535645, 3.434786796569824, 3.466674327850342, 3.144756317138672, 4.380782604217529, 4.278024673461914, 4.133584976196289, 3.5410847663879395, 3.0866546630859375, 4.066107273101807, 4.594596862792969, 3.4548428058624268, 3.677337169647217, 4.334680080413818, 4.185214519500732, 4.31605339050293, 3.753605604171753, 3.585256576538086, 3.179854393005371, 3.6214194297790527, 5.597746849060059, 4.986081123352051, 5.010165214538574, 4.520026206970215, 4.183454990386963, 5.78579044342041, 4.976902008056641, 4.534073829650879, 4.220056056976318, 4.2177276611328125, 5.151177406311035, 5.297998428344727, 4.720621585845947, 5.205875396728516, 4.257929801940918, 5.578968048095703, 4.635308742523193, 5.156269073486328, 4.518609046936035, 4.876527786254883, 4.656693935394287, 4.735811233520508, 4.63230037689209, 5.404966354370117, 4.769736289978027, 5.3981032371521, 5.363838195800781, 4.865401744842529, 4.914742469787598, 4.61223030090332, 4.774727821350098, 5.149221420288086, 5.108279228210449, 4.859316825866699, 4.802270889282227, 4.639713764190674, 4.621880531311035, 5.1983184814453125, 5.2430338859558105, 5.715092182159424, 5.402737617492676, 4.831637382507324, 4.024188995361328, 5.329254150390625, 1.4207966327667236, 1.294728398323059, 1.9106950759887695, 2.297222137451172, 0.9685248136520386, 2.04177188873291, 1.88843834400177, 1.1049683094024658, 2.411386013031006, 2.4348549842834473, 4.144519805908203, 2.090205430984497, 5.279187202453613, 3.629488229751587, 0.8353543281555176, 2.024771213531494, 5.119123935699463, 2.260000705718994, 2.2715811729431152, 0.7987055778503418, 2.3306634426116943, 0.981173038482666, 1.3706324100494385, 1.6600896120071411, 1.756627082824707, 1.03560209274292, 2.387659788131714, 4.13606071472168, 1.1528714895248413, 2.3097000122070312, 2.773585796356201, 1.9805938005447388, 5.199836730957031, 0.7089794874191284, 3.299316644668579, 1.9042057991027832, 4.9528703689575195, 4.325126647949219, 1.5266315937042236, 0.6438331604003906, 3.3113441467285156, 1.715687870979309, 0.4928290843963623, 5.349982261657715, 4.027931213378906, 1.8833141326904297, 1.4064428806304932, 1.4248946905136108, 2.5412347316741943, 1.8192566633224487, 1.9489612579345703, 4.7053303718566895, 1.5776654481887817, 1.1078250408172607, 4.503104209899902, 1.8376256227493286, 3.226259469985962, 2.7518434524536133, 3.5449461936950684, 1.8947906494140625, 2.225557804107666, 0.5653762817382812, 1.595046043395996, 0.7627452611923218, 5.539031982421875, 3.966604232788086, 4.704770088195801, 2.604519844055176, 3.7678890228271484], "params": {"iterations": 1510, "learning_rate": 0.014286, "depth": 3, "l2_leaf_reg": 3.4047e-06, "bagging_temperature": 2.5656, "random_strength": 4.1266, "border_count": 207}, "time_end": "2026-02-28T11:51:45.692065"}