{"model": "catboost_minilm_features-extract_lexical_density", "type": "train", "seed": 40, "train_losses": [], "val_losses": [], "time_start": "2026-02-28T11:23:13.453241", "mse": 0.1320984206021468, "accuracy": 0.8256410256410256, "corr": 0.9780110549814867, "precision": [0.9887640449438202, 0.7769784172661871, 0.6104651162790697, 0.7986111111111112, 0.9298245614035088, 1.0], "recall": [0.7787610619469026, 0.7714285714285715, 0.8974358974358975, 0.7615894039735099, 0.8217054263565892, 0.9384615384615385], "f1": [0.8712871287128713, 0.7741935483870968, 0.726643598615917, 0.7796610169491526, 0.8724279835390947, 0.9682539682539683], "support": [113, 140, 117, 151, 129, 130], "confusion_matrix": [[88, 25, 0, 0, 0, 0], [1, 108, 31, 0, 0, 0], [0, 6, 105, 6, 0, 0], [0, 0, 36, 115, 0, 0], [0, 0, 0, 23, 106, 0], [0, 0, 0, 0, 8, 122]], "predictions": [3.2000306638629494, 0.8830573309982352, 0.44439242635801035, 2.831448435450787, 0.259210734667227, 2.649260680884703, 1.7562398993339703, 0.45269787592762656, 0.0738070895541636, 1.3167399935191775, 2.1215365404187754, 0.4166160470385383, 2.3650369927297805, 3.787713423466848, 0.15479067392795987, 3.219167868777651, 0.3744593882043312, 2.5498110131716163, 0.3062277349329823, 1.2146206586045147, 2.1527247404532437, 3.771535817782892, 0.44302891354917184, 3.9404773861925095, 0.38928531017150547, 0.2577937293089754, 3.2121499674755416, 1.4779841711776716, 1.5229902404409406, 0.16363367111835903, 2.8178562856443454, 0.6767958295090453, 0.969397772868861, 2.097013079994413, 1.3105842725256116, 2.972111295462462, 2.9497915759741558, 0.3358215718859925, 0.39147265654408514, 2.7347213743678593, 1.164930722638158, 2.417491068732319, 3.956216076475673, 1.718016537397911, 0.5913266818605494, 0.783837841064982, 4.017589404030017, 1.4691544053301473, 2.630338671831883, 0.1384818916297954, 0.9828346693055732, 4.161930643624672, 3.2028842538239717, 2.3274949235377855, 1.8855723931414903, 0.3882191718133612, 1.4960331322326361, 0.2950161746421376, 1.5133548228022393, 1.8047809933946837, 1.005133774466345, 0.21657281300472464, 1.170405419757872, 0.21248522251797164, 1.070580993406603, 0.45199343834170636, 1.2716630216611031, 1.6845289324852897, 1.486275306562107, 0.13174271085020095, 4.493639303010861, 0.9329866654413204, 0.22514129384640258, 3.229194455718197, 2.5594747516094274, 1.8670666013792103, 0.28065715550859904, 1.3099127295772652, 1.9039709750276375, 0.16245515097509156, 3.1017636069413097, 0.4193016417580844, 0.7565746740063306, 3.6272993779929275, 2.20722979032385, 2.7311550869049928, 3.3047841792690607, 2.564889460042632, 0.05649604698223332, 2.007700026085238, 0.31106842014065883, 0.3688541011575297, 3.765637607220041, 2.5631942956952054, 1.6107915407233064, 3.3983799051072636, 1.6164178315194189, 3.44644802802413, 3.2550232035378506, 1.7109046076900762, 1.2481525695907274, 1.2489664302641013, 1.2497260790838487, 3.6929340030941695, 1.6295721744983291, 1.7060623603769638, 2.7891277198476283, 0.4370904655031529, 2.2887361641073305, 0.4711503462702882, 1.563746272727164, 2.9888384053662227, 3.6302350122827134, 3.3177939025279066, 0.09383944401153466, 2.497261566973208, 1.9482450405980143, -0.0849079369034178, 2.7534857681098583, 1.7456281710977009, 2.6130916219890925, 1.6682100185696394, 2.166354297162478, 2.8103340392755642, 0.002631796855363522, 1.922096618455945, 3.2884133577297177, 2.194114070791615, -0.06937736331024702, 2.5108299450122153, 3.3091521984098464, 2.706732056490673, 2.1248306011637745, 0.3611478649034372, 0.7595726591473217, 1.93454651631196, 2.675286178177016, 2.075925575729754, 2.1126488495573814, 2.1680207922013035, 0.41142196800545827, 0.3586707346302176, 1.780801508241343, 3.721571511680449, 3.6478052762552373, 2.7525554912880468, 1.3420066725999888, 2.5856547650876425, 1.8557067176795252, 0.13638227934120817, 2.3300671621637434, 2.1022831072655626, 3.7809980436424127, 0.2935340769233665, 2.1440381726276656, 1.6775226004927317, 1.6560613508866835, 2.764026681708568, 3.790055925416927, 0.18186417176436498, 0.5376757962775132, 1.494569154552071, 2.258172446366286, 0.9288749096026465, 0.13290463391150764, 2.3658286954694905, 3.9218392147099683, 2.3222847432305707, 1.5503208488881863, 3.561833097441625, 0.18067244336615174, 0.7211352879722905, 2.5655194899127185, 2.2515703614072073, 2.8758628765759195, 3.773480159854188, 2.4957107113432624, 2.5330285289255765, 2.071603261250321, 0.5455209750661949, 2.205132305933701, 0.18821746750032275, 0.36394640008057166, 3.271744391228658, 1.7094570030654515, 2.798833265774223, 1.3668307998998759, 2.2778793713840724, 3.077016121516352, -0.026636961853857333, 2.4700364301471476, 2.3143441648497793, 3.167861076642368, 1.186629363586893, 1.6969515872424794, 1.67392587648667, 0.7238649935959025, 1.7304550823685034, 1.0150907252994033, 3.0016650930630395, 2.547096982131082, 0.9477809426860853, 3.1580111674575253, 3.2228673965187618, 3.6818558893481255, 2.358001735697508, 1.8186412733948853, 2.696409631786141, 2.045360586530503, 0.47086157948027063, 3.005856415917222, 0.4415994495393716, 0.4249996123819537, 1.788129617850214, 1.73798928458933, 3.6466515818948775, 3.8703986348109964, 1.6025265944738516, 1.5920040238155044, 0.47438831311776664, 2.782715529829116, 2.470099993488024, 0.5322097916909445, 2.1514571479343068, 2.650834158466065, 2.3873674072654905, 3.4516197580032975, 1.0368179982720824, 3.3004344298522, 3.007146801387072, 2.7097250390209013, 3.662420641020131, 0.4676589019417099, 3.7990743104902895, 3.4354626814070786, 3.747584926724768, 3.694025130509817, 0.13035976462247412, 0.7582819172980884, 0.7241176983186774, 2.8382985042458087, 4.443721625412206, 0.2664517016573926, 1.5475644011164802, 3.205785186408601, 4.34211371820837, 0.6433641809002155, 4.631803040564353, 3.4570503808767934, 0.4457227594433846, 1.9244004516521387, 2.0312200152914786, 1.8775417521701052, 1.4668168991791095, 1.8037507687884804, 3.194608282813286, 1.888583885168892, 4.502075565435434, 1.8101599419961785, 3.3887738495590796, 0.2257330508921518, 3.4783130461201486, 1.6035979764469097, 2.915734395410568, 3.7773160546528235, 1.457885901960469, 1.2479310014300031, 1.1696561660016473, 2.4739296300502067, 2.7899581977222905, 0.7995779469634798, 0.17134994587862007, 2.9483110984009393, 3.336213814866936, 2.119819387991893, 4.25835718692734, 0.20631715799326544, 2.436749355521557, 1.654457073304513, 2.7069373637956797, 1.831426004820295, 1.032867717769866, 1.129970467610449, 0.5387967805032023, 3.096730358660015, 0.27949373194667926, 1.0748264694489489, 0.6629066470635714, 1.133729349923376, 0.2810635160910877, 2.1704323063096473, 2.934605734404617, 3.4067407684515407, 1.7390701610027683, 2.6978011968436686, 1.5475022342367382, 1.6882701103757825, 3.1768066494235536, 3.2654131612836013, 2.368875063892978, 2.7210989428407735, 1.8733230365658062, 2.6989140696756815, 0.4787115510798263, 3.019943126714306, 3.6403653788045243, 4.2495447547143685, 3.768159805170951, 3.87673964064322, 3.6199031506587516, 3.9250448499250528, 3.651066563476198, 4.39797423361878, 3.5273145591492368, 4.326997406870415, 3.928537913734002, 4.211157268340504, 4.1453765459928, 4.186410994058595, 4.166571312196626, 3.9222415910921535, 3.772263553556748, 3.7151133181853204, 3.743318236690132, 3.7534999689796607, 4.414623037079823, 3.4489255371298033, 4.093945809289336, 4.145721879252678, 3.8640577249344754, 3.850316658564067, 4.338401780071259, 3.927984488662034, 5.227297969467994, 5.260178258799147, 4.83271824424285, 4.797939589639687, 5.102615180235354, 4.873384702351055, 5.095656514858987, 5.273868563931984, 4.6293462596010215, 4.652635023270742, 4.882182818134572, 4.80172259635562, 5.038320658231719, 5.029230438510357, 4.598128502400057, 5.198685226396681, 4.788830873108864, 5.100857294663333, 4.904347799198093, 4.621129867127538, 4.566604743553926, 5.025420860878755, 4.864502114201491, 5.1805509187215915, 5.059254010980983, 4.803363174137755, 4.794164141852738, 4.983667327865421, 4.52957304807947, 