{"model": "catboost_minilm_features-extract_noun_phrase_lengths", "type": "test", "seed": 42, "time_start": "2026-02-28T11:46:08.551312", "mse": 0.7158053517341614, "accuracy": 0.49244712990936557, "corr": 0.8667983717304328, "precision": [0.8, 0.27848101265822783, 0.3684210526315789, 0.38333333333333336, 0.7142857142857143, 1.0], "recall": [0.14285714285714285, 0.4888888888888889, 0.6481481481481481, 0.35384615384615387, 0.5357142857142857, 0.8181818181818182], "f1": [0.24242424242424243, 0.3548387096774194, 0.4697986577181208, 0.368, 0.6122448979591837, 0.9], "support": [56, 45, 54, 65, 56, 55], "confusion_matrix": [[8, 36, 9, 3, 0, 0], [1, 22, 20, 2, 0, 0], [1, 12, 35, 6, 0, 0], [0, 9, 31, 23, 2, 0], [0, 0, 0, 26, 30, 0], [0, 0, 0, 0, 10, 45]], "predictions": [1.8000811338424683, 2.0862488746643066, 3.8302462100982666, 1.1576803922653198, 1.9402177333831787, 0.314227819442749, 2.028005599975586, 0.4131031036376953, 0.8430960178375244, 1.3798651695251465, 2.3717291355133057, 0.7236961126327515, 1.6726447343826294, 2.656557083129883, 1.1463373899459839, 2.09517765045166, 1.6321357488632202, 2.7625834941864014, 1.318424940109253, 1.6274176836013794, 0.8111274242401123, 1.266168236732483, 0.6998816728591919, 1.619631052017212, 2.404798984527588, 1.9076194763183594, 3.321448802947998, 1.8868985176086426, 1.584411859512329, 2.4489035606384277, 0.5907175540924072, 1.9536676406860352, 1.6677603721618652, 2.0193986892700195, 2.326158285140991, 2.0056395530700684, 0.6420377492904663, 1.3052539825439453, 3.2938995361328125, 1.5619546175003052, 1.2724931240081787, 0.4708240032196045, 3.547161340713501, 2.521049737930298, 2.6071081161499023, 1.4512007236480713, 1.0524632930755615, 3.4323132038116455, 2.8860154151916504, 3.0358004570007324, 1.7766635417938232, 1.9314234256744385, 4.075603485107422, 1.4257856607437134, 2.777956008911133, 2.269460678100586, 1.0011277198791504, 0.8456054925918579, 2.989928722381592, 2.1120896339416504, 3.1043853759765625, 3.303823471069336, 3.468850612640381, 1.7727504968643188, 1.1784762144088745, 2.218132972717285, 1.645208716392517, 1.4092013835906982, 2.040803909301758, 2.9285826683044434, 0.6629002094268799, 1.816184639930725, 0.11693000793457031, 0.44905567169189453, 1.0180290937423706, 2.9983487129211426, 0.08715081214904785, 1.6319873332977295, 1.4762041568756104, 1.125840187072754, 0.9077152013778687, 3.2600772380828857, 1.6665592193603516, 0.5522485971450806, 1.0523200035095215, 0.42266011238098145, 0.8888638019561768, 1.5159003734588623, 1.995008945465088, 3.2586543560028076, 1.3750578165054321, 4.137767314910889, 1.212607502937317, 3.081862449645996, 0.8073400259017944, 2.8800606727600098, 3.4015631675720215, 2.548757314682007, 1.6164968013763428, 1.7902638912200928, 1.5869271755218506, 3.693150520324707, 1.4968140125274658, 1.562750220298767, 1.0504239797592163, 2.333402395248413, 1.1781996488571167, 0.7152906656265259, 1.8388164043426514, 0.3445305824279785, 2.825887680053711, 1.4223480224609375, 1.5461138486862183, 1.2076162099838257, 2.0814924240112305, 2.9638872146606445, 0.34512877464294434, 0.8373167514801025, 3.001401424407959, 0.6050708293914795, 2.3376927375793457, 2.6899616718292236, 1.632340431213379, 3.0781984329223633, 1.9471935033798218, 1.7350671291351318, 2.8596696853637695, 1.2297087907791138, 1.4217867851257324, 2.8329906463623047, 2.66713809967041, 1.3226737976074219, 2.583183526992798, 3.3891396522521973, 0.8959147930145264, 2.1338350772857666, 3.471797466278076, 1.5413105487823486, 2.5376136302948, 2.485222101211548, 1.360530972480774, 3.8643221855163574, 1.4937255382537842, 2.57175612449646, 1.4491724967956543, 2.619978666305542, 1.6888759136199951, 1.9427905082702637, 1.5555014610290527, 1.6316403150558472, 0.705113410949707, 2.285728931427002, 0.7806549072265625, 3.4385509490966797, 1.2945101261138916, 1.634851336479187, 2.945695161819458, 1.966050148010254, 2.3698642253875732, 3.739839553833008, 3.3855550289154053, 2.210282802581787, 3.3264200687408447, 0.8215807676315308, 2.745264768600464, 2.9540462493896484, 2.6334450244903564, 2.0257961750030518, 0.991192102432251, 1.6532028913497925, 2.5245108604431152, 0.6216380596160889, 1.3418643474578857, 2.422346353530884, 1.8159008026123047, 1.315556526184082, 4.039830207824707, 1.4558159112930298, 2.4933297634124756, 2.4653282165527344, 1.1019185781478882, 2.3862085342407227, 0.8730977773666382, 0.5585554838180542, 0.8130478858947754, 3.0750303268432617, 2.2829477787017822, 3.783428907394409, 1.6779580116271973, 2.165520191192627, 1.5895042419433594, 0.8698571920394897, 2.232257843017578, 2.699800491333008, 2.3709716796875, 4.0594282150268555, 3.4591104984283447, 4.464625835418701, 3.8160712718963623, 3.4445996284484863, 3.4868693351745605, 3.2414886951446533, 4.328377723693848, 4.096409797668457, 3.9724717140197754, 3.549877166748047, 2.882495880126953, 4.112372398376465, 4.465919494628906, 3.5059871673583984, 3.7727229595184326, 4.1296305656433105, 3.991757869720459, 4.184079170227051, 3.8416507244110107, 3.6212193965911865, 3.155876636505127, 3.769611358642578, 5.543083190917969, 4.870051383972168, 5.115669250488281, 4.620848655700684, 4.13112735748291, 5.684994697570801, 5.072144508361816, 4.537177085876465, 4.419730186462402, 4.3572845458984375, 5.023458003997803, 5.450018882751465, 4.437678337097168, 5.178360462188721, 4.350030899047852, 5.625567436218262, 4.566687107086182, 5.15461540222168, 4.794003486633301, 5.06916618347168, 4.613218307495117, 4.8239850997924805, 4.7071380615234375, 5.048497200012207, 4.57735538482666, 5.41001558303833, 5.338765621185303, 4.932034492492676, 4.847403526306152, 4.860265731811523, 4.920833110809326, 5.101154804229736, 5.176554203033447, 4.955318450927734, 4.87010383605957, 4.384969711303711, 4.504467010498047, 5.002567768096924, 5.224897384643555, 5.593537330627441, 5.264544486999512, 4.886174201965332, 4.065541744232178, 5.237548828125, 1.6729103326797485, 1.290065050125122, 1.8081538677215576, 2.2385993003845215, 0.9599521160125732, 2.034351348876953, 1.9592061042785645, 1.1670094728469849, 2.5202486515045166, 2.2736966609954834, 4.245133876800537, 2.052137613296509, 5.240042209625244, 3.7910542488098145, 0.6401547193527222, 1.7492693662643433, 5.124772071838379, 2.175893783569336, 2.2274856567382812, 0.7410967350006104, 2.180619478225708, 1.0898547172546387, 1.394239902496338, 1.4604270458221436, 1.5694453716278076, 1.0481599569320679, 2.3603451251983643, 4.228618144989014, 1.1963574886322021, 2.1704180240631104, 2.624582052230835, 2.281444787979126, 5.263617038726807, 0.7087833881378174, 3.322360038757324, 1.7474682331085205, 4.96678352355957, 4.327898979187012, 1.4379812479019165, 0.8351163864135742, 3.429753303527832, 1.8920844793319702, 0.35471582412719727, 5.406711578369141, 4.041974067687988, 1.9260706901550293, 1.358870506286621, 1.336507797241211, 2.6104538440704346, 1.8989815711975098, 1.8969030380249023, 4.707149505615234, 1.3787314891815186, 1.2008451223373413, 4.4841156005859375, 1.8312485218048096, 2.9618821144104004, 2.6618762016296387, 3.5240478515625, 1.8222087621688843, 2.2214107513427734, 0.6821475028991699, 1.7465507984161377, 1.0066500902175903, 5.6795196533203125, 4.072817325592041, 4.695915222167969, 2.5509884357452393, 3.7069907188415527], "params": {"iterations": 1510, "learning_rate": 0.014286, "depth": 3, "l2_leaf_reg": 3.4047e-06, "bagging_temperature": 2.5656, "random_strength": 4.1266, "border_count": 207}, "time_end": "2026-02-28T11:46:08.608100"}