{"model": "catboost_minilm_features-extract_stopwords", "type": "test", "seed": 40, "time_start": "2026-02-28T11:28:49.972500", "mse": 0.7011151909828186, "accuracy": 0.5045317220543807, "corr": 0.8696555678624763, "precision": [0.9, 0.30864197530864196, 0.3333333333333333, 0.4107142857142857, 0.7441860465116279, 0.9791666666666666], "recall": [0.16071428571428573, 0.5555555555555556, 0.5740740740740741, 0.35384615384615387, 0.5714285714285714, 0.8545454545454545], "f1": [0.2727272727272727, 0.3968253968253968, 0.4217687074829932, 0.38016528925619836, 0.6464646464646465, 0.912621359223301], "support": [56, 45, 54, 65, 56, 55], "confusion_matrix": [[9, 34, 11, 2, 0, 0], [0, 25, 19, 1, 0, 0], [1, 14, 31, 8, 0, 0], [0, 8, 31, 23, 3, 0], [0, 0, 1, 22, 32, 1], [0, 0, 0, 0, 8, 47]], "predictions": [1.678272008895874, 2.1051015853881836, 4.018006324768066, 1.132123351097107, 1.9860267639160156, 0.24569964408874512, 2.027226209640503, 0.48682427406311035, 0.7800068855285645, 1.407928228378296, 2.275130033493042, 0.8125383853912354, 1.716478705406189, 2.752147912979126, 1.2083289623260498, 2.1898961067199707, 1.5797240734100342, 2.99033260345459, 1.320988416671753, 1.79996919631958, 0.9322518110275269, 1.1609489917755127, 0.6598554849624634, 1.9255884885787964, 2.5972957611083984, 1.9389039278030396, 3.1381583213806152, 1.816201090812683, 1.4188321828842163, 2.3955423831939697, 0.3594231605529785, 1.8409616947174072, 1.6058772802352905, 2.18879771232605, 2.4789700508117676, 2.3380684852600098, 0.5825972557067871, 1.2751892805099487, 3.2823567390441895, 1.5799459218978882, 1.4042026996612549, 0.38809990882873535, 3.317366123199463, 2.5164692401885986, 2.5353169441223145, 1.5552875995635986, 1.3617902994155884, 3.5157899856567383, 2.821118116378784, 2.9968373775482178, 1.7088252305984497, 1.7779450416564941, 4.127144813537598, 1.6099152565002441, 2.721323013305664, 2.5508856773376465, 0.8902202844619751, 0.792425274848938, 2.7842373847961426, 2.148808002471924, 3.1312062740325928, 3.4740560054779053, 3.5491981506347656, 1.545799970626831, 1.324080228805542, 2.1466493606567383, 1.9602197408676147, 1.3307597637176514, 2.080096483230591, 2.946336030960083, 0.5583006143569946, 1.853677749633789, 0.21393942832946777, 0.6222224235534668, 1.010953664779663, 2.8083791732788086, 0.3785288333892822, 1.551186442375183, 1.4249200820922852, 1.108058214187622, 0.9723420143127441, 3.365896224975586, 1.605199933052063, 0.529956579208374, 0.9781008958816528, 0.5178683996200562, 0.6848433017730713, 1.1497501134872437, 1.9015002250671387, 3.4205052852630615, 1.407918930053711, 4.032679080963135, 1.290703296661377, 3.186809778213501, 0.6615670919418335, 3.044874429702759, 3.4076452255249023, 2.438121795654297, 1.721454381942749, 1.8811577558517456, 1.4942100048065186, 3.435791254043579, 1.5060811042785645, 1.6193721294403076, 1.209359884262085, 2.535839557647705, 1.1307945251464844, 0.5736515522003174, 2.0745809078216553, 0.5109783411026001, 2.8828840255737305, 1.4010356664657593, 1.449952483177185, 1.3251328468322754, 2.3518993854522705, 3.032850742340088, 0.25286006927490234, 0.8767365217208862, 3.109983444213867, 0.4759521484375, 2.203308343887329, 2.7076127529144287, 1.8411717414855957, 2.8052077293395996, 1.8919957876205444, 1.9530835151672363, 2.9306557178497314, 1.2359343767166138, 1.4690247774124146, 2.8577780723571777, 2.418142795562744, 1.119498372077942, 2.6643433570861816, 3.3784103393554688, 0.855268120765686, 2.2502641677856445, 3.4567317962646484, 1.6003926992416382, 2.673032283782959, 2.419734477996826, 1.622902512550354, 4.047593593597412, 1.497222900390625, 2.468885660171509, 1.4697656631469727, 2.605835437774658, 1.6429190635681152, 1.8994808197021484, 1.428550362586975, 1.6152329444885254, 0.8587878942489624, 2.258110284805298, 0.8590115308761597, 3.557025671005249, 1.3133093118667603, 1.6591166257858276, 2.993119239807129, 1.828636646270752, 2.084681272506714, 3.7976839542388916, 3.3568217754364014, 2.1068341732025146, 3.424104690551758, 0.9785099029541016, 2.6211349964141846, 2.9980356693267822, 2.50929856300354, 1.9287761449813843, 0.9613715410232544, 1.523821234703064, 2.529402256011963, 0.49546360969543457, 1.4035425186157227, 2.3560826778411865, 1.821458101272583, 1.424904465675354, 4.046449661254883, 1.6543188095092773, 2.5430378913879395, 2.362971067428589, 1.0076959133148193, 2.0958495140075684, 0.926863431930542, 0.5438696146011353, 0.762200117111206, 3.1409823894500732, 2.020002841949463, 3.743699073791504, 1.7612632513046265, 1.9310030937194824, 1.7931879758834839, 1.084847092628479, 2.080204963684082, 2.7838797569274902, 2.0981550216674805, 4.065840721130371, 3.6387500762939453, 4.509040832519531, 4.073992729187012, 3.357271671295166, 3.5202789306640625, 3.303234100341797, 4.365677833557129, 4.401668548583984, 4.14133358001709, 3.622626781463623, 3.0433554649353027, 3.956885576248169, 4.461468696594238, 3.698741912841797, 3.682908773422241, 4.201857566833496, 4.169376850128174, 4.459236145019531, 3.7802999019622803, 3.6463379859924316, 3.266979455947876, 3.7208681106567383, 5.6217780113220215, 4.8876423835754395, 5.270333290100098, 4.356406211853027, 4.284738540649414, 5.712519645690918, 5.249847888946533, 4.534063339233398, 4.278419017791748, 4.536670684814453, 5.19435977935791, 5.311452865600586, 4.777336597442627, 5.106979846954346, 4.42105770111084, 5.688159942626953, 4.664094924926758, 5.379764556884766, 4.705358982086182, 5.069379806518555, 4.804778099060059, 4.958259582519531, 4.602996826171875, 5.482996940612793, 4.665603160858154, 5.415125846862793, 5.597959041595459, 5.178744792938232, 4.948417663574219, 4.63947868347168, 4.925686836242676, 5.292942523956299, 5.048074245452881, 5.005207061767578, 4.86761474609375, 4.431010723114014, 4.649866104125977, 5.035680770874023, 5.244278907775879, 5.663444995880127, 5.293732166290283, 4.818427085876465, 3.9823312759399414, 5.360294342041016, 1.4746458530426025, 1.4960815906524658, 1.944124460220337, 2.546083688735962, 1.057785153388977, 1.9452648162841797, 1.9491543769836426, 1.1060854196548462, 2.323474884033203, 2.1878325939178467, 4.347193241119385, 2.1410958766937256, 5.263253211975098, 3.5817201137542725, 1.0102972984313965, 1.8518829345703125, 5.182107448577881, 2.3090708255767822, 2.2678139209747314, 0.9758034944534302, 2.395949363708496, 1.0559413433074951, 1.445421814918518, 1.399531364440918, 1.4721217155456543, 0.985284686088562, 2.3123550415039062, 4.251806259155273, 0.9954806566238403, 2.2157673835754395, 2.4889323711395264, 1.93902587890625, 5.3060197830200195, 0.9481987953186035, 3.4917924404144287, 1.865955114364624, 5.02989387512207, 4.331717491149902, 1.3438678979873657, 0.6798895597457886, 3.505227565765381, 1.770186185836792, 0.4881885051727295, 5.356304168701172, 3.9682979583740234, 1.8300414085388184, 1.1721501350402832, 1.482757568359375, 2.6483988761901855, 1.8584504127502441, 2.073291063308716, 4.76500129699707, 1.3469094038009644, 1.217321515083313, 4.69013786315918, 1.7731355428695679, 2.929144859313965, 2.955946683883667, 3.651432991027832, 1.896122694015503, 2.4091408252716064, 0.6795812845230103, 1.6784648895263672, 1.0535157918930054, 5.647926330566406, 4.218109130859375, 4.6588640213012695, 2.584296941757202, 3.591057777404785], "params": {"iterations": 1510, "learning_rate": 0.014286, "depth": 3, "l2_leaf_reg": 3.4047e-06, "bagging_temperature": 2.5656, "random_strength": 4.1266, "border_count": 207}, "time_end": "2026-02-28T11:28:50.029974"}