{"model": "catboost_minilm_features-extract_quote_ratio", "type": "train", "seed": 42, "train_losses": [], "val_losses": [], "time_start": "2026-02-28T11:09:27.420066", "mse": 0.1324129973868738, "accuracy": 0.823076923076923, "corr": 0.9779921079850618, "precision": [0.9883720930232558, 0.762589928057554, 0.6091954022988506, 0.8111888111888111, 0.9230769230769231, 1.0], "recall": [0.7522123893805309, 0.7571428571428571, 0.905982905982906, 0.7682119205298014, 0.8372093023255814, 0.9307692307692308], "f1": [0.8542713567839196, 0.7598566308243727, 0.7285223367697594, 0.7891156462585034, 0.8780487804878049, 0.9641434262948207], "support": [113, 140, 117, 151, 129, 130], "confusion_matrix": [[85, 28, 0, 0, 0, 0], [1, 106, 33, 0, 0, 0], [0, 5, 106, 6, 0, 0], [0, 0, 35, 116, 0, 0], [0, 0, 0, 21, 108, 0], [0, 0, 0, 0, 9, 121]], "predictions": [3.2684306710133795, 0.8289936317330817, 0.4280943742664003, 2.912849002151515, 0.22769730407832078, 2.5616058639784796, 1.8080261538604256, 0.3765672769206918, 0.1255422993070865, 1.3619532920841864, 2.114597705580488, 0.39380010716375446, 2.379149088633087, 3.8027157967248555, 0.16330475650336318, 3.3425872008977766, 0.4476000007288423, 2.520242246289645, 0.29766030691691503, 1.2172612013836193, 2.086335501273121, 3.9357949579984695, 0.49462097231333413, 4.0712022857526335, 0.3999486628712585, 0.2335103394113447, 3.209198904330402, 1.4304825761662279, 1.485455083607851, 0.10425681576464729, 2.6707621630839213, 0.7533717001546258, 1.0043281530588053, 2.091351815180158, 1.2935798997565964, 3.033358988669006, 3.0736331188818613, 0.33147876224992956, 0.3975449244016973, 2.876139883741141, 1.0823852208761524, 2.4646955486010733, 3.9333240649951975, 1.6892515553874103, 0.5705342985564101, 0.8009527000714265, 4.0323739617614764, 1.6018925841485165, 2.5997274191996103, 0.049616267933060065, 0.9296333542057456, 4.105959543555574, 3.2547567773872568, 2.163183481063041, 1.9077025246612873, 0.3298048419021917, 1.4993349074148845, 0.26219711028056514, 1.528391715010505, 1.7830853296243103, 1.057966011418835, 0.18113509200895805, 1.095806860490001, 0.18227934495076203, 1.1325689047330383, 0.3987756009768071, 1.218725835015846, 1.4886763680964479, 1.4447654950671383, 0.28644465812705633, 4.411810453038976, 0.8834073650148957, 0.16014710529944942, 3.274525326505619, 2.6118111078862847, 1.9073422715700854, 0.42888434081248894, 1.223219207485877, 1.9756255930393762, 0.1956797205059, 3.0887575259712685, 0.4032756745163155, 0.6831210390475837, 3.5825017416928926, 2.291431654047476, 2.772353142785645, 3.4051482761026612, 2.768252703663861, 0.06505837944972281, 2.0092402306646027, 0.33563962282428284, 0.2918110372655023, 3.7126180187356015, 2.4964986865763943, 1.581052109051872, 3.422759327390265, 1.7194245361859148, 3.3359852753168786, 3.209801277620058, 1.7749186402653585, 1.2998571477042247, 1.319737863524979, 1.285922256628741, 3.6986481721037943, 1.5831964256672677, 1.5887360833773003, 2.8434201088523294, 0.4507666034763447, 2.3066169159180467, 0.4617238094245346, 1.5412742120694847, 2.901113239938845, 3.5137359593230184, 3.3304546707688893, 0.10691544053999902, 2.4426634576784063, 1.8728306450165153, -0.02816595962192192, 2.740258881480836, 1.6791148872304618, 2.637222910176753, 1.553968108340158, 2.0994524474150147, 2.8813986752452148, 0.002642689960172362, 1.8872354424344087, 3.2362694979718167, 2.208916310764165, -0.061449726991356535, 2.4938164054846723, 3.3848036255593783, 2.7151350158071437, 2.099676830258307, 0.4152819944480619, 0.7967475809984292, 1.9348182747142244, 2.7250064124124176, 2.008185737844407, 2.127303917319052, 2.1273920531624215, 0.3509593666720736, 0.3915266213277482, 1.690931925935523, 3.725244404921552, 3.579605258677094, 2.7611425670749696, 1.3496568972422844, 2.5007382827742908, 1.8510560091495414, 0.2539836336509729, 2.4074325544504034, 2.1026759124476615, 3.9414801277335734, 0.29247206524108016, 2.0532852743798307, 1.6298978458452238, 1.6303093379531062, 2.8142874709018892, 3.737955991175639, 0.2186774679635124, 0.5338328353500039, 1.4166867537887466, 2.2195292646627327, 1.0608718125961385, 0.08367643963376326, 2.331182639920182, 3.906878677797512, 2.3535117382882804, 1.5229328928393544, 3.6880943790529317, 0.181169053279699, 0.7066693748707571, 2.459606262100686, 2.3848448936711315, 2.8966519831168567, 3.6681876343747524, 2.531754099923102, 2.7484958013622878, 2.1608434370272622, 0.4899540502039157, 2.222607567456027, 0.2539201619035767, 0.3795904915031185, 3.053471253865176, 1.7221322547581512, 2.7247388404021966, 1.4151326013082597, 2.2998066999824123, 3.133959055392997, 0.041456473595495424, 2.586760695433267, 2.277336483698352, 3.1184604500257618, 1.2461719156033342, 1.740891955085854, 1.6846809673782344, 0.6813603300044231, 1.686990965595101, 0.9726911265627487, 2.9906925542716847, 2.543835379785029, 0.8634939377324373, 3.1466956852751413, 3.2956366054237245, 3.787509019297156, 2.354884530006069, 1.7467481305129362, 2.5740301812413233, 2.081374534132685, 0.5573177516871586, 2.9789896824126902, 0.33791797597061946, 0.5693992705017492, 1.73343746140291, 1.7006452161344319, 3.6274606771124285, 3.8314173143289363, 1.6195975415032062, 1.6033504722717773, 0.45555972308461135, 2.8065270944484118, 2.492545944795308, 0.6034438188153741, 2.1399092870883356, 2.587861082579732, 2.450707470595198, 3.625618595168521, 1.1592232350555043, 3.2074374827235905, 2.9557778958613397, 2.6914988385910283, 3.752384290000643, 0.5056880930715559, 3.82894309025062, 3.4855142393773275, 3.527535414687741, 3.605006125046268, 0.21276482256149487, 0.8133604592502046, 0.6916586486286409, 2.950280295695444, 4.465119915384269, 0.3435570804970749, 1.6075252222209353, 3.2382643792208814, 4.304886184888562, 0.6802435608180322, 4.596019920947876, 3.411326678577885, 0.35207813459340453, 1.932754229424336, 2.1182009665312203, 1.883624848787055, 1.3939350283240426, 1.6423266216844477, 3.197080978868232, 1.9652421029255205, 4.493114788441323, 1.8378488333874712, 3.536813412150972, 0.20219829206353968, 3.606097244196956, 1.5854858120546356, 2.936241955370835, 3.701548331713502, 1.45367101791255, 1.2331426016798794, 1.1556814035813134, 2.5053921429511683, 2.8860866083024628, 0.7929555737752609, 0.21515298583077058, 3.0477239361441995, 3.308292093827674, 2.078380471577737, 4.310181390749891, 0.21590086263188546, 2.4840809165978004, 1.6737901761543017, 2.6590035342387957, 1.845072066588418, 0.9005305670500079, 1.202746897285349, 0.5229000419039669, 3.2125117795595477, 0.31582580140584726, 1.046805530810024, 0.6231506426760578, 1.1084380124526378, 0.31559780044589036, 2.2539370126493408, 2.914251096004959, 3.445350504710657, 1.6834212671604973, 2.767996788656572, 1.6056409005794918, 1.60695335479078, 3.1221127634117565, 3.2160192419689366, 2.4337354143684964, 2.704391715590529, 1.9522611611766454, 2.586655891612141, 0.5569040760004402, 2.9790414232735816, 3.7180136749450803, 4.228374826469129, 3.8483431059583895, 3.825807971348511, 3.5122823026169314, 4.060516812817328, 3.5876094101342204, 4.349205449497019, 3.436102728785219, 4.381925326462603, 3.9622464142442926, 4.153208755304181, 4.183048295682075, 4.130747284055028, 4.012697997554752, 3.92787156172933, 3.7753863996489656, 3.737225538584949, 3.6777281052298854, 3.7953006164264833, 4.430911355558119, 3.493364958221916, 4.126880184204415, 4.137460444457831, 3.865534425967918, 3.8120880265452532, 4.320725685338153, 3.9079078645176737, 5.202315846328675, 5.187586272731995, 4.7845449766057175, 4.809177795006068, 5.020279956367906, 4.889743305736462, 4.945591066743821, 5.313098294241748, 4.65782436495155, 4.777159027354674, 4.825912295137785, 4.717279866192349, 5.065940228562837, 5.085846287654227, 4.650184570650884, 5.168309567260932, 4.908804456788401, 5.144193394206512, 4.851623543433954, 4.571616999599282, 4.459083717268424, 4.888653325242819, 4.847760037584888, 5.183227498947392, 5.157213966068431, 4.750072770169112, 4.69073511159656, 4.958210855104803, 4.521379195048985, 4.753074106703307, 