{"model": "catboost_minilm_features-extract_word_concreteness", "type": "train", "seed": 40, "train_losses": [], "val_losses": [], "time_start": "2026-02-28T11:54:34.795860", "mse": 0.13516228767138574, "accuracy": 0.8282051282051283, "corr": 0.9775157613502418, "precision": [1.0, 0.7638888888888888, 0.622093023255814, 0.8405797101449275, 0.9032258064516129, 0.9915966386554622], "recall": [0.7345132743362832, 0.7857142857142857, 0.9145299145299145, 0.7682119205298014, 0.8682170542635659, 0.9076923076923077], "f1": [0.8469387755102041, 0.7746478873239436, 0.740484429065744, 0.8027681660899654, 0.8853754940711462, 0.9477911646586346], "support": [113, 140, 117, 151, 129, 130], "confusion_matrix": [[83, 30, 0, 0, 0, 0], [0, 110, 30, 0, 0, 0], [0, 4, 107, 6, 0, 0], [0, 0, 35, 116, 0, 0], [0, 0, 0, 16, 112, 1], [0, 0, 0, 0, 12, 118]], "predictions": [3.241997593105243, 0.9793116293245112, 0.5331242335901569, 2.8100211774227195, 0.2295782194959295, 2.5667776940070453, 1.7698545280935614, 0.33972726401978237, 0.24783872687592234, 1.3737812620001866, 2.150010100654255, 0.40609112465069774, 2.3412181357798167, 3.802339123083706, 0.23401598897208187, 3.2469605267767525, 0.4384890307070388, 2.552140363490775, 0.23219480430338812, 1.170763742305288, 2.227397550867196, 3.8054360243494534, 0.47877283485824806, 3.9807903846189454, 0.341178581237199, 0.2588006221868624, 3.251855596755795, 1.703437110209029, 1.5407588485100456, 0.21578960476293485, 2.7837615021407665, 0.7855307913483116, 1.1644242534149143, 2.1985633061920944, 1.3230259416587609, 2.8907087949230603, 2.869966535474989, 0.24583541397819664, 0.33358528683386757, 2.797196204201402, 1.1360371899174944, 2.4504313655259797, 3.953386344222058, 1.5786893340293104, 0.6311675185469692, 0.7494823343696373, 3.924565035582392, 1.681031402184872, 2.6329337512044457, 0.17437161109061927, 0.8812413314096363, 4.128719480410385, 3.2766924456036075, 2.3371795315034456, 1.7789987846500175, 0.3520777890840141, 1.5005353103918915, 0.3205592842361664, 1.5130730221268989, 1.7116160211648377, 1.0887544015335637, 0.3595926217534826, 0.9824144618481823, 0.23945737851154902, 1.1167939705427872, 0.32984014033643483, 1.2402358491916947, 1.6146858347603612, 1.404926488511556, 0.210279358013175, 4.47109095856449, 0.823597264115556, 0.22690444136918364, 3.249687327862053, 2.6018583827040547, 1.809776272118931, 0.33714617611187503, 1.255071926403417, 1.9871960342276929, 0.16125562166522744, 3.1276451368899347, 0.3674387460308659, 0.7768588542310506, 3.5299237204115537, 2.3771721001195623, 2.6821928061497284, 3.285212141624708, 2.794165876871274, -0.03632657331857736, 1.9072417213017956, 0.4169413930331376, 0.43140921872406457, 3.678037226778705, 2.565979514255644, 1.6472651128487685, 3.2660500201881604, 1.6216321727370415, 3.273491840002945, 3.3321366206517253, 1.7159956014307576, 1.415836232670463, 1.3298099096647826, 1.2875004854002396, 3.750703981847564, 1.5852311374300876, 1.7244903348046141, 2.8102735541199406, 0.41892081232416034, 2.326829665856864, 0.41544758879500554, 1.544784552234589, 2.90534567692014, 3.4289282951814384, 3.2973308789526916, 0.11470071526621473, 2.4521013443726085, 1.9128558295690454, 0.0070495977650106845, 2.722729389596523, 1.7077257005163122, 2.6278497279441972, 1.5277925216731618, 2.0896462113110092, 2.92080497487078, -0.006148830987043219, 1.905707682469211, 3.2843278286985984, 2.198159602871729, -0.10661400190202297, 2.5265604199866463, 3.3483050036525657, 2.795004059703958, 2.1323358320109937, 0.3429322284940901, 0.7563918892218893, 1.9148790778002804, 2.5804383571252294, 1.972607781096881, 2.1007617554824516, 2.2530121072225118, 0.4512939812745569, 0.3406833512584444, 1.6610640577475722, 3.799793553402982, 3.506999184859545, 2.8222206881365706, 1.4865278787458565, 2.5460074059338536, 1.8599828650450636, 0.2415853433904327, 2.3153644273689142, 2.1891263913360213, 3.8277565603448185, 0.3394683761495956, 2.196418295627336, 1.4959485385518165, 1.66786277847008, 2.7757578752816325, 3.7829932410300247, 0.2962741039100245, 0.6182311480186256, 1.484831521323767, 2.2781757626032166, 0.9784062111105902, 0.14538835233232472, 2.236667666029963, 3.944212118522831, 2.4419489727090795, 1.6519742153423083, 3.6129193881227506, 0.14422122445268348, 0.7153623335434216, 2.5410579629403376, 2.2610037020279865, 2.97191232549892, 3.7553089851166614, 2.4923900633651894, 2.5992437223026394, 2.133664616626998, 0.6751840773573046, 2.1491797631664618, 0.1790930160601687, 0.30623901294394296, 3.256130121756917, 1.8229228844546164, 2.863132414473735, 1.328033725724634, 2.3600306130933326, 2.984124328680922, -0.02633122132226351, 2.5270791341105423, 2.3499944108421897, 3.1489096337948284, 1.2794733720833356, 1.7966998045952733, 1.5909966137552711, 0.63192940980099, 1.6764082233844873, 1.0061650503774022, 2.915574954845305, 2.4468380308225703, 1.0283499131945428, 3.090761962410812, 3.2257359727500283, 3.678309088410912, 2.3125705083655563, 1.706205317727905, 2.649320768416346, 2.0001553631603803, 0.5324738781053051, 2.9678467807219504, 0.35341006201283953, 0.36928160031955803, 1.6578118120709693, 1.6556242472369074, 3.6629865209646137, 3.8820284660837587, 1.4906964156808482, 1.5250622936255047, 0.47448621914082256, 2.7814553778776787, 2.4722562016325944, 0.6376245909843916, 2.094641888021912, 2.691792615219759, 2.4490983035529807, 3.5888673951187515, 1.1028842222591708, 3.2614831212133417, 2.93303114096324, 2.698153747581566, 3.6565407389440456, 0.48034000370893715, 3.65810740936277, 3.50425714330253, 3.6660283800052036, 3.6781603635032507, 0.12253144206797106, 0.8293073794683994, 0.7112236851795068, 2.825282033180955, 4.34245293220918, 0.3594239625644726, 1.5983359395257084, 3.1908105059891914, 4.419819846421902, 0.6715294037576405, 4.520766609381943, 3.237716573184731, 0.3339773662146883, 1.7729080645142736, 2.1008916031947624, 1.865121451216241, 1.3006157061303405, 1.744003789451815, 3.1615642457731234, 1.8766593107690945, 4.436079959938459, 1.6948590500722314, 3.5149582097221925, 0.2391404796088099, 3.568377567665533, 1.5165377962565323, 2.875770962068243, 3.7706381361559593, 1.3976396975283525, 1.1940547039706175, 1.10346599519525, 2.4538576998400163, 2.8726806089528614, 0.7602742541317438, 0.04425909587581556, 3.178607316369267, 3.3445782615726056, 1.9396998538038734, 4.298247920409823, 0.3186304935115456, 2.4470462961278856, 1.6690319498068873, 2.7059276394796687, 1.880742562613295, 0.9393196336881011, 1.0686403252445826, 0.5069875049885497, 3.117642894439374, 0.38984218213497, 1.094232009670375, 0.705379440424059, 1.14683491103433, 0.3816680837959203, 2.3286479017379453, 2.8101624388754045, 3.5089673011468547, 1.6471586344670897, 2.640912900779843, 1.5241869281305673, 1.5657356836453244, 3.1963842530342714, 3.1831125333182566, 2.326057549149754, 2.594258648129975, 1.9180632795913293, 2.5868172903292885, 0.5055265561875046, 2.869241705404602, 3.6118443574862633, 4.172616066523798, 3.8793903938893664, 3.8121249446677057, 3.567681448209548, 3.833730567704448, 3.6164635470759197, 4.412777588185013, 3.521755566798263, 4.381653969515664, 4.0357100165030815, 4.209079018616059, 4.206420390547242, 4.151995521073535, 4.210129863935829, 3.929015941922759, 3.8445151842500573, 3.6265082742284847, 3.732332087941028, 3.6815633837637574, 4.387404667683846, 3.369180630325353, 4.186546414708589, 4.109550399422959, 4.153072179835287, 3.841550851062683, 4.366242174686254, 3.9722394361508, 5.201235895532353, 5.2207533876501495, 4.809961049556721, 4.790778071919641, 5.208640141809109, 4.900528637672557, 5.0679392807917925, 5.270258041255229, 4.560081172544644, 4.887519779758133, 4.778344708871794, 4.71829861058745, 5.149455815026043, 5.1534668203590215, 4.702122285916173, 5.1279573930525615, 4.869597409663034, 5.1589314426763595, 4.786824914366747, 4.589634610378054, 4.413907713357473, 5.105132310580448, 4.809001591893719, 5.255011120721005, 5.154241192710431, 4.722514082465579, 4.782095136675034, 5.08599043164745, 4.405716378613361, 