{"model": "catboost_minilm_features-extract_word_concreteness_avg", "type": "train", "seed": 42, "train_losses": [], "val_losses": [], "time_start": "2026-02-28T11:57:31.314111", "mse": 0.13172506589335317, "accuracy": 0.8269230769230769, "corr": 0.9781728031864172, "precision": [0.9879518072289156, 0.7635135135135135, 0.6369047619047619, 0.8, 0.9217391304347826, 1.0], "recall": [0.7256637168141593, 0.8071428571428572, 0.9145299145299145, 0.7682119205298014, 0.8217054263565892, 0.9307692307692308], "f1": [0.8367346938775511, 0.7847222222222222, 0.7508771929824561, 0.7837837837837838, 0.8688524590163934, 0.9641434262948207], "support": [113, 140, 117, 151, 129, 130], "confusion_matrix": [[82, 31, 0, 0, 0, 0], [1, 113, 26, 0, 0, 0], [0, 4, 107, 6, 0, 0], [0, 0, 35, 116, 0, 0], [0, 0, 0, 23, 106, 0], [0, 0, 0, 0, 9, 121]], "predictions": [3.2196730275819188, 0.869064148619106, 0.5355381561438552, 2.865614409083375, 0.2764257527833265, 2.6850564501842102, 1.7828610924054837, 0.500587984988434, 0.15601921946103747, 1.3859481908391251, 2.1059933758506633, 0.6640341775067413, 2.3709870033489535, 3.6707950023554305, 0.08273088904791592, 3.2986135544970896, 0.5491011357299056, 2.552912470102958, 0.3290685038505128, 1.2168182603014455, 2.0926215855853805, 3.8537690548656514, 0.338142163820379, 4.0102815770930365, 0.3100108970531261, 0.2794155376607046, 3.101316315717571, 1.525819280484448, 1.4644798624460558, 0.140867830521346, 2.7050070979855194, 0.772570478391305, 0.9416534352510801, 2.022414038078095, 1.2190523433540283, 2.986972864011798, 2.8734546178928926, 0.3356496476793538, 0.39053860632165227, 2.6557193130763035, 1.1506693284847846, 2.538565538200392, 4.092203896551648, 1.6378215629254127, 0.52881471612871, 0.7534960581039492, 3.975993522477401, 1.583532834264168, 2.4896585117943895, 0.1681483383478155, 1.040206399994802, 3.9968967032318647, 3.2222873485059007, 2.1966775210451486, 1.8435960734483814, 0.41466033462206475, 1.4023991723369098, 0.16903964363512802, 1.5937626926813655, 1.769120890959082, 0.8324858987475032, 0.09116889509095394, 1.2536877090262601, 0.24017689964867417, 1.1116529264704098, 0.33010730007671807, 1.1826891706389289, 1.5845212206180856, 1.4268180919359434, 0.269852180446676, 4.534061588265731, 0.9018523413442374, 0.21536143912575367, 3.301895215461194, 2.645573860567827, 1.8546024397873626, 0.3134076999858477, 1.2255800118568154, 1.7889928520742604, 0.19324383492785335, 3.1143096787539966, 0.3593480469527446, 0.6453588929683185, 3.544383410674084, 2.239295516170219, 2.8271784586749873, 3.435835989581959, 2.7783986683421777, 0.10481410818184278, 1.9629657519041137, 0.2677864841544646, 0.43288258377033495, 3.835870563863933, 2.4697541033661996, 1.689325385346056, 3.315364658216611, 1.674028011652263, 3.4828751042871855, 3.2776480157790258, 1.72415950205749, 1.3834798721810646, 1.4037429806896298, 1.2218135567826656, 3.6546483962395584, 1.6002066939679223, 1.6894251843419426, 2.7214024545330187, 0.4993359534977304, 2.268209774490519, 0.4953860145435067, 1.5848523670228425, 3.191721821841305, 3.4679633757883463, 3.37626038260714, 0.14680637902070837, 2.3276383643258485, 1.8839275394288366, 0.11505201790901376, 2.771072293620241, 1.6817788855455427, 2.7407803754850453, 1.6594231594083626, 2.1801904001131667, 2.752915441696996, 0.0022439209170270757, 1.9763433413089078, 3.2987780429255364, 2.218938886700255, 0.12564480711994852, 2.523348877677281, 3.200427769853145, 2.7659994046871534, 2.174919647789506, 0.38728974912839575, 0.8107068849233234, 1.970336382198541, 2.7958805868411996, 2.189937995544194, 2.0968527887701387, 2.204043554534529, 0.3470995460651407, 0.371941279613075, 1.6721466430408967, 3.7481314483971193, 3.6035040858498935, 2.8045407502579045, 1.3189240170640122, 2.672782286501828, 1.916665916701088, 0.1313890158751736, 2.4205448581655205, 2.0835379771756, 3.825327759490423, 0.30716857803276953, 2.1360980283391844, 1.8297115303685632, 1.786091043082783, 2.801011983718183, 3.9689196845098507, 0.383094501417494, 0.48954819217100676, 1.5257667023507757, 2.1600114457257598, 0.9785708898890257, 0.06778919665713978, 2.3622991903764046, 3.9617391408444753, 2.3759776904297274, 1.654256074203082, 3.6846635875395517, 0.17137407153836026, 0.6724111314228394, 2.507049005757571, 2.280897204792727, 2.8763293055081216, 3.9082431643842757, 2.5994994186903746, 2.6332993316230215, 2.319057340420665, 0.44923662123893227, 2.2096902283380624, 0.3642550960206079, 0.30699160553266536, 3.3167055852013703, 1.752238757123407, 2.8018034411107524, 1.3770308755149945, 2.4128825517037944, 3.16499083885475, 0.16792385835978774, 2.531634712197283, 2.2651247917735926, 3.036871560754742, 1.1989039670013752, 1.8013430927090412, 1.8614926840783874, 0.6912967270912456, 1.593268372435047, 0.9954392390159508, 3.129387063224753, 2.4173399777856543, 0.910659634408336, 3.0674681304444986, 3.2154615236669244, 3.746870667595447, 2.4477000283065853, 1.805289496568298, 2.6796672052211523, 2.0511360243636068, 0.5147639964151884, 2.918570983884272, 0.3770340363240896, 0.5242174386506686, 1.7128048512156768, 1.6288103541908974, 3.601207663719976, 3.922253710174137, 1.5643444112969163, 1.5579724867943863, 0.5430622712432034, 2.8498645245193135, 2.424568145281086, 0.606683824404938, 2.1856696812999123, 2.6575535049839476, 2.4372334709513654, 3.472369638689463, 1.0143689538835476, 3.2599442608394407, 2.9498507566402874, 2.700457696604704, 3.684648802109326, 0.4359180951104116, 3.813208624753018, 3.497279439411557, 3.626672534216782, 3.5814830206064183, 0.14625100874071917, 0.7681518013532265, 0.756630003399902, 2.901155221134445, 4.28058967992229, 0.35283482500705166, 1.4472190063266361, 3.2904920404619733, 4.382688558984207, 0.6794593478187914, 4.6851173079281025, 3.3792826011770156, 0.33140936997440784, 1.9719194060087188, 2.03087196326228, 1.8724445977391757, 1.428930963095828, 1.6767363834430156, 3.2119620108685814, 1.873950883119305, 4.435074496488388, 1.7970486697052848, 3.4469113634449196, 0.19449525593876693, 3.590382992737118, 1.5648458052452274, 2.9777357073530366, 3.7139024948755157, 1.354190872717548, 1.3106614541889696, 1.1831058002141954, 2.4237903864079233, 2.835001566545931, 0.7401364242111979, 0.1802354908130952, 2.8637757298664446, 3.283515508323336, 2.046159100911194, 4.365463202472754, 0.27060105143626334, 2.5802346234763514, 1.646641951913428, 2.692264870649284, 1.854064691994018, 0.8246761133105982, 1.1292062265989373, 0.48952932829941087, 3.1609927512740397, 0.25690931485184976, 1.138675848230022, 0.6176400722056661, 1.0589387966843034, 0.3682259425932797, 2.279184828289225, 3.04026934768003, 3.460459518731935, 1.6787211743437056, 2.712556940358472, 1.5533808559569953, 1.4292993117003647, 3.193237480713023, 3.1994815799359966, 2.5131485059039362, 2.5676554113689494, 2.011854843504993, 2.558311794052542, 0.5371413929675186, 2.851108744660863, 3.6478652042642916, 4.169165585291446, 3.7571270109605335, 3.9873752489945318, 3.608003047193095, 3.950325624324355, 3.6270335374869167, 4.425982057438536, 3.449632931408333, 4.170293416914043, 3.911958281489202, 4.1732454921564655, 4.03321076443571, 4.066012834654046, 4.067258697761183, 3.9057942345072663, 3.855408733746721, 3.737126048743252, 3.6562706429203216, 3.793752079267661, 4.364768197080567, 3.5108589662915564, 4.075893385024893, 4.19105841996682, 3.864428857383933, 3.744573543451201, 4.362821578952636, 3.884126084990649, 5.2110447241127815, 5.253835689773235, 4.883013429248855, 4.809068934834734, 5.07837946113127, 4.780797262738009, 5.070114473620967, 5.414718970931311, 4.579731293539794, 4.791896049271376, 4.88496555269517, 4.820939899211627, 5.06916877197962, 4.950247070875365, 4.794791211324796, 5.17136864253442, 4.847860015437073, 5.067193152692017, 4.8772525444136505, 4.636078089207478, 4.496137257182751, 4.95935077000339, 4.862751011817965, 5.249057020517476, 5.148668501931832, 4.77722734568518, 4.961469992744618, 4.887625625228064, 4.499061690803655, 4.743123232987107, 5.037708753752451, 