{"model": "catboost_minilm_features-extract_numeric_word_ratio", "type": "test", "seed": 42, "time_start": "2026-02-28T11:21:28.194649", "mse": 0.7395713329315186, "accuracy": 0.4984894259818731, "corr": 0.8615934749055656, "precision": [0.8, 0.2804878048780488, 0.3655913978494624, 0.41818181818181815, 0.7045454545454546, 0.9787234042553191], "recall": [0.14285714285714285, 0.5111111111111111, 0.6296296296296297, 0.35384615384615387, 0.5535714285714286, 0.8363636363636363], "f1": [0.24242424242424243, 0.36220472440944884, 0.46258503401360546, 0.38333333333333336, 0.62, 0.9019607843137255], "support": [56, 45, 54, 65, 56, 55], "confusion_matrix": [[8, 35, 10, 3, 0, 0], [1, 23, 20, 1, 0, 0], [1, 14, 34, 5, 0, 0], [0, 10, 28, 23, 4, 0], [0, 0, 1, 23, 31, 1], [0, 0, 0, 0, 9, 46]], "predictions": [1.828808069229126, 1.7276825904846191, 4.081590175628662, 1.0870249271392822, 1.7606823444366455, 0.30480456352233887, 1.8893316984176636, 0.3178882598876953, 0.8466112613677979, 1.5034501552581787, 2.1988120079040527, 0.7533416748046875, 1.7359719276428223, 2.6238222122192383, 1.1498754024505615, 2.251328468322754, 1.431413173675537, 2.568227767944336, 1.282364010810852, 1.8816617727279663, 1.001380443572998, 1.3003417253494263, 0.7638510465621948, 1.6600953340530396, 2.5717828273773193, 1.7893362045288086, 3.047689437866211, 1.6551110744476318, 1.4203897714614868, 2.403158187866211, 0.29015588760375977, 1.9657163619995117, 1.580247402191162, 2.0933260917663574, 1.9951916933059692, 1.829206943511963, 0.4299147129058838, 1.223951816558838, 3.5506858825683594, 1.4366081953048706, 1.3385491371154785, 0.18377161026000977, 3.549638271331787, 2.44449520111084, 2.6404099464416504, 1.362765908241272, 1.2486242055892944, 3.710203170776367, 2.888246774673462, 3.057471990585327, 1.6956733465194702, 1.6715924739837646, 4.0727691650390625, 1.6528990268707275, 2.815415620803833, 2.3038365840911865, 1.0266634225845337, 0.9744677543640137, 3.168598175048828, 2.1968297958374023, 3.148038625717163, 3.459599018096924, 3.65584135055542, 1.8007948398590088, 1.2393518686294556, 2.1740429401397705, 1.625711441040039, 1.2316746711730957, 2.050323486328125, 2.858320951461792, 0.6006263494491577, 1.8945304155349731, 0.22858905792236328, 0.7515307664871216, 0.9705671072006226, 2.88216233253479, 0.24947428703308105, 1.649512767791748, 1.3345106840133667, 1.240132451057434, 0.708918571472168, 3.273682117462158, 1.6798474788665771, 0.627252459526062, 1.3906084299087524, 0.3708076477050781, 0.7612699270248413, 1.2865805625915527, 1.9214272499084473, 3.3366665840148926, 1.3283816576004028, 3.9621682167053223, 1.20017409324646, 3.167639970779419, 0.7562373876571655, 2.889284133911133, 3.4282824993133545, 2.6481568813323975, 1.614315390586853, 2.044389009475708, 1.6750257015228271, 3.7049694061279297, 1.6277801990509033, 1.3732601404190063, 1.1940029859542847, 2.352372407913208, 0.9914216995239258, 0.5735039710998535, 1.8106842041015625, 0.22792363166809082, 2.687326669692993, 1.2378078699111938, 1.4504882097244263, 1.2664813995361328, 2.035013437271118, 3.1771512031555176, 0.3314945697784424, 1.0742257833480835, 2.8579065799713135, 0.6446762084960938, 2.0456857681274414, 2.645394802093506, 1.5293209552764893, 2.9468531608581543, 1.7336740493774414, 1.6922086477279663, 2.915402412414551, 1.3587474822998047, 1.4086986780166626, 2.739327907562256, 2.6760270595550537, 1.237505316734314, 2.555901050567627, 3.3186545372009277, 0.8179123401641846, 2.1026134490966797, 3.5636396408081055, 1.396512746810913, 2.6199827194213867, 2.5312061309814453, 1.3369967937469482, 4.092824459075928, 1.4957363605499268, 2.5596399307250977, 1.3914320468902588, 2.5281577110290527, 1.578011155128479, 1.9380779266357422, 1.4198237657546997, 1.7042311429977417, 0.8204882144927979, 2.3901515007019043, 0.8113492727279663, 3.5064053535461426, 1.0551197528839111, 1.972522497177124, 2.882896900177002, 1.8568694591522217, 2.198577404022217, 3.7418808937072754, 3.497053623199463, 2.111171007156372, 3.4067723751068115, 0.6758087873458862, 2.617095708847046, 3.0972392559051514, 2.668750524520874, 2.0158188343048096, 1.0021350383758545, 1.59537935256958, 2.4238760471343994, 0.6330900192260742, 1.4109842777252197, 2.1263649463653564, 1.6434102058410645, 1.084713101387024, 4.282421588897705, 1.4614856243133545, 2.6477227210998535, 2.478792905807495, 0.8116531372070312, 2.2005701065063477, 1.0512274503707886, 0.8746798038482666, 0.6511256694793701, 3.135175943374634, 2.1304163932800293, 3.6641504764556885, 1.777838110923767, 1.9953950643539429, 1.721266746520996, 0.8942701816558838, 2.3549294471740723, 2.6924705505371094, 2.223857879638672, 3.9933395385742188, 3.478419780731201, 4.51544189453125, 4.128533363342285, 3.511514663696289, 3.57853364944458, 3.113401412963867, 4.3819050788879395, 4.267952919006348, 3.99220609664917, 3.7750842571258545, 3.0216965675354004, 3.9140453338623047, 4.498981952667236, 3.2868595123291016, 3.6988472938537598, 4.214268207550049, 4.176025390625, 4.346652507781982, 3.669182300567627, 3.4713332653045654, 3.291055679321289, 3.8375396728515625, 5.5870361328125, 4.969538688659668, 5.157301902770996, 4.4499053955078125, 4.260093688964844, 5.81024169921875, 5.022488594055176, 4.675713539123535, 4.284716606140137, 4.18612003326416, 5.267549991607666, 5.435457706451416, 4.647441387176514, 5.083258152008057, 4.281403541564941, 5.607882976531982, 4.635175704956055, 5.0427350997924805, 4.707751274108887, 5.002528190612793, 4.844705581665039, 4.81395149230957, 4.7009077072143555, 5.37380313873291, 4.654966354370117, 5.4889020919799805, 5.3185882568359375, 4.83741569519043, 4.845447063446045, 4.642983436584473, 4.946619033813477, 5.230608940124512, 5.2211833000183105, 4.922103404998779, 4.871492862701416, 4.497747421264648, 4.600730895996094, 5.095634460449219, 5.301571846008301, 5.6537089347839355, 5.368699550628662, 4.835426330566406, 4.094302177429199, 5.194607734680176, 1.5055294036865234, 1.4460428953170776, 1.973867416381836, 2.3552234172821045, 1.0236135721206665, 2.0991029739379883, 2.011505126953125, 1.1920064687728882, 2.3775322437286377, 2.290968656539917, 4.240190505981445, 1.9479480981826782, 5.334384918212891, 3.4454588890075684, 0.8059695959091187, 2.0115532875061035, 5.114412784576416, 2.308917999267578, 2.177502155303955, 0.6853185892105103, 2.1273915767669678, 1.1079401969909668, 1.3423142433166504, 1.5014755725860596, 1.5234637260437012, 0.9023709297180176, 2.2379395961761475, 4.3170390129089355, 0.9721732139587402, 2.120500087738037, 2.4018912315368652, 1.926987648010254, 5.468552112579346, 0.8524821996688843, 3.4532132148742676, 1.8396906852722168, 5.042426586151123, 4.295267105102539, 1.1361321210861206, 0.6233348846435547, 3.338883399963379, 1.6495800018310547, 0.5951368808746338, 5.360586166381836, 4.169110298156738, 1.9545375108718872, 1.4374247789382935, 1.4200509786605835, 2.6155152320861816, 2.0499446392059326, 1.931815266609192, 4.589662551879883, 1.553768277168274, 1.3527448177337646, 4.644688129425049, 1.9861316680908203, 3.142223596572876, 2.6665964126586914, 3.6764907836914062, 1.9358856678009033, 2.3731491565704346, 0.7952691316604614, 1.5613927841186523, 1.016404628753662, 5.678402900695801, 3.984694719314575, 4.8419647216796875, 2.643965482711792, 3.6645703315734863], "params": {"iterations": 1510, "learning_rate": 0.014286, "depth": 3, "l2_leaf_reg": 3.4047e-06, "bagging_temperature": 2.5656, "random_strength": 4.1266, "border_count": 207}, "time_end": "2026-02-28T11:21:28.279009"}