{"model": "catboost_minilm_features-extract_supersense", "type": "test", "seed": 42, "time_start": "2026-02-28T11:51:12.408241", "mse": 0.7777853012084961, "accuracy": 0.4954682779456193, "corr": 0.8540225780166539, "precision": [0.8888888888888888, 0.2962962962962963, 0.32653061224489793, 0.38596491228070173, 0.7837837837837838, 1.0], "recall": [0.14285714285714285, 0.5333333333333333, 0.5925925925925926, 0.3384615384615385, 0.5178571428571429, 0.8909090909090909], "f1": [0.24615384615384617, 0.38095238095238093, 0.42105263157894735, 0.36065573770491804, 0.6236559139784946, 0.9423076923076923], "support": [56, 45, 54, 65, 56, 55], "confusion_matrix": [[8, 34, 12, 2, 0, 0], [0, 24, 19, 2, 0, 0], [1, 15, 32, 6, 0, 0], [0, 8, 33, 22, 2, 0], [0, 0, 2, 25, 29, 0], [0, 0, 0, 0, 6, 49]], "predictions": [1.607095718383789, 2.0067217350006104, 3.792117118835449, 0.9271420240402222, 2.4462544918060303, 0.3726673126220703, 1.6102454662322998, 0.16174817085266113, 0.8249757289886475, 1.3999890089035034, 2.1449825763702393, 0.8939741849899292, 1.5404653549194336, 2.984971523284912, 1.2244303226470947, 1.8728622198104858, 1.6882474422454834, 2.7166409492492676, 1.263630747795105, 1.6698336601257324, 1.087196707725525, 1.4260121583938599, 0.972985029220581, 1.4720765352249146, 2.82090163230896, 1.9849859476089478, 3.0067362785339355, 1.6145546436309814, 1.6649692058563232, 2.207374095916748, 0.8467153310775757, 1.8383042812347412, 1.1897876262664795, 2.300137996673584, 1.7829774618148804, 1.7246719598770142, 0.04091835021972656, 1.3277519941329956, 3.100019931793213, 1.8084852695465088, 1.5494327545166016, 0.2879023551940918, 4.028385162353516, 2.7734272480010986, 2.6388587951660156, 1.1533373594284058, 1.1191251277923584, 3.4535953998565674, 2.6265697479248047, 2.9188411235809326, 1.844230055809021, 1.784347414970398, 3.490535259246826, 1.803025245666504, 2.5638654232025146, 2.4930531978607178, 1.4110243320465088, 1.112874984741211, 2.7648868560791016, 2.082169532775879, 3.2539992332458496, 3.4122328758239746, 3.794491767883301, 1.749560832977295, 1.1727222204208374, 2.156883478164673, 1.6292750835418701, 1.133210301399231, 1.741382360458374, 2.619631290435791, 0.7547283172607422, 1.5944405794143677, 0.2290210723876953, 0.46491575241088867, 0.9485361576080322, 3.0630102157592773, 0.5106124877929688, 1.5167663097381592, 1.1396430730819702, 0.8181558847427368, 0.8704110383987427, 3.138795852661133, 1.6464097499847412, 0.5246944427490234, 0.8318837881088257, 0.4293687343597412, 1.074002981185913, 1.23585844039917, 1.7291747331619263, 3.381671905517578, 1.3118022680282593, 3.6877641677856445, 1.065272569656372, 3.03987717628479, 0.5384116172790527, 2.3923003673553467, 3.0881118774414062, 2.46669602394104, 1.8678593635559082, 1.5247178077697754, 1.7796998023986816, 3.4278807640075684, 1.7849009037017822, 1.6179776191711426, 1.223291039466858, 2.32993221282959, 1.4350333213806152, 0.8057786226272583, 1.6034964323043823, 0.6416767835617065, 2.3948748111724854, 1.3551156520843506, 1.7088996171951294, 1.5644397735595703, 1.882209300994873, 2.7497050762176514, 0.11470603942871094, 1.48002028465271, 2.726508855819702, 0.9434033632278442, 2.249255418777466, 2.748415231704712, 1.2309961318969727, 3.3608124256134033, 1.5279531478881836, 1.8974730968475342, 3.2061076164245605, 1.5434913635253906, 1.1768091917037964, 2.5051698684692383, 2.490837335586548, 1.42935049533844, 2.261408567428589, 3.3565478324890137, 0.8879166841506958, 1.9455028772354126, 3.3366355895996094, 1.6865992546081543, 2.9018635749816895, 2.7172648906707764, 1.2767059803009033, 3.914278507232666, 1.818169116973877, 2.6476569175720215, 1.393961787223816, 2.2636215686798096, 1.3837509155273438, 1.7716649770736694, 1.098791480064392, 1.9315489530563354, 0.9189736843109131, 2.036921262741089, 1.0796122550964355, 3.180048942565918, 0.6930150985717773, 1.9389212131500244, 3.366776466369629, 1.9524602890014648, 2.5326950550079346, 3.809426784515381, 3.1124765872955322, 2.269425392150879, 3.3298778533935547, 1.3773988485336304, 3.0117342472076416, 2.5200634002685547, 2.8988265991210938, 1.9827876091003418, 1.1193407773971558, 1.4236438274383545, 2.1061103343963623, 0.32793211936950684, 1.431756854057312, 2.3098528385162354, 1.7104136943817139, 1.0442193746566772, 3.9222240447998047, 1.4540629386901855, 2.5537118911743164, 2.369370460510254, 0.8885495662689209, 2.122532367706299, 1.1559278964996338, 0.9228208065032959, 0.8638180494308472, 3.515669345855713, 2.4834372997283936, 3.781208038330078, 1.7576477527618408, 1.895237684249878, 1.8410561084747314, 0.5903545618057251, 2.3088736534118652, 2.677701711654663, 1.9532135725021362, 4.001366138458252, 3.318809747695923, 4.213353157043457, 3.832202196121216, 3.171109914779663, 3.335102081298828, 2.87825870513916, 4.135715961456299, 4.224189758300781, 4.18515682220459, 3.576385736465454, 2.7147140502929688, 3.8281333446502686, 4.4485673904418945, 3.68713116645813, 3.764695644378662, 4.073523998260498, 3.9841506481170654, 4.374377250671387, 3.737791061401367, 3.4921793937683105, 3.074957847595215, 3.901752471923828, 5.5927581787109375, 4.941213607788086, 5.241174221038818, 4.5851359367370605, 4.2175703048706055, 5.702088832855225, 5.118144989013672, 4.6684675216674805, 4.272331237792969, 4.647157669067383, 4.889351844787598, 5.349393844604492, 4.778201580047607, 5.003060340881348, 4.555197238922119, 5.611823081970215, 4.743130207061768, 4.884701728820801, 4.910662651062012, 5.115573406219482, 5.1841020584106445, 4.935388088226318, 4.667078971862793, 5.1929168701171875, 4.374626159667969, 5.489246368408203, 5.1411333084106445, 4.793914794921875, 5.154877185821533, 4.821694850921631, 4.938497543334961, 5.07106351852417, 5.116818428039551, 4.8475661277771, 4.892666816711426, 4.630819320678711, 4.225248336791992, 5.199437141418457, 5.0818772315979, 5.518671035766602, 5.0324625968933105, 4.504629135131836, 4.3547186851501465, 5.1374053955078125, 1.9168078899383545, 1.4987655878067017, 2.030379056930542, 2.6415629386901855, 1.326836109161377, 2.4765408039093018, 2.0898547172546387, 1.181085467338562, 2.803410053253174, 2.4467692375183105, 4.568945407867432, 1.9878790378570557, 5.122562408447266, 3.7734017372131348, 1.0792133808135986, 1.7325773239135742, 4.752087593078613, 2.194230794906616, 2.2738871574401855, 0.8145884275436401, 2.1177871227264404, 1.342214822769165, 1.3968274593353271, 1.3336949348449707, 1.555984616279602, 1.1063358783721924, 2.023056745529175, 4.367331504821777, 1.1062207221984863, 2.3451027870178223, 2.127847194671631, 1.7536804676055908, 5.163332939147949, 1.1860203742980957, 3.2450950145721436, 1.9499435424804688, 5.058116912841797, 4.121076583862305, 1.359287977218628, 0.7111668586730957, 3.2382307052612305, 1.9923670291900635, 0.6913824081420898, 5.273359298706055, 3.6985392570495605, 2.0323100090026855, 1.2994059324264526, 1.347119688987732, 2.655620574951172, 1.9247431755065918, 1.9020609855651855, 4.806391716003418, 1.144031047821045, 1.2831344604492188, 4.611652851104736, 1.5720316171646118, 2.9410247802734375, 2.3071372509002686, 3.5831522941589355, 1.8351885080337524, 2.4007601737976074, 0.7441163063049316, 1.7689608335494995, 1.1519056558609009, 5.61860466003418, 3.9150373935699463, 4.775148868560791, 2.7163994312286377, 3.78446102142334], "params": {"iterations": 1510, "learning_rate": 0.014286, "depth": 3, "l2_leaf_reg": 3.4047e-06, "bagging_temperature": 2.5656, "random_strength": 4.1266, "border_count": 207}, "time_end": "2026-02-28T11:51:12.465658"}