{"model": "catboost_minilm_features-extract_3+syllable_count_ratio", "type": "train", "seed": 40, "train_losses": [], "val_losses": [], "time_start": "2026-02-28T11:26:34.808606", "mse": 0.13529663870469014, "accuracy": 0.8307692307692308, "corr": 0.9775087706246739, "precision": [1.0, 0.7769784172661871, 0.6079545454545454, 0.8260869565217391, 0.9322033898305084, 1.0], "recall": [0.7699115044247787, 0.7714285714285715, 0.9145299145299145, 0.7549668874172185, 0.8527131782945736, 0.9384615384615385], "f1": [0.87, 0.7741935483870968, 0.7303754266211604, 0.7889273356401384, 0.8906882591093117, 0.9682539682539683], "support": [113, 140, 117, 151, 129, 130], "confusion_matrix": [[87, 26, 0, 0, 0, 0], [0, 108, 32, 0, 0, 0], [0, 5, 107, 5, 0, 0], [0, 0, 37, 114, 0, 0], [0, 0, 0, 19, 110, 0], [0, 0, 0, 0, 8, 122]], "predictions": [3.1794029728128548, 0.7598435292815482, 0.4796416902207503, 2.81856636939138, 0.18282065313973073, 2.5679283051256467, 1.7945495495587847, 0.4105837418099014, 0.19492558536540638, 1.4498274133095452, 2.1863195758083864, 0.49460684485032314, 2.398155384342457, 3.850563337197598, 0.15943210499249805, 3.2974479162849173, 0.41162581232006046, 2.527891013338525, 0.33239669388603676, 1.2934648397847093, 2.0349931389996905, 3.8976581599765048, 0.42897588512317775, 4.022780861316026, 0.4253780534006082, 0.31340693094452465, 3.155534259912327, 1.501778049325876, 1.5659269912348877, 0.17673686550176138, 2.7100737091031752, 0.7246022193967776, 0.9696440404046662, 2.041379246918606, 1.3572372423328707, 3.0877028604256633, 2.9550937559260255, 0.34558280180590595, 0.3988120089091445, 2.7214964327750732, 1.154803853548085, 2.461292037282317, 3.8992847454169652, 1.7043348567429621, 0.5620747104512769, 0.7957248829324532, 4.083096134587846, 1.5913061765414414, 2.6659380982360226, 0.1384499801578012, 0.9152912589703881, 4.194376728638387, 3.232244746839236, 2.2077442739966244, 1.9220105896249324, 0.3892107946491725, 1.4306352190547318, 0.3134519767287198, 1.5058791456906204, 1.8110743886440637, 0.9466776266402774, 0.15441781076167915, 1.157081581263812, 0.1799290529888804, 1.1059786815705763, 0.38095190071936225, 1.205810289448786, 1.7021829725975923, 1.443952067323429, 0.19175827101895804, 4.401602123335172, 0.9166552064597, 0.17923873724632644, 3.253817786936488, 2.6373219100626684, 1.8472913723918327, 0.35177216130735234, 1.2997953076823754, 2.0214930105015974, 0.07951952735386136, 3.061283227456232, 0.33338989229658633, 0.6763487792200928, 3.6460558874687603, 2.2687102762329543, 2.7064628331104776, 3.297785163828422, 2.7651565554290274, -0.09167342971859149, 1.9365772238232548, 0.26103278601647073, 0.37416140765348826, 3.769035304916081, 2.584884631450779, 1.6265476871004436, 3.419108089849269, 1.675220741992292, 3.433786501421624, 3.2726669907478025, 1.7885409708736248, 1.360497067847614, 1.3158323363848976, 1.3696742782848559, 3.7154409512449273, 1.535596375193201, 1.719367388785766, 2.8000468438023893, 0.45488083123375667, 2.226943071138731, 0.5316885214881326, 1.51702006958357, 2.9503021778451637, 3.498072492121752, 3.3018793120336665, 0.04643268764566466, 2.422537043538667, 1.8744790999057268, 0.0010109784814118505, 2.7864455290949244, 1.6746226267856947, 2.6107249260059158, 1.580186527176401, 2.0356471501644178, 2.79301094360689, -0.006808506277398152, 1.9144438762949267, 3.2736748275060883, 2.220469775546289, -0.07409597580941618, 2.4380259942732057, 3.3232775684924984, 2.672083241744251, 2.162824536547779, 0.355522257362646, 0.8493590679282634, 1.900699860018853, 2.6005242057883806, 2.100646160323738, 2.1170426813308643, 2.1419808434077066, 0.3335223043202067, 0.37003504607938, 1.7646682548151298, 3.689008421169211, 3.4763710931702265, 2.8452490082968773, 1.3114846343736173, 2.5378685723272034, 1.8711143728478496, 0.10830986265630216, 2.3352597474914805, 2.1945130611899355, 3.7699901407441385, 0.325223233491863, 2.1148958285901065, 1.714445980517445, 1.7497074258688956, 2.88292446319918, 3.8097163775593916, 0.19445470803192721, 0.5493018543623414, 1.4651469702025617, 2.3132705648395606, 1.0268056063079363, 0.03686675549310081, 2.4301355691893454, 3.9191753211684843, 2.4756875770923576, 1.5994793492842558, 3.5492672843135784, 0.09287977518731116, 0.6963256214887308, 2.4796973837763074, 2.2683783639111077, 2.931860759875179, 3.825382256610947, 2.593076473295624, 2.686314830887634, 2.2649565736306787, 0.575196222058389, 2.124260771384812, 0.2878352939431248, 0.3705990723464123, 3.219855125694509, 1.6828416461810818, 2.780656113026157, 1.4360103198205714, 2.319833910090639, 3.0302305485629297, -0.02555905285690363, 2.489859642935234, 2.373162781364128, 3.1763106607337575, 1.219415618556973, 1.7938149350159032, 1.758861498312211, 0.7303077171523269, 1.7075449353301169, 1.026291459974834, 2.91688716718087, 2.5859173148724297, 1.0548826432553455, 3.0882369455665812, 3.169507065180375, 3.621770146439108, 2.391025907392904, 1.8188707144099658, 2.5920290513494186, 2.0068371884301497, 0.5212615470090451, 2.98894950015979, 0.3487397373917136, 0.44774581968319493, 1.792841952240741, 1.700169018356295, 3.6122453082573385, 3.8522663865479956, 1.5816788746587915, 1.6165402963836055, 0.475032990150543, 2.79152663263154, 2.511272640396443, 0.580508355357789, 2.169809894406571, 2.6016429029684947, 2.445862199218236, 3.5059874990527713, 1.061410604578881, 3.376580981534401, 3.0391923615043206, 2.651869649950519, 3.662042219371852, 0.4733636948356672, 3.827819318615579, 3.5480376080389844, 3.7006752307246087, 3.613302293530882, 0.11228910952303117, 0.8105142654488773, 0.6738808598472599, 2.9649529387666127, 4.467201488073335, 0.3785324399029779, 1.5470602863984193, 3.187354078172565, 4.280803515004617, 0.6468662390449407, 4.577034241344422, 3.4084456382613246, 0.4242296908805723, 1.8146109842945841, 2.03113924912433, 1.7970299659225422, 1.412448746353533, 1.7251981106843903, 3.195707172270748, 1.9391309054177066, 4.393080571042341, 1.7646147961230807, 3.4277145906138657, 0.21391161677715287, 3.580961012102699, 1.6084257497681902, 2.9694787932070765, 3.9264888596560423, 1.3728481213103132, 1.2472114047555545, 1.0613865202772323, 2.479193603048204, 2.8376195346394346, 0.7797781684627818, 0.159606709734875, 2.988334678939073, 3.2419347396694302, 2.1191318116786713, 4.182676938531812, 0.2599590126300826, 2.3916558230703417, 1.5504537427348164, 2.6432259189875, 1.8960705433741172, 0.8837334936430075, 1.1537773109545704, 0.5110247630952571, 3.2187791002751807, 0.3211149691287649, 1.1808897195383865, 0.6555712751758951, 1.203620425917062, 0.3153502404172741, 2.227198546623132, 2.9159042901746886, 3.418883241367961, 1.697702041343703, 2.8156246158295564, 1.59170239558925, 1.6886761158188444, 3.143775843217897, 3.2371221434723463, 2.3925444251360943, 2.6301271987882053, 1.8301347901781724, 2.5654120735821007, 0.4480059618974006, 2.9627837587726154, 3.711525681445095, 4.222753415927884, 3.757033035403304, 3.8958650114923254, 3.611755543758799, 3.9868439033261485, 3.6627564823700443, 4.441367141384397, 3.479270566825055, 4.289288546775373, 3.854382354949287, 4.21069540078155, 4.137130101712567, 4.182635346271499, 4.040899297975497, 3.9174390340876615, 3.8287271109739036, 3.7068927591847265, 3.710735585236198, 3.770064625590258, 4.296689813102738, 3.4891520779526886, 4.066454540372776, 4.181997648747489, 3.8450000961546698, 3.8755716898895374, 4.36372252468716, 3.910247881770851, 5.188338178774227, 5.22529179266736, 4.790792440033721, 4.782937020797282, 5.055218660188975, 4.930039260878646, 4.947469871613907, 5.345734895571663, 4.62926347541059, 4.767986761141052, 4.909422244193452, 4.81516201945519, 4.9456866333305785, 5.075839707709514, 4.581739884145813, 5.168756505477791, 4.866873149874255, 5.225647083635041, 4.811639667393945, 4.67102785302537, 4.5785711629440184, 5.0827278938321125, 4.856733180502871, 5.249281830890384, 5.081132136266441, 4.773343703182382, 4.751014481919999, 5.051937223269194, 4.50385779245846, 4.682170501428693, 5.117731038754426, 