{"model": "catboost_minilm_features-extract_punctuation", "type": "train", "seed": 41, "train_losses": [], "val_losses": [], "time_start": "2026-02-28T11:32:13.181957", "mse": 0.13283895398496182, "accuracy": 0.8333333333333334, "corr": 0.977753374597168, "precision": [0.9770114942528736, 0.7753623188405797, 0.6352941176470588, 0.8275862068965517, 0.9166666666666666, 1.0], "recall": [0.7522123893805309, 0.7642857142857142, 0.9230769230769231, 0.7947019867549668, 0.8527131782945736, 0.9230769230769231], "f1": [0.85, 0.7697841726618705, 0.7526132404181185, 0.8108108108108109, 0.8835341365461847, 0.96], "support": [113, 140, 117, 151, 129, 130], "confusion_matrix": [[85, 28, 0, 0, 0, 0], [2, 107, 31, 0, 0, 0], [0, 3, 108, 6, 0, 0], [0, 0, 31, 120, 0, 0], [0, 0, 0, 19, 110, 0], [0, 0, 0, 0, 10, 120]], "predictions": [3.225221076713842, 0.8865437112677965, 0.4547826390062033, 2.860364392378302, 0.26621827070625415, 2.519631718389769, 1.8121987523467054, 0.4318630168584865, 0.21554612924638983, 1.3446277400135251, 2.17495575295147, 0.4319643580686652, 2.3266437230945964, 3.8540819378874045, 0.21520164624876337, 3.2977520170051164, 0.3953506351643674, 2.5014460185051015, 0.3061791761698536, 1.282694383690557, 1.991444569581883, 3.8236877649547525, 0.42413041139653984, 3.9229838273701043, 0.4648423490052336, 0.24020322452041176, 3.206475640986926, 1.5108175317460442, 1.5817146092780647, 0.1798455290310801, 2.7440266801192235, 0.6855573079452342, 1.0492002567767256, 2.1165516428561517, 1.255729893480639, 2.945875185092385, 2.9247035252491846, 0.2677659255008553, 0.34391211759661067, 2.8206210481081526, 1.1028561221554483, 2.484402921020102, 4.034073583918927, 1.6567513970254404, 0.5966563236732327, 0.8057700867096409, 4.049524576549958, 1.580954835603269, 2.5111037396059133, 0.13875300469876173, 0.8854903209127871, 4.19313031530495, 3.253681814565206, 2.2619398363409715, 1.8295153499730787, 0.2898963288664391, 1.4499325994923238, 0.2071006652753664, 1.5312120273732197, 1.775929480552326, 0.9983430439791885, 0.22046057979470124, 1.125375644537096, 0.2213067722323676, 1.0611713345660054, 0.31567172948975797, 1.1426983941366478, 1.584509933285397, 1.4137578742188799, 0.2657398172977805, 4.472680546988615, 0.7773501111101462, 0.19882023611323874, 3.2453918733662097, 2.594488150818157, 1.8536741865240702, 0.32414289701337573, 1.2314561976745606, 1.9592283164910984, 0.17629762514261582, 3.1779822078150817, 0.347465677392623, 0.6961593290833217, 3.5553979001691953, 2.3850468436857057, 2.6564861988895125, 3.258541781850766, 2.7313338722273546, -0.03170528913652548, 2.0240784858252736, 0.32672762698611857, 0.37813983515795924, 3.744673573694442, 2.529026381394687, 1.6236078581117432, 3.410408129142715, 1.6703085512302476, 3.3684996347235603, 3.2362401502787987, 1.650233499761924, 1.371603753265568, 1.3060352501738672, 1.3150446196567134, 3.667425551160031, 1.616039159601316, 1.6703932797332777, 2.79985693262351, 0.2969628355070255, 2.340983856052973, 0.4400144441515179, 1.5825346434895984, 2.981187260660903, 3.5132881249650003, 3.258435233104372, 0.034090405456657535, 2.3519060544343775, 1.8610793290089496, -0.04118540590242814, 2.7668034225399247, 1.7539413036995186, 2.75590117785275, 1.5080861516545516, 2.209880126576357, 2.894317574182624, 0.018398779440877533, 1.8886017661048422, 3.3098707382034327, 2.1890025306241103, -0.0048600353439502975, 2.4757699839489193, 3.361277426928332, 2.763712020302742, 2.073764383753226, 0.4552580782958482, 0.8424135166256081, 1.949070168465694, 2.770069174222998, 1.928426806372363, 2.115075817633539, 2.2107975494406467, 0.3400443890077751, 0.4936018746622217, 1.6238271845513572, 3.724095033308416, 3.550003775850918, 2.8137607592916005, 1.3275205184019665, 2.5066503871373604, 1.914074071637336, 0.18498347013051886, 2.3679229632940326, 2.1755392045400437, 3.8581960052953335, 0.3371679788225954, 2.1780381543662335, 1.659056226688135, 1.7448286533305704, 2.6997597355904133, 3.9048544155300027, 0.16031085870043515, 0.5780232893732893, 1.509293014763437, 2.330488283153818, 1.0031867133222903, 0.06035016979571051, 2.354535339520404, 3.9284279898780947, 2.3339681850278784, 1.5357854747845314, 3.6311947854597606, 0.18380064377131644, 0.6862028804900866, 2.520309894721926, 2.2729390277930865, 2.891789761045289, 3.799154950570925, 2.5099873648201254, 2.543759022684798, 2.2343570547946157, 0.5529513366441776, 2.1594482675355215, 0.27710815988313797, 0.4012195582923952, 3.1870437461375354, 1.7262278683343775, 2.8155923280000246, 1.4013970569702683, 2.239444014457922, 3.1046905960319493, -0.056874735634850904, 2.5628345758525763, 2.3355848166718323, 3.1379628289729347, 1.2439208846345178, 1.7137956256481126, 1.7775650243606171, 0.6793429428204172, 1.6770718980418557, 0.948368099731836, 2.891619351202758, 2.517871028543583, 0.9871945057681357, 3.133967673872294, 3.302472419793088, 3.6139860866859603, 2.2498432835122566, 1.7662281213954794, 2.661372952128093, 1.980234586234778, 0.6182459424296793, 2.9601175084794766, 0.39485640501510444, 0.4109888586124084, 1.7451658813040956, 1.6536410356485385, 3.62415293144113, 3.841436621696378, 1.599406044257912, 1.583100771574978, 0.4658234186661905, 2.764385257966259, 2.4402940138619855, 0.5757784488764421, 2.111008462088032, 2.546426653778405, 2.4797480451973413, 3.480609862344873, 1.00577025814103, 3.3343859608337096, 3.0600374292701966, 2.6403676063249133, 3.7030081477002863, 0.49096335070717023, 3.801115797740486, 3.606224746335157, 3.708001028098235, 3.608911535708846, 0.14582546872381874, 0.7695367603780217, 0.7394376897725987, 2.8373721666265586, 4.414923046586674, 0.332457112698747, 1.460277550187401, 3.247485255221795, 4.26805475221424, 0.6642537470387153, 4.53801163975873, 3.4243593183885137, 0.32348712982319716, 1.842669552140369, 2.1370169182813545, 1.783177773438097, 1.416154545409793, 1.7032787773139226, 3.125524097962275, 1.8818163866627486, 4.4185444942482075, 1.786722292547248, 3.531534869914558, 0.120683321121549, 3.512964641864912, 1.583878808176935, 2.978167547931696, 3.7649013643118847, 1.3791500064214803, 1.2071714003267484, 1.088084146619167, 2.5512586110562596, 2.8368216616920052, 0.8015221858325092, 0.17316357672497817, 2.9376743444317923, 3.3208163957201347, 1.9319101860269678, 4.349573525106411, 0.2905920397680064, 2.479976684667274, 1.6412269314799888, 2.570139403042286, 1.8664457601309157, 0.9659768656676191, 1.218334519287868, 0.4701792083156917, 3.053383965447294, 0.24280886852540018, 1.1435547052285553, 0.6308915947435294, 1.1975073634241868, 0.2989214232475552, 2.3135385853959387, 2.94174842753998, 3.4095828012118705, 1.6894741685620924, 2.7905433392927184, 1.4808582296898727, 1.6817904520469704, 3.187613615869637, 3.26427488759344, 2.357656936679365, 2.6670760288342663, 1.9361657577982199, 2.569853298126381, 0.5530904853149414, 3.0009298523091097, 3.779966253177422, 4.25689559109524, 3.8021245037618803, 3.8322511157374626, 3.549415841717771, 3.8539207635527504, 3.679196669502689, 4.382109966859782, 3.5222515504646985, 4.339990567696459, 4.034820761071189, 4.172070354078387, 4.031352776155494, 4.17805298178887, 3.9898874446319446, 3.9255969066776206, 3.772548179817578, 3.713117145216213, 3.6881973115386364, 3.7156417704180056, 4.389867058946029, 3.442817843237028, 4.072875482302633, 4.209612125902409, 3.8181030773805142, 3.8584698399763955, 4.37365736457122, 4.065860284900714, 5.167084320206964, 5.200970601156344, 4.805926362080552, 4.818037592212242, 5.079445397882838, 4.89476170778573, 5.037566304457982, 5.347520210206195, 4.57828677908878, 4.827418279883158, 4.808024734402506, 4.8623790647601055, 4.9774191926004265, 5.105160278706004, 4.543123877832887, 5.182112260535295, 4.928909311969582, 5.177742005803011, 4.853501808663889, 4.657407869310781, 4.542047144662426, 5.146349551377938, 4.830837660647281, 5.348309286365849, 5.112680466835402, 4.754710872881128, 4.790979898563672, 5.084285881664822, 4.460801088516623, 4.6968534106967805, 5.13612981320809, 4.593179120670992, 