{"model": "catboost_minilm_features-extract_sentence_length_by_word", "type": "train", "seed": 42, "train_losses": [], "val_losses": [], "time_start": "2026-02-28T11:16:46.945972", "mse": 0.13111103621256764, "accuracy": 0.8320512820512821, "corr": 0.9781201456721796, "precision": [1.0, 0.7655172413793103, 0.6309523809523809, 0.8194444444444444, 0.9230769230769231, 1.0], "recall": [0.7522123893805309, 0.7928571428571428, 0.905982905982906, 0.7814569536423841, 0.8372093023255814, 0.9307692307692308], "f1": [0.8585858585858586, 0.7789473684210526, 0.743859649122807, 0.8, 0.8780487804878049, 0.9641434262948207], "support": [113, 140, 117, 151, 129, 130], "confusion_matrix": [[85, 28, 0, 0, 0, 0], [0, 111, 29, 0, 0, 0], [0, 6, 106, 5, 0, 0], [0, 0, 33, 118, 0, 0], [0, 0, 0, 21, 108, 0], [0, 0, 0, 0, 9, 121]], "predictions": [3.1192497245696, 0.8775329574752111, 0.5431308667692281, 2.8422060366531294, 0.2939279098096015, 2.557055140567008, 1.8351311991580315, 0.394021220144948, 0.2085296750422736, 1.3691090935408112, 2.2067931245088235, 0.49223008804980894, 2.3632384078061386, 3.733432678311245, 0.09385884252602406, 3.307803950966215, 0.498459167218134, 2.5614883762501517, 0.26932816630172685, 1.2317676404685052, 2.0638415355059228, 3.895332559169976, 0.42382774515823085, 3.961593437296851, 0.3706684257193933, 0.24230689587706022, 3.1877902826449347, 1.5272806940255277, 1.5971733465980456, 0.14905461355718508, 2.7811531667184166, 0.7525372208355985, 1.0685865410141375, 2.158947811327338, 1.244570606091466, 3.143652253210779, 2.901724684832546, 0.28383981752032605, 0.35265302520900343, 2.814733008207554, 1.1494694580656741, 2.5173752196920196, 3.9557276273917097, 1.6847143636561612, 0.5579855182628641, 0.8011882134517498, 4.031335473991184, 1.4777788495845683, 2.5825976515336757, 0.11499012413323895, 0.9452888514161932, 4.169672927219877, 3.242150656816123, 2.264519213346186, 1.8059381595329667, 0.2992270026834474, 1.4563547097220462, 0.15184311992546728, 1.5767496383871802, 1.8285308913925755, 1.0885322730356581, 0.1755467970717901, 1.1213286911920821, 0.18980426539978534, 1.1492713461721722, 0.33113225137717217, 1.192453335006635, 1.6755951023309794, 1.4579424797261842, 0.19575499865940182, 4.438472385933078, 0.8821616722243462, 0.17481436874751255, 3.2936441546851514, 2.5904830974676476, 1.8776844681463567, 0.24763686120627382, 1.2563382032811004, 1.9227113512163747, 0.13156829163341044, 3.1449065389423554, 0.4258771846075886, 0.7673513451060217, 3.650296646476864, 2.351983541405574, 2.789008009325533, 3.3470088136474607, 2.6610712130538205, -0.14120834837380158, 2.0179526258706644, 0.36046922967977046, 0.40589740709684996, 3.840806290472643, 2.6418012234351895, 1.6509945479976853, 3.300946691979214, 1.6873398652759897, 3.3490222334857087, 3.352978987556472, 1.7257516308742304, 1.4099947571474878, 1.3621639049016592, 1.2365184516758065, 3.6878967013270145, 1.6586629654913831, 1.649472277069142, 2.7479190517033185, 0.351240140093827, 2.28908405388957, 0.5177936640904033, 1.5347971007402392, 2.9216328362605632, 3.527264332918628, 3.3232082957626963, 0.04000225385742162, 2.4248599514455114, 1.8883278712486917, -0.03715839128291165, 2.734687805376061, 1.7790519020312299, 2.6922238377524907, 1.520038382393364, 2.1592134052341825, 2.878279625216012, -0.11694651917355614, 1.879299336388753, 3.336076997445221, 2.2530773910146173, -0.08376219617827907, 2.4306377874045992, 3.2821107622048036, 2.707283052762467, 2.0735232565070003, 0.40132253623076863, 0.7469609710169269, 1.8905293701246362, 2.7068289052715016, 2.0173895684612906, 2.114135533695333, 2.115066040566726, 0.4060612544972555, 0.34026429792429536, 1.767250395744159, 3.7651886943364814, 3.670138125184661, 2.7995572033851044, 1.3815426061193814, 2.4958293348625484, 1.7949046194907194, 0.22209480543077653, 2.3218707943855947, 2.1988498956559064, 3.770517252044177, 0.33818020450330755, 2.1547430574576927, 1.7101992015849867, 1.6982586672196769, 2.7368694719391238, 3.8506384417413955, 0.1742123169955203, 0.5619015635966829, 1.5471496278493881, 2.283152274930432, 0.9430490554083188, 0.11226980303963963, 2.344147683866274, 3.9165170517014776, 2.375102703181355, 1.6028974752825342, 3.665767249311503, 0.15409943833249518, 0.6326286630573081, 2.5053243022297176, 2.2956026206650804, 2.948670509193125, 3.8241037964135893, 2.51686360360102, 2.5274063950720786, 2.1596924533812834, 0.4865698968951362, 2.2123478750429415, 0.24613355847932805, 0.369893506595544, 3.2753113871059565, 1.7403438109754297, 2.6920877446832967, 1.427982132956591, 2.325539701461592, 3.043165921177711, 0.07256133675637821, 2.5521367667496833, 2.2622173870553435, 3.129074755940398, 1.1783245360154355, 1.7583724141397208, 1.8063183248536667, 0.6465069982486074, 1.7065133601567837, 0.9631346823945697, 2.9964907423023277, 2.5455956741277492, 1.0472848843446316, 3.178418128204937, 3.2507408212145195, 3.6339227181508367, 2.476360951843314, 1.8236467804602703, 2.6584879990959163, 2.102000370429209, 0.4932360376435123, 2.940666679507993, 0.330549993297069, 0.4639111689052924, 1.7854008558918855, 1.7121325845118927, 3.6721284503297467, 3.8127463929822127, 1.5232370589105098, 1.5747204353596216, 0.5040859220586384, 2.7972102234716263, 2.426602989804804, 0.5509003038532949, 2.12594462296717, 2.561175466434137, 2.497408178435226, 3.5372338596074293, 1.1306293745654294, 3.3315287913573224, 3.0595078495545196, 2.759393241326435, 3.6474263739926185, 0.48801216574330075, 3.7554153722449746, 3.4097087408658187, 3.606550237582664, 3.5464689365696547, 0.055445750198780175, 0.7898153109042247, 0.7709257022812128, 2.905527910939095, 4.394194786949877, 0.36163300493531514, 1.4896548906803542, 3.214017993901485, 4.313417707580795, 0.6679292426822216, 4.649378982687084, 3.390245591909329, 0.36048875534437785, 1.9023573008426986, 2.014998007227361, 1.9248734245211043, 1.5139320932924902, 1.6688651033620765, 3.211425918270175, 1.8912240305236137, 4.398300843583852, 1.7354747219968853, 3.417299893504879, 0.19439985834533635, 3.5545588957041785, 1.552991281239916, 2.9922376633943726, 3.684312674351096, 1.4211728361143852, 1.171200475671612, 1.0865627258048143, 2.3965035453132613, 2.8317053741419347, 0.7138166442200264, 0.21530203205815557, 2.8828673116488335, 3.3228421347221704, 2.034497406919623, 4.261213215504518, 0.25902947400623555, 2.448702823661803, 1.629371712907099, 2.700881096289266, 1.8608862332899614, 0.9130416381228006, 1.2444205258545527, 0.5235827466115335, 3.1626362828020866, 0.2396021019258061, 1.0835582639651475, 0.6814905843402326, 1.167745986459433, 0.30349174419770586, 2.2794253331706473, 2.868863055981023, 3.4687004813727333, 1.7506680765001357, 2.736746081766393, 1.5515677650110455, 1.6524072324598742, 3.154501535699208, 3.2086439176382897, 2.299754263678251, 2.6443076974929953, 1.785968272655027, 2.589648288344664, 0.4949912819041451, 2.90484876288342, 3.7324894281512977, 4.167463368909737, 3.7318948369294525, 3.867769601486418, 3.5561147382410043, 3.8249655570255947, 3.7056642393140655, 4.373580912004231, 3.5010372979874185, 4.334514260806733, 3.955408414353097, 4.231242270046215, 4.116900708966993, 4.126290395337515, 4.086281755610839, 3.927024124845837, 3.813912683459549, 3.7585051371824223, 3.687719446026837, 3.774560483531788, 4.33220217281402, 3.445972519459013, 4.1098550832308085, 4.181493810645115, 3.8703692838274026, 3.7996806078393446, 4.3265249010089235, 4.016688502967551, 5.223581102046765, 5.239086576054154, 4.836694948026821, 4.775384159210063, 5.116783250929368, 4.881716927756687, 4.889987220894893, 5.295623509838444, 4.668737032024721, 4.8257253656256065, 4.8937329638971825, 4.816405088693681, 5.053677934823716, 5.069959439667078, 4.663170527363283, 5.129282679375489, 4.862980561114131, 5.1361610503892425, 4.861251824083422, 4.6574471842304215, 4.573158117870472, 4.991286415517318, 4.879220000488678, 5.229989771039292, 5.10068004449341, 4.8387871590192475, 4.804517078716881, 4.937814910392896, 4.497557209979372, 4.749339027390963, 