{"model": "catboost_minilm_features-extract_sentence_length_by_word", "type": "test", "seed": 42, "time_start": "2026-02-28T11:17:26.032325", "mse": 0.7224910259246826, "accuracy": 0.4773413897280967, "corr": 0.8654018026234032, "precision": [0.8888888888888888, 0.2564102564102564, 0.3333333333333333, 0.39655172413793105, 0.7073170731707317, 0.9782608695652174], "recall": [0.14285714285714285, 0.4444444444444444, 0.6111111111111112, 0.35384615384615387, 0.5178571428571429, 0.8181818181818182], "f1": [0.24615384615384617, 0.3252032520325203, 0.43137254901960786, 0.37398373983739835, 0.5979381443298969, 0.8910891089108911], "support": [56, 45, 54, 65, 56, 55], "confusion_matrix": [[8, 34, 11, 3, 0, 0], [0, 20, 24, 1, 0, 0], [1, 15, 33, 5, 0, 0], [0, 9, 31, 23, 2, 0], [0, 0, 0, 26, 29, 1], [0, 0, 0, 0, 10, 45]], "predictions": [1.9013197422027588, 2.0119214057922363, 3.862734317779541, 1.028175711631775, 1.960972547531128, 0.17708945274353027, 2.035944700241089, 0.23103857040405273, 0.7957974672317505, 1.6258678436279297, 2.3716847896575928, 0.841208815574646, 1.7258386611938477, 2.7087292671203613, 1.0937776565551758, 2.378911018371582, 1.6126835346221924, 2.6260366439819336, 1.1700506210327148, 1.8149244785308838, 0.9748719930648804, 1.1783561706542969, 0.6598551273345947, 1.6236011981964111, 2.3086276054382324, 1.846123218536377, 3.243025779724121, 1.713944435119629, 1.4810795783996582, 2.3702375888824463, 0.4673624038696289, 1.806917667388916, 1.621606707572937, 2.1923694610595703, 2.25186824798584, 2.106492519378662, 0.5896831750869751, 1.2146943807601929, 3.5858471393585205, 1.532996416091919, 1.3889085054397583, 0.19797849655151367, 3.489528179168701, 2.38507080078125, 2.407749891281128, 1.6332743167877197, 1.2751498222351074, 3.6314444541931152, 3.07835054397583, 2.978930950164795, 1.6324204206466675, 1.7719417810440063, 3.8975889682769775, 1.4382182359695435, 2.909219264984131, 2.4396450519561768, 0.9676791429519653, 0.7656987905502319, 3.036257743835449, 2.159595012664795, 3.21767520904541, 3.323577880859375, 3.4744510650634766, 1.5624934434890747, 1.3157414197921753, 2.330528974533081, 1.751359462738037, 1.2481427192687988, 2.0837931632995605, 2.831536293029785, 0.7340211868286133, 1.9844279289245605, 0.19930028915405273, 0.6260299682617188, 1.1134464740753174, 2.7751197814941406, 0.20473575592041016, 1.5192809104919434, 1.2785149812698364, 1.018117070198059, 1.0097553730010986, 3.3924989700317383, 1.5266717672348022, 0.5138893127441406, 1.0750300884246826, 0.2879021167755127, 0.9825015068054199, 1.436545729637146, 1.851585865020752, 3.2488558292388916, 1.3623037338256836, 3.944348096847534, 1.1918878555297852, 3.0925989151000977, 0.787625789642334, 2.6485373973846436, 3.6271986961364746, 2.5661661624908447, 2.0370705127716064, 2.008197069168091, 1.9308726787567139, 3.3971104621887207, 1.5427141189575195, 1.4440380334854126, 1.0885770320892334, 2.309091806411743, 1.0862188339233398, 0.5809007883071899, 1.913135051727295, 0.529855489730835, 2.955601215362549, 1.5238085985183716, 1.4599313735961914, 1.218592643737793, 2.096787691116333, 2.9153013229370117, 0.3574035167694092, 1.0291377305984497, 2.791321277618408, 0.5575680732727051, 2.2899904251098633, 2.7128472328186035, 1.5347867012023926, 2.7989590167999268, 2.04030179977417, 1.8377013206481934, 3.01631760597229, 1.2558112144470215, 1.411745309829712, 2.8149640560150146, 2.5664851665496826, 1.131072998046875, 2.7602038383483887, 3.3844046592712402, 0.925878643989563, 1.954437017440796, 3.4519104957580566, 1.7985813617706299, 2.5959413051605225, 2.6503756046295166, 1.313787817955017, 3.9854111671447754, 1.4148224592208862, 2.6584365367889404, 1.597490906715393, 2.552726984024048, 1.682945728302002, 1.9675323963165283, 1.4890450239181519, 1.7950935363769531, 0.9482265710830688, 2.2798140048980713, 0.9793391227722168, 3.4882125854492188, 1.0996003150939941, 1.8000376224517822, 2.931748628616333, 1.7951688766479492, 2.3313686847686768, 3.7330856323242188, 3.460930824279785, 2.318469285964966, 3.3434481620788574, 0.9470539093017578, 2.816281795501709, 2.8779449462890625, 2.6768903732299805, 2.0842716693878174, 1.076550006866455, 1.4317071437835693, 2.44296932220459, 0.43518495559692383, 1.501969575881958, 2.424253463745117, 1.6805922985076904, 1.3097755908966064, 4.110111713409424, 1.5882537364959717, 2.5653533935546875, 2.4948337078094482, 0.9493567943572998, 2.336007595062256, 1.0120859146118164, 0.6748265027999878, 0.7651677131652832, 3.218114137649536, 2.083914041519165, 3.7381954193115234, 1.8490245342254639, 2.1590991020202637, 1.4737082719802856, 1.1481995582580566, 2.289011240005493, 2.558004140853882, 2.2521677017211914, 4.022684097290039, 3.5552291870117188, 4.4856061935424805, 3.9588961601257324, 3.462580442428589, 3.447554111480713, 3.077861785888672, 4.39440393447876, 4.316612720489502, 4.0949506759643555, 3.56703782081604, 3.077658176422119, 4.046143531799316, 4.748228549957275, 3.4287497997283936, 3.6518311500549316, 4.1687235832214355, 4.013800144195557, 4.2978949546813965, 3.7942800521850586, 3.49942946434021, 3.3768410682678223, 3.766683578491211, 5.535653114318848, 4.830211639404297, 5.044562339782715, 4.331567764282227, 4.27649450302124, 5.480416297912598, 4.964774131774902, 4.492063522338867, 4.340814113616943, 4.426689147949219, 5.080568313598633, 5.495326995849609, 4.680932521820068, 5.312731742858887, 4.437911033630371, 5.559469699859619, 4.771624565124512, 5.267282962799072, 4.679905414581299, 5.1308135986328125, 4.6670241355896, 4.976414203643799, 4.7185258865356445, 5.425803184509277, 4.668924331665039, 5.344085216522217, 5.4026103019714355, 4.872680187225342, 4.921478271484375, 4.728707313537598, 4.87265157699585, 5.192877769470215, 5.147014141082764, 4.9508514404296875, 4.919546604156494, 4.414886951446533, 4.581770896911621, 5.2290544509887695, 5.296977996826172, 5.543947219848633, 5.365724563598633, 4.687382698059082, 3.9926071166992188, 5.250469207763672, 1.6858940124511719, 1.31062650680542, 1.8540351390838623, 2.4204139709472656, 1.0185703039169312, 2.116711139678955, 2.129305124282837, 1.0552356243133545, 2.356881618499756, 1.8709163665771484, 4.240656852722168, 2.142291307449341, 5.284799575805664, 3.591698169708252, 0.8229918479919434, 2.088245153427124, 5.134993076324463, 2.2660646438598633, 2.13887882232666, 0.8753131628036499, 2.1867358684539795, 1.2318496704101562, 1.4814549684524536, 1.4946049451828003, 1.691312551498413, 1.0237582921981812, 2.253246784210205, 4.277198314666748, 1.0946506261825562, 2.0945425033569336, 2.7349982261657715, 2.041395664215088, 5.270809173583984, 0.5961174964904785, 3.3534586429595947, 1.9779161214828491, 5.049983978271484, 4.255880832672119, 1.300925612449646, 0.7261354923248291, 3.447178840637207, 1.6277148723602295, 0.5944314002990723, 5.256957530975342, 3.839874267578125, 1.8230161666870117, 1.2180016040802002, 1.6437594890594482, 2.6187169551849365, 2.0522871017456055, 1.8966469764709473, 4.733595848083496, 1.6425447463989258, 1.303572416305542, 4.524537563323975, 1.7504384517669678, 2.6475579738616943, 2.5856196880340576, 3.5408005714416504, 1.8221137523651123, 2.290234088897705, 0.7506170272827148, 1.8648569583892822, 0.8998827934265137, 5.649442195892334, 4.024998664855957, 4.817831993103027, 2.72701358795166, 3.6216039657592773], "params": {"iterations": 1510, "learning_rate": 0.014286, "depth": 3, "l2_leaf_reg": 3.4047e-06, "bagging_temperature": 2.5656, "random_strength": 4.1266, "border_count": 207}, "time_end": "2026-02-28T11:17:26.116081"}