{"model": "catboost_minilm", "type": "train", "seed": 42, "train_losses": [], "val_losses": [], "time_start": "2025-12-31T20:12:34.507908", "mse": 0.02956747841398599, "accuracy": 0.9974489795918368, "corr": 0.9956323587367021, "precision": [1.0, 1.0, 0.9855072463768116, 1.0, 1.0, 1.0], "recall": [1.0, 1.0, 1.0, 0.9873417721518988, 1.0, 1.0], "f1": [1.0, 1.0, 0.9927007299270073, 0.9936305732484076, 1.0, 1.0], "support": [73, 42, 68, 79, 65, 65], "confusion_matrix": [[73, 0, 0, 0, 0, 0], [0, 42, 0, 0, 0, 0], [0, 0, 68, 0, 0, 0], [0, 0, 1, 78, 0, 0], [0, 0, 0, 0, 65, 0], [0, 0, 0, 0, 0, 65]], "predictions": [1.8876557639201108, 3.9931824118359343, 0.09037573690746648, 4.891817555553123, 0.0638724030401141, 1.9907464723657187, 2.9849000988524357, 1.8186262893523706, 1.153425288290397, 2.2346033666351737, 0.1709611241972504, 0.14404959400763495, 1.8427061599784942, 4.877288493077832, 3.771996066654001, 0.14125271756843905, 1.9680218375747227, 1.936746094473159, 3.9508735578765557, 2.004234626255152, 1.9049023433291468, 3.86551065247989, 4.831914751899088, 3.0744059312285428, 0.9091637687538912, 0.06128587209035974, 3.833669394048796, 0.25683436282893357, 4.857696377260487, 2.9488067616649563, 2.2531630828735363, 5.242634325858196, 3.2097450022951897, 4.074101084021653, 1.0434818878447165, 2.678419504205869, 4.836967629459565, 1.9230457331642163, 2.8314491681645038, 3.9297468449908113, 5.074277141011816, 3.7641730067292922, 2.8273637329539723, 1.9239822042631354, 1.0608771558029075, 3.9154713443665563, 1.0216794664291644, 3.053726609968886, 0.9492729636671093, 0.024641221381568545, 3.984449309738494, 4.0692631760539335, 3.7107022544382735, 4.955869448524179, 5.102707665969274, 2.172639721285655, 0.23205431868312587, 3.024636039412389, 1.8182066962648844, 3.720874584735564, 2.8711330239570825, 3.9261282407598284, 1.032421065505975, 2.6149930563771164, 0.18348297608251318, 0.2657220678270953, 2.0267533488446547, 1.9373322514088582, 2.8171916395547303, 2.041242524134104, 2.2892993169206317, 2.989508714972422, 4.9173573990034285, 0.22338251450664703, 4.742948946984969, 4.940218568223458, 4.963247893851397, 2.503608655315774, 1.9457672322746378, 3.916444916877407, 1.1104890570098371, 1.8279454663741315, 1.9051678803900942, 3.823306502754086, 1.0556864020881314, 5.075781800510071, 0.117003569563769, 1.6944046396010115, 4.851306852783113, 1.0654361447730092, 1.0785143377553352, 4.842035905069111, 5.076398205923109, 2.8634444607999336, 2.9354244037945327, 3.945574868005293, 2.110509960890622, 1.9861705995849688, 3.731487879383629, 1.9247312685856084, 0.23036532247246955, 0.18919628876444827, 4.044573487060513, 0.14574245786969486, 0.18345642564411735, 0.2399643986638611, 2.8900704050155186, 1.0560904396962034, 1.1533586040811588, 0.42578206105000094, 3.84403839351215, 2.767191097571962, 0.3266510596614318, 4.17571889957256, 1.8135935903499671, 5.117029697787465, 3.031306604744589, 3.185078134121408, 2.617772032187962, 0.21423043112249296, 2.221851352799251, 3.0352574966002757, 2.0882423852277623, 3.080232481103764, 4.058074165135009, 0.332996646167099, 3.9013069462297674, 0.3975407533355768, 1.9081059439026031, 2.7008745862547134, 1.1148683954234642, 0.18550915390772138, 3.8845757237726644, 2.8493068969340873, 3.132080254328513, 1.8971139269394268, 4.967737140183152, 1.9628123510254385, 2.1372687328008064, 1.7531689621729782, 0.08977020273041347, 4.918085872190066, 0.14906475500161687, 2.901623386260875, 0.14288413955779822, 3.680934190013306, 4.067966061296254, 4.868053089287188, 4.879762740962812, 1.1578470998828378, 3.8342173770505963, 3.9014997313154796, 2.1559158833527077, 3.899753737617087, 0.11173647292986422, 5.0406234029832735, 0.02002046479561015, 0.28086799228876824, 5.187175212138446, 2.8829285659656496, 4.661773012075435, 0.12930238215790535, 0.11733217359994486, 3.975507518341437, 3.8252494507769006, 1.7375050858618883, 3.7933827664727455, 1.1618743696038007, 2.051380133025723, 2.885723533695225, 5.090197960942611, 4.834134674071125, 2.855924815518165, 2.3526669527896678, 5.031306113879932, 3.9202028236167292, 1.0489628876736357, 5.094004715701265, 3.9014109514477244, 0.350601721702557, 4.924379858898638, 2.871134569496646, 2.848456747761397, 0.18854814491246286, 4.083574089046003, 1.1419512155739708, 0.941852190091081, 0.19357637215438084, 2.0498872140758087, 5.0904915719649395, 0.0692167923300877, 0.28036243664273375, 3.0181551471954364, 0.19689676092261088, 3.9227314195271, 3.955065877875343, 3.0804967639927554, 5.155768186270056, 4.768407868994727, 5.089416415485726, 5.190320455813616, 4.1268863429286125, 0.13712260689793032, 5.06452033950068, 0.25603659929818434, 2.9835126894709245, 2.091529568323735, 1.0149895001312228, 4.057936702365729, 0.13361083146550135, 4.955833243554714, 3.030579782619425, 5.062288549809818, -0.0789543711378684, 4.930739088684845, 5.011318617389863, 1.0851005319986062, 1.8502307265811833, 2.8111568000154383, 1.0729696546404917, 2.935724032516852, 0.10374502339974878, 3.8363053078700693, 3.865279133730046, 1.069023816487637, 3.038579761382257, 4.936662988246834, 5.073633764660819, 3.884923526611038, 2.9589163166087786, 4.110751157026806, 5.0806557950666, 2.3564851597356884, 1.7775916443422441, 0.9550084081942463, 1.0767882102252306, 5.116198919474035, 0.24662987850724738, 2.700819914405301, 2.0879475416134827, 3.86282433273634, 2.761774521761997, 3.9907622182383578, 3.84389871003898, 3.672795469507618, 0.13017308455038856, 2.896686007404314, 1.1969461230488199, 0.05636269131906335, 1.104239246076938, 3.8361955515357327, 2.8369999840993945, 1.8831712742451585, 1.7753182905293754, 0.2793554927795485, 3.8670690137612356, 1.0547741248395004, 3.8347124431462545, 1.0682311191111933, 2.6628278459621786, 0.16565052326324192, 2.086535829261099, 2.8675283465895665, 3.9878542624182467, 2.80941484321173, 4.7379675932448775, 5.1902560001874285, 0.964785554699211, 0.9283296585818683, 0.19707900526278443, 5.0486737573318585, 2.927683330951892, 2.7390947426097587, 0.9398477016686941, 3.7284498379699227, 2.869485392005618, 2.8747588983031513, 4.983030861132065, 3.827951197304106, 4.867555982453219, 1.953853818677602, 1.8348586221770855, 3.0713756278178943, 1.8675745757499471, 0.3036910763950549, -0.10317845652820257, 1.0988674224436377, 0.29686611927002504, 3.7004997899133496, 2.6536105175453293, 2.8878154303992156, 4.937032683089006, 0.15227885469562397, 4.856852394049081, 0.9270168614812806, 1.2324181522897142, 5.033528501683577, 1.1427660409073435, 3.0787592460133877, 1.894993503158536, 0.17068961031776198, 0.301769520120438, 5.072380339653877, 1.761988283264833, 5.037550880633101, 0.03904901907094205, 1.077896801154345, 0.9425577449353026, 1.0613376498800686, 4.868739848577471, 3.7822287038039843, 2.8980819179855515, 0.11042470757078027, 4.183197524682702, 3.6094454108384335, 1.994429718563989, 3.142532840719707, 4.741451064331752, 2.3001890506249945, 0.15410999117616564, 4.144890345583678, 1.804445714981869, 0.12293384936675755, 3.172804753812355, 2.715851240031996, 3.824177615567301, 4.971430181014308, 0.1920869064298385, 5.009909895049432, 2.934719652184709, 2.7264722215292196, 1.0574297188158, 3.1012735999216554, 0.3065131882598, 0.1910678847692524, 3.132941968261653, 4.921883587413922, 3.16525316912322, 2.623736600339551, 2.286936701162167, 2.495156127335687, 3.143793672725674, 0.24704983154662186, 3.0768112345921463, 0.06711641277365832, 1.8977500500917073, 4.115878213431971, 2.7298793104742956, 1.8519586000960357, 0.9822633535225429, 5.132416084489847, 4.845415078611794, 1.7408345729220929, 0.4493185370053183, 2.257719268791119, 3.645104306189049, 2.654621108045058, 5.0944384282698305, 0.18107985147294725, 1.8083001479917247, 2.858901101388171, 0.11701434990356896, 0.3455514554347281, 1.7519775341559665, 0.22569368021598724, 3.991873373512384, 2.784668500867246, 0.20637584281588728, 0.21193065739412198, 2.14218114903602, 2.629005097569216, 1.8675175331795804, 3.032454175335493, 3.010047183039383, 2.783687876455703, 