{"model": "catboost_minilm_features-extract_entity_categories", "type": "test", "seed": 41, "time_start": "2026-02-28T11:47:16.497612", "mse": 0.7312628030776978, "accuracy": 0.48942598187311176, "corr": 0.8634974787372898, "precision": [0.8888888888888888, 0.2804878048780488, 0.3469387755102041, 0.3888888888888889, 0.7209302325581395, 1.0], "recall": [0.14285714285714285, 0.5111111111111111, 0.6296296296296297, 0.3230769230769231, 0.5535714285714286, 0.8181818181818182], "f1": [0.24615384615384617, 0.36220472440944884, 0.4473684210526316, 0.35294117647058826, 0.6262626262626263, 0.9], "support": [56, 45, 54, 65, 56, 55], "confusion_matrix": [[8, 35, 10, 3, 0, 0], [0, 23, 21, 1, 0, 0], [1, 15, 34, 4, 0, 0], [0, 9, 33, 21, 2, 0], [0, 0, 0, 25, 31, 0], [0, 0, 0, 0, 10, 45]], "predictions": [1.7696266174316406, 2.0874030590057373, 3.7002124786376953, 1.0558346509933472, 1.7989788055419922, 0.29894542694091797, 1.9131730794906616, 0.30687546730041504, 0.8232901096343994, 1.474704384803772, 2.367870807647705, 0.730915904045105, 1.4280791282653809, 2.4340734481811523, 1.176161766052246, 2.2688369750976562, 1.5641851425170898, 2.812319040298462, 1.4272964000701904, 1.8104519844055176, 1.059692144393921, 1.4149346351623535, 0.9757198095321655, 1.5684747695922852, 2.437695026397705, 1.7846803665161133, 3.1699512004852295, 1.7431118488311768, 1.4950259923934937, 2.341712236404419, 0.28598546981811523, 1.9482810497283936, 1.7098619937896729, 2.0425641536712646, 2.2360680103302, 2.305568218231201, 0.5133248567581177, 1.2337894439697266, 3.419856309890747, 1.6285252571105957, 1.4003195762634277, 0.09076523780822754, 3.3856852054595947, 2.377680778503418, 2.6159088611602783, 1.514028549194336, 1.1955088376998901, 3.532593011856079, 2.8451216220855713, 2.9733481407165527, 1.7803714275360107, 1.8307793140411377, 4.033912658691406, 1.5112228393554688, 2.8277275562286377, 2.227759599685669, 0.9350124597549438, 0.8491376638412476, 2.9849417209625244, 2.175187826156616, 3.216681480407715, 3.3293585777282715, 3.3518447875976562, 1.682041883468628, 1.1303147077560425, 2.2620937824249268, 1.8065578937530518, 1.1164963245391846, 1.8966550827026367, 2.8900694847106934, 0.6388627290725708, 1.979704737663269, 0.14028429985046387, 0.628553032875061, 0.9236136674880981, 2.806565999984741, 0.3254213333129883, 1.536158800125122, 1.358414649963379, 1.1538177728652954, 0.8865673542022705, 3.242983818054199, 1.9041777849197388, 0.6433603763580322, 1.1477750539779663, 0.6289974451065063, 0.8983304500579834, 1.402820348739624, 2.046722412109375, 3.4703543186187744, 1.2051080465316772, 3.952519416809082, 1.3076753616333008, 3.1842477321624756, 0.5910096168518066, 2.77104115486145, 3.5128297805786133, 2.7287299633026123, 1.6134724617004395, 1.9609870910644531, 1.8785905838012695, 3.3776769638061523, 1.4649336338043213, 1.5553371906280518, 1.2041139602661133, 2.3810770511627197, 1.1272333860397339, 0.4979736804962158, 1.8005095720291138, 0.5644321441650391, 2.780764579772949, 1.4947011470794678, 1.5739800930023193, 1.3833807706832886, 1.9798297882080078, 3.158452033996582, 0.38978052139282227, 1.0268073081970215, 2.964416980743408, 0.6060930490493774, 2.318307399749756, 2.722783327102661, 1.5672523975372314, 2.7626209259033203, 1.7242683172225952, 1.7647583484649658, 3.0107028484344482, 1.3370260000228882, 1.2734663486480713, 2.8362631797790527, 2.508565902709961, 1.2379565238952637, 2.712445020675659, 3.4588794708251953, 0.7959219217300415, 2.294171094894409, 3.4637691974639893, 1.4948335886001587, 2.7671542167663574, 2.461171865463257, 1.2991267442703247, 4.106672763824463, 1.358323335647583, 2.530282735824585, 1.452012300491333, 2.6170668601989746, 1.7802083492279053, 1.8749394416809082, 1.4675177335739136, 1.598623514175415, 1.0007882118225098, 2.4246695041656494, 0.8112989664077759, 3.4587299823760986, 1.2260817289352417, 1.9791910648345947, 2.9853343963623047, 2.0221829414367676, 2.217763662338257, 3.8666985034942627, 3.2964158058166504, 2.1022207736968994, 3.4266510009765625, 0.9083718061447144, 2.5290944576263428, 2.828136444091797, 2.464618444442749, 2.024134397506714, 1.0640523433685303, 1.4741159677505493, 2.3797500133514404, 0.5387415885925293, 1.306972622871399, 2.2350001335144043, 1.7231013774871826, 1.0187393426895142, 4.071531295776367, 1.5713353157043457, 2.380537509918213, 2.3354663848876953, 0.8323626518249512, 2.2884209156036377, 0.8136636018753052, 0.6048210859298706, 0.6622947454452515, 3.301456928253174, 2.0928878784179688, 3.737431049346924, 1.854055404663086, 1.958886742591858, 1.6624250411987305, 0.7914481163024902, 2.117133855819702, 2.559997320175171, 2.2544119358062744, 3.9718711376190186, 3.5221657752990723, 4.437105178833008, 4.1297831535339355, 3.5358691215515137, 3.6978957653045654, 3.2358269691467285, 4.322690010070801, 4.215855598449707, 4.039919853210449, 3.738936424255371, 2.994575023651123, 4.14262056350708, 4.405243873596191, 3.442615509033203, 3.7057268619537354, 4.205855369567871, 4.233414649963379, 4.320657253265381, 3.7936477661132812, 3.6615705490112305, 3.3453164100646973, 3.764017105102539, 5.850147247314453, 4.680804252624512, 5.176055431365967, 4.411841869354248, 4.020286560058594, 5.732264041900635, 5.059847354888916, 4.664308547973633, 4.382232189178467, 4.495720386505127, 5.210873603820801, 5.423101425170898, 4.663456916809082, 5.161078453063965, 4.238755702972412, 5.523631572723389, 4.6806488037109375, 5.212831497192383, 4.664102554321289, 4.9086480140686035, 4.747976779937744, 4.875934600830078, 4.57841682434082, 5.525564193725586, 4.47844123840332, 5.423620223999023, 5.268819332122803, 4.7658257484436035, 4.870317459106445, 4.871214389801025, 4.854210376739502, 5.207437515258789, 5.205645561218262, 4.9237542152404785, 4.97883415222168, 4.229656219482422, 4.666070938110352, 5.066329002380371, 5.334142684936523, 5.661410808563232, 5.203161716461182, 4.681356430053711, 3.9575586318969727, 5.145952224731445, 1.4935765266418457, 1.4743778705596924, 1.8885725736618042, 2.382192611694336, 0.945865273475647, 2.107448101043701, 2.0781028270721436, 1.0684233903884888, 2.236659049987793, 2.339141845703125, 4.360389709472656, 2.3273277282714844, 5.163283824920654, 3.489846706390381, 0.9113373756408691, 1.9363807439804077, 5.031185150146484, 2.4035966396331787, 2.1989896297454834, 0.8842880725860596, 2.3125863075256348, 1.059893250465393, 1.4152323007583618, 1.652531623840332, 1.5989022254943848, 1.0167851448059082, 2.2843234539031982, 4.234014511108398, 1.2273765802383423, 2.356837511062622, 2.690783739089966, 1.9672925472259521, 5.348389625549316, 0.9928900003433228, 3.27543568611145, 1.8178507089614868, 5.0165629386901855, 4.248948097229004, 1.627983808517456, 0.5725420713424683, 3.202166795730591, 1.8390977382659912, 0.4552903175354004, 5.340452194213867, 4.082289695739746, 2.001530885696411, 1.2382981777191162, 1.3733354806900024, 2.637683868408203, 1.7051442861557007, 2.0505471229553223, 4.7307281494140625, 1.4134706258773804, 1.3905586004257202, 4.714254379272461, 1.7086293697357178, 3.0163862705230713, 2.697700023651123, 3.68302845954895, 1.7363789081573486, 2.4676620960235596, 0.6495908498764038, 1.6172699928283691, 0.9616023302078247, 5.662198066711426, 4.027886390686035, 4.673439025878906, 2.7106027603149414, 3.7538232803344727], "params": {"iterations": 1510, "learning_rate": 0.014286, "depth": 3, "l2_leaf_reg": 3.4047e-06, "bagging_temperature": 2.5656, "random_strength": 4.1266, "border_count": 207}, "time_end": "2026-02-28T11:47:16.557141"}