{"model": "catboost_minilm_lg", "type": "val", "seed": 42, "train_losses": [], "val_losses": [], "time_start": "2026-03-01T14:12:13.009603", "folds": [{"mse": 0.7465413939281571, "accuracy": 0.46794871794871795, "corr": 0.8674080951693527, "precision": [1.0, 0.37735849056603776, 0.30303030303030304, 0.3333333333333333, 0.55, 1.0], "recall": [0.25, 0.8, 0.4166666666666667, 0.2903225806451613, 0.4230769230769231, 0.6538461538461539], "f1": [0.4, 0.5128205128205128, 0.3508771929824561, 0.3103448275862069, 0.4782608695652174, 0.7906976744186046], "support": [24, 25, 24, 31, 26, 26], "confusion_matrix": [[6, 15, 3, 0, 0, 0], [0, 20, 3, 2, 0, 0], [0, 13, 10, 1, 0, 0], [0, 5, 16, 9, 1, 0], [0, 0, 1, 14, 11, 0], [0, 0, 0, 1, 8, 17]]}, {"mse": 0.6597289315010966, "accuracy": 0.49032258064516127, "corr": 0.8811488925491875, "precision": [0.8, 0.37254901960784315, 0.2702702702702703, 0.4583333333333333, 0.7, 1.0], "recall": [0.16666666666666666, 0.7307692307692307, 0.4166666666666667, 0.36666666666666664, 0.5384615384615384, 0.72], "f1": [0.27586206896551724, 0.4935064935064935, 0.32786885245901637, 0.4074074074074074, 0.6086956521739131, 0.8372093023255814], "support": [24, 26, 24, 30, 26, 25], "confusion_matrix": [[4, 15, 5, 0, 0, 0], [1, 19, 6, 0, 0, 0], [0, 12, 10, 2, 0, 0], [0, 5, 14, 11, 0, 0], [0, 0, 2, 10, 14, 0], [0, 0, 0, 1, 6, 18]]}, {"mse": 0.7524694804138966, "accuracy": 0.4967741935483871, "corr": 0.86305022800989, "precision": [0.5555555555555556, 0.32, 0.24324324324324326, 0.3888888888888889, 0.9411764705882353, 1.0], "recall": [0.20833333333333334, 0.6153846153846154, 0.375, 0.23333333333333334, 0.64, 0.9230769230769231], "f1": [0.30303030303030304, 0.42105263157894735, 0.29508196721311475, 0.2916666666666667, 0.7619047619047619, 0.96], "support": [24, 26, 24, 30, 25, 26], "confusion_matrix": [[5, 15, 4, 0, 0, 0], [3, 16, 5, 2, 0, 0], [1, 13, 9, 1, 0, 0], [0, 6, 17, 7, 0, 0], [0, 0, 2, 7, 16, 0], [0, 0, 0, 1, 1, 24]]}, {"mse": 0.8973496611357344, "accuracy": 0.41935483870967744, "corr": 0.8442223594437352, "precision": [0.4444444444444444, 0.29411764705882354, 0.25, 0.36363636363636365, 0.625, 0.9047619047619048], "recall": [0.17391304347826086, 0.5769230769230769, 0.375, 0.26666666666666666, 0.38461538461538464, 0.7307692307692307], "f1": [0.25, 0.38961038961038963, 0.3, 0.3076923076923077, 0.47619047619047616, 0.8085106382978723], "support": [23, 26, 24, 30, 26, 26], "confusion_matrix": [[4, 17, 2, 0, 0, 0], [4, 15, 7, 0, 0, 0], [0, 12, 9, 3, 0, 0], [1, 7, 13, 8, 1, 0], [0, 0, 5, 9, 10, 2], [0, 0, 0, 2, 5, 19]]}, {"mse": 0.7241211736485011, "accuracy": 0.4774193548387097, "corr": 0.8654207545387629, "precision": [0.2, 0.32, 0.22857142857142856, 0.5384615384615384, 0.7777777777777778, 1.0], "recall": [0.043478260869565216, 0.6153846153846154, 0.3333333333333333, 0.4666666666666667, 0.5384615384615384, 0.8076923076923077], "f1": [0.07142857142857142, 0.42105263157894735, 0.2711864406779661, 0.5, 0.6363636363636364, 0.8936170212765957], "support": [23, 26, 24, 30, 26, 26], "confusion_matrix": [[1, 16, 6, 0, 0, 0], [3, 16, 7, 0, 0, 0], [1, 13, 8, 2, 0, 0], [0, 5, 11, 14, 0, 0], [0, 0, 3, 9, 14, 0], [0, 0, 0, 1, 4, 21]]}], "params": {"iterations": 804, "learning_rate": 0.0714, "depth": 3, "l2_leaf_reg": 0.0016, "bagging_temperature": 11.6586, "random_strength": 8.5578e-09, "border_count": 105, "small_dataset_weight_multiplier": 200.0}, "time_end": "2026-03-01T14:48:17.537031"}