{"model": "catboost_minilm_features-extract_noun_phrase_lengths", "type": "train", "seed": 41, "train_losses": [], "val_losses": [], "time_start": "2026-02-28T11:45:01.300669", "mse": 0.1355763436856572, "accuracy": 0.8269230769230769, "corr": 0.977347213517203, "precision": [0.9764705882352941, 0.7588652482269503, 0.6257309941520468, 0.8251748251748252, 0.9166666666666666, 1.0], "recall": [0.7345132743362832, 0.7642857142857142, 0.9145299145299145, 0.7814569536423841, 0.8527131782945736, 0.9230769230769231], "f1": [0.8383838383838383, 0.7615658362989324, 0.7430555555555556, 0.8027210884353742, 0.8835341365461847, 0.96], "support": [113, 140, 117, 151, 129, 130], "confusion_matrix": [[83, 30, 0, 0, 0, 0], [2, 107, 31, 0, 0, 0], [0, 4, 107, 6, 0, 0], [0, 0, 33, 118, 0, 0], [0, 0, 0, 19, 110, 0], [0, 0, 0, 0, 10, 120]], "predictions": [3.1859836617578434, 0.7967731136786287, 0.5399468489839092, 2.8158496321548734, 0.27823430199735943, 2.564048046931956, 1.8208910505898426, 0.38421962289167677, 0.1425887359786402, 1.3382532922529795, 2.1928393845086145, 0.4543422096483649, 2.3931666583507387, 3.7441584901101495, 0.20207915075500305, 3.3433879423612267, 0.5188843570754189, 2.5479504177411156, 0.22658140524371362, 1.2918688313352007, 2.110762192902697, 3.8364531501070576, 0.4568753144779101, 3.994825155203828, 0.3690515508332619, 0.268867967877358, 3.1433110829439106, 1.5094194254312752, 1.5710793876808475, 0.16159223754112073, 2.731594563645536, 0.735261045719759, 1.047748041169384, 2.1102005163496216, 1.262597613649601, 3.07285766513051, 2.8338259982002603, 0.2861574670638616, 0.37212893085863685, 2.6848915808782956, 1.102623268845491, 2.5037096426113665, 4.0442539843419985, 1.64251707331705, 0.5790678911758476, 0.8009725043401681, 4.097010922677081, 1.5942602205982719, 2.588461325961144, 0.01499911266981524, 0.9118725040827225, 4.240978082854486, 3.2087421242431726, 2.203985934541061, 1.8984565439135581, 0.40843213356963526, 1.478187388372478, 0.24310047250431532, 1.491191608802035, 1.7663942464111635, 0.9563156180124273, 0.2134018555522048, 1.131513450439144, 0.19528937709274752, 1.0701510595227874, 0.3540740304626202, 1.2353299515441039, 1.6667249610896735, 1.4347881277148171, 0.3094988407564552, 4.421977099735441, 0.909826473272022, 0.17117090097391685, 3.2782339379950214, 2.568411789838961, 1.8075476084931927, 0.277041935877798, 1.3416183782021636, 1.9113123416890705, 0.19491231004038445, 3.0994632584664537, 0.3538801427124243, 0.7512512467506129, 3.5472407728414233, 2.361065616967123, 2.742575034288667, 3.3570849953083473, 2.7082758354429233, 0.0008594036738927002, 2.0216864236925365, 0.29674553768276013, 0.3115204443857138, 3.7303136839291104, 2.5723545936169763, 1.6452667292858436, 3.3067886561744833, 1.7151858978793415, 3.426617780068695, 3.2681078204897953, 1.6882185905830438, 1.3329737899470249, 1.2649898222367673, 1.285160312910519, 3.817047281953576, 1.5783653075497868, 1.6433320772790538, 2.8601905659921503, 0.5147134469240291, 2.2881044515451228, 0.4815665460264267, 1.5868054208434166, 2.9453308070220716, 3.460258796318344, 3.3567659182386116, 0.034562679640928184, 2.433881781566275, 1.8732549319789868, 0.05346983162025909, 2.796930290515938, 1.7258492599159694, 2.6038901853911596, 1.6137557301807746, 2.054019129452376, 2.8236132726257166, -0.005202104565946719, 1.8580217499241969, 3.319015857128757, 2.2232434561609202, 0.0032976344570183613, 2.477683502537111, 3.3112863599306297, 2.723372957705608, 2.199874692192778, 0.39659562856519237, 0.7873210365956773, 1.969526679072743, 2.6084149267335732, 2.033707924746764, 2.1302584883757953, 2.179052125062621, 0.26425486682107024, 0.3939030608118115, 1.717129212734993, 3.6982594092319463, 3.4933754265854553, 2.8016930206885338, 1.327849138835877, 2.473186063821851, 1.7999449534440424, 0.24608209916826018, 2.3441450178677026, 2.1634916739992702, 3.881269824965339, 0.34888758939450915, 2.1605658024209715, 1.6820225664609318, 1.7209278161591681, 2.6526466882312563, 3.7902300845203976, 0.1983817496190743, 0.4679337801887198, 1.5401260620129857, 2.267567598951453, 1.1121508682537895, 0.07270264842044316, 2.3391400318548614, 3.893849741083769, 2.388245716752653, 1.5020121539432618, 3.663941434755997, 0.16854328082176107, 0.6962355849459028, 2.628342103362567, 2.2402454246186148, 2.8413029573074637, 3.787427119545802, 2.556702437529821, 2.6575256338883557, 2.2729727222698943, 0.5398354294818373, 2.154882178851498, 0.2926252537293168, 0.31968724543117366, 3.1645559528931333, 1.7636353058986498, 2.7800371353795543, 1.4186770214787252, 2.3392315255859275, 3.0536002559219533, 0.016278869674168917, 2.5077156962700826, 2.3386421850877728, 3.0643764058489555, 1.1414926600993702, 1.7950143879458742, 1.820941853865956, 0.6809936525367808, 1.6726128430554443, 0.9385725684216273, 3.0404831835031105, 2.568875280231057, 0.9416789767519773, 3.1357018307996163, 3.1948799656104714, 3.760196554315751, 2.3472655284033204, 1.8078608894072172, 2.657507624443049, 2.1452414265854256, 0.5978241040068044, 2.9003247479676904, 0.4025015826088918, 0.5250197121166833, 1.6790069107648957, 1.7023502429845059, 3.6966779322450067, 3.837249148753542, 1.5616023983683889, 1.5501968942691227, 0.49612756478867537, 2.673318500009519, 2.430392470524036, 0.5901612742736506, 2.01770609064314, 2.5566982165827215, 2.4795145590242584, 3.522271364590838, 0.987392459716911, 3.3388186226549834, 2.8630152050373328, 2.7075186268951805, 3.686229700474882, 0.4773033019090396, 3.79888064539798, 3.5134101840705543, 3.7161694708374817, 3.628353713861655, 0.15079239894023688, 0.7699916523242905, 0.7265763416084701, 2.89611401524825, 4.463860067013713, 0.37685463826095233, 1.5305103676560703, 3.2339163912873996, 4.326415597275938, 0.7111997906197212, 4.450483373400608, 3.3609962446340544, 0.3746490499647783, 1.8332135444800377, 2.0396227731003975, 1.799026548047578, 1.3954969326842237, 1.6674636956950655, 3.1925101933401785, 1.921877961614642, 4.430434152510802, 1.789694916652441, 3.5312499933038763, 0.20200438215749772, 3.601614971688905, 1.5918856675620137, 2.9153602240626637, 3.832892323387494, 1.4297504556102971, 1.2272343377654, 1.1114141481604078, 2.538516151176972, 2.7762762972519885, 0.8098159821803408, 0.21782734239556278, 2.9156135493012467, 3.2977682582026766, 2.0391814365679637, 4.33017046681789, 0.27268718743953935, 2.460765444668201, 1.510453433566499, 2.5958710080233875, 1.8890910518811261, 0.8016843458608185, 1.129246098613282, 0.4927593642396131, 3.179008074633324, 0.3498468375615196, 1.115094178573816, 0.6741739507115461, 1.1754968299412218, 0.3735283705175938, 2.24674601135923, 2.9247147202175885, 3.453330204475238, 1.7031361171510815, 2.769013819756203, 1.5104871912983069, 1.6533602771200935, 3.189457547749754, 3.2856443948212553, 2.3062407141744066, 2.61790187985962, 1.8603843381847418, 2.620152531918749, 0.49483597701508897, 3.036706012697218, 3.7483793110425654, 4.163536656974468, 3.853794669887165, 3.8847326217779274, 3.613581946964373, 4.015758457133854, 3.616478293898167, 4.430803815379138, 3.4917960596772133, 4.29893960037742, 3.958648159780208, 4.210274721541804, 4.223552050057036, 4.145943839699158, 4.062839022322722, 3.9479322976677977, 3.800732070661075, 3.7270914742068153, 3.7573538885913536, 3.662000784740103, 4.394288327774067, 3.480784506944345, 4.132507860804581, 4.124961371677015, 3.879583427314924, 3.85671952832126, 4.3110935291044825, 3.94445833987061, 5.231143715234437, 5.278776735905288, 4.7821254342740875, 4.81981349548402, 5.177054460732311, 4.887671078101716, 5.161119142193858, 5.253343805064117, 4.603889433199056, 4.744066644543453, 4.714832520122648, 4.745028780413681, 4.994262168109914, 5.0602347947246304, 4.7120845129147, 5.27050190303323, 4.87384338820954, 5.218924550403816, 4.891474414524488, 4.645350165300777, 4.5597370778216515, 5.1708106040403035, 4.897230796843948, 5.29284980632934, 5.189326896365551, 4.733395445687198, 4.882482266673936, 4.957190758487178, 4.560024614306427, 4.62087741318362, 