{"model": "catboost_minilm_features-extract_articles", "type": "test", "seed": 40, "time_start": "2026-02-28T11:30:31.503792", "mse": 0.7269520163536072, "accuracy": 0.4984894259818731, "corr": 0.8643165159537611, "precision": [0.8461538461538461, 0.273972602739726, 0.3434343434343434, 0.42105263157894735, 0.7317073170731707, 0.9583333333333334], "recall": [0.19642857142857142, 0.4444444444444444, 0.6296296296296297, 0.36923076923076925, 0.5357142857142857, 0.8363636363636363], "f1": [0.3188405797101449, 0.3389830508474576, 0.4444444444444444, 0.39344262295081966, 0.6185567010309279, 0.8932038834951457], "support": [56, 45, 54, 65, 56, 55], "confusion_matrix": [[11, 30, 14, 1, 0, 0], [1, 20, 23, 1, 0, 0], [1, 12, 34, 7, 0, 0], [0, 11, 28, 24, 2, 0], [0, 0, 0, 24, 30, 2], [0, 0, 0, 0, 9, 46]], "predictions": [1.8515998125076294, 1.9335722923278809, 3.7640771865844727, 1.1152952909469604, 1.787872552871704, 0.1894698143005371, 1.9421260356903076, 0.35750555992126465, 0.7894521951675415, 1.4516336917877197, 2.319854736328125, 0.9200571775436401, 1.5717206001281738, 2.5881855487823486, 1.139731526374817, 2.367095708847046, 1.6671371459960938, 2.5648906230926514, 1.2849959135055542, 1.6696434020996094, 1.0999845266342163, 1.5030951499938965, 0.8497517108917236, 1.7144215106964111, 2.469829559326172, 1.8458505868911743, 3.2474138736724854, 1.6159939765930176, 1.5098543167114258, 2.2728137969970703, 0.3613240718841553, 1.8693740367889404, 1.5432977676391602, 2.0868279933929443, 2.262157917022705, 2.1363472938537598, 0.4762444496154785, 1.0942561626434326, 3.428964853286743, 1.6879321336746216, 1.2483612298965454, 0.41827845573425293, 3.527341365814209, 2.487152099609375, 2.5470569133758545, 1.439957618713379, 1.525336742401123, 3.4709649085998535, 2.9405300617218018, 3.0906198024749756, 1.6928092241287231, 1.7629677057266235, 3.941612720489502, 1.5765539407730103, 2.9264297485351562, 2.400421619415283, 0.886829137802124, 0.8130124807357788, 2.920351505279541, 2.3654189109802246, 3.297649383544922, 3.290346384048462, 3.5711333751678467, 1.7123467922210693, 1.3404067754745483, 2.2087879180908203, 1.61000657081604, 1.2457749843597412, 1.9840046167373657, 2.7766242027282715, 0.536736249923706, 1.9022927284240723, 0.14125823974609375, 0.4988079071044922, 0.9494839906692505, 2.8554329872131348, 0.19830727577209473, 1.6681163311004639, 1.2224466800689697, 1.0050125122070312, 0.635276198387146, 3.3019158840179443, 1.5109918117523193, 0.40347886085510254, 1.1432147026062012, 0.5599508285522461, 0.7687244415283203, 1.307910680770874, 1.7522536516189575, 3.499577045440674, 1.234067678451538, 4.029989242553711, 1.143432378768921, 3.2230539321899414, 0.7479430437088013, 2.781080722808838, 3.395002841949463, 2.5211966037750244, 1.706242561340332, 1.835700511932373, 1.742750644683838, 3.446026086807251, 1.4672681093215942, 1.4809906482696533, 1.0722588300704956, 2.5339741706848145, 1.1938873529434204, 0.5539752244949341, 1.7244597673416138, 0.3251640796661377, 2.813844680786133, 1.4958728551864624, 1.4992895126342773, 1.2767871618270874, 2.175722599029541, 2.9446029663085938, 0.28980278968811035, 1.2502840757369995, 2.8974668979644775, 0.6140563488006592, 2.228973865509033, 2.4969494342803955, 1.5253998041152954, 3.0304174423217773, 1.7429873943328857, 1.788825511932373, 2.917127847671509, 1.471176266670227, 1.4405568838119507, 2.673443078994751, 2.396450996398926, 1.339161992073059, 2.781956195831299, 3.428421974182129, 0.9719630479812622, 2.041804075241089, 3.4446780681610107, 1.5746651887893677, 2.627875566482544, 2.7277047634124756, 1.3069381713867188, 4.04144287109375, 1.5248973369598389, 2.588895559310913, 1.2967332601547241, 2.5213563442230225, 1.717034101486206, 1.7985093593597412, 1.3679218292236328, 1.669684648513794, 1.004320740699768, 2.283702850341797, 0.8910039663314819, 3.3369572162628174, 1.2924532890319824, 1.9536142349243164, 3.087963342666626, 1.9677152633666992, 2.291625499725342, 3.655299663543701, 3.391969680786133, 2.030585289001465, 3.328718423843384, 0.8008028268814087, 2.812065839767456, 2.840698719024658, 2.626616954803467, 2.252594470977783, 1.07122802734375, 1.5945019721984863, 2.512744426727295, 0.46953916549682617, 1.5339488983154297, 2.115962505340576, 1.652674674987793, 1.295409083366394, 4.123215675354004, 1.4069719314575195, 2.5993258953094482, 2.488676071166992, 0.9074405431747437, 2.390831232070923, 0.8947893381118774, 0.6554933786392212, 0.8234739303588867, 3.2596967220306396, 2.0139429569244385, 4.030056953430176, 1.5660781860351562, 2.1537747383117676, 1.5574684143066406, 0.9747891426086426, 2.1901614665985107, 2.666048049926758, 2.2651355266571045, 4.132080078125, 3.5598888397216797, 4.528261184692383, 3.9935214519500732, 3.5414271354675293, 3.543250560760498, 3.1027536392211914, 4.402399063110352, 4.3041157722473145, 4.100741386413574, 3.6445152759552, 2.997473955154419, 3.992170810699463, 4.558980941772461, 3.667623996734619, 3.6623568534851074, 4.375840187072754, 4.086564064025879, 4.498401165008545, 3.99415922164917, 3.3356711864471436, 3.2803494930267334, 3.758913278579712, 5.493008613586426, 4.73880672454834, 5.159029006958008, 4.471402645111084, 4.252535820007324, 5.5299882888793945, 4.866560935974121, 4.6257734298706055, 4.082437515258789, 4.478341102600098, 5.163234710693359, 5.374388217926025, 4.603262901306152, 5.236288070678711, 4.378454208374023, 5.677477836608887, 4.633249282836914, 5.1741485595703125, 4.826920986175537, 5.135434627532959, 4.717157363891602, 4.827523231506348, 4.796017646789551, 5.267141342163086, 4.574638366699219, 5.306073188781738, 5.5249247550964355, 4.828211784362793, 4.925227165222168, 4.8512773513793945, 4.882133483886719, 5.17946720123291, 5.198711395263672, 4.874679088592529, 4.968017101287842, 4.364289283752441, 4.666446685791016, 5.105274200439453, 5.406378269195557, 5.584994792938232, 5.253349304199219, 4.823726654052734, 3.9522693157196045, 5.35871696472168, 1.6803314685821533, 1.4129270315170288, 1.7980356216430664, 2.3725788593292236, 1.1523247957229614, 1.9636378288269043, 1.9631130695343018, 1.124743103981018, 2.2986223697662354, 2.225696563720703, 4.301648139953613, 2.095893621444702, 5.237366676330566, 3.665489673614502, 0.912787675857544, 1.9481148719787598, 5.109848499298096, 2.246277332305908, 2.252391815185547, 0.6813652515411377, 2.153175115585327, 1.1982574462890625, 1.4534046649932861, 1.52290940284729, 1.669826865196228, 0.9849284887313843, 2.225644111633301, 4.227077484130859, 1.1319465637207031, 2.078439474105835, 2.7372219562530518, 1.909714937210083, 5.279246807098389, 0.7953817844390869, 3.4424829483032227, 1.9391688108444214, 4.943370342254639, 4.402795791625977, 1.4747707843780518, 0.6728893518447876, 3.3546884059906006, 1.6577997207641602, 0.4418017864227295, 5.450212478637695, 3.9949517250061035, 1.938075304031372, 1.3358213901519775, 1.442251205444336, 2.6514506340026855, 1.8341318368911743, 1.8303173780441284, 4.769497394561768, 1.5308778285980225, 1.4549872875213623, 4.504153251647949, 1.870758295059204, 3.0324904918670654, 2.9225118160247803, 3.6257858276367188, 1.8699816465377808, 2.332888126373291, 0.7347419261932373, 1.7159470319747925, 0.9788196086883545, 5.58653450012207, 4.068914413452148, 4.652950286865234, 2.56937313079834, 3.616894483566284], "params": {"iterations": 1510, "learning_rate": 0.014286, "depth": 3, "l2_leaf_reg": 3.4047e-06, "bagging_temperature": 2.5656, "random_strength": 4.1266, "border_count": 207}, "time_end": "2026-02-28T11:30:31.559893"}