{"model": "catboost_minilm_features-extract_places", "type": "test", "seed": 42, "time_start": "2026-02-28T12:05:19.736110", "mse": 0.7280284762382507, "accuracy": 0.5015105740181269, "corr": 0.864140704075707, "precision": [0.8, 0.2631578947368421, 0.36538461538461536, 0.42, 0.7209302325581395, 1.0], "recall": [0.14285714285714285, 0.4444444444444444, 0.7037037037037037, 0.3230769230769231, 0.5535714285714286, 0.8727272727272727], "f1": [0.24242424242424243, 0.3305785123966942, 0.4810126582278481, 0.3652173913043478, 0.6262626262626263, 0.9320388349514563], "support": [56, 45, 54, 65, 56, 55], "confusion_matrix": [[8, 35, 10, 3, 0, 0], [1, 20, 23, 1, 0, 0], [1, 13, 38, 2, 0, 0], [0, 8, 31, 21, 5, 0], [0, 0, 2, 23, 31, 0], [0, 0, 0, 0, 7, 48]], "predictions": [1.7889823913574219, 2.2362771034240723, 3.894669532775879, 1.0982739925384521, 1.7898168563842773, 0.37096571922302246, 1.920532464981079, 0.22881007194519043, 0.9094076156616211, 1.5120325088500977, 2.239264488220215, 0.8123397827148438, 1.6224522590637207, 2.6003921031951904, 0.9630005359649658, 2.3828237056732178, 1.5905836820602417, 2.6495752334594727, 1.4160817861557007, 1.8096818923950195, 1.0036851167678833, 1.2765957117080688, 0.7583111524581909, 1.596906304359436, 2.4518895149230957, 1.7854523658752441, 3.2071614265441895, 1.8277587890625, 1.5227620601654053, 2.311908483505249, 0.18681836128234863, 1.8596253395080566, 1.6137398481369019, 2.1147351264953613, 2.161924123764038, 2.158249855041504, 0.6382788419723511, 1.0238443613052368, 3.4986047744750977, 1.6952285766601562, 1.478947639465332, 0.2799034118652344, 3.5309677124023438, 2.4039101600646973, 2.615898370742798, 1.4692378044128418, 1.2311382293701172, 3.4501280784606934, 3.074035406112671, 2.895596504211426, 1.7525608539581299, 1.840069055557251, 3.868933916091919, 1.5056722164154053, 2.829711437225342, 2.402982711791992, 0.8399180173873901, 0.8471977710723877, 3.18990421295166, 2.2652034759521484, 3.3854615688323975, 3.454291820526123, 3.622654914855957, 1.6349884271621704, 1.2858597040176392, 2.111720561981201, 1.846003770828247, 1.1885852813720703, 2.038325309753418, 2.833791494369507, 0.6494759321212769, 1.9450130462646484, 0.24305963516235352, 0.40831494331359863, 0.7281844615936279, 2.837463140487671, 0.24161195755004883, 1.6455175876617432, 1.211134910583496, 1.138646125793457, 0.9837042093276978, 3.281123161315918, 1.7514677047729492, 0.5899227857589722, 1.207774043083191, 0.3958265781402588, 0.7554135322570801, 1.4815939664840698, 1.8560680150985718, 3.2356786727905273, 1.414671778678894, 4.037109851837158, 1.2210984230041504, 3.2074599266052246, 0.6101903915405273, 3.147962808609009, 3.4620707035064697, 2.442521095275879, 1.6840221881866455, 1.9697673320770264, 1.801060438156128, 3.560565233230591, 1.68246591091156, 1.5104801654815674, 1.1184829473495483, 2.3072152137756348, 1.308897614479065, 0.5585790872573853, 1.8177258968353271, 0.13830208778381348, 2.750889539718628, 1.429153561592102, 1.5494880676269531, 1.4077320098876953, 2.101578950881958, 3.1319632530212402, 0.32694220542907715, 1.0731143951416016, 2.9138591289520264, 0.670833945274353, 2.232208013534546, 2.8439223766326904, 1.607405424118042, 2.8958749771118164, 1.8289706707000732, 1.8513143062591553, 3.0085859298706055, 1.270009994506836, 1.528835415840149, 2.8025100231170654, 2.6203413009643555, 1.2630151510238647, 2.787137508392334, 3.4357991218566895, 0.8757867813110352, 2.3478662967681885, 3.4050979614257812, 1.5823124647140503, 2.730198621749878, 2.643129825592041, 1.250318169593811, 4.068382740020752, 1.4157805442810059, 2.425706624984741, 1.4094386100769043, 2.4783008098602295, 1.6965219974517822, 1.8590337038040161, 1.3657236099243164, 1.697845458984375, 0.782070517539978, 2.44059681892395, 0.6644890308380127, 3.5816636085510254, 1.3116259574890137, 1.8928718566894531, 2.8423924446105957, 1.8660297393798828, 2.1871726512908936, 3.7218832969665527, 3.2978553771972656, 2.27299427986145, 3.587918281555176, 0.9560089111328125, 2.7043137550354004, 2.8842291831970215, 2.8589653968811035, 2.107429027557373, 1.003527283668518, 1.5926508903503418, 2.343043327331543, 0.5043197870254517, 1.4293571710586548, 2.2352027893066406, 1.6713669300079346, 0.9780186414718628, 4.162156105041504, 1.310441255569458, 2.4326350688934326, 2.4893975257873535, 1.1994833946228027, 2.3016605377197266, 1.0576211214065552, 0.6532624959945679, 0.564847469329834, 3.405907154083252, 2.253065824508667, 3.6097071170806885, 1.8949329853057861, 1.986668348312378, 1.6828639507293701, 0.8531651496887207, 2.375734329223633, 2.7313170433044434, 2.308798313140869, 3.95015287399292, 3.5774917602539062, 4.334378242492676, 3.992865562438965, 3.435028076171875, 3.5464487075805664, 3.22257661819458, 4.277347564697266, 4.1731977462768555, 4.106496810913086, 3.7471022605895996, 2.97308087348938, 4.054962158203125, 4.496578693389893, 3.4672160148620605, 3.69580078125, 4.127450466156006, 4.268648147583008, 4.180588722229004, 3.745474338531494, 3.5016002655029297, 3.331914186477661, 3.928217887878418, 5.634400844573975, 4.989603042602539, 5.137666702270508, 4.384385108947754, 4.252840995788574, 5.780174255371094, 5.070242404937744, 4.754569053649902, 4.513124465942383, 4.525839805603027, 5.281641006469727, 5.3074951171875, 4.628020286560059, 5.1009721755981445, 4.471762657165527, 5.573930740356445, 4.687154293060303, 5.191382884979248, 4.672397613525391, 5.034060478210449, 4.639972686767578, 4.7848801612854, 4.652091979980469, 5.285433769226074, 4.6978559494018555, 5.307638168334961, 5.423209190368652, 4.957542419433594, 4.879819393157959, 4.776389122009277, 4.970227241516113, 5.027873992919922, 5.076167106628418, 4.933983325958252, 4.835434913635254, 4.379358768463135, 4.553400993347168, 5.06899356842041, 5.376537322998047, 5.569377422332764, 5.214618682861328, 4.665923118591309, 4.029855728149414, 5.284931182861328, 1.6739883422851562, 1.332693099975586, 1.8804962635040283, 2.265594959259033, 1.133378028869629, 2.026176691055298, 1.7629454135894775, 1.0637688636779785, 2.4048521518707275, 2.0989606380462646, 4.217718124389648, 2.0703012943267822, 5.1296257972717285, 3.6570820808410645, 0.9875438213348389, 2.0961878299713135, 5.103142261505127, 2.321180582046509, 2.2550549507141113, 0.7229211330413818, 2.277409076690674, 0.9678335189819336, 1.2658894062042236, 1.4802762269973755, 1.8041532039642334, 1.0429965257644653, 2.3414816856384277, 4.303522109985352, 1.1489918231964111, 2.248812437057495, 2.5388073921203613, 2.0867490768432617, 5.340934753417969, 0.7488877773284912, 3.327054977416992, 1.9135017395019531, 5.067130088806152, 4.384565353393555, 1.42451810836792, 0.8635340929031372, 3.149758815765381, 1.7717909812927246, 0.6288963556289673, 5.2693867683410645, 3.903623580932617, 1.881617784500122, 1.2782500982284546, 1.140371322631836, 2.443239688873291, 1.9341424703598022, 1.9567644596099854, 4.600707054138184, 1.639475703239441, 1.2849446535110474, 4.5253095626831055, 1.7858948707580566, 3.016200304031372, 2.9446191787719727, 3.527499198913574, 1.8638641834259033, 2.2194316387176514, 0.5058488845825195, 1.649857759475708, 0.8805837631225586, 5.535002708435059, 3.972100257873535, 4.829367637634277, 2.6578662395477295, 3.808224678039551], "params": {"iterations": 1510, "learning_rate": 0.014286, "depth": 3, "l2_leaf_reg": 3.4047e-06, "bagging_temperature": 2.5656, "random_strength": 4.1266, "border_count": 207}, "time_end": "2026-02-28T12:05:19.834622"}