{"model": "catboost_minilm_features-extract_word_concreteness_avg", "type": "train", "seed": 41, "train_losses": [], "val_losses": [], "time_start": "2026-02-28T11:56:48.978087", "mse": 0.13500689425002343, "accuracy": 0.8282051282051283, "corr": 0.9775888205940567, "precision": [0.9770114942528736, 0.7659574468085106, 0.6309523809523809, 0.815068493150685, 0.9152542372881356, 1.0], "recall": [0.7522123893805309, 0.7714285714285715, 0.905982905982906, 0.7880794701986755, 0.8372093023255814, 0.9230769230769231], "f1": [0.85, 0.7686832740213523, 0.743859649122807, 0.8013468013468014, 0.8744939271255061, 0.96], "support": [113, 140, 117, 151, 129, 130], "confusion_matrix": [[85, 28, 0, 0, 0, 0], [2, 108, 30, 0, 0, 0], [0, 5, 106, 6, 0, 0], [0, 0, 32, 119, 0, 0], [0, 0, 0, 21, 108, 0], [0, 0, 0, 0, 10, 120]], "predictions": [3.1991259995008, 0.8515953218911401, 0.516996910270414, 2.793515303919059, 0.24082317983527624, 2.579669914311798, 1.8045214506168392, 0.5218320627210584, 0.1775881912524846, 1.3882358695760346, 2.186978592140277, 0.547631838071831, 2.3613975342996065, 3.6926517108311057, 0.14777189753580355, 3.2895184003318354, 0.5135581646110894, 2.4365000057631003, 0.30870295320143404, 1.256882575592426, 2.103320176304979, 3.848942285695125, 0.4928146938509905, 3.9270021596888487, 0.4036382522566271, 0.3134603553694708, 3.0805988238284416, 1.4790188449800556, 1.5836678064869951, 0.18501049630837674, 2.818283971418672, 0.750620206461041, 0.9262545456225786, 2.0222680936118405, 1.241298389553737, 3.008970300161422, 2.9022342799947345, 0.33082506688164104, 0.44216553508184564, 2.693925323585678, 1.090070081891101, 2.472733245915058, 3.925074772102942, 1.6974460179296957, 0.5204186394774424, 0.7537724631059886, 3.9390460908726017, 1.4740262575737855, 2.567730504136156, 0.209597179870042, 1.1526013563829913, 4.021219976876496, 3.152024186011269, 2.2097721226472986, 1.7981390502772057, 0.45560977565870786, 1.3888372105375035, 0.2583916588994595, 1.5985204903158081, 1.7702718471201686, 0.8334182607271703, 0.07242875385463021, 1.1984456473327652, 0.23180927101895055, 1.0573106727003168, 0.3399698038586365, 1.0828619085779019, 1.5895779848966638, 1.4083588005999692, 0.25364012207990605, 4.4362197236798355, 0.8644913924264948, 0.21228776484380285, 3.3450718803795008, 2.587769726204795, 1.8737993819701835, 0.32865445646504243, 1.1964296542825437, 1.7714123992995106, 0.12441626624449054, 3.0384673541011002, 0.42534451127562267, 0.5508796382131878, 3.6313545116967596, 2.2421706808494903, 2.7382995389066385, 3.354506181618894, 2.8079118982891433, 0.008493990465471057, 1.9961780202784651, 0.31427252084183976, 0.37116026550287584, 3.7371704349753236, 2.5279691717299, 1.6165195327460173, 3.3007363314121343, 1.6498712148213017, 3.4139122092429663, 3.2223207185005522, 1.666672575975793, 1.442274090726933, 1.425306038283253, 1.360195393496512, 3.6345804884846737, 1.6474372248344635, 1.6504729288310611, 2.847043160684044, 0.42143439573530506, 2.3586646249750465, 0.4847057650065709, 1.6271401392144316, 3.138351784974665, 3.530391163920371, 3.291474199636725, 0.11054197600596405, 2.3674656961338605, 1.852070626392838, 0.11367205168205219, 2.7418259099084485, 1.729793369086321, 2.6691691302153324, 1.6626561089391707, 2.0206718608932, 2.7814622289340782, -0.07604059595202228, 2.126367143890205, 3.349459377332716, 2.1991473107776414, 0.13826642272994638, 2.496748031185416, 3.3056694577513035, 2.807700849472778, 2.262922624377676, 0.3851296949291245, 0.7705270874445556, 1.9382233580839359, 2.785721952591528, 2.1594815969532637, 2.1966251041297005, 2.290442338482779, 0.31434980235042653, 0.38404127933619003, 1.8190492060712473, 3.6975326677465112, 3.5711083132839, 2.845416050278009, 1.344067749595826, 2.4933436167396636, 1.8404357365531723, 0.1909772816106723, 2.3766267324480292, 2.128959384737715, 3.7773823599932, 0.41261608779449244, 2.176866494606108, 1.7815324740033802, 1.7376418446514497, 2.830537631676599, 3.9563061023018813, 0.3770915951091429, 0.4875983754015043, 1.5164174659775842, 2.18383531465797, 0.9000503379924489, 0.1347582959084228, 2.432837172153317, 3.9685109373099015, 2.558169266361162, 1.6121320256497924, 3.540931631013147, 0.11534279890646593, 0.7311482916391736, 2.4786174338230818, 2.225639768192073, 2.791722870379558, 3.995825357789331, 2.535339402403582, 2.6332366507227594, 2.3025782991106993, 0.4257682411149939, 2.174633792801096, 0.33424587907426195, 0.39965777382598544, 3.2986459973795905, 1.7945684421482873, 2.692839575706478, 1.3343694325642337, 2.3366497410843574, 3.2258231091986787, 0.08514876352201917, 2.5209529409948273, 2.338732015781627, 3.092474323487643, 1.2658753843265638, 1.8084473989082572, 1.7782372091562921, 0.6670581444371573, 1.6309970210299878, 0.9683810000252246, 3.173056209246339, 2.5015158693159076, 1.0357454165148317, 3.0300944651964365, 3.211363921708249, 3.7114188165312836, 2.4366177784530954, 1.798366275881952, 2.6708872211891297, 1.9822260759423282, 0.5018606159490406, 2.94010596452826, 0.40955465257884915, 0.5145973709016547, 1.8320044416641905, 1.6378986423781363, 3.6443642131536325, 3.9731497858268936, 1.514406729428201, 1.518631499111369, 0.46589980640343764, 2.878197993297383, 2.4272171624631054, 0.5869983738751259, 2.1018059611681434, 2.6316757263687545, 2.4293968648977313, 3.523796429003042, 1.055395849202592, 3.2911771596662547, 2.843009002807608, 2.7040364129111274, 3.7532236927289784, 0.4316722608457324, 3.7736848957095157, 3.451696562221988, 3.669897176019155, 3.6287492633191, 0.10246375979162226, 0.6997850451885033, 0.7381801397321379, 2.967534160341462, 4.287657281373789, 0.44201798885995824, 1.5485722002241842, 3.3318293293434356, 4.350611918424024, 0.647466519169132, 4.589790447678565, 3.483781049974808, 0.34134203570439503, 1.8874253997981776, 2.1072977903726327, 1.9048970136852206, 1.4708314359202017, 1.7070106588547258, 3.1756855147144565, 1.9092402911013084, 4.432891098935711, 1.8039501993078784, 3.4262557401947085, 0.24611190680378314, 3.596806273242601, 1.5624839425148724, 2.9782517949423397, 3.7420807359879604, 1.3513296626887652, 1.2257229313191813, 1.1295227933796235, 2.4158994084242873, 2.787949677986646, 0.6852564633675877, 0.1764206683742171, 2.8904155175041932, 3.3747209208943394, 2.092878163218112, 4.341458470581581, 0.2489590705266922, 2.5486926857028154, 1.6099126116837592, 2.68645121717825, 1.7863028644941275, 0.9151249526232317, 1.0970543376024346, 0.5328495809186768, 3.142348140236204, 0.23190747115054355, 1.182370383542905, 0.5788410896050014, 1.2385577600917486, 0.36874487640822995, 2.2419610985194938, 3.0063578342003106, 3.4202553327210268, 1.7483606521669368, 2.746424789171886, 1.4629749377386356, 1.6195488599494525, 3.1462828845471624, 3.2444200330041277, 2.5385086653941085, 2.5604964295662946, 2.0404129849419537, 2.5242354631593193, 0.43699555017901437, 2.9538935060427995, 3.6266704217879493, 4.099394990819964, 3.8266574325083322, 3.872755158204443, 3.5946160187116245, 3.941444909040849, 3.6141528954445143, 4.487707199095807, 3.5348302671241933, 4.348864604871026, 3.867737347471821, 4.211412704394844, 4.221160953302997, 4.18358049588961, 3.880381194464781, 3.9886086822632394, 3.7768449784833678, 3.6787119840520313, 3.593726194327918, 3.713828255705467, 4.268153409717416, 3.466159722384496, 4.161052701486094, 4.103085511660737, 3.921344074037945, 3.8341605722088556, 4.297663939121546, 3.912232456107739, 5.169556741459573, 5.295036235568458, 4.814539163574457, 4.804471193681697, 5.031156486796123, 4.776057267611818, 5.03903822810859, 5.2970497828989185, 4.610624181036399, 4.707337413664247, 4.834795471077383, 4.7973587602106855, 5.058243541548745, 5.110282418206096, 4.820874642571896, 5.115625539606189, 4.810499886866517, 5.105366366587875, 4.8552560428810505, 4.6584400516416355, 4.392424539123969, 5.079827190519804, 4.819237662179475, 5.249050617019932, 5.066786801302663, 4.78701183510366, 4.717149569464661, 4.882230435947848, 4.464395610019267, 4.582212667084203, 5.056547559718013, 