{"model": "catboost_minilm_features-minilm", "type": "train", "seed": 42, "train_losses": [], "val_losses": [], "time_start": "2026-02-28T11:07:32.965662", "mse": 0.14381598979737095, "accuracy": 0.8153846153846154, "corr": 0.9757164448398242, "precision": [0.9759036144578314, 0.7315436241610739, 0.6081871345029239, 0.8161764705882353, 0.9159663865546218, 1.0], "recall": [0.7168141592920354, 0.7785714285714286, 0.8888888888888888, 0.7350993377483444, 0.8449612403100775, 0.9384615384615385], "f1": [0.826530612244898, 0.754325259515571, 0.7222222222222222, 0.7735191637630662, 0.8790322580645161, 0.9682539682539683], "support": [113, 140, 117, 151, 129, 130], "confusion_matrix": [[81, 32, 0, 0, 0, 0], [2, 109, 29, 0, 0, 0], [0, 8, 104, 5, 0, 0], [0, 0, 38, 111, 2, 0], [0, 0, 0, 20, 109, 0], [0, 0, 0, 0, 8, 122]], "predictions": [3.2036586848390596, 0.7123028696269362, 0.5023927220838105, 2.9036296005583657, 0.2706620029060538, 2.523870354783256, 1.7055709252806208, 0.4879685032251797, 0.23039913899649678, 1.4580586857590463, 2.1942328741968997, 0.45717148891093506, 2.40620250722916, 3.866386580726171, 0.1566938268344633, 3.167268897921812, 0.5281064522534638, 2.615889718075025, 0.33056680880785283, 1.2520081559455885, 2.137414938813745, 3.838918860053865, 0.3642366465851459, 4.096371461973344, 0.37997459173658577, 0.265611503793179, 3.2238622803577237, 1.4100311633141918, 1.600382480332435, 0.10766001121858926, 2.738059647219966, 0.676024542166515, 1.1413256268453689, 1.9733236636843559, 1.3236513654264261, 2.94279392819203, 2.857063711774842, 0.2884290741052835, 0.3952109333841314, 2.9040889026074486, 1.1628447892989975, 2.388411022812943, 3.9430786548138976, 1.6788900144771035, 0.5771130063053105, 0.8967766889638851, 4.114930904210994, 1.619972867462633, 2.6160969419613704, 0.08077342932035636, 1.1593235215306361, 4.106162413179287, 3.2945925733533583, 2.103775733600676, 1.858110431568344, 0.3993013035660766, 1.506751972003097, 0.38302094486422744, 1.527027653453206, 1.855568924695283, 1.1333367355349613, 0.3236048565588665, 1.156722414556646, 0.21911914496065954, 1.0805999265343365, 0.34601684871590477, 1.1812800293648742, 1.707895065427475, 1.476199866172264, 0.21121119997083015, 4.427462820898079, 0.8332351504283817, 0.2564912365250427, 3.2650306535697204, 2.5849108038474804, 1.8359122365427063, 0.3610002010621409, 1.2887950941934407, 2.033580534591559, 0.03837815289763524, 2.919641849727561, 0.32188754554853904, 0.6168016232775033, 3.6777183278176215, 2.4749144442678404, 2.754813990682598, 3.3124600276399327, 2.8020725104703033, -0.047028857498230714, 2.0480383098735, 0.34886860863834546, 0.39693213312344033, 3.751432515100257, 2.473871100196908, 1.5648281200850747, 3.4009485309998064, 1.614042207054078, 3.5269870231033096, 3.3116158469516472, 1.723996811669219, 1.2712124130726326, 1.3255892959954187, 1.2223477573271977, 3.6593464386353807, 1.5708472721691575, 1.574306312111967, 2.8145675733174955, 0.31930660974198544, 2.232334838271811, 0.4978180683918869, 1.570742563900335, 3.0335189700875365, 3.6663764996664017, 3.2398731707902186, -0.004156027574783394, 2.526596407794079, 1.833560994719929, 0.024814266829967124, 2.760179932768725, 1.734336377504395, 2.6803351667319837, 1.5372642249102997, 2.0387204513206334, 2.8311996998343, -0.038747715207582356, 1.8344193030318698, 3.372341515793437, 2.150420964859825, -0.04393465841162758, 2.545552803138489, 3.2867019542263587, 2.7516713132350765, 2.1136335122704386, 0.2816967216389039, 0.8725883616522667, 1.9382239386712001, 2.6059303319886986, 2.045574067723467, 2.1632570191088356, 2.2742895768925586, 0.36196435714103625, 0.3922758580222334, 1.6945016659830414, 3.583487640980403, 3.6212917340007955, 2.851404604145303, 1.3876590400212754, 2.481563633548141, 1.890986097372644, 0.2817894718834535, 2.3938571770774564, 2.014440051895532, 3.7657551193876193, 0.31303013252155676, 2.1050186407908296, 1.6404046693019967, 1.658010841511934, 2.887588562876965, 3.830294979987422, 0.23701215244427232, 0.5590762188790006, 1.4847281257499962, 2.3181007730908636, 1.1208781006139459, 0.093930438625625, 2.3193875715584635, 3.973394269300239, 2.3804308562919805, 1.499655712735376, 3.7017446729103263, 0.1290703828479267, 0.6868360077024758, 2.567697977296095, 2.248209414811141, 3.0013113184603344, 3.7682070090924906, 2.5014411949199054, 2.5469459453053407, 2.2892968174568837, 0.5997848592492787, 2.2127846437849668, 0.3319930678647003, 0.37436404585490957, 3.182743119997027, 1.7228990702778275, 2.641287724372892, 1.3700535636650542, 2.5301340711672333, 3.017447422981131, -0.06597093866211567, 2.3547160089533343, 2.385276433085048, 3.069657357652092, 1.2386485941880698, 1.8289600897617366, 1.8505114496867305, 0.6890238604673293, 1.6335079319874588, 1.064990503923921, 2.875014202049292, 2.6550294549356024, 1.0730975373084584, 3.118769290932052, 3.148107890039486, 3.7114573139463807, 2.298525853002421, 1.8214732418702617, 2.6333190138178404, 2.1180894171591764, 0.7778121228930905, 3.0615761577727696, 0.42522851919430993, 0.49495205058677305, 1.778125163227605, 1.7989894649402838, 3.6657322501299916, 3.8778414538814086, 1.650483298995835, 1.4445088833256408, 0.5767263219655787, 2.63225907136114, 2.448768541814155, 0.6107548892270729, 1.912419057598, 2.6162901340234908, 2.440442211740909, 3.4536213545131265, 1.0596492159228932, 3.1503235771749503, 2.8988645657364063, 2.7277122378070273, 3.634950666526608, 0.5187499906967852, 3.8114549240236393, 3.5414103562674715, 3.700115353053981, 3.5238819266561228, 0.14681432818483175, 0.7977267959672667, 0.7071875891699917, 2.9332692500522173, 4.260529048221672, 0.36680676081122376, 1.5539599569447908, 2.978777990161082, 4.556114795465203, 0.7075666906854001, 4.6147097642162205, 3.4920380918096314, 0.3216209928591187, 1.8346463607099532, 1.9500796134833773, 1.9051126048936233, 1.3449521169262362, 1.630162898039035, 3.222698334291236, 1.8303036788218847, 4.24118601591336, 1.7659727656169018, 3.5412729257847357, 0.29995010313817794, 3.5436280017083686, 1.6585791518446922, 2.9470997679607027, 3.789325034681558, 1.351629724868869, 1.187426454452167, 1.1858423812540408, 2.466420780515089, 2.7461697939410614, 0.8511612554314827, 0.2224234445308415, 2.9827383843616655, 3.2684346101956603, 2.1304109485486773, 4.208082760802414, 0.2784453310478203, 2.474481191206434, 1.6218193093227842, 2.7018218221202845, 2.020009618498861, 0.8521656246665124, 1.078623997061058, 0.6543368501602622, 3.114013969986253, 0.3461253533531967, 1.1114820512700194, 0.6323180232350405, 0.9461123553875723, 0.3039948720274941, 2.2794051805371187, 2.995747022971495, 3.36559130168959, 1.6480631087684698, 2.9308275304075346, 1.538382169874109, 1.7330624547061872, 3.2106349637223377, 3.2254948331068887, 2.454405424092987, 2.6358553053914346, 2.0836835836071907, 2.714076725330221, 0.5608695957846814, 3.0248588710373947, 3.6143065958582845, 4.120235549279494, 3.865445456390053, 3.9010207608600522, 3.5169992109508366, 3.984562850488775, 3.6171435149533773, 4.446249084318319, 3.5362169142674262, 4.364384025197709, 4.014501979269006, 4.173627155270209, 4.050998400603502, 4.096141251818047, 3.8716517618288053, 4.037412611723293, 3.8656536598777693, 3.7675245793707473, 3.5376663766380547, 3.739904185176613, 4.394853714510412, 3.294522768484504, 4.293769462085433, 4.0844907367723025, 4.0022520647229305, 3.839936711398135, 4.408086370875636, 3.994191788141289, 5.243897132119638, 5.236592952130871, 4.864171068295036, 4.784173428471723, 5.098288800920997, 4.900826206757281, 5.120418673273889, 5.385609284460449, 4.554679733423997, 4.6571887409373955, 4.767712866390532, 4.797802671495013, 5.0135297605379865, 5.162209459286821, 4.780577043161303, 5.127899655914852, 5.002048021389637, 5.186882000672106, 4.872822628628722, 4.6107724765046925, 4.543226128255624, 5.098098357142985, 4.830775977105645, 5.307281288142314, 5.14138390139865, 4.771560589818067, 4.693638379626876, 4.934462187830673, 4.346037422355056, 4.652886058818659, 