{"model": "catboost_minilm_features-extract_preposition_imageability", "type": "test", "seed": 41, "time_start": "2026-02-28T11:59:37.502300", "mse": 0.722795307636261, "accuracy": 0.5105740181268882, "corr": 0.8652062738424867, "precision": [0.8333333333333334, 0.2857142857142857, 0.3894736842105263, 0.42105263157894735, 0.6888888888888889, 1.0], "recall": [0.17857142857142858, 0.4888888888888889, 0.6851851851851852, 0.36923076923076925, 0.5535714285714286, 0.8181818181818182], "f1": [0.29411764705882354, 0.36065573770491804, 0.4966442953020134, 0.39344262295081966, 0.6138613861386139, 0.9], "support": [56, 45, 54, 65, 56, 55], "confusion_matrix": [[10, 35, 8, 3, 0, 0], [1, 22, 21, 1, 0, 0], [1, 12, 37, 4, 0, 0], [0, 8, 29, 24, 4, 0], [0, 0, 0, 25, 31, 0], [0, 0, 0, 0, 10, 45]], "predictions": [1.874462604522705, 1.9540984630584717, 3.793215751647949, 0.9839004278182983, 2.033618450164795, 0.3569626808166504, 2.063636541366577, 0.3628661632537842, 0.8243198394775391, 1.4796106815338135, 2.1972458362579346, 0.883686900138855, 1.757694125175476, 2.7154831886291504, 1.1025354862213135, 2.1098365783691406, 1.5750219821929932, 2.773866891860962, 1.4017894268035889, 1.7109559774398804, 0.9890483617782593, 1.4434784650802612, 0.6991856098175049, 1.6710858345031738, 2.5020172595977783, 1.7776165008544922, 2.986525297164917, 1.7740426063537598, 1.7170156240463257, 2.3299663066864014, 0.3044309616088867, 2.1307554244995117, 1.5913313627243042, 2.2052698135375977, 2.0661439895629883, 2.074659585952759, 0.32433605194091797, 1.1262093782424927, 3.3950116634368896, 1.748882532119751, 1.3143361806869507, 0.41338634490966797, 3.7378292083740234, 2.5555429458618164, 2.601248025894165, 1.286376953125, 1.3213764429092407, 3.5990993976593018, 3.041606903076172, 2.981070041656494, 1.6784658432006836, 1.7882628440856934, 4.046243667602539, 1.5889137983322144, 2.9315645694732666, 2.454575777053833, 1.0414080619812012, 0.9536621570587158, 2.9336628913879395, 2.1423864364624023, 3.2153496742248535, 3.4590656757354736, 3.77468204498291, 1.6458094120025635, 1.0589635372161865, 2.143752336502075, 1.8200597763061523, 1.3448739051818848, 2.1495232582092285, 2.8882739543914795, 0.6513464450836182, 1.8042004108428955, 0.2060685157775879, 0.45446252822875977, 0.8553504943847656, 2.937962770462036, 0.28476834297180176, 1.6468377113342285, 1.3922913074493408, 1.2497135400772095, 0.8765908479690552, 3.3540101051330566, 1.5559685230255127, 0.44361376762390137, 1.1201848983764648, 0.5290796756744385, 0.7664350271224976, 1.4713479280471802, 2.0328330993652344, 3.355311155319214, 1.3427144289016724, 3.7830891609191895, 1.3024324178695679, 3.2527153491973877, 0.6329257488250732, 2.83573842048645, 3.3812854290008545, 2.550370454788208, 1.8684403896331787, 1.8187369108200073, 1.7307891845703125, 3.605163097381592, 1.5828502178192139, 1.6330478191375732, 1.25779390335083, 2.4814109802246094, 1.2747173309326172, 0.7157313823699951, 1.8162448406219482, 0.4173450469970703, 2.8192124366760254, 1.3582377433776855, 1.1359235048294067, 1.3337681293487549, 2.0965845584869385, 3.063796281814575, 0.2988545894622803, 1.1708325147628784, 2.807696580886841, 0.5301179885864258, 2.2773401737213135, 2.8131508827209473, 1.45499849319458, 3.0410656929016113, 1.8486011028289795, 1.9019520282745361, 3.022651433944702, 1.3054819107055664, 1.379004716873169, 3.0541508197784424, 2.6448893547058105, 1.132443904876709, 2.644441604614258, 3.5509939193725586, 0.7478066682815552, 2.005772113800049, 3.357863664627075, 1.4593671560287476, 2.7394351959228516, 2.531975746154785, 1.1876574754714966, 4.043039798736572, 1.4835429191589355, 2.3300507068634033, 1.5396013259887695, 2.5368540287017822, 1.7287598848342896, 1.7955856323242188, 1.5454120635986328, 1.606637954711914, 0.7314779758453369, 2.3664846420288086, 0.7881557941436768, 3.354910373687744, 1.284622073173523, 1.9065532684326172, 2.998873233795166, 1.8072911500930786, 2.449979782104492, 3.642958164215088, 3.317566394805908, 2.0309839248657227, 3.45641827583313, 0.7784469127655029, 2.585117816925049, 3.0641043186187744, 2.5735981464385986, 2.0651092529296875, 1.0933969020843506, 1.7610312700271606, 2.4292638301849365, 0.48494482040405273, 1.3811228275299072, 2.3347299098968506, 1.7020196914672852, 1.167288064956665, 4.208498001098633, 1.480547308921814, 2.4146981239318848, 2.47786283493042, 1.0703397989273071, 2.2070045471191406, 1.0244178771972656, 0.7279970645904541, 0.6977040767669678, 3.2386696338653564, 2.13777494430542, 3.8525257110595703, 1.7890820503234863, 2.194753408432007, 1.7287647724151611, 0.8089520931243896, 2.342869281768799, 2.8883986473083496, 2.2699496746063232, 4.200575351715088, 3.481652021408081, 4.390857696533203, 3.8859269618988037, 3.5926923751831055, 3.4743947982788086, 3.28499436378479, 4.299643516540527, 4.151524066925049, 4.024323463439941, 3.7402150630950928, 3.013991117477417, 3.958724021911621, 4.4996819496154785, 3.4261183738708496, 3.700612783432007, 4.308136463165283, 4.155736446380615, 4.303868293762207, 3.7286171913146973, 3.667664051055908, 3.1639864444732666, 3.7816543579101562, 5.743533134460449, 4.873291969299316, 5.077043533325195, 4.355995178222656, 4.21090841293335, 5.761435508728027, 4.9400954246521, 4.696822166442871, 4.405383586883545, 4.360771179199219, 5.130402565002441, 5.3922271728515625, 4.380956649780273, 5.190303802490234, 4.609758377075195, 5.608841896057129, 4.619858741760254, 5.190934658050537, 4.664420127868652, 5.0901665687561035, 4.699664115905762, 4.751029014587402, 4.701213359832764, 5.250704765319824, 4.617652893066406, 5.48187255859375, 5.3925981521606445, 4.782348155975342, 4.938230514526367, 4.826098918914795, 4.862216949462891, 5.067715644836426, 5.123867988586426, 4.904858589172363, 5.004363059997559, 4.411849498748779, 4.58709716796875, 5.0572428703308105, 5.284521102905273, 5.674567222595215, 5.3039093017578125, 4.740644454956055, 3.8783955574035645, 5.13889217376709, 1.5956891775131226, 1.4042400121688843, 1.7238543033599854, 2.2880048751831055, 0.8983942270278931, 2.038231611251831, 1.911666750907898, 1.0020205974578857, 2.4068055152893066, 2.068410634994507, 4.209543228149414, 2.1366496086120605, 5.242856979370117, 3.6372451782226562, 0.83966064453125, 1.9965499639511108, 5.158082962036133, 2.184530258178711, 2.357059955596924, 0.7862119674682617, 2.0759644508361816, 1.1179450750350952, 1.4787498712539673, 1.2559525966644287, 1.832578182220459, 0.7863799333572388, 2.213059425354004, 4.305665969848633, 1.1921662092208862, 2.631164073944092, 2.694852590560913, 2.0076916217803955, 5.316801071166992, 0.7776261568069458, 3.4739701747894287, 1.9125856161117554, 5.124970436096191, 4.284435272216797, 1.5071946382522583, 0.5757136344909668, 3.407270669937134, 1.7807034254074097, 0.6940896511077881, 5.284595489501953, 3.9685568809509277, 1.7514421939849854, 1.1390200853347778, 1.286466121673584, 2.583294153213501, 2.0762979984283447, 1.7494343519210815, 4.701109409332275, 1.2794851064682007, 1.2039721012115479, 4.414710998535156, 1.805068016052246, 2.836369514465332, 2.818406581878662, 3.5596981048583984, 1.734969973564148, 2.2940778732299805, 0.8252162933349609, 1.7290065288543701, 0.8836123943328857, 5.719367980957031, 4.028436183929443, 4.8597259521484375, 2.713038921356201, 3.6380906105041504], "params": {"iterations": 1510, "learning_rate": 0.014286, "depth": 3, "l2_leaf_reg": 3.4047e-06, "bagging_temperature": 2.5656, "random_strength": 4.1266, "border_count": 207}, "time_end": "2026-02-28T11:59:37.610120"}