{"model": "catboost_minilm_features-extract_quote_ratio", "type": "test", "seed": 42, "time_start": "2026-02-28T11:10:07.210733", "mse": 0.7216513156890869, "accuracy": 0.5015105740181269, "corr": 0.8654734238499591, "precision": [0.8181818181818182, 0.2727272727272727, 0.36082474226804123, 0.43636363636363634, 0.7209302325581395, 0.9583333333333334], "recall": [0.16071428571428573, 0.4666666666666667, 0.6481481481481481, 0.36923076923076925, 0.5535714285714286, 0.8363636363636363], "f1": [0.26865671641791045, 0.3442622950819672, 0.46357615894039733, 0.4, 0.6262626262626263, 0.8932038834951457], "support": [56, 45, 54, 65, 56, 55], "confusion_matrix": [[9, 34, 10, 3, 0, 0], [1, 21, 22, 1, 0, 0], [1, 13, 35, 5, 0, 0], [0, 9, 29, 24, 3, 0], [0, 0, 1, 22, 31, 2], [0, 0, 0, 0, 9, 46]], "predictions": [1.7135435342788696, 2.091053009033203, 3.9003448486328125, 1.2400928735733032, 1.6901713609695435, 0.3981194496154785, 2.193950653076172, 0.1691138744354248, 0.9044603109359741, 1.374299168586731, 2.2038891315460205, 0.8035184144973755, 1.3774912357330322, 2.748957633972168, 1.1762698888778687, 2.364408493041992, 1.5027096271514893, 2.7442591190338135, 1.3361037969589233, 1.5795496702194214, 0.9642390012741089, 1.2745449542999268, 0.7450352907180786, 1.6328651905059814, 2.535205841064453, 1.8912888765335083, 3.2340567111968994, 1.760779619216919, 1.4647135734558105, 2.342386245727539, 0.37999534606933594, 2.1110892295837402, 1.6439635753631592, 2.103984832763672, 2.2546114921569824, 2.3974554538726807, 0.5436301231384277, 1.3348801136016846, 3.6861519813537598, 1.5820504426956177, 1.454068660736084, 0.43120861053466797, 3.478642225265503, 2.3998870849609375, 2.6117255687713623, 1.5545365810394287, 1.3046936988830566, 3.5556955337524414, 2.8825581073760986, 2.9925930500030518, 1.5583710670471191, 1.7785470485687256, 4.0807952880859375, 1.5086313486099243, 2.749411106109619, 2.2254133224487305, 1.012990951538086, 0.8056069612503052, 3.0898022651672363, 2.1908652782440186, 3.2488441467285156, 3.5625839233398438, 3.689202308654785, 1.5520057678222656, 1.2680703401565552, 2.0747246742248535, 1.9574792385101318, 1.243641972541809, 2.047586441040039, 2.9254117012023926, 0.8646459579467773, 1.928234338760376, 0.08940935134887695, 0.5682860612869263, 1.235716462135315, 2.915687084197998, 0.32729601860046387, 1.673069715499878, 1.274165153503418, 1.1631059646606445, 0.9202208518981934, 3.377124547958374, 1.6092045307159424, 0.4590578079223633, 1.093875765800476, 0.4828646183013916, 0.7601261138916016, 1.2988485097885132, 2.0139806270599365, 3.2088236808776855, 1.369455099105835, 4.179433822631836, 1.258788824081421, 3.2427825927734375, 0.6380525827407837, 2.8677890300750732, 3.486624002456665, 2.702911376953125, 1.8685510158538818, 1.832024335861206, 1.9298518896102905, 3.493366241455078, 1.5087696313858032, 1.4495794773101807, 1.1639379262924194, 2.4013423919677734, 1.2339720726013184, 0.6666316986083984, 1.890021800994873, 0.22726750373840332, 2.969651699066162, 1.439667820930481, 1.4963914155960083, 1.1876164674758911, 2.2312169075012207, 3.2088842391967773, 0.1787707805633545, 1.0091885328292847, 3.0056509971618652, 0.5899468660354614, 2.4420583248138428, 2.6088340282440186, 1.6286380290985107, 2.896674394607544, 1.9493898153305054, 1.693622350692749, 3.0175461769104004, 1.222895860671997, 1.266948938369751, 2.8790671825408936, 2.501645565032959, 1.2620066404342651, 2.7019784450531006, 3.3914711475372314, 0.8665479421615601, 1.996370553970337, 3.4881865978240967, 1.611042857170105, 2.7625889778137207, 2.346126079559326, 1.2692915201187134, 4.287327766418457, 1.3696290254592896, 2.6103453636169434, 1.4323712587356567, 2.6682240962982178, 1.8388657569885254, 1.879086971282959, 1.5290634632110596, 1.729461669921875, 0.7326185703277588, 2.3405189514160156, 0.6889206171035767, 3.50144100189209, 1.2659952640533447, 1.9008464813232422, 2.862112283706665, 1.9762910604476929, 2.2647016048431396, 3.846583843231201, 3.5312647819519043, 2.0269668102264404, 3.2666144371032715, 0.8104219436645508, 2.8542675971984863, 2.7628226280212402, 2.5670013427734375, 1.963181495666504, 0.9347532987594604, 1.6462599039077759, 2.3382503986358643, 0.6075541973114014, 1.344468355178833, 2.2580621242523193, 1.8686140775680542, 1.3727014064788818, 4.177387237548828, 1.5722620487213135, 2.671617269515991, 2.5114893913269043, 1.0411465167999268, 2.1149628162384033, 0.8108689785003662, 0.7355245351791382, 0.8445823192596436, 3.065042495727539, 2.1128857135772705, 3.9310665130615234, 1.7806055545806885, 1.9584946632385254, 1.7363957166671753, 0.915690541267395, 2.2966952323913574, 2.775944709777832, 2.2225019931793213, 4.113212585449219, 3.552253007888794, 4.571374893188477, 4.144791126251221, 3.4140264987945557, 3.4474642276763916, 3.337263345718384, 4.464991092681885, 4.195061683654785, 4.107992172241211, 3.6994409561157227, 2.908463716506958, 4.007909774780273, 4.65915060043335, 3.5194246768951416, 3.761885166168213, 4.226691246032715, 4.230132102966309, 4.345724582672119, 3.9334006309509277, 3.5592260360717773, 3.4303765296936035, 3.8337392807006836, 5.54582405090332, 5.011834144592285, 5.141867637634277, 4.405478000640869, 4.210814476013184, 5.7860307693481445, 5.068124771118164, 4.746212959289551, 4.286411285400391, 4.461077690124512, 5.157566070556641, 5.444684028625488, 4.707669258117676, 5.240828514099121, 4.408557891845703, 5.462996959686279, 4.603257179260254, 5.350379467010498, 4.634090423583984, 4.942350387573242, 4.58770227432251, 4.838337421417236, 4.6226372718811035, 5.33430290222168, 4.502345085144043, 5.426846027374268, 5.533781051635742, 4.732822418212891, 4.870558738708496, 4.7901787757873535, 4.987687110900879, 5.12644100189209, 5.171189308166504, 4.938543319702148, 4.915862560272217, 4.425612449645996, 4.551025390625, 5.018881797790527, 5.285828590393066, 5.671719551086426, 5.358397483825684, 4.725957870483398, 3.9142794609069824, 5.183385372161865, 1.5956878662109375, 1.311862587928772, 1.8853585720062256, 2.3368539810180664, 1.042559027671814, 1.96907639503479, 2.0192108154296875, 1.1062686443328857, 2.295675039291382, 2.0910348892211914, 4.392058372497559, 2.121115207672119, 5.21364688873291, 3.403137445449829, 0.7019561529159546, 2.0704848766326904, 5.234015464782715, 2.2865147590637207, 2.0845298767089844, 0.5541491508483887, 2.3838980197906494, 1.035056710243225, 1.4719769954681396, 1.3560254573822021, 1.7177040576934814, 0.9710451364517212, 2.3355960845947266, 4.2588582038879395, 1.1866507530212402, 2.2093188762664795, 2.8223581314086914, 2.019695997238159, 5.328141212463379, 0.8421467542648315, 3.3078346252441406, 1.9885005950927734, 4.996976852416992, 4.404336929321289, 1.5649495124816895, 0.6906824111938477, 3.205782413482666, 1.8187334537506104, 0.48312878608703613, 5.188866138458252, 4.164109706878662, 1.8486602306365967, 1.3572378158569336, 1.5073614120483398, 2.4832286834716797, 1.9343621730804443, 1.9636273384094238, 4.703334331512451, 1.4159873723983765, 1.369252324104309, 4.607475280761719, 1.8944244384765625, 2.8914284706115723, 2.8927857875823975, 3.605764865875244, 1.882010579109192, 2.1311771869659424, 0.7854346036911011, 1.7368178367614746, 1.0584512948989868, 5.547883987426758, 4.053400039672852, 4.8293776512146, 2.6835014820098877, 3.5948987007141113], "params": {"iterations": 1510, "learning_rate": 0.014286, "depth": 3, "l2_leaf_reg": 3.4047e-06, "bagging_temperature": 2.5656, "random_strength": 4.1266, "border_count": 207}, "time_end": "2026-02-28T11:10:07.296552"}