{"model": "catboost_minilm_features-extract_casing", "type": "test", "seed": 41, "time_start": "2026-02-28T11:36:08.264432", "mse": 0.7128593921661377, "accuracy": 0.48338368580060426, "corr": 0.8673739176664328, "precision": [0.75, 0.2564102564102564, 0.35, 0.40350877192982454, 0.7317073170731707, 0.9787234042553191], "recall": [0.10714285714285714, 0.4444444444444444, 0.6481481481481481, 0.35384615384615387, 0.5357142857142857, 0.8363636363636363], "f1": [0.1875, 0.3252032520325203, 0.45454545454545453, 0.3770491803278688, 0.6185567010309279, 0.9019607843137255], "support": [56, 45, 54, 65, 56, 55], "confusion_matrix": [[6, 36, 11, 3, 0, 0], [1, 20, 23, 1, 0, 0], [1, 13, 35, 5, 0, 0], [0, 9, 31, 23, 2, 0], [0, 0, 0, 25, 30, 1], [0, 0, 0, 0, 9, 46]], "predictions": [1.710830569267273, 2.0246400833129883, 3.861733913421631, 1.0446311235427856, 1.8564584255218506, 0.20304203033447266, 1.9162724018096924, 0.27008938789367676, 0.9177218675613403, 1.2894920110702515, 2.2734110355377197, 0.6949974298477173, 1.7629643678665161, 2.577259063720703, 0.9701164960861206, 2.3265910148620605, 1.5503883361816406, 2.653341293334961, 1.1743402481079102, 1.5709712505340576, 0.9186797142028809, 1.147030234336853, 0.932000994682312, 1.5344369411468506, 2.2677600383758545, 1.8275495767593384, 3.2475671768188477, 1.8939297199249268, 1.495728850364685, 2.2926924228668213, 0.3562791347503662, 1.9419382810592651, 1.6997425556182861, 2.14277720451355, 2.2742998600006104, 2.127695083618164, 0.7140883207321167, 1.295201301574707, 3.5185489654541016, 1.5720587968826294, 1.4370956420898438, 0.5556333065032959, 3.474437713623047, 2.3500475883483887, 2.6562302112579346, 1.377934217453003, 1.3827769756317139, 3.487464427947998, 3.185941457748413, 3.0257043838500977, 1.8082438707351685, 1.8744961023330688, 3.883206605911255, 1.407618522644043, 2.761547088623047, 2.278346300125122, 0.8855938911437988, 0.7735880613327026, 2.8897719383239746, 2.211057424545288, 3.1250672340393066, 3.293649196624756, 3.4679362773895264, 1.8224282264709473, 1.234825849533081, 2.1285479068756104, 1.7383971214294434, 1.219407558441162, 2.0200276374816895, 3.0017447471618652, 0.7093319892883301, 1.6859772205352783, 0.1549839973449707, 0.4335942268371582, 0.9916882514953613, 2.939342737197876, 0.3257160186767578, 1.630671501159668, 1.460410237312317, 1.0059840679168701, 0.8409287929534912, 3.092735767364502, 1.5479893684387207, 0.6952964067459106, 0.9266141653060913, 0.515762209892273, 0.8136495351791382, 1.319920301437378, 2.0691707134246826, 3.315178632736206, 1.3779398202896118, 4.0568976402282715, 1.1695894002914429, 3.045538902282715, 0.7539286613464355, 2.938051700592041, 3.2184929847717285, 2.649846315383911, 1.7635748386383057, 2.0346522331237793, 1.655449628829956, 3.672116756439209, 1.4244396686553955, 1.640012264251709, 1.2178658246994019, 2.346775770187378, 1.2298506498336792, 0.6523019075393677, 1.718513011932373, 0.2983238697052002, 2.7664036750793457, 1.6553065776824951, 1.3207908868789673, 1.3686357736587524, 2.030158519744873, 3.081325054168701, 0.30100154876708984, 1.0289686918258667, 2.8308651447296143, 0.766403317451477, 2.4084155559539795, 2.6896655559539795, 1.5353946685791016, 2.7634146213531494, 1.9222294092178345, 1.662778377532959, 3.0075347423553467, 1.2263258695602417, 1.4050843715667725, 2.7964704036712646, 2.526507616043091, 1.2947471141815186, 2.4960947036743164, 3.403136968612671, 0.9983323812484741, 2.187265157699585, 3.407278060913086, 1.5548644065856934, 2.5039420127868652, 2.58719801902771, 1.3863415718078613, 3.945249080657959, 1.4014090299606323, 2.5340137481689453, 1.5256301164627075, 2.5511412620544434, 1.6000022888183594, 1.9106296300888062, 1.5461201667785645, 1.68427312374115, 0.9603636264801025, 2.339839220046997, 0.7380034923553467, 3.471421241760254, 1.1575453281402588, 1.8052561283111572, 2.9762206077575684, 1.888725757598877, 2.1822509765625, 3.698158025741577, 3.4922573566436768, 2.277984857559204, 3.4306671619415283, 0.7966197729110718, 2.671463966369629, 2.9806947708129883, 2.4976465702056885, 2.12992787361145, 1.031823992729187, 1.6384646892547607, 2.414344310760498, 0.6704729795455933, 1.4001010656356812, 2.1860103607177734, 1.7830190658569336, 1.1396489143371582, 4.197085857391357, 1.6661648750305176, 2.519469738006592, 2.605715036392212, 1.0797258615493774, 2.15689754486084, 1.032415747642517, 0.818747878074646, 0.7157372236251831, 3.230133056640625, 2.2107086181640625, 3.805788516998291, 1.8844506740570068, 1.7795007228851318, 1.7241871356964111, 0.9672043323516846, 2.070234537124634, 2.7237558364868164, 2.2306106090545654, 4.026381969451904, 3.561568260192871, 4.483865737915039, 4.033220291137695, 3.349958658218384, 3.449328660964966, 3.1790637969970703, 4.274797439575195, 4.3295392990112305, 4.020908355712891, 3.668241500854492, 3.0794076919555664, 3.966635227203369, 4.544107913970947, 3.573406219482422, 3.8390207290649414, 4.19338846206665, 4.092630863189697, 4.2199578285217285, 3.7608399391174316, 3.651306390762329, 3.243511915206909, 3.6838111877441406, 5.527244567871094, 4.922358512878418, 5.121865272521973, 4.4558024406433105, 4.2776360511779785, 5.5597405433654785, 4.960651397705078, 4.467172145843506, 4.176970481872559, 4.562593460083008, 5.105802536010742, 5.502318382263184, 4.842023849487305, 5.16087007522583, 4.529130935668945, 5.618452072143555, 4.713287353515625, 5.2396039962768555, 4.783398628234863, 5.048415184020996, 4.6615447998046875, 4.890296459197998, 4.714532375335693, 5.222533226013184, 4.689120292663574, 5.42041540145874, 5.342061519622803, 4.951122283935547, 4.799295425415039, 4.710180759429932, 4.928781509399414, 5.03762674331665, 5.069972038269043, 4.9542741775512695, 4.828701019287109, 4.332683563232422, 4.6741509437561035, 5.268568992614746, 5.271001815795898, 5.6566362380981445, 5.4235687255859375, 4.634591102600098, 3.944671154022217, 5.286860466003418, 1.6233155727386475, 1.3214688301086426, 1.7863638401031494, 2.3094470500946045, 0.9620106220245361, 2.1074516773223877, 2.0008411407470703, 1.0970453023910522, 2.2577297687530518, 2.160343647003174, 4.367728233337402, 1.992353916168213, 5.151721000671387, 3.7408370971679688, 1.0588781833648682, 2.096780776977539, 5.086250305175781, 2.2491512298583984, 2.3311192989349365, 0.7398908138275146, 2.167389154434204, 1.1737772226333618, 1.5245823860168457, 1.6041042804718018, 1.7636260986328125, 1.185459017753601, 2.267620086669922, 4.191563129425049, 1.1626055240631104, 2.2401669025421143, 2.7695326805114746, 2.0892860889434814, 5.301063537597656, 0.9205564260482788, 3.4057745933532715, 1.8434727191925049, 5.077550888061523, 4.3619771003723145, 1.3195137977600098, 0.7110618352890015, 3.347900867462158, 1.699750304222107, 0.530896782875061, 5.304616928100586, 4.003443241119385, 1.9770629405975342, 1.3894375562667847, 1.3291677236557007, 2.558340549468994, 1.8822184801101685, 2.0035533905029297, 4.585122108459473, 1.5323410034179688, 1.0836055278778076, 4.4014458656311035, 1.6658265590667725, 3.016998767852783, 2.7907187938690186, 3.583218812942505, 1.70332932472229, 2.2745110988616943, 0.7489824295043945, 1.864013671875, 0.7224439382553101, 5.625779628753662, 4.138943195343018, 4.857712745666504, 2.5493381023406982, 3.6891212463378906], "params": {"iterations": 1510, "learning_rate": 0.014286, "depth": 3, "l2_leaf_reg": 3.4047e-06, "bagging_temperature": 2.5656, "random_strength": 4.1266, "border_count": 207}, "time_end": "2026-02-28T11:36:08.320788"}