{"model": "catboost_minilm_features-extract_supersense", "type": "train", "seed": 40, "train_losses": [], "val_losses": [], "time_start": "2026-02-28T11:49:31.522185", "mse": 0.14686595549828793, "accuracy": 0.8051282051282052, "corr": 0.9756627651960206, "precision": [0.9761904761904762, 0.75, 0.6057142857142858, 0.7708333333333334, 0.8947368421052632, 1.0], "recall": [0.7256637168141593, 0.7714285714285715, 0.905982905982906, 0.7350993377483444, 0.7906976744186046, 0.9153846153846154], "f1": [0.8324873096446701, 0.7605633802816901, 0.726027397260274, 0.752542372881356, 0.8395061728395061, 0.9558232931726908], "support": [113, 140, 117, 151, 129, 130], "confusion_matrix": [[82, 31, 0, 0, 0, 0], [2, 108, 30, 0, 0, 0], [0, 5, 106, 6, 0, 0], [0, 0, 39, 111, 1, 0], [0, 0, 0, 27, 102, 0], [0, 0, 0, 0, 11, 119]], "predictions": [3.1844788094153853, 0.8856184868518353, 0.46974734288030096, 2.918535205848586, 0.29581092357070027, 2.442393790079532, 1.874949967191593, 0.45164975356640724, 0.20780303045622173, 1.4248326638591577, 2.1929024985565424, 0.38480344024169444, 2.257459950402872, 3.7219805555177654, 0.34966034440278326, 3.2009062593015463, 0.5944063093439604, 2.594415905188691, 0.39855319276619516, 1.3452243612934542, 1.9864871969198736, 3.7402574719524915, 0.4949676706100492, 3.932657347808698, 0.5007258352226753, 0.2680162440294951, 3.1688587771729697, 1.5536120809416332, 1.5347568530806304, 0.10376392178010363, 2.723417171160688, 0.6216592692345062, 1.1620498091260933, 2.1376831580954874, 1.2619196525800138, 2.933413094288337, 2.8283077821757345, 0.38414286704436407, 0.5180209685762824, 2.667484607763252, 1.0462123697443488, 2.3480614813687364, 3.778428540422619, 1.7483402728881063, 0.5505248152150983, 0.8405577014672274, 4.00105603345882, 1.4807985551335305, 2.546818879378173, -0.04186233017510688, 0.8794333073641645, 3.9928554419451476, 3.2592388128665064, 2.296004198976239, 2.1072279195783157, 0.29528979520542986, 1.5148360511003962, 0.2641686028810457, 1.4973538021622688, 1.883124323112923, 0.905260942438701, 0.2237879374544982, 1.2141250330972775, 0.2009416437613165, 1.1012967037668682, 0.5264544908904589, 1.1429275539296302, 1.610642044641248, 1.3873977324334668, 0.21722783671907564, 4.308764165723482, 0.855255170651346, 0.17110960846107126, 3.1031833127657262, 2.557563344486889, 1.8786450989242898, 0.3261012866197035, 1.3364674529302094, 1.7989520694694476, 0.24503676844511668, 3.0128700149405336, 0.3419630783631362, 0.643175802917535, 3.503221303970818, 2.4456521896244876, 2.8059781589724815, 3.24482220645616, 2.6982299036193425, -0.06100681392051621, 1.832730068456413, 0.3094121083119852, 0.28593941180987414, 3.663073224270585, 2.576299015908178, 1.6684135485874487, 3.2887117922810885, 1.7344734280697658, 3.399074165744077, 3.176482790480234, 1.7388546053618095, 1.4427620920960014, 1.3696943708345903, 1.4383542548070987, 3.696078728554551, 1.5796545228040002, 1.771769577383405, 2.802726940606121, 0.4552516451595867, 2.3232876429074496, 0.6133947941450446, 1.5675467433945882, 2.847823305375427, 3.3830890757389085, 3.2465979779079777, 0.07435332719771903, 2.5033916359486508, 2.0450584952801725, -0.19993028092521303, 2.714987917937893, 1.7451674454713952, 2.7445445043073784, 1.4868316908551538, 2.033149036170668, 2.9753287094768823, 0.030106557917087162, 1.9456585876803352, 3.2750869395666022, 2.121566549297052, -0.042015541086332764, 2.341047690916242, 3.2868858693576826, 2.785598673195522, 2.085420677979342, 0.3452065343995483, 0.7925392214207727, 1.769314393228284, 2.4410480016558718, 1.9513264971137367, 2.1369282416499944, 2.143606883974882, 0.41729553900835903, 0.34431707034365067, 1.7589672472806592, 3.596371570764214, 3.5686229326916807, 2.807421797542094, 1.4705477956508606, 2.373711613659444, 1.8419636870344847, 0.24876820876624706, 2.349632723710387, 2.1215583365766113, 3.8355696530636894, 0.33308741159426347, 2.2014813550486414, 1.7301488634091573, 1.6636606709979338, 2.9296165486778145, 4.075120500167709, 0.13250436008043387, 0.6562174848641464, 1.409759749878445, 2.2237226772056387, 1.0130105236791433, 0.11460322644148402, 2.4081890081050616, 3.790130598896524, 2.3078141543971227, 1.5506045178931445, 3.5881021307318317, 0.28409353120276526, 0.7196858116315856, 2.4438290215007177, 2.347962547819025, 2.77938963498764, 3.860249005867207, 2.5093174441286505, 2.5557675543390475, 2.2872004565577626, 0.4479073263270146, 2.1246482179974198, 0.2424302147198416, 0.48646353340299253, 3.217559484530285, 1.6777846869892223, 2.708244574134037, 1.3431887841929764, 2.4039860320723894, 2.9973620911910968, 0.027626596701905815, 2.3781942905979006, 2.362227481986491, 2.973378025872713, 1.240103420874157, 1.7862327594513512, 1.7997256015118688, 0.6551857644839982, 1.693325973978939, 1.1266904753478322, 2.8048049001123, 2.6550209032972485, 0.9744293987186339, 3.198236525206601, 3.278621581521996, 3.5799128274046312, 2.4777750796989713, 1.9064182083424734, 2.7109925955550325, 1.892968476280813, 0.44411419943073005, 2.746352162662172, 0.41226035104352077, 0.49602241017090076, 1.8527451970685525, 1.6645231843830155, 3.505142212515211, 3.85182649274014, 1.6653987247798785, 1.6992503886392885, 0.44589986561907846, 2.8262753713752096, 2.317546976542499, 0.5099237565535186, 2.3075763037171173, 2.682654312522297, 2.384615486130199, 3.3902320310988263, 0.8664447014050232, 3.2594158269707667, 2.9634409026773905, 2.7564641714586617, 3.693716913850965, 0.5369364894527593, 4.0058758939928385, 3.3462996220394032, 3.7380797284862046, 3.558699716666662, 0.08550667255276334, 0.8680280223940464, 0.750259735929047, 2.7735817851426483, 4.231358517428501, 0.23370505359169158, 1.4895992876401336, 3.340124599325439, 4.341969251369948, 0.6829554936329358, 4.405859756342302, 3.2173845279914097, 0.4719210505451725, 1.9075022318650228, 1.9757538023973598, 2.0592084350821764, 1.4755892045181458, 1.6604813900287665, 3.0689653597833697, 1.8259777114329128, 4.5262992752776725, 1.7442051921616528, 3.4173795041366803, 0.23419640758685611, 3.4422322514148442, 1.6050653346012698, 2.8180499782899773, 3.5560339839173016, 1.458685586744608, 1.3828060943810885, 1.2403052295788584, 2.5154613539979924, 2.6647685757524995, 0.8464250393740769, 0.15688624429963172, 2.827045253851556, 3.2061503352294913, 2.0634573583815037, 4.211215035408767, 0.2598034074280515, 2.5424293931308717, 1.5572527412341444, 2.4967952028377467, 1.865008776152688, 1.0838775350653165, 1.2211869147259957, 0.6096721590524314, 3.0717650715040645, 0.299145313266453, 0.9520939760145495, 0.6461762689475457, 1.1181064228100455, 0.3163166767919683, 2.2440453050705007, 3.221989470163895, 3.3633097620084715, 1.7990037422555003, 2.847254226644996, 1.3164834676167727, 1.7683765697109222, 3.177765550970947, 3.31288269156381, 2.3483348008384906, 2.7285603312789437, 1.7917839429071232, 2.6571733962560904, 0.6354378965313401, 2.906626169444468, 3.8220824006742546, 4.153523000989987, 3.6906224379970434, 3.9416754905140543, 3.479517330553998, 3.8548307185081168, 3.543469498029237, 4.401185546503248, 3.680800656069708, 4.304617606593184, 3.895759365916966, 4.081003040899329, 4.096444902231317, 4.018768724901281, 4.049994905868869, 3.8236257088062295, 3.8621499051509556, 3.7443435954243025, 3.669823450747174, 3.78277212734658, 4.301758447921685, 3.338765762100192, 4.229892684094935, 4.193038518059243, 3.7480140597717484, 3.8361333339412123, 4.441559501298065, 3.764540438580482, 5.047671226517629, 5.418029061864574, 4.818879357106897, 4.770832898475062, 5.193482314886578, 4.8414453671772115, 4.906891687355465, 5.27718766248404, 4.681135999629857, 4.717921849809375, 4.722265804367229, 5.178816594692776, 4.9427131030060645, 4.942128957332834, 4.756916724502349, 5.0809479214989715, 4.856112373082992, 5.083963643367893, 4.73107921520819, 4.574629343914998, 4.586206945091693, 4.976052853823363, 4.851570218528996, 5.261541372673717, 5.177170478686932, 4.879167105739885, 4.820779334194134, 4.883702922571141, 4.549047669018698, 