{"model": "catboost_minilm_features-extract_entity_categories", "type": "train", "seed": 40, "train_losses": [], "val_losses": [], "time_start": "2026-02-28T11:46:08.641525", "mse": 0.13393426631279112, "accuracy": 0.8282051282051283, "corr": 0.9775960959241301, "precision": [0.9886363636363636, 0.7777777777777778, 0.6235294117647059, 0.8175182481751825, 0.9008264462809917, 1.0], "recall": [0.7699115044247787, 0.8, 0.905982905982906, 0.7417218543046358, 0.8449612403100775, 0.9230769230769231], "f1": [0.8656716417910447, 0.7887323943661971, 0.7386759581881533, 0.7777777777777778, 0.872, 0.96], "support": [113, 140, 117, 151, 129, 130], "confusion_matrix": [[87, 26, 0, 0, 0, 0], [1, 112, 27, 0, 0, 0], [0, 6, 106, 5, 0, 0], [0, 0, 37, 112, 2, 0], [0, 0, 0, 20, 109, 0], [0, 0, 0, 0, 10, 120]], "predictions": [3.132462091504512, 0.8806968167541225, 0.4555791338710904, 2.9014274898329875, 0.25025522290092095, 2.5410801623015287, 1.7686940939567943, 0.41048560991124017, 0.17311147715696107, 1.3418193356946222, 2.0936933855169775, 0.479868543124113, 2.451857737921302, 3.8062754106340635, 0.1379964416292867, 3.328964395536481, 0.47224836298828965, 2.457591011358152, 0.3761907556911219, 1.2949818182507926, 2.120368083677753, 3.8498335042930796, 0.47795710778765477, 3.963162661293614, 0.3739201560653256, 0.17658052739397734, 3.1319539179864067, 1.5614601001707777, 1.5704852214034528, 0.16684666820682237, 2.7022696164228144, 0.7324401958161413, 1.121459570993907, 2.068664892595809, 1.3979493001643124, 3.0734706315317943, 2.8772539198866616, 0.22791855968913843, 0.36832985606567803, 2.8470966313614334, 1.1372800674094514, 2.439198778439588, 3.921602164044706, 1.6827445287337475, 0.49015003350003594, 0.7738138749934753, 4.097526945380933, 1.536258418089247, 2.6046149275893336, 0.15220067451394304, 1.0000239598787688, 4.076192085675, 3.2957054958458496, 2.2345412340009676, 1.8434854054912193, 0.3911535230158836, 1.4869872951289032, 0.34889630253511195, 1.470554132816509, 1.7954913434162882, 1.0338053221958474, 0.1887982219697757, 1.067602726994234, 0.23517087855795893, 0.970612878686365, 0.399604201949165, 1.243146336701214, 1.7233706064272245, 1.3729621608414981, 0.17866466647292123, 4.405704256028785, 0.8711812225462279, 0.18955815139444, 3.3051508123983138, 2.660152198866063, 1.81614748153127, 0.28978577234039227, 1.1884146570968406, 1.8974095367897603, 0.15868562407717013, 3.121321814388813, 0.37171972587906144, 0.6748269261657345, 3.5912784439112464, 2.2622667576827435, 2.737583378242017, 3.2848516716578557, 2.822343802708232, -0.015062486178352152, 2.0176432269551485, 0.32514573515365175, 0.3090650055408424, 3.6971860409643593, 2.5623476934172085, 1.6423547882400877, 3.307982525599792, 1.658772429433171, 3.350818386818222, 3.1455743247159123, 1.6931874693175073, 1.404238716755591, 1.3130807404241502, 1.2657653244824816, 3.6954227013356227, 1.5808015936809805, 1.6653345546775173, 2.8071935068369442, 0.4068112633416714, 2.2572831153646864, 0.4801279010027386, 1.5007992989047352, 3.0134742432810837, 3.5622647961069394, 3.2316626548548215, 0.023155075424341476, 2.4069286421849885, 1.9056247411672103, 0.07727468591827202, 2.754113461017701, 1.7191355522498593, 2.651147568679118, 1.6899510774526174, 2.158475195621597, 2.8938456954225575, -0.04829317073605299, 1.8857123542964593, 3.4332861862207165, 2.2001340535067104, -0.054043309259936834, 2.466130799692675, 3.376848099205585, 2.6977661656208802, 2.122348679524435, 0.4419700495559553, 0.8138731148862934, 1.9584896472250508, 2.725389826629174, 1.9950759480659097, 2.16644753232832, 2.2096460386760266, 0.31786958474290294, 0.3896214418143451, 1.7513497082213276, 3.6793948076444294, 3.580112023260003, 2.7871615295487855, 1.4484949934528792, 2.4149401012692175, 1.8774433387539489, 0.19785907606772257, 2.3394559030879356, 2.1757018697817236, 3.6778443426805407, 0.3132773006466558, 2.064536807520547, 1.6968444741361541, 1.6525155965773286, 2.76814698747568, 3.8344405499867253, 0.15847535201374008, 0.5154393289636989, 1.4288069328522368, 2.184868999040949, 1.0385342266548578, 0.15484609943809868, 2.428079862323751, 3.9655612354950094, 2.359750330675258, 1.4901997122481025, 3.6941838736373906, 0.18363269736281618, 0.7379115167198036, 2.48712580182511, 2.3137959165080013, 2.8470526283151627, 3.815715259190728, 2.4236934208050673, 2.60868119490659, 2.200144351652734, 0.541385755181033, 2.189112907041266, 0.31500563643424595, 0.3946932225319104, 3.2255375685164855, 1.7678609082950079, 2.701049084157228, 1.4797218918338586, 2.3994689021884716, 3.098748901642892, -0.008637546881213432, 2.531170980206949, 2.244333030345963, 3.2736088226433817, 1.207496031615519, 1.7691852786357867, 1.7953444580865359, 0.7066041278430679, 1.688365233378247, 0.8942141785175932, 3.0569046630783294, 2.4648488757682543, 1.0127606663002398, 3.182479548775035, 3.3582614068367382, 3.7828324422620128, 2.3590445680306567, 1.7100781970281953, 2.609066555168531, 1.9883852546658534, 0.6257163056835551, 2.8877172427647344, 0.39941155808552997, 0.5308996827327932, 1.6558906195293144, 1.700169559932089, 3.6844956187640383, 3.863764258635122, 1.5238013212160726, 1.6189195276346982, 0.5093929583699253, 2.872158014729283, 2.4532200848243724, 0.5595499824017316, 2.06931236184158, 2.592342217657065, 2.367365211321214, 3.355226342108573, 1.1476701274726877, 3.328247761406455, 2.8772824201084046, 2.7049696591075842, 3.7613420084539397, 0.4829780603159173, 3.699538139815921, 3.4579480820399016, 3.5888288025955184, 3.6606033739287245, 0.1669078259047807, 0.8047041389884646, 0.7415634275645571, 2.8733874733762192, 4.427610663702708, 0.30414019852391494, 1.4676723951442863, 3.264538314004711, 4.26402620112145, 0.6110688097238077, 4.601284189955024, 3.516217182911957, 0.4085221759691362, 1.8223950425154793, 2.0603430178603164, 1.7725691064161, 1.4691462610387414, 1.7578459049879522, 3.200219533127449, 1.9645872141500287, 4.375507546122467, 1.7495954092065615, 3.490870494923519, 0.22840569999492022, 3.5219374947251003, 1.5623083986858473, 2.9377514971890166, 3.679694674929707, 1.4752280223143397, 1.2343789568458163, 1.1925352586210154, 2.4316811546439117, 2.8406870997883713, 0.7708495869817327, 0.1760928912866504, 2.880567825767532, 3.251581054703518, 2.0874620363652214, 4.347613618862715, 0.19248217584824223, 2.4899862880316164, 1.5588508982662213, 2.667348004949744, 1.8470693532785911, 0.9133352317994079, 1.2482502797853754, 0.5375883712150606, 3.1641771107113343, 0.27267272865782477, 1.1561835713553166, 0.5571270915516113, 1.1090237431783934, 0.3589845609551463, 2.238337953191356, 3.1070004605008736, 3.4496448948967826, 1.6511781256390163, 2.7972015790822153, 1.5793204978917883, 1.4958101312511427, 3.1465288063515837, 3.217410480298331, 2.4142547702078585, 2.6445010064407173, 1.8671219781624382, 2.48379601691891, 0.4867118730166675, 2.9971348909783733, 3.693182436163212, 4.1475556475063, 3.7208311439575765, 3.929109547623122, 3.5395532970621746, 4.012732901888282, 3.6469579153188474, 4.470993151856384, 3.518908492222704, 4.322930915865491, 3.9723184711608255, 4.106096193948545, 4.163993902434092, 4.0652245839950645, 4.081240558505268, 3.9843324881872837, 3.70055388057303, 3.7524298465256445, 3.6826727928787593, 3.776689643911661, 4.407992417649613, 3.5397607696143614, 4.0148797166715475, 4.190397346837829, 3.9249530928734604, 3.8893614685116282, 4.2960323175097175, 4.015434500338021, 5.224457833790519, 5.2180961400898855, 4.7903712176068876, 4.893323942132811, 5.099317770871532, 4.879386672672881, 5.094419678061923, 5.287641272910182, 4.564980935428425, 4.876287887909575, 4.834323476429742, 4.80379192073512, 5.007044289970219, 5.15853925278534, 4.639984370890876, 5.198811184725011, 4.93259817554517, 5.193398071345047, 4.7833836368869935, 4.725597677417573, 4.434006792406064, 5.01203870250187, 4.8572771557793155, 5.243693995825314, 5.202409661563953, 4.792760651584494, 4.752518763595314, 5.003464819861452, 4.407128199233622, 4.693523752852018, 5.106725607432605, 