{"model": "catboost_minilm_features-extract_contractions", "type": "test", "seed": 42, "time_start": "2026-02-28T11:35:00.981124", "mse": 0.7243045568466187, "accuracy": 0.48036253776435045, "corr": 0.8647188279198992, "precision": [0.8, 0.26582278481012656, 0.3404255319148936, 0.39344262295081966, 0.7105263157894737, 0.9591836734693877], "recall": [0.14285714285714285, 0.4666666666666667, 0.5925925925925926, 0.36923076923076925, 0.48214285714285715, 0.8545454545454545], "f1": [0.24242424242424243, 0.3387096774193548, 0.43243243243243246, 0.38095238095238093, 0.574468085106383, 0.9038461538461539], "support": [56, 45, 54, 65, 56, 55], "confusion_matrix": [[8, 34, 11, 3, 0, 0], [1, 21, 22, 1, 0, 0], [1, 15, 32, 6, 0, 0], [0, 9, 29, 24, 3, 0], [0, 0, 0, 27, 27, 2], [0, 0, 0, 0, 8, 47]], "predictions": [1.762693166732788, 2.0084571838378906, 4.000577926635742, 1.1770111322402954, 1.7605926990509033, 0.25545787811279297, 1.8437367677688599, 0.4328904151916504, 0.9000411033630371, 1.500531554222107, 2.507316827774048, 0.6861786842346191, 1.750518798828125, 2.6712636947631836, 1.2531481981277466, 2.0808308124542236, 1.6231858730316162, 2.604790449142456, 1.4110567569732666, 1.7770922183990479, 1.0603830814361572, 1.412394642829895, 0.7469944953918457, 1.7939269542694092, 2.3374948501586914, 1.9079610109329224, 3.170008420944214, 1.8490910530090332, 1.6053935289382935, 2.370404005050659, 0.5759061574935913, 1.929032325744629, 1.4251905679702759, 2.100130081176758, 2.2102839946746826, 2.214111804962158, 0.4237198829650879, 0.9719475507736206, 3.4178738594055176, 1.5673731565475464, 1.45855712890625, 0.3161606788635254, 3.620023250579834, 2.6170310974121094, 2.3909475803375244, 1.5131478309631348, 1.182045817375183, 3.493183135986328, 3.1478495597839355, 3.084920883178711, 1.4650471210479736, 1.9761673212051392, 3.860771656036377, 1.5173221826553345, 2.740863084793091, 2.3607068061828613, 0.9257357120513916, 0.9251976013183594, 2.9337031841278076, 2.1753551959991455, 3.121293544769287, 3.3770339488983154, 3.768031358718872, 1.728835105895996, 1.2454617023468018, 2.1047914028167725, 1.683213233947754, 1.2402939796447754, 2.1992998123168945, 2.9061121940612793, 0.6806432008743286, 2.0462303161621094, 0.2668159008026123, 0.5594643354415894, 1.0043977499008179, 2.8350157737731934, 0.1629641056060791, 1.7335033416748047, 1.342287302017212, 1.0411427021026611, 0.8080623149871826, 3.355983018875122, 1.5473859310150146, 0.6045341491699219, 1.2567737102508545, 0.5462958812713623, 0.6141469478607178, 1.415979027748108, 1.9633588790893555, 3.2385385036468506, 1.2728323936462402, 3.977606773376465, 1.0873329639434814, 3.186262369155884, 0.6713582277297974, 2.8999013900756836, 3.423823356628418, 2.563993453979492, 1.680297613143921, 2.0251553058624268, 1.7396180629730225, 3.5619587898254395, 1.311313271522522, 1.640195608139038, 1.0969828367233276, 2.4587786197662354, 1.1427830457687378, 0.48666930198669434, 1.7824134826660156, 0.27508020401000977, 2.697802782058716, 1.4205766916275024, 1.2120964527130127, 1.253230094909668, 2.0957894325256348, 3.1406350135803223, 0.2599313259124756, 1.183609962463379, 2.8779361248016357, 0.707470178604126, 2.142475128173828, 2.7303519248962402, 1.5246012210845947, 2.8221991062164307, 1.7923715114593506, 1.7248674631118774, 3.085014820098877, 1.175296664237976, 1.4073714017868042, 2.7669482231140137, 2.41402268409729, 1.2158725261688232, 2.503194808959961, 3.4951212406158447, 0.558476448059082, 2.244318723678589, 3.367931842803955, 1.4206256866455078, 2.5328264236450195, 2.749817132949829, 1.3390593528747559, 4.225803852081299, 1.2459299564361572, 2.584603786468506, 1.5969891548156738, 2.505002021789551, 1.715004563331604, 1.949882984161377, 1.481172800064087, 1.6735565662384033, 0.8513622283935547, 2.502070188522339, 0.7800219058990479, 3.3885433673858643, 1.3307838439941406, 1.8657381534576416, 2.7049672603607178, 1.8057854175567627, 2.1528913974761963, 3.8012733459472656, 3.43160343170166, 2.2063658237457275, 3.445976734161377, 0.9318864345550537, 2.5587055683135986, 2.7718801498413086, 2.6428678035736084, 2.0156986713409424, 1.034997582435608, 1.4187309741973877, 2.570352792739868, 0.564056396484375, 1.4683763980865479, 2.3252346515655518, 1.8594413995742798, 1.0609946250915527, 4.356490135192871, 1.6610615253448486, 2.3171427249908447, 2.554765462875366, 0.8482673168182373, 2.3146541118621826, 0.994369626045227, 0.4575517177581787, 0.5720920562744141, 3.3123550415039062, 1.9190171957015991, 3.7028346061706543, 1.7504208087921143, 1.9114696979522705, 1.780845284461975, 0.9131089448928833, 2.2136075496673584, 2.813769817352295, 2.3008275032043457, 4.231417655944824, 3.4396913051605225, 4.561025619506836, 3.7923450469970703, 3.577115297317505, 3.493560314178467, 3.057302474975586, 4.197098731994629, 4.299123764038086, 4.138521194458008, 3.6927924156188965, 3.0556654930114746, 3.8728184700012207, 4.722455024719238, 3.4150583744049072, 3.7788548469543457, 4.341159820556641, 4.112693786621094, 4.383262634277344, 3.785625457763672, 3.6623573303222656, 3.273310661315918, 3.7388288974761963, 5.683315277099609, 4.956210613250732, 5.298189640045166, 4.367225170135498, 4.432352066040039, 5.680427551269531, 5.119695663452148, 4.668865203857422, 4.361335754394531, 4.516303062438965, 5.10662841796875, 5.237985610961914, 4.565529823303223, 5.135043144226074, 4.597569465637207, 5.510890483856201, 4.77796745300293, 5.277651309967041, 4.897107124328613, 5.222822666168213, 4.732185363769531, 4.875977516174316, 4.745258331298828, 5.447849273681641, 4.7200117111206055, 5.388728141784668, 5.456593990325928, 4.992103576660156, 4.948268413543701, 4.795923233032227, 4.932811737060547, 4.990664958953857, 5.049867630004883, 4.9923810958862305, 4.900032043457031, 4.243729591369629, 4.732707500457764, 5.086828231811523, 5.350868225097656, 5.620162010192871, 5.247836112976074, 4.924747943878174, 3.8557186126708984, 5.410787582397461, 1.6667509078979492, 1.2371214628219604, 2.1924774646759033, 2.2775609493255615, 0.8786280155181885, 2.0440425872802734, 1.8852256536483765, 0.8896559476852417, 2.405980110168457, 2.028049945831299, 4.175296306610107, 2.0377190113067627, 5.15056848526001, 3.453944683074951, 0.8183069229125977, 2.019188642501831, 5.242205619812012, 2.022397041320801, 2.2617640495300293, 0.6971613168716431, 2.4196701049804688, 1.0040819644927979, 1.4222590923309326, 1.589717149734497, 1.489575982093811, 0.9378912448883057, 2.1912810802459717, 4.396080017089844, 0.8062151670455933, 2.266111373901367, 2.753079652786255, 1.9418525695800781, 5.418852806091309, 0.8188043832778931, 3.4718055725097656, 1.7765220403671265, 5.003655433654785, 3.991591453552246, 1.4908822774887085, 0.6235778331756592, 3.4296188354492188, 1.6861226558685303, 0.5457708835601807, 5.274338722229004, 3.9276676177978516, 1.9363359212875366, 1.4836622476577759, 1.6403313875198364, 2.670078754425049, 1.831528902053833, 1.978092908859253, 4.780461311340332, 1.5924360752105713, 1.4127432107925415, 4.374341011047363, 1.767704963684082, 2.8918957710266113, 2.8687005043029785, 3.565490245819092, 1.881229281425476, 2.2942392826080322, 0.6348825693130493, 1.8549022674560547, 0.8515996932983398, 5.606279373168945, 3.981355667114258, 4.857126235961914, 2.7418365478515625, 3.775991201400757], "params": {"iterations": 1510, "learning_rate": 0.014286, "depth": 3, "l2_leaf_reg": 3.4047e-06, "bagging_temperature": 2.5656, "random_strength": 4.1266, "border_count": 207}, "time_end": "2026-02-28T11:35:01.037641"}