{"model": "catboost_minilm_features-extract_entity_categories", "type": "train", "seed": 41, "train_losses": [], "val_losses": [], "time_start": "2026-02-28T11:46:42.028659", "mse": 0.13122389350529368, "accuracy": 0.8333333333333334, "corr": 0.9780862175740975, "precision": [0.9886363636363636, 0.7832167832167832, 0.6287425149700598, 0.8111888111888111, 0.923728813559322, 1.0], "recall": [0.7699115044247787, 0.8, 0.8974358974358975, 0.7682119205298014, 0.8449612403100775, 0.9307692307692308], "f1": [0.8656716417910447, 0.7915194346289752, 0.7394366197183099, 0.7891156462585034, 0.8825910931174089, 0.9641434262948207], "support": [113, 140, 117, 151, 129, 130], "confusion_matrix": [[87, 26, 0, 0, 0, 0], [1, 112, 27, 0, 0, 0], [0, 5, 105, 7, 0, 0], [0, 0, 35, 116, 0, 0], [0, 0, 0, 20, 109, 0], [0, 0, 0, 0, 9, 121]], "predictions": [3.270580595703821, 0.9316464119356871, 0.47291699012429955, 2.9579731542708743, 0.23637535554317068, 2.5460888235663925, 1.710144934620665, 0.41524685858876387, 0.14719093160679453, 1.395107999072137, 2.140967046872105, 0.3620538956072754, 2.371804362330605, 3.8173237099255704, 0.193065090728191, 3.2928504817974886, 0.47877562903782245, 2.49320803220064, 0.35120444799018946, 1.3167765933659576, 2.149820424756437, 3.8257922232419395, 0.4225256452096011, 4.008659885348811, 0.39206306048933204, 0.25853186390453065, 3.21331578819121, 1.5501024519089923, 1.6082314973062757, 0.19777939598776761, 2.6836104842279616, 0.7044143203514264, 1.1007943715661255, 2.2269340562317357, 1.4361982573439085, 3.0546926509792223, 2.8827318269801494, 0.32086688929900475, 0.33847477281207317, 2.7797764911761442, 1.1278974599811686, 2.4553942251420233, 3.9158324793675896, 1.6613309955038205, 0.4995727662369611, 0.7968476374666009, 4.007011259048221, 1.55269252079133, 2.653876746818887, 0.11246370166959974, 0.9482434477330097, 4.206764533220913, 3.243657057196404, 2.3081305495773687, 1.9234453429819585, 0.3790263869007222, 1.4478176268678058, 0.2417558598653322, 1.5023269985267929, 1.7785457183180138, 1.0360024639676453, 0.2168469672785398, 1.0682731436578525, 0.15820530037479452, 1.1395425205208372, 0.40490305849438624, 1.18564714988198, 1.6812070912306945, 1.449186500081077, 0.20388769056298228, 4.440336119847531, 0.8974230609222438, 0.23974064651942628, 3.319516843360856, 2.5202072894138436, 1.7996404623968982, 0.31585683648732577, 1.26852644200748, 2.015663294238458, 0.12684517144772078, 3.0690011603139116, 0.3443420214764039, 0.6083948562420118, 3.553278699556062, 2.3435216620808514, 2.77418744706831, 3.3300969916437912, 2.783226824076472, -0.04932199638477641, 2.0134171283274283, 0.3197831824423072, 0.4322062234011481, 3.814389729222653, 2.5015133786577683, 1.574980222963171, 3.2980503981542473, 1.693780728019683, 3.3688461761574833, 3.261512876072928, 1.7353903301458358, 1.4185147348370641, 1.2824121322485624, 1.2213206138739767, 3.651518488050457, 1.624849884251954, 1.7226821000992094, 2.8977431881687954, 0.42042572899355424, 2.220952331494235, 0.4683785127961042, 1.5546866425468195, 2.9485565994779446, 3.5727291791040754, 3.2882592936362887, 0.09728490484559282, 2.464269908770993, 1.9063853307581975, -0.01541230927566728, 2.7645190872268977, 1.7313455564227427, 2.615401323278747, 1.575048964262451, 2.0571047094488053, 2.822616765489994, -0.025918853830136257, 1.8968085037138902, 3.2788770723549883, 2.1933725860329956, -0.08643966591025976, 2.5547295755562343, 3.3774881603064206, 2.738716993690166, 2.0043494140042326, 0.42959595125029226, 0.8529260633229718, 1.9937065930546796, 2.672000178861748, 1.8925334054334466, 2.1214487373772366, 2.1735202617397396, 0.28739806223556474, 0.35538290534666706, 1.7630595874446262, 3.7642094747548085, 3.5852079064509965, 2.8630076310554067, 1.4276836839869733, 2.6043223861299483, 1.8287593619682536, 0.2827361524887637, 2.3207126802142306, 2.07628000927814, 3.7079777454790905, 0.29042440793196, 2.126916685961182, 1.6799817089383529, 1.7410822614170793, 2.7319223472389482, 3.935269090986906, 0.15880905575620785, 0.5300545677351043, 1.4781585467969698, 2.2311614088314204, 1.0220956740317364, 0.09423687322956553, 2.4781688043203607, 3.870485035598335, 2.459847072910715, 1.490956138433886, 3.667126677913009, 0.16112874625324825, 0.6419794278791959, 2.5553631097699414, 2.3098058814513056, 2.864435643824917, 3.7557728447037917, 2.4438446779808762, 2.5906900774058217, 2.2204361924468574, 0.46653163262293385, 2.1526516457775546, 0.2216644034560069, 0.3299312776252372, 3.157040849668359, 1.7653681527044105, 2.915980557720931, 1.4349637718469084, 2.3679027006396196, 3.0633443049020745, -0.041949950482277565, 2.5174039576545097, 2.3105484503406215, 3.110165289173162, 1.187051929387287, 1.7694544156015024, 1.6654347064349566, 0.6802851748108871, 1.7259095507415152, 1.0342653338832715, 2.9213144556217885, 2.549658342038018, 0.9753882377170677, 3.0909659148290896, 3.2672795684473197, 3.7008517807831627, 2.421953937103141, 1.8424468971325099, 2.6258816849664592, 1.9917066913658092, 0.5553810129358898, 2.9180709297045007, 0.3347404605714841, 0.47788023894533405, 1.7439539660094758, 1.7356033091874745, 3.7142770063111223, 3.8536869730894576, 1.5614657944999242, 1.6005515444316996, 0.533887909687133, 2.7605440927226645, 2.4512523967308764, 0.5624965490470379, 2.159479083563992, 2.4478954951589187, 2.395885537354367, 3.428300369635987, 1.0291355398686408, 3.4076033147460203, 2.9571043401500137, 2.706084049529152, 3.7843518321156364, 0.4239755722845726, 3.839857982087085, 3.41213081737874, 3.681100128892473, 3.634843000761761, 0.035186704746882125, 0.829528596287705, 0.7424398889766708, 2.9149536804070446, 4.396090383437962, 0.3268673589578168, 1.4683998259646005, 3.290355456111241, 4.319730191494182, 0.6017263634522938, 4.645379828742692, 3.3904454060995084, 0.34923581500812384, 1.7926256472095943, 2.0426128892437356, 1.8860778700570036, 1.3960358223600629, 1.6137127676083671, 3.0889310825546534, 1.9117503882206777, 4.350545344144841, 1.7206235498283622, 3.461479361503146, 0.2493014913735192, 3.566488098043909, 1.5788683239329453, 3.1144787472664643, 3.788828191207558, 1.4629888124468045, 1.215920680951835, 1.1646438957080976, 2.5555756958864153, 2.862432908068284, 0.7584397267881293, 0.15357825688197124, 2.922373284712973, 3.2806239219059328, 2.0198557355263618, 4.342405339529439, 0.2794488907994839, 2.5144524209587544, 1.686982686245134, 2.661374381515032, 1.8502604476589215, 0.9223110128270122, 1.1499392603450938, 0.5708798152240466, 3.2162158936787124, 0.324909784730564, 1.1042584918322509, 0.597461575682021, 1.150739074257127, 0.3011807163106024, 2.253676672607859, 2.960075215683256, 3.387029038632584, 1.681962364548407, 2.7767748315599508, 1.547195873301769, 1.6834767656110232, 3.1696426839155625, 3.2252460547394106, 2.385071475354798, 2.656072300057054, 1.8499049108885095, 2.5813971895457635, 0.5257193962871274, 3.0070448046169265, 3.7549123807831464, 4.216299294334571, 3.788243229884749, 3.861910854953122, 3.6281909740532354, 3.9454395128096262, 3.6250172408332464, 4.442845341586803, 3.5169170963547822, 4.433489339649426, 3.8906192325399553, 4.2070352130660655, 4.137809346657766, 4.02306509219914, 4.060643871796834, 3.9109787076661835, 3.79831704782032, 3.7158788505429095, 3.704933445423384, 3.7551148971427386, 4.374188646098304, 3.443057449197965, 4.107030373478333, 4.198683471268467, 3.967819732977292, 3.8818089485891516, 4.379024525345825, 4.013818964495156, 5.188969818336444, 5.249973613485356, 4.7917243580055136, 4.817700849677106, 5.04323631415711, 4.8564389538818356, 5.028250389850665, 5.398181619033629, 4.524880865717014, 4.840833602520012, 4.679995997000953, 4.7999373909408245, 5.076314254437715, 5.168931984678217, 4.642113487064638, 5.138762599388235, 4.866797136281402, 5.231555445148462, 4.897987664924937, 4.576126708375831, 4.514834059058547, 4.954059980957915, 4.817511115264844, 5.2206873072069735, 5.148862123100085, 4.766673858219788, 4.754627603095492, 4.929168915527812, 4.450124068715279, 