{"model": "catboost_minilm_features-extract_noun_phrase_lengths", "type": "train", "seed": 42, "train_losses": [], "val_losses": [], "time_start": "2026-02-28T11:45:34.464279", "mse": 0.13180815355664777, "accuracy": 0.8320512820512821, "corr": 0.978072758067839, "precision": [1.0, 0.7619047619047619, 0.6227544910179641, 0.8285714285714286, 0.925, 1.0], "recall": [0.7522123893805309, 0.8, 0.8888888888888888, 0.7682119205298014, 0.8604651162790697, 0.9307692307692308], "f1": [0.8585858585858586, 0.7804878048780488, 0.7323943661971831, 0.7972508591065293, 0.891566265060241, 0.9641434262948207], "support": [113, 140, 117, 151, 129, 130], "confusion_matrix": [[85, 28, 0, 0, 0, 0], [0, 112, 28, 0, 0, 0], [0, 7, 104, 6, 0, 0], [0, 0, 35, 116, 0, 0], [0, 0, 0, 18, 111, 0], [0, 0, 0, 0, 9, 121]], "predictions": [3.310357747852648, 0.8351531522297782, 0.5155576554731534, 2.8139570988554774, 0.2157843283432701, 2.567347319128327, 1.7951601398439676, 0.4590591065277496, 0.22728617537136486, 1.3416030799480057, 2.228378611638218, 0.46065520175323815, 2.3939513623738784, 3.811711637110992, 0.13734195652689563, 3.318786234494847, 0.4206440666025948, 2.515853644688241, 0.33392148714892356, 1.2203536940984299, 1.9786749914915172, 3.8899378659636845, 0.3953682525311901, 4.07523709225322, 0.4499629108272645, 0.22764779186428408, 3.2520667268292063, 1.502450540723991, 1.499937016637642, 0.16491077629669704, 2.659206244576882, 0.658761738020252, 1.0813426424129575, 2.1013608602589233, 1.3538480569086262, 3.098268866181087, 3.0245821383546243, 0.3451165055613692, 0.2962417528383461, 2.7005848615346215, 1.1020653961998332, 2.4797567911945175, 4.0326273276667965, 1.6959339072894077, 0.4719662967219622, 0.7817040562999304, 4.121669716262634, 1.5505644990535647, 2.640940193963759, 0.09493738746192548, 0.8741380777747072, 4.141164884555087, 3.2671636748302832, 2.2489435713457806, 1.7963444603868175, 0.37506544770919303, 1.4920567971550134, 0.20078138728455386, 1.5308728234626292, 1.7076351810487043, 0.9931712509038113, 0.17765190291989708, 1.1460958736500488, 0.18560610774491426, 1.124543939113049, 0.37645057881878463, 1.2170873845769323, 1.7723815096300628, 1.43117420160089, 0.23994987424721215, 4.437835206773821, 0.9276917297223899, 0.17295005293097176, 3.266021862905416, 2.6263971464590754, 1.8895516500397151, 0.34005474290391646, 1.293923480868391, 1.9265956708649274, 0.14708623245403274, 3.1486984109161393, 0.3969599631657399, 0.6483707174595743, 3.583100790477971, 2.3133885609121356, 2.7006767692713045, 3.2352236096732723, 2.5961179114957202, 0.02019159358511491, 1.9530230776198976, 0.34687035332972016, 0.3920594313831547, 3.772126166628081, 2.46273568542735, 1.6928464141107629, 3.3658094725580243, 1.679383558839541, 3.370277705506871, 3.2490257642010363, 1.744054334137851, 1.3311279833622025, 1.214270657738381, 1.2756183284156182, 3.7187604867892805, 1.6863343245439233, 1.7273214467691786, 2.8119103564618144, 0.35510803687576953, 2.244256418789442, 0.5215743371051276, 1.5564141356030403, 3.069822206514114, 3.5306043718215148, 3.332000377438944, 0.08666449197057258, 2.488001307232885, 1.8985377263591523, 0.019252891087957913, 2.78741602130207, 1.7709594414293552, 2.687650691295411, 1.5157725838707563, 2.1801367799499234, 2.809597899555862, 0.027908505666947026, 1.8801850605217694, 3.325563383393166, 2.2429306267516136, -0.024423560765018948, 2.53368816419575, 3.279208871916819, 2.7884916770541555, 2.192236841156445, 0.44816842505087884, 0.8064703982117358, 1.9820340831132905, 2.7131045495536816, 2.0837084787412725, 2.135331326864397, 2.2539459771894172, 0.28327860807641514, 0.41994747522535825, 1.7226899044719155, 3.6904891832544995, 3.536003656396633, 2.731547376320883, 1.3717514229114223, 2.602773314227129, 1.8150024081283038, 0.2260558488463955, 2.3684279398005916, 2.1155016745876862, 3.8623854978758967, 0.3683333419234378, 2.1809447937855664, 1.7214718327842888, 1.7123060416233309, 2.679758278280266, 3.893287455968437, 0.17660964497081721, 0.5120147362250898, 1.525979931860296, 2.2358923820925596, 0.9499496039259936, 0.06892383154713633, 2.3801336226316288, 3.9850627383543205, 2.415992274207077, 1.4568834155933832, 3.6463957785517067, 0.1477294744411033, 0.6705823640045667, 2.5226214323784197, 2.3323986429311545, 2.8872688499841024, 3.8395831092296966, 2.5331189028458354, 2.6078199637657415, 2.3014123616776345, 0.5167827235767875, 2.134049710163031, 0.23223495602578792, 0.34051712464840067, 3.1554854475943253, 1.7184590306217293, 2.8531753125910537, 1.3770871894316428, 2.271440620143849, 3.07351883731879, 0.06011559516495302, 2.5755610906400523, 2.308712111633211, 3.141576479388501, 1.2757811801171814, 1.715585171162128, 1.7346055989821187, 0.6841901453609216, 1.7225778049715177, 0.952157568888437, 2.9297659705615002, 2.4127077151185077, 0.9434060154859316, 3.10678667724394, 3.1988206675438833, 3.713252003761095, 2.382486555791038, 1.8061796054423587, 2.6971920860712233, 2.0921354201536455, 0.5009831468628181, 3.0005196927810807, 0.43292068134567563, 0.5980774229053585, 1.7304265305214077, 1.6681337534355136, 3.709932939463776, 3.9041935735378286, 1.6432456652948793, 1.5262647658048576, 0.49804072755370177, 2.721567736553322, 2.399685233683517, 0.5781153977512663, 2.139619015686905, 2.611463662640458, 2.386516012798134, 3.5158819829705763, 1.0188276187708336, 3.3062950671254305, 3.001417441006468, 2.748677346301279, 3.6430011080653664, 0.42278841205180306, 3.7975623193679278, 3.4719966458934404, 3.5467131742691542, 3.6651780135361784, 0.22400116506837886, 0.7404821207336718, 0.7341703706787361, 2.9644707403072665, 4.401043778771344, 0.3405919454961448, 1.465300019526202, 3.2638893314323125, 4.4227416457644635, 0.6591002987161494, 4.566660243420154, 3.4086716196337226, 0.39618744641820225, 1.7748980617083026, 2.0327445012570067, 1.7999429651385643, 1.3848634090500598, 1.6382191514753761, 3.1926284787684853, 1.9218081195554637, 4.483522237074748, 1.7302985741654258, 3.509395380240332, 0.204076946916397, 3.582091671789356, 1.5480729982923236, 2.9956749602830697, 3.7501422143495624, 1.3504417090272893, 1.1945004785517148, 1.1928940099913705, 2.5095412552056424, 2.826454074934059, 0.793216954685269, 0.16339621082412314, 2.8781442870791087, 3.2404999997752713, 2.1043103013631326, 4.363498408623215, 0.26039291553703015, 2.51605975243603, 1.567957494960151, 2.732520900334034, 1.8130876714389876, 0.9773320587706256, 1.1373478983089491, 0.4177055200114541, 3.16386405960407, 0.24181256800802808, 1.1767477437944895, 0.627775349979659, 1.1412477266744077, 0.2979677479198366, 2.327447382938348, 2.9234770487876394, 3.438814821161259, 1.7598455123943155, 2.6423501309589996, 1.501617716996384, 1.5169537218205393, 3.2105148709510294, 3.2273091316971754, 2.3845849864285076, 2.609867577958976, 1.987452300545792, 2.4586902828305806, 0.6045319914668661, 2.914942224965043, 3.681253944942264, 4.223674284243606, 3.752830034234446, 3.9474642185066062, 3.5398750957392418, 3.939558588702307, 3.6291994853704055, 4.345992748736842, 3.4625410834512467, 4.386768154760053, 4.054736044630305, 4.1633273651976115, 4.085891767250073, 4.117564102798093, 4.021670505664769, 3.987623813393755, 3.8122457045491216, 3.6915653157710473, 3.6800140360362077, 3.6576898254311105, 4.3414982065507015, 3.4595177587135266, 4.10784361024838, 4.114073977016616, 3.801931253446705, 3.861754980531392, 4.283339876612359, 3.964478914666683, 5.1828891985679455, 5.220828030820718, 4.8144805529947865, 4.827710627380162, 5.06809142331327, 4.882023194826536, 5.049450267812276, 5.387855905440578, 4.614700605796639, 4.7630843569612065, 4.86030082770381, 4.79668727296948, 4.942835443558097, 5.1057327013900995, 4.72719805942037, 5.200800352489249, 4.911890457403848, 5.1167369886811755, 4.836308170832245, 4.666709058505699, 4.527034396511445, 4.875456868955963, 4.845786478468696, 5.321839101572394, 5.025831487731698, 4.742926784049054, 4.762709117582174, 5.0231518246767966, 4.4681926447113565, 4.6463307456624765, 5.147638381728086, 