{"model": "catboost_minilm_features-extract_ttr", "type": "test", "seed": 42, "time_start": "2026-02-28T11:23:13.328055", "mse": 0.7445856928825378, "accuracy": 0.486404833836858, "corr": 0.8605651197658318, "precision": [0.8181818181818182, 0.2692307692307692, 0.35789473684210527, 0.40350877192982454, 0.6744186046511628, 0.9574468085106383], "recall": [0.16071428571428573, 0.4666666666666667, 0.6296296296296297, 0.35384615384615387, 0.5178571428571429, 0.8181818181818182], "f1": [0.26865671641791045, 0.34146341463414637, 0.4563758389261745, 0.3770491803278688, 0.5858585858585859, 0.8823529411764706], "support": [56, 45, 54, 65, 56, 55], "confusion_matrix": [[9, 32, 12, 3, 0, 0], [1, 21, 22, 1, 0, 0], [1, 14, 34, 5, 0, 0], [0, 11, 27, 23, 4, 0], [0, 0, 0, 25, 29, 2], [0, 0, 0, 0, 10, 45]], "predictions": [1.8759956359863281, 1.9157705307006836, 3.809046745300293, 1.0528018474578857, 1.8159244060516357, 0.27159953117370605, 1.934142827987671, 0.23174643516540527, 0.8148776292800903, 1.4688390493392944, 2.3509950637817383, 0.9434043169021606, 1.6930598020553589, 2.5122430324554443, 1.291792869567871, 2.2666590213775635, 1.712677001953125, 2.7518365383148193, 1.3942610025405884, 1.7216914892196655, 0.8684359788894653, 1.2530983686447144, 0.7778587341308594, 1.4600855112075806, 2.2453954219818115, 1.95863938331604, 3.2289063930511475, 1.6848182678222656, 1.7117189168930054, 2.3613922595977783, 0.3157174587249756, 1.758004903793335, 1.433108925819397, 2.20460844039917, 2.358632802963257, 2.199209690093994, 0.586798906326294, 1.1144450902938843, 3.24338436126709, 1.4481587409973145, 1.3705960512161255, 0.4732246398925781, 3.486780881881714, 2.221644401550293, 2.652263879776001, 1.2822108268737793, 1.3432186841964722, 3.4403553009033203, 3.1684012413024902, 3.126002311706543, 1.7064011096954346, 1.7031426429748535, 3.9626874923706055, 1.4579672813415527, 2.6345553398132324, 2.4064128398895264, 0.9817436933517456, 0.8481289148330688, 2.858901262283325, 2.250553607940674, 3.4027140140533447, 3.249973773956299, 3.673837900161743, 1.5915069580078125, 1.1716687679290771, 2.29267954826355, 1.482305884361267, 1.2869453430175781, 1.9978691339492798, 2.91996693611145, 0.7404700517654419, 1.862877368927002, 0.20224761962890625, 0.5224266052246094, 0.7062976360321045, 2.8775885105133057, 0.23949384689331055, 1.6675193309783936, 1.335801124572754, 1.0042310953140259, 0.7443573474884033, 3.3406429290771484, 1.5477149486541748, 0.41852426528930664, 1.1457762718200684, 0.5032134056091309, 0.6608091592788696, 1.5185692310333252, 1.8982534408569336, 3.433549165725708, 1.1627000570297241, 3.957902669906616, 1.1780929565429688, 3.3534791469573975, 0.7322424650192261, 2.784433603286743, 3.5388054847717285, 2.5022459030151367, 1.8202366828918457, 2.168252944946289, 1.8287174701690674, 3.503197431564331, 1.5028951168060303, 1.3869433403015137, 0.9520210027694702, 2.473112106323242, 1.0346516370773315, 0.5813740491867065, 1.8867428302764893, 0.31175661087036133, 2.900383949279785, 1.5116119384765625, 1.369139313697815, 1.225947380065918, 2.157181739807129, 3.005164623260498, 0.22362875938415527, 1.0444974899291992, 2.832308769226074, 0.456268310546875, 2.1823389530181885, 2.7058732509613037, 1.546201467514038, 2.8097312450408936, 2.0809576511383057, 1.6549570560455322, 3.0721724033355713, 1.2398768663406372, 1.4447152614593506, 2.733767032623291, 2.506162405014038, 1.1459250450134277, 2.735220432281494, 3.480774164199829, 0.8147776126861572, 1.9283299446105957, 3.607438087463379, 1.6206990480422974, 2.729473114013672, 2.5918772220611572, 1.266339659690857, 3.967932939529419, 1.442353367805481, 2.648122787475586, 1.5995838642120361, 2.5234427452087402, 1.5090363025665283, 1.956526279449463, 1.3647366762161255, 1.6624653339385986, 0.9709779024124146, 2.179304361343384, 0.6503826379776001, 3.415328025817871, 1.1903653144836426, 1.7811602354049683, 2.958956241607666, 1.7792680263519287, 2.239931106567383, 3.7076210975646973, 3.3315889835357666, 2.1742846965789795, 3.306349039077759, 0.964786171913147, 2.753458023071289, 2.860898017883301, 2.605746030807495, 1.9503777027130127, 1.072280764579773, 1.3819082975387573, 2.4476025104522705, 0.46332621574401855, 1.533766508102417, 2.4364194869995117, 1.6152303218841553, 1.309843897819519, 4.357808589935303, 1.6435284614562988, 2.504518985748291, 2.520322561264038, 0.9487208127975464, 2.274068832397461, 0.9219813346862793, 0.7997528314590454, 0.7229764461517334, 3.26788067817688, 2.0949082374572754, 3.9638195037841797, 1.851890206336975, 2.0062921047210693, 1.6596283912658691, 0.8150368928909302, 2.289174795150757, 2.6889610290527344, 2.3362929821014404, 4.035558223724365, 3.4815192222595215, 4.509366035461426, 3.9559950828552246, 3.3380653858184814, 3.551382541656494, 3.0886003971099854, 4.33009147644043, 4.3604936599731445, 4.051779270172119, 3.603804588317871, 3.1736698150634766, 4.1273393630981445, 4.630204200744629, 3.5770058631896973, 3.7541351318359375, 4.244563102722168, 4.085728645324707, 4.464414596557617, 3.8272552490234375, 3.694827079772949, 3.3739500045776367, 3.7070987224578857, 5.601648330688477, 5.027436256408691, 5.234586715698242, 4.407170295715332, 4.134903907775879, 5.698902130126953, 5.004578113555908, 4.606993675231934, 4.323805809020996, 4.2912139892578125, 5.159724712371826, 5.370532989501953, 4.687193870544434, 5.228018760681152, 4.36053991317749, 5.455348968505859, 4.6552324295043945, 5.263282775878906, 4.648798942565918, 5.004887580871582, 4.795017242431641, 5.019497871398926, 4.667171478271484, 5.441115379333496, 4.476797580718994, 5.278690338134766, 5.398684501647949, 4.9681243896484375, 5.052987098693848, 4.768526077270508, 4.901496887207031, 5.059954643249512, 5.104891777038574, 4.951338291168213, 4.848179817199707, 4.234867572784424, 4.653830528259277, 4.995763301849365, 5.332239151000977, 5.680559158325195, 5.356651306152344, 4.854068279266357, 3.9048757553100586, 5.284873008728027, 1.6705293655395508, 1.3814133405685425, 1.8888647556304932, 2.4524545669555664, 1.019270896911621, 2.11545991897583, 1.9689044952392578, 1.0900708436965942, 2.352177619934082, 2.392158031463623, 4.370659351348877, 2.0446276664733887, 5.271053314208984, 3.676091432571411, 0.7994199991226196, 2.055100917816162, 5.221714973449707, 2.2894949913024902, 2.1036410331726074, 0.6248633861541748, 2.3737666606903076, 1.0226675271987915, 1.4232075214385986, 1.528499960899353, 1.7457616329193115, 0.95180344581604, 2.38236665725708, 4.20780086517334, 1.1603535413742065, 2.2653913497924805, 2.5638022422790527, 1.9279918670654297, 5.338179588317871, 0.7655364274978638, 3.2429981231689453, 1.7958011627197266, 5.070228576660156, 4.28049373626709, 1.340945839881897, 0.7132803201675415, 3.3630130290985107, 1.653704047203064, 0.5956478118896484, 5.50417423248291, 4.023059844970703, 1.7977479696273804, 1.344146728515625, 1.6284451484680176, 2.6282663345336914, 1.8920364379882812, 1.8992255926132202, 4.80367374420166, 1.5926976203918457, 0.972285270690918, 4.604011058807373, 1.9300601482391357, 2.9879515171051025, 2.562434196472168, 3.587925672531128, 1.709188461303711, 2.42708420753479, 0.5569229125976562, 1.7429300546646118, 0.8471711874008179, 5.485344886779785, 4.0955376625061035, 4.786655902862549, 2.671931266784668, 3.8764724731445312], "params": {"iterations": 1510, "learning_rate": 0.014286, "depth": 3, "l2_leaf_reg": 3.4047e-06, "bagging_temperature": 2.5656, "random_strength": 4.1266, "border_count": 207}, "time_end": "2026-02-28T11:23:13.409889"}