{"model": "catboost_minilm_features-extract_syllable_count_avg", "type": "test", "seed": 41, "time_start": "2026-02-28T11:26:00.868539", "mse": 0.7289440035820007, "accuracy": 0.5015105740181269, "corr": 0.8640056840945456, "precision": [0.8181818181818182, 0.28378378378378377, 0.35294117647058826, 0.4107142857142857, 0.75, 0.9791666666666666], "recall": [0.16071428571428573, 0.4666666666666667, 0.6666666666666666, 0.35384615384615387, 0.5357142857142857, 0.8545454545454545], "f1": [0.26865671641791045, 0.35294117647058826, 0.46153846153846156, 0.38016528925619836, 0.625, 0.912621359223301], "support": [56, 45, 54, 65, 56, 55], "confusion_matrix": [[9, 32, 13, 2, 0, 0], [1, 21, 22, 1, 0, 0], [1, 12, 36, 5, 0, 0], [0, 9, 31, 23, 2, 0], [0, 0, 0, 25, 30, 1], [0, 0, 0, 0, 8, 47]], "predictions": [1.8131625652313232, 2.2138543128967285, 3.7546520233154297, 1.1625102758407593, 1.971740961074829, 0.47866249084472656, 1.9545371532440186, 0.3589954376220703, 1.0163865089416504, 1.5567762851715088, 2.3542323112487793, 0.9281258583068848, 1.7640435695648193, 2.616722583770752, 1.25711190700531, 2.348536252975464, 1.5328726768493652, 2.5205109119415283, 1.3171063661575317, 1.6357645988464355, 1.0224803686141968, 1.0810917615890503, 0.7065682411193848, 1.6061582565307617, 2.4545297622680664, 1.9595720767974854, 3.2948856353759766, 1.8000941276550293, 1.5256929397583008, 2.431302070617676, 0.16834473609924316, 1.8976049423217773, 1.970952033996582, 2.095336675643921, 2.0666470527648926, 1.9699461460113525, 0.49016523361206055, 1.1403998136520386, 3.3631279468536377, 1.6888338327407837, 1.3049180507659912, 0.32145118713378906, 3.527400493621826, 2.301321268081665, 2.398477792739868, 1.4153871536254883, 1.2989665269851685, 3.5532002449035645, 3.0253586769104004, 2.9282548427581787, 1.6946886777877808, 1.8310394287109375, 3.91672420501709, 1.4091010093688965, 2.7898755073547363, 2.4124655723571777, 1.0529279708862305, 0.8994014263153076, 2.962507963180542, 2.211775541305542, 3.2434046268463135, 3.2282485961914062, 3.675175666809082, 1.5835455656051636, 1.2244683504104614, 2.1735124588012695, 1.626448392868042, 1.2400462627410889, 2.1261394023895264, 3.0147135257720947, 0.531429648399353, 1.824429988861084, 0.1529226303100586, 0.6342189311981201, 0.9163362979888916, 2.7981042861938477, 0.22892355918884277, 1.7458386421203613, 1.50234854221344, 1.0456050634384155, 0.7292177677154541, 3.2391037940979004, 1.6379106044769287, 0.5568139553070068, 1.1944780349731445, 0.46289873123168945, 0.9079831838607788, 1.4997388124465942, 1.980539321899414, 3.3007233142852783, 1.4138754606246948, 4.089471340179443, 1.1227425336837769, 3.0682342052459717, 0.6604169607162476, 2.7714459896087646, 3.47184681892395, 2.718219041824341, 1.675687551498413, 2.0092666149139404, 1.9035208225250244, 3.474972724914551, 1.5920507907867432, 1.5544769763946533, 1.2485878467559814, 2.4529824256896973, 1.0474987030029297, 0.5499061346054077, 1.762984275817871, 0.26746559143066406, 2.592740058898926, 1.3118454217910767, 1.3964855670928955, 1.3878363370895386, 1.9339282512664795, 3.068114995956421, 0.306164026260376, 1.1335315704345703, 3.0003621578216553, 0.6167058944702148, 2.1163227558135986, 2.7410452365875244, 1.4935088157653809, 2.7666330337524414, 1.9322469234466553, 1.7000086307525635, 3.0636048316955566, 1.3164504766464233, 1.508751392364502, 2.919593572616577, 2.455821990966797, 1.3945844173431396, 2.7395105361938477, 3.2925539016723633, 0.9032293558120728, 2.2008137702941895, 3.4325742721557617, 1.5566449165344238, 2.653435707092285, 2.679832935333252, 1.26610267162323, 3.9532828330993652, 1.589307427406311, 2.676845073699951, 1.392021656036377, 2.5575995445251465, 1.6705474853515625, 1.8270220756530762, 1.6558178663253784, 1.7756706476211548, 0.9256043434143066, 2.3937597274780273, 0.8444865942001343, 3.4090192317962646, 1.1275289058685303, 1.7844758033752441, 2.9246327877044678, 1.8969658613204956, 2.1248984336853027, 3.7155942916870117, 3.3745908737182617, 2.20400071144104, 3.4660656452178955, 0.7517381906509399, 2.7252721786499023, 3.0403151512145996, 2.6200127601623535, 2.076143741607666, 0.9480323791503906, 1.4696658849716187, 2.399756908416748, 0.510482668876648, 1.477394461631775, 2.393643856048584, 1.7618558406829834, 1.1866685152053833, 4.18952751159668, 1.579135775566101, 2.661411762237549, 2.4427077770233154, 0.9368067979812622, 2.2906811237335205, 0.968734622001648, 0.6505351066589355, 0.7702895402908325, 3.1470999717712402, 2.0859405994415283, 3.7956671714782715, 1.7505308389663696, 2.0257930755615234, 1.6631032228469849, 1.1175462007522583, 2.3241348266601562, 2.9318392276763916, 2.2963216304779053, 3.94535493850708, 3.7165119647979736, 4.494906902313232, 4.138830184936523, 3.4035143852233887, 3.495330572128296, 3.2065672874450684, 4.354523658752441, 4.136271953582764, 4.032591342926025, 3.6370174884796143, 3.0971693992614746, 3.8887763023376465, 4.638840198516846, 3.478097438812256, 3.7014780044555664, 4.164135932922363, 4.164058685302734, 4.255295276641846, 3.6659770011901855, 3.7548556327819824, 3.190077304840088, 3.7868199348449707, 5.653519630432129, 4.924750328063965, 5.044708251953125, 4.514561653137207, 4.2217254638671875, 5.752101898193359, 5.098421573638916, 4.7132439613342285, 4.264619827270508, 4.391269207000732, 5.100348472595215, 5.430483818054199, 4.53800106048584, 5.231679439544678, 4.210254192352295, 5.615690231323242, 4.647694110870361, 5.193994045257568, 4.532658576965332, 4.923308372497559, 4.580039978027344, 4.8966779708862305, 4.736240863800049, 5.404719352722168, 4.669887542724609, 5.465353012084961, 5.335851192474365, 4.810247421264648, 4.938362121582031, 4.549460411071777, 4.889718055725098, 5.052501678466797, 5.179289817810059, 4.92984676361084, 4.792290687561035, 4.386349678039551, 4.667322158813477, 5.066046237945557, 5.204428672790527, 5.513298988342285, 5.398623466491699, 4.789869785308838, 3.950455665588379, 5.252599716186523, 1.5731204748153687, 1.2617592811584473, 1.7941937446594238, 2.167820692062378, 0.9004179239273071, 1.9722533226013184, 1.9707071781158447, 1.064105749130249, 2.2350659370422363, 2.091902494430542, 4.118756294250488, 2.126695394515991, 5.409328460693359, 3.6429362297058105, 0.869003176689148, 2.0636656284332275, 5.246468544006348, 2.1842918395996094, 2.1131396293640137, 0.6665734052658081, 2.1828505992889404, 1.0619990825653076, 1.3735735416412354, 1.5103819370269775, 1.6233553886413574, 1.048340916633606, 2.399174451828003, 4.292097091674805, 0.9777915477752686, 2.0367515087127686, 2.6796722412109375, 1.9751231670379639, 5.311385154724121, 0.8854459524154663, 3.2956173419952393, 2.016467809677124, 4.967057228088379, 4.380195617675781, 1.4441554546356201, 0.6901806592941284, 3.2855687141418457, 1.7939503192901611, 0.46643877029418945, 5.340666770935059, 4.266739845275879, 1.9822274446487427, 1.2466198205947876, 1.3443682193756104, 2.618079662322998, 1.8472493886947632, 1.8625187873840332, 4.555738925933838, 1.5678831338882446, 1.22594153881073, 4.5342912673950195, 2.029798984527588, 2.9976296424865723, 2.7839159965515137, 3.6572580337524414, 1.9086058139801025, 2.191303253173828, 0.6905604600906372, 1.8418205976486206, 1.025556206703186, 5.630711555480957, 4.041823387145996, 4.713726997375488, 2.6411213874816895, 3.9180185794830322], "params": {"iterations": 1510, "learning_rate": 0.014286, "depth": 3, "l2_leaf_reg": 3.4047e-06, "bagging_temperature": 2.5656, "random_strength": 4.1266, "border_count": 207}, "time_end": "2026-02-28T11:26:00.969116"}