{"model": "catboost_minilm_features-extract_tense", "type": "test", "seed": 42, "time_start": "2026-02-28T11:52:53.370377", "mse": 0.7158922553062439, "accuracy": 0.49244712990936557, "corr": 0.8666736633568113, "precision": [0.9, 0.2631578947368421, 0.35353535353535354, 0.42592592592592593, 0.6808510638297872, 0.9777777777777777], "recall": [0.16071428571428573, 0.4444444444444444, 0.6481481481481481, 0.35384615384615387, 0.5714285714285714, 0.8], "f1": [0.2727272727272727, 0.3305785123966942, 0.45751633986928103, 0.3865546218487395, 0.6213592233009708, 0.88], "support": [56, 45, 54, 65, 56, 55], "confusion_matrix": [[9, 33, 11, 3, 0, 0], [1, 20, 23, 1, 0, 0], [0, 15, 35, 4, 0, 0], [0, 8, 30, 23, 4, 0], [0, 0, 0, 23, 32, 1], [0, 0, 0, 0, 11, 44]], "predictions": [1.6504700183868408, 2.0426459312438965, 4.020242214202881, 0.9701346158981323, 1.7407183647155762, 0.37238407135009766, 1.962923526763916, 0.5814528465270996, 0.8671344518661499, 1.4145269393920898, 2.4218521118164062, 0.7347309589385986, 1.5915801525115967, 2.9718780517578125, 1.15976083278656, 2.09916090965271, 1.5330860614776611, 2.7288572788238525, 1.2355793714523315, 1.7862683534622192, 1.0212445259094238, 1.3134952783584595, 0.7128700017929077, 1.6542727947235107, 2.526714324951172, 1.9299991130828857, 3.21309232711792, 1.7896493673324585, 1.4439753293991089, 2.3695602416992188, 0.24110674858093262, 1.9632422924041748, 1.631286859512329, 2.0096495151519775, 2.1665449142456055, 1.9969626665115356, 0.3661777973175049, 0.9680345058441162, 3.521495819091797, 1.639230489730835, 1.309476613998413, 0.2536897659301758, 3.419009208679199, 2.3261969089508057, 2.769609212875366, 1.5497524738311768, 1.288195013999939, 3.53361177444458, 2.9380946159362793, 3.0484838485717773, 1.6587568521499634, 1.7200191020965576, 3.8115458488464355, 1.6640633344650269, 2.75189208984375, 2.391434907913208, 0.994614839553833, 0.947222113609314, 2.9687061309814453, 2.1789140701293945, 3.325709581375122, 3.307594060897827, 3.814338445663452, 1.7704651355743408, 1.2322856187820435, 2.1320860385894775, 1.7738268375396729, 1.2035448551177979, 2.0930824279785156, 2.814293622970581, 0.6796165704727173, 2.008218288421631, 0.33935999870300293, 0.5513448715209961, 0.8811334371566772, 2.9742817878723145, 0.2753415107727051, 1.447918176651001, 1.3108364343643188, 1.0785553455352783, 1.0174473524093628, 3.2992842197418213, 1.5625536441802979, 0.6218756437301636, 1.2354036569595337, 0.3928494453430176, 0.6673969030380249, 1.3418163061141968, 2.092050313949585, 3.3238720893859863, 1.4413535594940186, 4.040504455566406, 1.0908005237579346, 3.1711273193359375, 0.738533616065979, 2.868664264678955, 3.2806878089904785, 2.723836898803711, 1.5794801712036133, 2.007363796234131, 1.6333699226379395, 3.545595645904541, 1.5915579795837402, 1.494516134262085, 1.1632773876190186, 2.3389995098114014, 1.028672695159912, 0.5339412689208984, 1.9176557064056396, 0.21133685111999512, 2.6737546920776367, 1.2096552848815918, 1.5021111965179443, 1.3842523097991943, 2.1316747665405273, 2.9623186588287354, 0.3539717197418213, 1.1170368194580078, 3.0852527618408203, 0.5647081136703491, 2.3349661827087402, 2.7105190753936768, 1.7215192317962646, 2.8472936153411865, 1.8236019611358643, 1.688422441482544, 3.187425136566162, 1.4123286008834839, 1.4241564273834229, 2.714155673980713, 2.690342426300049, 1.2941653728485107, 2.747451066970825, 3.4841606616973877, 0.797492504119873, 2.3218812942504883, 3.530306816101074, 1.6023690700531006, 2.6055052280426025, 2.665438652038574, 1.2630326747894287, 4.124446868896484, 1.4967323541641235, 2.4284636974334717, 1.5473265647888184, 2.5141866207122803, 1.7264771461486816, 1.8114149570465088, 1.4526923894882202, 1.669224500656128, 0.9420790672302246, 2.2850992679595947, 0.6764320135116577, 3.5449633598327637, 1.338565707206726, 1.9530333280563354, 3.060218334197998, 1.8360743522644043, 2.3125650882720947, 3.6450490951538086, 3.242504596710205, 2.1107521057128906, 3.4107863903045654, 0.9867825508117676, 2.614194631576538, 3.04315185546875, 2.7472376823425293, 1.9536254405975342, 0.9597922563552856, 1.5457308292388916, 2.5180578231811523, 0.505225419998169, 1.4005547761917114, 2.4149668216705322, 1.8790769577026367, 1.1395678520202637, 4.439323902130127, 1.5905312299728394, 2.4388651847839355, 2.4742603302001953, 1.0865159034729004, 2.3705410957336426, 1.1131068468093872, 0.8202863931655884, 0.6817433834075928, 3.3312690258026123, 2.0082106590270996, 3.8801705837249756, 1.6897836923599243, 1.9877467155456543, 1.5690362453460693, 0.9444916248321533, 2.4033377170562744, 2.807197332382202, 2.044039249420166, 3.8782591819763184, 3.5461604595184326, 4.495273113250732, 4.0823211669921875, 3.480839729309082, 3.400587558746338, 3.287081241607666, 4.332793712615967, 4.220966815948486, 3.9514293670654297, 3.7765746116638184, 3.0139284133911133, 3.9343881607055664, 4.634611129760742, 3.545125961303711, 3.6882572174072266, 4.275115489959717, 4.14885950088501, 4.253174781799316, 3.7161107063293457, 3.6767191886901855, 3.3639872074127197, 3.8458428382873535, 5.654813289642334, 4.952911376953125, 5.2280426025390625, 4.48426628112793, 4.307854652404785, 5.527187347412109, 4.982259273529053, 4.596332550048828, 4.184961318969727, 4.480698585510254, 5.068829536437988, 5.362095832824707, 4.586270332336426, 5.149928092956543, 4.432417869567871, 5.412590026855469, 4.7354607582092285, 5.130104064941406, 4.6935648918151855, 5.087760925292969, 4.730514049530029, 4.999751091003418, 4.670639991760254, 5.410253047943115, 4.489215850830078, 5.472393989562988, 5.298018455505371, 5.0169453620910645, 4.9810791015625, 4.607476234436035, 5.037296295166016, 4.962359428405762, 5.164516448974609, 4.868765830993652, 4.888738632202148, 4.391531944274902, 4.559911727905273, 5.185599327087402, 5.304408073425293, 5.7499613761901855, 5.327568531036377, 4.663734436035156, 3.9233884811401367, 5.297084808349609, 1.6444957256317139, 1.5288832187652588, 1.8951189517974854, 2.3547167778015137, 1.0382343530654907, 2.1279854774475098, 1.9307469129562378, 1.0205971002578735, 2.1959593296051025, 2.0469753742218018, 4.221518516540527, 2.049537181854248, 5.2235822677612305, 3.652282238006592, 0.9919559955596924, 1.8724195957183838, 5.042143821716309, 2.2686052322387695, 2.2398934364318848, 0.6671968698501587, 2.217374563217163, 1.2024357318878174, 1.4661598205566406, 1.5527658462524414, 1.7206661701202393, 1.260736346244812, 2.268706798553467, 4.229824066162109, 0.9739162921905518, 2.229583263397217, 2.670318603515625, 2.088968276977539, 5.420939922332764, 0.7861104011535645, 3.3671321868896484, 1.8979814052581787, 5.080803394317627, 4.206020355224609, 1.3917185068130493, 0.5725835561752319, 3.234567642211914, 1.6847397089004517, 0.4449605941772461, 5.381622314453125, 4.116767406463623, 1.7476786375045776, 1.4456349611282349, 1.3598796129226685, 2.657548666000366, 1.8620007038116455, 1.9861807823181152, 4.689835548400879, 1.6239709854125977, 1.3748377561569214, 4.491564750671387, 1.6015362739562988, 2.933016538619995, 2.761240005493164, 3.536228656768799, 1.9191738367080688, 2.3295414447784424, 0.95390784740448, 1.638457179069519, 0.9592090845108032, 5.467573642730713, 4.145308017730713, 4.877382278442383, 2.74128794670105, 3.838162422180176], "params": {"iterations": 1510, "learning_rate": 0.014286, "depth": 3, "l2_leaf_reg": 3.4047e-06, "bagging_temperature": 2.5656, "random_strength": 4.1266, "border_count": 207}, "time_end": "2026-02-28T11:52:53.427560"}