{"model": "catboost_minilm", "type": "val", "seed": 42, "train_losses": [], "val_losses": [], "time_start": "2026-02-28T09:29:13.614555", "folds": [{"mse": 0.7207411571589517, "accuracy": 0.46794871794871795, "corr": 0.8628680206168791, "precision": [0.5, 0.2727272727272727, 0.2857142857142857, 0.43333333333333335, 0.7333333333333333, 0.9259259259259259], "recall": [0.045454545454545456, 0.32142857142857145, 0.5833333333333334, 0.41935483870967744, 0.44, 0.9615384615384616], "f1": [0.08333333333333333, 0.29508196721311475, 0.3835616438356164, 0.4262295081967213, 0.55, 0.9433962264150944], "support": [22, 28, 24, 31, 25, 26], "confusion_matrix": [[1, 14, 7, 0, 0, 0], [1, 9, 16, 2, 0, 0], [0, 6, 14, 3, 1, 0], [0, 4, 12, 13, 2, 0], [0, 0, 0, 12, 11, 2], [0, 0, 0, 0, 1, 25]]}, {"mse": 0.7445379520412181, "accuracy": 0.41025641025641024, "corr": 0.8600517352215722, "precision": [0.5, 0.3829787234042553, 0.2222222222222222, 0.3548387096774194, 0.42857142857142855, 0.8181818181818182], "recall": [0.13043478260869565, 0.6428571428571429, 0.34782608695652173, 0.36666666666666664, 0.23076923076923078, 0.6923076923076923], "f1": [0.20689655172413793, 0.48, 0.2711864406779661, 0.36065573770491804, 0.3, 0.75], "support": [23, 28, 23, 30, 26, 26], "confusion_matrix": [[3, 15, 4, 1, 0, 0], [3, 18, 6, 1, 0, 0], [0, 12, 8, 3, 0, 0], [0, 2, 16, 11, 1, 0], [0, 0, 2, 14, 6, 4], [0, 0, 0, 1, 7, 18]]}, {"mse": 0.8407193476702329, "accuracy": 0.47435897435897434, "corr": 0.8392821799679371, "precision": [0.8, 0.3333333333333333, 0.18604651162790697, 0.47058823529411764, 0.75, 0.9523809523809523], "recall": [0.17391304347826086, 0.39285714285714285, 0.34782608695652173, 0.5333333333333333, 0.5769230769230769, 0.7692307692307693], "f1": [0.2857142857142857, 0.36065573770491804, 0.24242424242424243, 0.5, 0.6521739130434783, 0.851063829787234], "support": [23, 28, 23, 30, 26, 26], "confusion_matrix": [[4, 13, 6, 0, 0, 0], [1, 11, 12, 4, 0, 0], [0, 8, 8, 7, 0, 0], [0, 1, 13, 16, 0, 0], [0, 0, 4, 6, 15, 1], [0, 0, 0, 1, 5, 20]]}, {"mse": 0.8394465150253513, "accuracy": 0.4423076923076923, "corr": 0.8410121812061555, "precision": [0.625, 0.3333333333333333, 0.25, 0.4166666666666667, 0.625, 0.8888888888888888], "recall": [0.21739130434782608, 0.5, 0.391304347826087, 0.5, 0.38461538461538464, 0.6153846153846154], "f1": [0.3225806451612903, 0.4, 0.3050847457627119, 0.45454545454545453, 0.47619047619047616, 0.7272727272727273], "support": [23, 28, 23, 30, 26, 26], "confusion_matrix": [[5, 14, 3, 1, 0, 0], [2, 14, 9, 3, 0, 0], [1, 10, 9, 3, 0, 0], [0, 4, 11, 15, 0, 0], [0, 0, 4, 10, 10, 2], [0, 0, 0, 4, 6, 16]]}, {"mse": 0.6259120584067954, "accuracy": 0.5064102564102564, "corr": 0.8839032161444378, "precision": [0.8333333333333334, 0.375, 0.28888888888888886, 0.5172413793103449, 0.6538461538461539, 0.9444444444444444], "recall": [0.22727272727272727, 0.42857142857142855, 0.5416666666666666, 0.5, 0.6538461538461539, 0.6538461538461539], "f1": [0.35714285714285715, 0.4, 0.37681159420289856, 0.5084745762711864, 0.6538461538461539, 0.7727272727272727], "support": [22, 28, 24, 30, 26, 26], "confusion_matrix": [[5, 12, 5, 0, 0, 0], [1, 12, 13, 2, 0, 0], [0, 7, 13, 4, 0, 0], [0, 1, 13, 15, 1, 0], [0, 0, 1, 7, 17, 1], [0, 0, 0, 1, 8, 17]]}], "params": {"iterations": 1510, "learning_rate": 0.014286, "depth": 3, "l2_leaf_reg": 3.4047e-06, "bagging_temperature": 2.5656, "random_strength": 4.1266, "border_count": 207}, "time_end": "2026-02-28T09:32:58.357779"}