{"model": "catboost_minilm_features-extract_dependency_tree_relations", "type": "test", "seed": 42, "time_start": "2026-02-28T11:44:26.901246", "mse": 0.6982848048210144, "accuracy": 0.4954682779456193, "corr": 0.8703423509793415, "precision": [0.7272727272727273, 0.2631578947368421, 0.36082474226804123, 0.42105263157894735, 0.7142857142857143, 0.9791666666666666], "recall": [0.14285714285714285, 0.4444444444444444, 0.6481481481481481, 0.36923076923076925, 0.5357142857142857, 0.8545454545454545], "f1": [0.23880597014925373, 0.3305785123966942, 0.46357615894039733, 0.39344262295081966, 0.6122448979591837, 0.912621359223301], "support": [56, 45, 54, 65, 56, 55], "confusion_matrix": [[8, 33, 12, 3, 0, 0], [2, 20, 22, 1, 0, 0], [1, 14, 35, 4, 0, 0], [0, 9, 28, 24, 4, 0], [0, 0, 0, 25, 30, 1], [0, 0, 0, 0, 8, 47]], "predictions": [1.2784215211868286, 1.8673378229141235, 3.9386720657348633, 1.09942626953125, 1.8700729608535767, 0.6266376972198486, 1.917177677154541, 0.46315479278564453, 0.8650194406509399, 1.236374020576477, 2.5179519653320312, 1.1527700424194336, 1.905579686164856, 2.79178524017334, 1.324693202972412, 2.6558167934417725, 1.5167417526245117, 2.7867932319641113, 1.2115235328674316, 1.88138747215271, 1.129242181777954, 1.253039836883545, 0.9000276327133179, 1.6984455585479736, 2.493497371673584, 1.5850615501403809, 3.0601518154144287, 1.5999066829681396, 1.5537645816802979, 2.378446340560913, 0.320300817489624, 2.0136046409606934, 1.6843624114990234, 2.153101682662964, 2.2678234577178955, 2.1738975048065186, 0.758057713508606, 0.9982945919036865, 3.194065809249878, 1.6882555484771729, 1.7662935256958008, 0.6110910177230835, 3.4718732833862305, 2.361508846282959, 2.5978541374206543, 1.3606001138687134, 1.5578858852386475, 3.455354690551758, 2.9935107231140137, 2.9059457778930664, 1.676645040512085, 1.7815937995910645, 3.9143056869506836, 1.7690887451171875, 3.0777931213378906, 2.2236857414245605, 1.0317856073379517, 0.9064286947250366, 3.0571563243865967, 1.943907380104065, 2.873081922531128, 3.185075521469116, 3.600245714187622, 1.5614961385726929, 1.4104081392288208, 2.1469411849975586, 1.8459726572036743, 0.9753164052963257, 2.1870031356811523, 2.710968017578125, 0.9632112979888916, 2.0624382495880127, 0.2059633731842041, 0.3605167865753174, 0.9678728580474854, 2.6282436847686768, 0.16988825798034668, 1.4378663301467896, 1.3820627927780151, 1.1860295534133911, 1.0314236879348755, 3.4284675121307373, 1.7806460857391357, 0.5996063947677612, 0.8500171899795532, 0.5979115962982178, 0.937748908996582, 1.5767509937286377, 2.05389666557312, 3.3899126052856445, 1.4745793342590332, 4.055882930755615, 1.3727574348449707, 3.301438808441162, 0.5675160884857178, 2.967759847640991, 3.576930046081543, 2.674046516418457, 1.9558775424957275, 1.8562297821044922, 1.5416979789733887, 3.205193281173706, 1.3899027109146118, 1.5548269748687744, 1.018079161643982, 2.3331992626190186, 0.7930291891098022, 0.5885874032974243, 1.8481757640838623, 0.04085254669189453, 2.9001355171203613, 1.2654792070388794, 1.3869946002960205, 1.0808205604553223, 2.3516926765441895, 3.112985610961914, 0.3408184051513672, 1.0460208654403687, 2.861940383911133, 0.6655091047286987, 2.2324767112731934, 2.5132157802581787, 1.8278692960739136, 2.9137165546417236, 1.749756932258606, 2.031768321990967, 2.8234925270080566, 1.2415077686309814, 1.5898555517196655, 2.4593963623046875, 2.709092140197754, 1.1945875883102417, 2.786423683166504, 3.1103098392486572, 0.8466101884841919, 2.215336799621582, 3.3723528385162354, 1.583540678024292, 2.79263973236084, 2.681180000305176, 1.5502912998199463, 3.843252182006836, 1.6522550582885742, 2.520155191421509, 1.4647420644760132, 2.5210611820220947, 1.787601351737976, 1.9052029848098755, 1.4452195167541504, 1.5918240547180176, 0.7776554822921753, 2.1211795806884766, 1.0532108545303345, 3.3567285537719727, 1.4469666481018066, 1.9220988750457764, 3.138827085494995, 1.507714867591858, 1.9985800981521606, 3.710545539855957, 3.28517484664917, 2.295938730239868, 3.5843067169189453, 0.9283701181411743, 2.9689905643463135, 2.813040018081665, 2.7853987216949463, 2.0935921669006348, 0.9921499490737915, 1.341257095336914, 2.393374443054199, 0.5856051445007324, 1.2149578332901, 2.195957660675049, 2.0849947929382324, 1.3513776063919067, 4.326518535614014, 1.5865061283111572, 2.391150951385498, 2.6653716564178467, 0.9436546564102173, 2.2091104984283447, 0.9077979326248169, 0.48857879638671875, 0.7043712139129639, 3.275009870529175, 1.8123517036437988, 3.7302794456481934, 2.0257787704467773, 2.0117340087890625, 1.6206727027893066, 0.9360131025314331, 2.2023658752441406, 2.9023942947387695, 2.103363513946533, 3.941053867340088, 3.5532350540161133, 4.423316478729248, 4.180258750915527, 3.3689465522766113, 3.409829616546631, 2.9461820125579834, 4.424943447113037, 4.266879081726074, 4.120731830596924, 3.5174124240875244, 3.2270395755767822, 4.245193004608154, 4.626811981201172, 3.513399362564087, 3.8154616355895996, 4.196369171142578, 4.021595001220703, 4.477804183959961, 3.733428716659546, 3.8213534355163574, 3.3215270042419434, 3.959050178527832, 5.512868881225586, 4.830263137817383, 5.085745334625244, 4.4642863273620605, 4.077422142028809, 5.562567710876465, 4.9720683097839355, 4.6851806640625, 4.242584228515625, 4.50748348236084, 5.19558048248291, 5.443411350250244, 4.799428462982178, 5.003090858459473, 4.350368499755859, 5.543227195739746, 4.612829208374023, 5.330188751220703, 4.665177345275879, 5.1120405197143555, 4.67005729675293, 4.864596843719482, 4.5846052169799805, 5.343328952789307, 4.590726852416992, 5.455491065979004, 5.1180620193481445, 5.041593551635742, 4.966838359832764, 4.632106781005859, 4.795234203338623, 5.258617401123047, 4.99818229675293, 5.169907569885254, 5.074690341949463, 4.313253402709961, 4.609777927398682, 5.23502254486084, 5.568459510803223, 5.7069244384765625, 5.210141658782959, 4.783385276794434, 3.8416078090667725, 5.310373306274414, 1.5818030834197998, 1.3337023258209229, 1.794346809387207, 2.3652055263519287, 1.371644139289856, 2.081782817840576, 1.8500730991363525, 1.1121907234191895, 2.146285057067871, 2.2348580360412598, 4.2109270095825195, 1.9903520345687866, 5.0150065422058105, 3.546135425567627, 0.4813692569732666, 1.7478604316711426, 4.998907089233398, 2.3312129974365234, 2.3407559394836426, 0.9821145534515381, 2.132331371307373, 1.1288269758224487, 1.257315754890442, 1.4392644166946411, 1.6003212928771973, 1.010263442993164, 2.3613688945770264, 4.244678974151611, 1.2033494710922241, 2.234391927719116, 2.7461466789245605, 2.2775473594665527, 5.24912691116333, 0.658272385597229, 3.3195812702178955, 1.8456590175628662, 5.0822529792785645, 4.295345783233643, 1.4311401844024658, 0.4314725399017334, 3.568079710006714, 1.5096585750579834, 0.45017147064208984, 5.356180667877197, 3.868340492248535, 1.8242905139923096, 1.1422178745269775, 1.4992787837982178, 2.5974154472351074, 1.9594697952270508, 1.954379916191101, 4.785374164581299, 1.4928951263427734, 1.2776764631271362, 4.606654167175293, 2.014223575592041, 2.9377081394195557, 2.5795204639434814, 3.628535747528076, 1.8022241592407227, 2.1932644844055176, 0.8538175821304321, 1.8519392013549805, 0.9307068586349487, 5.599687576293945, 4.165543556213379, 5.130670547485352, 2.5160717964172363, 3.777933120727539], "params": {"iterations": 1510, "learning_rate": 0.014286, "depth": 3, "l2_leaf_reg": 3.4047e-06, "bagging_temperature": 2.5656, "random_strength": 4.1266, "border_count": 207}, "time_end": "2026-02-28T11:44:26.953663"}