{"model": "catboost_minilm_features-extract_char_ngrams", "type": "test", "seed": 42, "time_start": "2026-02-28T11:11:29.148634", "mse": 0.7844326496124268, "accuracy": 0.4743202416918429, "corr": 0.8525100759021571, "precision": [0.8333333333333334, 0.2602739726027397, 0.33, 0.3673469387755102, 0.6595744680851063, 0.92], "recall": [0.17857142857142858, 0.4222222222222222, 0.6111111111111112, 0.27692307692307694, 0.5535714285714286, 0.8363636363636363], "f1": [0.29411764705882354, 0.3220338983050847, 0.42857142857142855, 0.3157894736842105, 0.6019417475728155, 0.8761904761904762], "support": [56, 45, 54, 65, 56, 55], "confusion_matrix": [[10, 32, 11, 3, 0, 0], [1, 19, 23, 2, 0, 0], [1, 14, 33, 6, 0, 0], [0, 8, 32, 18, 7, 0], [0, 0, 1, 20, 31, 4], [0, 0, 0, 0, 9, 46]], "predictions": [1.391213297843933, 2.1306307315826416, 3.876021385192871, 1.3186566829681396, 1.7327202558517456, 0.6521668434143066, 1.549362063407898, 0.09888577461242676, 1.0260865688323975, 1.997243881225586, 2.6883938312530518, 1.0260118246078491, 1.8229596614837646, 2.520399570465088, 1.3916715383529663, 2.1581778526306152, 1.715576171875, 2.746668577194214, 1.617524266242981, 1.8836514949798584, 0.7579566240310669, 1.8760042190551758, 0.6762809753417969, 1.6186262369155884, 2.1101737022399902, 1.6789182424545288, 3.6742143630981445, 2.071929454803467, 1.44768488407135, 2.44206166267395, 0.3159785270690918, 1.6937499046325684, 1.4582524299621582, 1.88499116897583, 1.9843541383743286, 1.7118239402770996, 0.8286256790161133, 1.000362753868103, 3.4498753547668457, 1.7968099117279053, 1.1251033544540405, 0.5277374982833862, 3.5721194744110107, 2.1403074264526367, 2.733466148376465, 1.412613868713379, 1.5378553867340088, 3.6995506286621094, 2.9478302001953125, 3.2301509380340576, 1.489282488822937, 1.5106909275054932, 4.305363178253174, 1.9472076892852783, 3.1057469844818115, 2.4464545249938965, 1.0779600143432617, 0.8125594854354858, 3.1271984577178955, 1.995629072189331, 3.061471462249756, 3.633998394012451, 3.82706356048584, 1.868969202041626, 1.4009125232696533, 1.7716116905212402, 1.7110791206359863, 1.3972456455230713, 2.1880943775177, 3.0741119384765625, 0.5286264419555664, 1.8773467540740967, 0.07538771629333496, 0.49042510986328125, 0.7105629444122314, 2.9435629844665527, 0.6029305458068848, 1.7085151672363281, 1.1761255264282227, 0.8086264133453369, 0.5653421878814697, 3.3451128005981445, 1.5158295631408691, 0.4257652759552002, 1.1626168489456177, 0.27748680114746094, 0.41861581802368164, 1.4555035829544067, 2.034325361251831, 3.222999334335327, 1.0775984525680542, 3.2941203117370605, 1.4654884338378906, 3.2036707401275635, 0.5962467193603516, 2.88685941696167, 3.82802677154541, 2.818927764892578, 1.740452766418457, 2.3192784786224365, 1.542587161064148, 3.5874242782592773, 1.5183827877044678, 1.5703957080841064, 1.358446717262268, 2.6805009841918945, 1.120560884475708, 0.478151798248291, 1.8902692794799805, 0.5291215181350708, 2.099365234375, 1.3976348638534546, 1.1541895866394043, 1.4587804079055786, 1.7956708669662476, 3.4835045337677, 0.18381381034851074, 1.2099381685256958, 3.1265151500701904, 0.6384633779525757, 1.7290387153625488, 2.6931750774383545, 1.5225344896316528, 2.917461633682251, 1.8154832124710083, 1.9580824375152588, 3.075284242630005, 1.372865915298462, 1.4236730337142944, 2.9728407859802246, 2.375852108001709, 1.2832694053649902, 2.0639424324035645, 3.2212514877319336, 0.6578700542449951, 2.0609803199768066, 3.335094690322876, 1.3443726301193237, 2.737844467163086, 2.764575719833374, 1.0955413579940796, 4.143901824951172, 1.0375617742538452, 2.5437815189361572, 1.3092445135116577, 2.4464356899261475, 1.9274935722351074, 2.1037354469299316, 1.4300132989883423, 1.647659420967102, 0.9881312847137451, 2.1220128536224365, 0.716567873954773, 3.6563773155212402, 1.2362728118896484, 1.9870725870132446, 3.2046406269073486, 1.5769749879837036, 2.113234758377075, 3.4647068977355957, 3.3662991523742676, 2.092719078063965, 3.9489099979400635, 0.9419804811477661, 2.4116344451904297, 3.284769296646118, 2.6249358654022217, 1.8762736320495605, 0.8539109230041504, 1.71555757522583, 2.605073928833008, 0.47583842277526855, 1.6225779056549072, 2.435987949371338, 1.5790016651153564, 0.9929168224334717, 4.631734848022461, 1.6364408731460571, 2.194545269012451, 2.205794334411621, 1.2930593490600586, 2.6640632152557373, 0.8642596006393433, 0.9059934616088867, 0.668046236038208, 3.566415309906006, 2.3900516033172607, 3.5512733459472656, 2.0041964054107666, 1.9754353761672974, 2.0138254165649414, 0.7801419496536255, 2.3593029975891113, 2.853010892868042, 2.03287672996521, 4.295827865600586, 3.566720962524414, 4.543757438659668, 3.798203229904175, 3.8684678077697754, 3.6262640953063965, 2.9366862773895264, 3.9479715824127197, 4.475748062133789, 4.0317230224609375, 4.135254383087158, 3.1835877895355225, 3.873506546020508, 4.660054683685303, 3.557918071746826, 3.9190773963928223, 4.248759746551514, 3.514024257659912, 4.662603378295898, 4.035070896148682, 3.867331027984619, 3.536057949066162, 3.292304515838623, 5.57041597366333, 4.896198749542236, 4.92582893371582, 4.290151596069336, 4.747073173522949, 5.606610298156738, 4.779727458953857, 4.383759021759033, 4.852070331573486, 4.767908096313477, 4.986636161804199, 5.342672348022461, 4.382433891296387, 5.5157036781311035, 4.519191741943359, 5.466304779052734, 5.062888145446777, 5.3987040519714355, 4.8878068923950195, 5.212194919586182, 4.351003170013428, 5.149341106414795, 5.093029499053955, 5.078259468078613, 4.274028778076172, 5.296814918518066, 5.3865461349487305, 4.932797431945801, 4.759167194366455, 4.871842384338379, 4.976591110229492, 4.634960174560547, 5.004158020019531, 5.087194442749023, 4.700227737426758, 4.269802570343018, 5.042135238647461, 4.669160842895508, 4.8686909675598145, 5.47898006439209, 4.906180381774902, 5.261542320251465, 3.6664767265319824, 4.982596397399902, 1.7406766414642334, 1.3946633338928223, 1.972663164138794, 2.2421929836273193, 0.8579792976379395, 2.0562267303466797, 1.8566099405288696, 1.1946290731430054, 2.30812406539917, 1.7483274936676025, 3.9842538833618164, 1.8734655380249023, 5.075579643249512, 4.193109035491943, 0.8378522396087646, 1.97525155544281, 4.667240142822266, 2.4031269550323486, 1.9869143962860107, 0.8350632190704346, 2.542034149169922, 0.9806326627731323, 1.4133799076080322, 1.4728984832763672, 2.0199315547943115, 0.6919279098510742, 1.8481924533843994, 4.591012477874756, 0.8170925378799438, 2.304887533187866, 2.7723162174224854, 2.237851142883301, 5.089489459991455, 1.2772001028060913, 3.8004908561706543, 1.9345073699951172, 4.589932441711426, 3.953887939453125, 1.5000824928283691, 0.4548981189727783, 3.3303310871124268, 1.831477165222168, 0.46451568603515625, 5.570777893066406, 4.403514862060547, 1.9569220542907715, 1.4631294012069702, 1.640099287033081, 2.7083792686462402, 1.5596351623535156, 2.1600403785705566, 4.814640998840332, 1.6236010789871216, 1.5375006198883057, 3.6755056381225586, 2.2569031715393066, 3.135565757751465, 3.082307815551758, 3.703735828399658, 1.7705936431884766, 2.5850675106048584, 0.5609674453735352, 2.0581088066101074, 0.9040975570678711, 5.531609058380127, 4.156289577484131, 4.546363830566406, 2.6781718730926514, 4.116456031799316], "params": {"iterations": 1510, "learning_rate": 0.014286, "depth": 3, "l2_leaf_reg": 3.4047e-06, "bagging_temperature": 2.5656, "random_strength": 4.1266, "border_count": 207}, "time_end": "2026-02-28T11:11:29.240233"}