{"model": "catboost_minilm_features-extract_ttr", "type": "train", "seed": 41, "train_losses": [], "val_losses": [], "time_start": "2026-02-28T11:22:06.325536", "mse": 0.13163540674106625, "accuracy": 0.841025641025641, "corr": 0.9780223713476908, "precision": [0.9885057471264368, 0.7777777777777778, 0.6428571428571429, 0.8368794326241135, 0.9396551724137931, 0.9919354838709677], "recall": [0.7610619469026548, 0.8, 0.9230769230769231, 0.7814569536423841, 0.8449612403100775, 0.9461538461538461], "f1": [0.86, 0.7887323943661971, 0.7578947368421053, 0.8082191780821918, 0.889795918367347, 0.968503937007874], "support": [113, 140, 117, 151, 129, 130], "confusion_matrix": [[86, 27, 0, 0, 0, 0], [1, 112, 27, 0, 0, 0], [0, 5, 108, 4, 0, 0], [0, 0, 33, 118, 0, 0], [0, 0, 0, 19, 109, 1], [0, 0, 0, 0, 7, 123]], "predictions": [3.144908065722147, 0.9091270143321977, 0.40218808932396977, 2.8301331324254098, 0.20038672391567802, 2.550335151676652, 1.7640348732473683, 0.3236361523770408, 0.23124209500374082, 1.3260758011936258, 2.1843960451323117, 0.469486584436666, 2.352238236378081, 3.828691595443421, 0.1505568957989185, 3.314945612106754, 0.4231989401728664, 2.579724872759739, 0.39389007868602244, 1.277568156255916, 2.149042094593592, 3.8379977201768094, 0.5042868351122427, 3.938944563560757, 0.4047860741853029, 0.28077775580599873, 3.1809355716969163, 1.5455406665506222, 1.6315104060337755, 0.1542930131514515, 2.736809612217529, 0.6478722472967124, 1.0673062162694602, 2.143091675165803, 1.2710396799608183, 2.876174098998768, 2.9168309084411037, 0.30600448504817646, 0.39342348961389195, 2.7343121471491005, 1.2389401351080656, 2.5366674618199556, 3.98097442293337, 1.695272450321077, 0.4732546191884839, 0.7800262532978541, 4.0078191591459635, 1.4877008677595323, 2.6039380789495548, 0.06898894609109663, 0.9087688126726265, 4.144506564556716, 3.3039254459399103, 2.3229086277339563, 1.8501732771075639, 0.31483883804202684, 1.4642789436362893, 0.20797569010337735, 1.607555865856611, 1.8287965048966408, 0.9960092301301355, 0.12125755829403717, 1.0981443012504422, 0.15078612615464282, 0.9432744142967233, 0.3972169644349113, 1.2304956817778265, 1.6282337975817613, 1.3176284760992383, 0.1846145039109408, 4.501060603088216, 0.945309180440334, 0.2818254217361216, 3.2969543020853225, 2.5892103730721563, 1.81899209164992, 0.32302238485791124, 1.365769559186052, 1.9863583157781597, 0.11685995152642725, 3.08114907283548, 0.40563793235148626, 0.6556956976216719, 3.565396645769211, 2.2119697444260003, 2.6588763564009423, 3.3479877221837446, 2.736160941286401, -0.12008404257005001, 1.9716110985393598, 0.3346639537575049, 0.3659772098786682, 3.718513513686407, 2.493680887508572, 1.586673642495601, 3.325835741564867, 1.6985186227481885, 3.3931303021058308, 3.2227298478905526, 1.717165013004992, 1.35656529113398, 1.3312375641896883, 1.2565077752025717, 3.641973281022694, 1.6019581203863584, 1.7274087732247947, 2.6982449741801324, 0.4079342422154193, 2.273047896260156, 0.4566348866408938, 1.506378005666197, 2.980576069252468, 3.543292759447413, 3.296678319285763, 0.09804210521859114, 2.4941965431035817, 1.8765224089788581, -0.04122464989779795, 2.761784358086555, 1.6895561099004075, 2.6573730777173075, 1.577828642939771, 2.1270852308952293, 2.8192645015160926, -0.00655843725455485, 1.9081201453552024, 3.3106962419467614, 2.2348862204752122, -0.13571285860669624, 2.5449380246670996, 3.3301799325434134, 2.7705731462802414, 2.1933582123068103, 0.36443364713720827, 0.8052794247206709, 1.9933408226985714, 2.720265359761457, 2.0764890978254034, 2.1614220648851954, 2.173334213615332, 0.3323666514560575, 0.41753040426590493, 1.6821711042207887, 3.7359217200208974, 3.5525267841754222, 2.8084913150407846, 1.241422366883837, 2.5405273894830027, 1.85041436380811, 0.2252442438281559, 2.3548810958709185, 2.0938253556551656, 3.777570515972533, 0.314973112928429, 2.158447256932658, 1.6918580100501346, 1.6592712252723754, 2.849358056583927, 3.867216083806775, 0.23725164833809753, 0.561657378777753, 1.4910696686067226, 2.287827286126915, 1.0694596653444992, 0.09295541670490559, 2.3722367594153724, 3.9575005525730926, 2.408453501085751, 1.5219416849436138, 3.5824767858904085, 0.17998085534176145, 0.6836909795088961, 2.5133556632889125, 2.2104544340256687, 2.877744155431029, 3.858336821449537, 2.5260326545200553, 2.645239675641059, 2.246375976519194, 0.4760331498074666, 2.19725514894074, 0.22756826047262058, 0.3567368126634971, 3.2328640734160436, 1.7214601786111445, 2.7342022492071063, 1.4737289187696925, 2.2772617939791915, 3.070389203930037, -0.08925960535756694, 2.486364504778727, 2.2862399398082767, 3.2175202177145428, 1.0963945208650272, 1.7836011286858948, 1.7848954913607469, 0.6784932176690883, 1.721390837379686, 1.035016170287903, 3.027680495924888, 2.5795772651837128, 1.035557140142886, 3.1897627844369905, 3.187046837936059, 3.6803531836277306, 2.3050422800660493, 1.796470075179204, 2.613466082110964, 2.0533384604822484, 0.5974575784822327, 2.946173710091217, 0.40054795195436554, 0.5081580012196301, 1.7595244976506774, 1.706864900031388, 3.632978152123574, 3.8456784729522027, 1.571761458878896, 1.545184018477125, 0.5101223452941832, 2.747328312343734, 2.4395048504958496, 0.5225971412254786, 2.0646721042207847, 2.6846949867304155, 2.4128479874669395, 3.4650157819057164, 1.0152112384956262, 3.341697313814018, 2.9475944110924694, 2.67022440199599, 3.668725357192544, 0.42631274407677866, 3.8264806976817596, 3.5857641546765535, 3.5394364643864282, 3.621355823516553, 0.14507772759439952, 0.7715560491430715, 0.8152099372308079, 2.8377867962661916, 4.380192744792811, 0.41014283784487304, 1.5533308023095596, 3.2547673520513327, 4.287087177353117, 0.6559893163245953, 4.512643841820207, 3.4410226508884567, 0.4222841921396636, 1.8595981388084084, 2.0033051052527098, 1.8602643587253818, 1.3294770372719253, 1.6666985118886481, 3.17239727105305, 1.965837335197147, 4.504827513540235, 1.812436851681824, 3.492614507437642, 0.2224743398592386, 3.460268399345626, 1.6119716783689513, 2.995107193799888, 3.789719448727489, 1.4111599571855904, 1.1908195861305757, 1.1200692833028723, 2.4723640250442944, 2.861040861639929, 0.7922094755906335, 0.2185657042611906, 2.9784388806387705, 3.3006939304736864, 2.1124039127478236, 4.280145018515359, 0.2998792711013496, 2.419662217845385, 1.5746903382876964, 2.6553313538534113, 1.8613503972445105, 1.027592037261603, 1.1740970263107233, 0.5130517046540386, 3.187927764376338, 0.293241315689023, 1.0872034767404264, 0.6266023763460846, 1.118183923361097, 0.3368682611794429, 2.2648390116943338, 3.0422583595101598, 3.5059133166414256, 1.6292616303601135, 2.8275041553620643, 1.5879757502540155, 1.6613762292302927, 3.234766251873829, 3.308374802246188, 2.455965840008776, 2.631367126563111, 1.8914638552111842, 2.5714311148850197, 0.5305573180965977, 2.9745261643836103, 3.669281871131327, 4.179083188477741, 3.833931368813813, 3.877493056034629, 3.5574825980872724, 3.8980136251592947, 3.7053770000394515, 4.558568139314069, 3.5152148349302013, 4.352658408170653, 3.9476648464259774, 4.254488766621082, 4.122883186392978, 4.103215573435708, 4.023930903568849, 3.993349847265031, 3.841114436459188, 3.69410856145631, 3.684702859877012, 3.7713915478387516, 4.4544543688744085, 3.4633094921363714, 4.12191113217708, 4.104617068272602, 3.9250832865239387, 3.896697653637723, 4.289245905087933, 3.919135155007462, 5.17550976465426, 5.248582282669357, 4.788741264216754, 4.75351197319128, 5.118569677325543, 4.814130299270737, 4.953455422721534, 5.291253296490678, 4.61016152219679, 4.78652280642101, 4.687565776914452, 4.805726074850151, 4.991331872949286, 5.127362125687288, 4.621922932960437, 5.136512730099576, 4.90457658957199, 5.166335664528028, 4.820273381907455, 4.679252932622482, 4.415145150700342, 5.022635579982364, 4.834064983061346, 5.217291606773557, 5.122359401971756, 4.743990964510266, 4.7885520987534145, 4.932049773780131, 4.518119678181778, 4.699714249030843, 5.059807459992982, 