{"model": "catboost_minilm_features-extract_dependency_tree_relations", "type": "train", "seed": 41, "train_losses": [], "val_losses": [], "time_start": "2026-02-28T11:43:35.781230", "mse": 0.1341298856583607, "accuracy": 0.8256410256410256, "corr": 0.9775557171723821, "precision": [1.0, 0.7762237762237763, 0.631578947368421, 0.8169014084507042, 0.8770491803278688, 1.0], "recall": [0.7610619469026548, 0.7928571428571428, 0.9230769230769231, 0.7682119205298014, 0.8294573643410853, 0.8923076923076924], "f1": [0.864321608040201, 0.784452296819788, 0.75, 0.7918088737201365, 0.852589641434263, 0.943089430894309], "support": [113, 140, 117, 151, 129, 130], "confusion_matrix": [[86, 27, 0, 0, 0, 0], [0, 111, 29, 0, 0, 0], [0, 5, 108, 4, 0, 0], [0, 0, 34, 116, 1, 0], [0, 0, 0, 22, 107, 0], [0, 0, 0, 0, 14, 116]], "predictions": [3.2912273483274244, 0.7926408214409795, 0.43741721545957857, 2.99978476067602, 0.3135119407194713, 2.53065502113102, 1.7606338770159744, 0.3801631567270385, 0.3495665884017467, 1.252783109049381, 1.9881015617731097, 0.5418829336946784, 2.410380997659414, 3.778333897578924, 0.1826567199594331, 3.303632792903673, 0.4552101491391203, 2.5328616143418645, 0.33857168718772, 1.2172413114685188, 2.0750488666652678, 3.934648465547766, 0.3848629245571651, 3.8835917099165194, 0.4582741220328779, 0.19206845751248602, 3.208800035338739, 1.5938521585184593, 1.5856283830116185, 0.17869819609606452, 2.6917044227425957, 0.6979576811061552, 0.9247961083243914, 2.107883784679496, 1.3551088676362388, 2.966462892535131, 2.950652850629111, 0.24712765356176636, 0.4091021719625596, 2.877429588156018, 1.1974782670004736, 2.491898304387233, 3.7602860079428746, 1.6795305024852776, 0.5387817460156799, 0.8389344377986563, 3.957892794838, 1.4952832614251597, 2.624452335926851, 0.07933620284851761, 0.977363898945476, 4.036678803534953, 3.2555610577092886, 2.2796666684267124, 1.939510645286913, 0.4262721034654149, 1.5008978879911943, 0.2670103462946476, 1.466034255302893, 1.8435609811129834, 0.9097884615470939, 0.1839199732986776, 1.114001625908625, 0.2305384475459804, 1.1638664723002343, 0.33665968683599035, 1.1902504408193593, 1.6403384235965328, 1.4648290805636064, 0.1658455184394909, 4.162402320176057, 0.8246196019497996, 0.155659107123995, 3.25798984051426, 2.56685773674177, 1.9230247929063098, 0.24258493414193394, 1.1491336595084019, 1.9564657811679875, 0.24983222454849452, 3.166685479132409, 0.32640028612431005, 0.6954071791106538, 3.5456031719601717, 2.235966406779414, 2.807161760604388, 3.3880275751671514, 2.59151341713638, -0.0798992470276434, 2.0604435018939986, 0.4610917513637376, 0.21745008011670697, 3.7920943103409614, 2.569390943620665, 1.5230463915245684, 3.503307898777334, 1.5041236277035555, 3.2987525669870976, 3.11190630448999, 1.9089827589504575, 1.4885083670732475, 1.2217249845213205, 1.313255565947574, 3.731727970105631, 1.620101156701124, 1.8091755652732358, 2.8338241448696877, 0.32748639373547794, 2.299364123385783, 0.5835989203366432, 1.5236640778252966, 3.0579541143860265, 3.6734632916145085, 3.323673854916084, 0.08622809471334092, 2.5781804897209692, 1.961802759279792, 0.06517313675336744, 2.816518078455475, 1.7668163106445787, 2.790553597200295, 1.6710720986226155, 2.069177037464143, 3.04425129180522, 0.0015746449330609202, 1.930226011761493, 3.3064154734661027, 2.169599371750741, -0.04430387475952857, 2.5175215718367814, 3.273989039976267, 2.784047745921345, 2.0722520368911987, 0.41544194070920826, 0.7657433577757036, 2.109557864911273, 2.7712297710867246, 2.127752123785502, 2.1139327901057055, 2.2983834127616642, 0.29596516261963135, 0.31684700708152125, 1.7074570436825054, 3.7718247555468247, 3.7291014948759793, 2.5815506966142183, 1.4421936712589793, 2.4920269284234267, 1.83609964990334, 0.2443361148169343, 2.3980470535277076, 2.081032450542851, 3.6507622850444807, 0.3400290310530436, 2.1146942493997605, 1.6327198101003337, 1.7897265669348958, 2.7622387574952096, 3.873886818239952, 0.23442119781979676, 0.45866349936977313, 1.4744186448385188, 2.200462704013321, 1.0316915150615449, 0.07452585684535817, 2.4023793329566225, 3.8859335373199846, 2.323689632132121, 1.5603878174645422, 3.5930721436092448, 0.20823129550232045, 0.5575424396658952, 2.6049486578231447, 2.3106357921961065, 2.7848525675942, 3.8338172761612377, 2.400314416850991, 2.6539945087332377, 2.191163793729745, 0.5745363602878877, 2.1854519507741035, 0.3042217876195612, 0.4047296148368189, 3.1450832045054313, 1.647903254827077, 2.732014724627252, 1.454118144459634, 2.276085579215408, 3.051563425329305, 0.10088912450816734, 2.590218768769844, 2.2400556187542287, 3.1341430404833677, 1.2338303507125616, 1.8025426956585786, 1.6575570983832215, 0.6308361382980638, 1.7878785376617574, 0.7772993724968924, 2.911117150033582, 2.483303576174661, 0.8914956832759642, 3.1948111043192426, 3.2955247905480536, 3.794396050639743, 2.398843369901997, 1.7447767016999214, 2.6701184935246762, 2.029318163243706, 0.47725818907712503, 3.064733502809715, 0.42730826166431246, 0.487123315236071, 1.6961715839270084, 1.7126045014601166, 3.8582412749524013, 4.008784507011589, 1.610912882461161, 1.6514189769795968, 0.4856294498849367, 2.814208551458631, 2.3858468850621475, 0.6319490499730427, 2.0326647947747927, 2.624533028919377, 2.330971595840914, 3.488203617468736, 0.8981025245923973, 3.3127556226158132, 3.0858833200056344, 2.7828185050853, 3.6103508806166253, 0.385230750380976, 3.645702958636041, 3.5600746511577723, 3.536432340790979, 3.6556789980105413, 0.15881612374897136, 0.7655472004888042, 0.7717708095157474, 2.8529436848014127, 4.427929177290426, 0.36221032083702465, 1.4376167532336643, 3.2692331234406, 4.376203990020366, 0.5644526780932912, 4.47457854986225, 3.443746197827976, 0.4738880227844535, 1.8424828315854174, 2.1664205948266773, 1.9238046421648505, 1.2113278477943499, 1.7475638469721666, 3.1708507781014523, 1.8734827575851591, 4.438748202477071, 1.738721157326545, 3.545429467813173, 0.13676300631203864, 3.600260027325974, 1.6153279434786407, 3.1615776571938117, 3.7209894891655537, 1.4745995042761768, 1.2433877146750196, 1.0857740407101328, 2.4127349664502074, 2.7457739836260844, 0.764798314598699, 0.1576146866740893, 2.852334203983742, 3.318514077174487, 2.1512513036989063, 4.2920535688300845, 0.33261480714576663, 2.422232642229415, 1.6566519742843933, 2.610150898940744, 1.906254922824548, 0.9761903571954316, 1.2946173133031504, 0.5790307042945517, 3.166907750676652, 0.39967459981276976, 1.0532142154558033, 0.5368124588184668, 1.2145914303009335, 0.2800939009590855, 2.25204899030536, 3.0691162686431337, 3.485466899716731, 1.677252598488252, 2.676649070190683, 1.4724545929503288, 1.5303085488211923, 3.2475293042307136, 3.2058234876384053, 2.3720335260918723, 2.668202551602833, 1.8020011636845734, 2.516310209035902, 0.6048866812104281, 2.9888732648636975, 3.449227641575302, 4.188227356856751, 3.7448967227675007, 3.762359513389745, 3.594711106369197, 3.935448595904357, 3.5792791399863555, 4.29575745524663, 3.457068160894731, 4.448120437877679, 4.006849736346783, 4.208222497905776, 4.097121249315778, 4.085282962509989, 3.8928346283036928, 3.882667652862093, 3.791850193531076, 3.6790146157892485, 3.7133891157757657, 3.783882452487312, 4.4370166579038735, 3.5317209702054395, 4.174541462854037, 4.215033030937416, 3.8990953941135467, 3.706783719634765, 4.390494762358724, 3.8912906049231903, 5.171303291661307, 5.41174995025427, 4.793716658558848, 4.792645627545005, 5.053153518768093, 4.833571569660096, 5.150900435240434, 5.23049061767445, 4.5152030580971, 4.924117798416532, 4.7484065883601385, 4.8253751868358385, 5.02551996427197, 5.1412906225428205, 4.600165735565455, 5.199022818472107, 4.9025059498170505, 5.132523465000791, 4.82514029366407, 4.645421836174173, 4.435281033153317, 4.900790957454257, 4.801595238911706, 5.240787968727462, 5.158871080080143, 4.725049790937556, 4.93792390094227, 4.980013681908599, 4.558576836228454, 4.778496130509488, 5.127814519084497, 4.403809776705854, 