{"model": "catboost_minilm_features-extract_char_ngrams", "type": "train", "seed": 41, "train_losses": [], "val_losses": [], "time_start": "2026-02-28T11:10:34.180233", "mse": 0.1470990518697313, "accuracy": 0.8012820512820513, "corr": 0.9754320210113101, "precision": [0.9876543209876543, 0.7291666666666666, 0.5810055865921788, 0.8014705882352942, 0.8934426229508197, 1.0], "recall": [0.7079646017699115, 0.75, 0.8888888888888888, 0.7218543046357616, 0.8449612403100775, 0.9076923076923077], "f1": [0.8247422680412371, 0.7394366197183099, 0.7027027027027027, 0.759581881533101, 0.8685258964143426, 0.9516129032258065], "support": [113, 140, 117, 151, 129, 130], "confusion_matrix": [[80, 33, 0, 0, 0, 0], [1, 105, 34, 0, 0, 0], [0, 6, 104, 7, 0, 0], [0, 0, 41, 109, 1, 0], [0, 0, 0, 20, 109, 0], [0, 0, 0, 0, 12, 118]], "predictions": [3.44258726620696, 0.7866745244322713, 0.55703395834183, 2.9002811602892775, 0.32658299738978425, 2.2659882594616696, 1.5581650831030536, 0.5486825969022329, 0.0936839407886767, 1.2072847661689707, 2.1342943524061315, 0.42744837756829, 2.639629547347791, 3.6601346616731765, 0.2694781872559173, 3.3245228916930643, 0.4728575023375501, 2.551221768046935, 0.31596483536032594, 1.229900797108783, 2.1567853836510658, 3.7358273882738833, 0.46956368341199584, 3.901458212582866, 0.34682618679102006, 0.4006952213486925, 3.1843139043547635, 1.362947415494663, 1.5011868470582503, 0.14746557865045773, 2.9109188601916203, 0.6762698924618291, 0.9655591149134994, 2.0018707424302637, 1.4010655561182976, 2.84123972097363, 2.8698245863307443, 0.3013170173173454, 0.4756009792267424, 2.799838102367768, 1.105527318747095, 2.4574897728649687, 4.082399784363637, 1.7768643509026638, 0.6261068722475971, 0.6559804150371988, 3.9490436709457244, 1.6513144280417686, 2.545317766142208, 0.13958661404111128, 0.8806730408346028, 4.187844959105178, 3.395364329205688, 2.135610374635906, 1.8177309386853002, 0.2614150130470323, 1.3985830756012958, 0.3652300750044959, 1.5718111932186472, 1.69270563853506, 1.1891242452308308, 0.2694635928873286, 1.2025219962650262, 0.1939274908040396, 1.2245470738925157, 0.48294339951290555, 1.5524089984212628, 1.6487094325450093, 1.460561405838624, 0.17558070201920595, 4.701409369088852, 0.8493716495808556, 0.3049047611393223, 3.4186049694431433, 2.582756331353868, 1.8134940756228568, 0.3014301947535727, 1.15040879924623, 2.0004067195292587, 0.1442634064024877, 3.2734569007198844, 0.31860780456482507, 0.6872611682045489, 3.612997554627938, 2.018556622891414, 2.6114886851763646, 3.493055409482001, 2.28065052735696, -0.0801081581888421, 1.945833771193719, 0.40017013008510594, 0.5476957878460151, 3.8650658659833734, 2.4757009594996853, 1.4892820342675686, 3.1252979048508367, 1.6680742157827, 3.3260799213217616, 3.312319448613893, 1.6587773935969732, 1.335678590292775, 1.2383118429890811, 1.1890561962091346, 3.8787455095395558, 1.6298309845517274, 1.748076845705242, 2.7415476981016127, 0.15618227905041637, 2.09354737058549, 0.4970560232282706, 1.6522302040962038, 3.1601823941698526, 3.6894467768856174, 3.3351816489852646, 0.06256274364089576, 2.3928014856417303, 1.9150823082436224, 0.018841693873745236, 2.841022058521998, 1.5907253197047337, 2.623200216754464, 1.8116136526472402, 1.9877249904117933, 2.836571775600205, 0.11177123142676226, 2.128675081706641, 3.487371960197703, 2.281489687724358, -0.11480792178755062, 2.39900777897623, 3.247099487555119, 2.976283547787096, 2.013250001023294, 0.3951938089038882, 0.8493773654510395, 1.9370305701369763, 2.781072591938387, 2.0704089320419605, 2.210415459509717, 2.078339690761755, 0.3872244511882301, 0.3776048636441258, 1.5847328615578395, 3.3519697390967838, 3.5439479243462015, 2.7158771981775023, 1.3232833338827992, 2.532587631898023, 1.7502381726838254, 0.256050100883789, 2.3965169299482567, 2.019177183756998, 3.891514896162961, 0.16635608293568938, 2.2579260150002205, 1.7509493585616651, 1.7729556496157393, 2.4466299372959064, 3.923563066413733, 0.3267752812666793, 0.47832323381008734, 1.5227835109208931, 2.2040196887853134, 0.9405397333220247, 0.10719279982205787, 2.3686008842324404, 3.966555284956835, 2.39573741712491, 1.663496766647449, 3.697443305582858, 0.23900654710078406, 0.846559148261947, 2.6008762733663984, 2.1246238734650946, 2.7773530850396684, 3.7237831864234607, 2.5249606503795285, 2.607427097708415, 2.3237356631266017, 0.5855571281833483, 2.18915990172237, 0.3776241535250664, 0.46304454137725903, 2.9967261407499137, 1.8009725823755864, 2.891883653841983, 1.4559270051730908, 2.504832221781371, 2.8411293485122844, 0.053930940199650834, 2.5437964599519547, 2.3548578595133454, 3.1843461648998796, 1.2270169195361866, 1.7068729952642991, 1.92048558483518, 0.6170115408409522, 1.72506002961175, 0.8967181572280654, 3.0890868564673526, 2.6438465072909283, 0.9728079417772566, 2.971505299629416, 3.2272458164099156, 3.677795067879121, 2.4454361414996684, 1.72786596535561, 2.7187697947995053, 2.0861715314474627, 0.65523761601669, 2.8932935940508027, 0.4064706244579277, 0.5111897088014876, 1.658328092749322, 1.58663448940076, 3.6894533987257825, 4.14974069699295, 1.4899897358469378, 1.6191888095775004, 0.5594913657851341, 2.8818835115536587, 2.5029336915300036, 0.6932751504490942, 1.9503583652640204, 2.483674598655969, 2.5020864073794207, 3.5417602344017576, 1.119673527591794, 3.345093557017403, 3.112149605472084, 2.551413269017879, 3.526515866469059, 0.6648826658894491, 3.9665026148606555, 3.7434239286299897, 3.7011585711015247, 3.687744475789742, 0.11761590889818363, 0.779092827213844, 0.6209653000935702, 2.9546323665224805, 4.447901230936821, 0.20366078039310986, 1.7315058687911054, 3.3212503495037815, 4.26220010856931, 0.7724964783981807, 4.413923326866883, 3.1981780283470322, 0.304552443847673, 1.7325391747449235, 2.032012765157907, 1.9294937424763032, 1.3368916348351756, 1.5060672608688446, 3.074492481649626, 1.9478901487880984, 4.437625877675848, 1.80373464117126, 3.261716706685559, 0.043240314905403476, 3.6421360081292304, 1.4081054153188701, 2.8900359533618913, 3.8640140140626236, 1.4256667331047717, 1.2949617730730032, 1.1307615738031738, 2.5455325420548283, 2.8731882800665716, 0.9109931839873677, 0.1627777158707766, 2.7061283470573985, 3.61448525829695, 1.999869788399805, 4.328148135332742, 0.2615151356179535, 2.5364478787605536, 1.6902174520589581, 2.475704298761885, 1.9065233263113779, 0.8766805048044899, 1.3004468356462244, 0.5600146335131937, 3.2974149432373276, 0.30666105313490055, 1.0576077508025272, 0.46325066442380347, 1.171548563583206, 0.4371070550564946, 2.309761960783251, 2.7661317855638714, 3.5262928751896148, 1.590280999686159, 2.619407117509225, 1.5855725623684065, 1.657364363000002, 3.3254731594379603, 3.2812671184087723, 2.31088550500652, 2.801489792780593, 1.847510100992603, 2.748621658973984, 0.5500603496061336, 2.9644510132336155, 3.653648459417497, 3.9673864919838984, 4.006510634648603, 4.186207376807599, 3.688968504799691, 3.914541052094539, 3.7027532225050024, 4.3403880774257635, 3.6628343856262697, 3.9815451280738303, 4.094987973838403, 4.298669330169098, 4.2113270989870895, 4.246566711353845, 3.857064984312693, 3.888628002964884, 3.9883793681664246, 3.6993995616580584, 3.781816506878464, 4.003220019686255, 4.153021159354014, 3.612034260393203, 4.042057473599571, 4.249063710370232, 3.7451646174239093, 3.9948628912206354, 4.132483766960518, 4.107213789474801, 5.159291521670338, 5.051934480447372, 4.624591564733377, 4.924996437984251, 5.280541199724423, 4.758611733990039, 5.037115050393101, 5.4141001176647325, 4.833576018131476, 4.697982830018269, 4.64695872103508, 4.661764849079258, 4.815292618073267, 5.144246563265256, 4.371617467662231, 5.06050322870753, 4.820513022761528, 5.163923352619269, 4.813703142469315, 5.1874382883872885, 4.651979855361023, 5.1191834536788505, 4.653027696385758, 5.324856913154635, 5.019675673109351, 4.858890508866318, 5.219079437617131, 4.980540845593628, 4.715457347685456, 4.866795214940591, 4.884098479919134, 4.611696334698317, 