{"model": "catboost_minilm_features-extract_supersense", "type": "test", "seed": 40, "time_start": "2026-02-28T11:50:04.256483", "mse": 0.7823081612586975, "accuracy": 0.49244712990936557, "corr": 0.8532424528816787, "precision": [0.8, 0.3125, 0.31958762886597936, 0.375, 0.75, 1.0], "recall": [0.14285714285714285, 0.5555555555555556, 0.5740740740740741, 0.3230769230769231, 0.5357142857142857, 0.8727272727272727], "f1": [0.24242424242424243, 0.4, 0.4105960264900662, 0.34710743801652894, 0.625, 0.9320388349514563], "support": [56, 45, 54, 65, 56, 55], "confusion_matrix": [[8, 32, 12, 4, 0, 0], [0, 25, 19, 1, 0, 0], [2, 15, 31, 6, 0, 0], [0, 8, 33, 21, 3, 0], [0, 0, 2, 24, 30, 0], [0, 0, 0, 0, 7, 48]], "predictions": [1.7296686172485352, 2.2958309650421143, 3.910492420196533, 0.96964430809021, 2.3159170150756836, 0.270465612411499, 2.014518976211548, 0.40355563163757324, 0.9156383275985718, 1.6673862934112549, 2.241729259490967, 0.9140875339508057, 1.5204733610153198, 2.9040334224700928, 1.1187437772750854, 2.0018701553344727, 1.6682384014129639, 2.6484715938568115, 1.3221549987792969, 1.766462802886963, 1.0274806022644043, 1.3334136009216309, 0.9724520444869995, 1.440273404121399, 2.5287880897521973, 2.243997812271118, 2.99747896194458, 1.677168607711792, 1.4863646030426025, 1.8650152683258057, 0.7665210962295532, 2.0817036628723145, 1.3102335929870605, 2.390495538711548, 1.8747379779815674, 1.5831458568572998, 0.2868499755859375, 1.364006757736206, 3.386042594909668, 1.8363044261932373, 1.4684617519378662, 0.24946975708007812, 3.8674416542053223, 2.627934455871582, 2.5537004470825195, 1.2824140787124634, 1.3142350912094116, 3.3297970294952393, 2.7930803298950195, 2.7053680419921875, 1.784395694732666, 1.8513563871383667, 3.588399648666382, 1.6035985946655273, 2.485969066619873, 2.4512362480163574, 1.2709299325942993, 1.1446694135665894, 2.7747204303741455, 1.913595199584961, 3.3210535049438477, 3.343001365661621, 3.58174991607666, 1.5863754749298096, 1.3052517175674438, 1.9228215217590332, 1.5694458484649658, 1.0150221586227417, 1.7997384071350098, 2.6490848064422607, 0.8276925086975098, 1.6180241107940674, 0.2940959930419922, 0.2726423740386963, 1.109542727470398, 2.952065944671631, 0.46506452560424805, 1.633662223815918, 1.3473531007766724, 0.7128863334655762, 0.9898687601089478, 2.907411575317383, 1.4842389822006226, 0.6242300271987915, 0.8834260702133179, 0.633855938911438, 0.7980501651763916, 1.4456584453582764, 1.8317766189575195, 3.2921555042266846, 1.4858129024505615, 3.705388069152832, 0.8259838819503784, 3.2492029666900635, 0.6985218524932861, 2.535606861114502, 2.9592630863189697, 2.2828121185302734, 2.0204076766967773, 1.4678959846496582, 1.899336338043213, 3.440126895904541, 1.6750423908233643, 1.3900082111358643, 1.2597618103027344, 2.2519497871398926, 1.394633173942566, 0.9107553958892822, 1.5449028015136719, 0.6414363384246826, 2.628284454345703, 1.5217092037200928, 1.638622522354126, 1.8403242826461792, 1.8487337827682495, 2.8226613998413086, 0.25886964797973633, 1.314724326133728, 2.719229221343994, 0.8261572122573853, 2.4228482246398926, 2.7077114582061768, 1.2965292930603027, 2.9961633682250977, 1.6977922916412354, 2.060922384262085, 3.3124756813049316, 1.5949296951293945, 1.143586277961731, 2.361457109451294, 2.5177252292633057, 1.48614501953125, 2.2639975547790527, 3.62319278717041, 1.067991852760315, 1.9658045768737793, 3.332528829574585, 1.7822668552398682, 3.124730348587036, 2.860144853591919, 1.3272582292556763, 3.9479317665100098, 1.8936880826950073, 2.601414918899536, 1.1216613054275513, 2.10317325592041, 1.4514952898025513, 1.9820317029953003, 0.9985536336898804, 2.002957582473755, 1.075793981552124, 1.9576574563980103, 0.9756021499633789, 3.276310920715332, 0.7895418405532837, 1.9893380403518677, 3.3478810787200928, 2.1575586795806885, 2.4842565059661865, 3.5818886756896973, 3.1404881477355957, 2.1660897731781006, 3.238186836242676, 1.4518873691558838, 3.130932331085205, 2.7879772186279297, 2.837559700012207, 2.061119794845581, 1.3031848669052124, 1.692678451538086, 2.1941375732421875, 0.21710610389709473, 1.469966173171997, 2.5817224979400635, 1.821516752243042, 1.2528315782546997, 3.9678218364715576, 1.3918262720108032, 2.428994655609131, 2.3638017177581787, 0.9383769035339355, 2.1005077362060547, 1.2906255722045898, 0.8713914155960083, 0.9765441417694092, 3.4127607345581055, 2.2630953788757324, 3.7621939182281494, 1.7728006839752197, 2.202902317047119, 1.9787135124206543, 0.45650196075439453, 2.4403278827667236, 2.723738431930542, 1.8795368671417236, 3.8855624198913574, 3.5804972648620605, 4.252747058868408, 3.894826650619507, 3.2103562355041504, 3.3295888900756836, 3.256957769393921, 4.234443187713623, 4.298804759979248, 3.985079526901245, 3.497860908508301, 2.729036331176758, 3.966376304626465, 4.497350692749023, 3.821765899658203, 3.784701347351074, 3.907465934753418, 4.065802574157715, 4.415892601013184, 3.5875661373138428, 3.636406660079956, 2.912534475326538, 3.9543280601501465, 5.394839286804199, 4.940215110778809, 5.080726623535156, 4.680329322814941, 4.36702299118042, 5.673656463623047, 5.096967697143555, 4.808553695678711, 4.124410629272461, 4.739721298217773, 4.918943405151367, 5.137665748596191, 4.665328502655029, 4.978787899017334, 4.426357269287109, 5.630165100097656, 4.63822078704834, 5.128848075866699, 4.777565002441406, 5.086129665374756, 5.031473636627197, 4.997456073760986, 4.65723180770874, 5.446961879730225, 4.337358474731445, 5.337906837463379, 5.094356060028076, 5.012231349945068, 5.072202682495117, 4.824512481689453, 4.863104820251465, 4.909497261047363, 5.150883674621582, 4.86177921295166, 4.779059410095215, 4.744912147521973, 4.336908340454102, 5.112860679626465, 5.197431564331055, 5.453037261962891, 5.105259895324707, 4.669368743896484, 4.293842792510986, 5.091150283813477, 1.6445226669311523, 1.5327496528625488, 2.208951711654663, 2.8064799308776855, 1.2657685279846191, 2.562100648880005, 2.1865975856781006, 1.0222673416137695, 2.4643726348876953, 2.4675447940826416, 4.549978256225586, 2.055417537689209, 5.264761924743652, 3.5197176933288574, 1.2329707145690918, 1.9804494380950928, 4.882893085479736, 2.2223315238952637, 2.25580096244812, 0.6634880304336548, 1.9745290279388428, 1.3277064561843872, 1.5017515420913696, 1.412217378616333, 1.6631497144699097, 1.2564245462417603, 2.001248598098755, 4.441748142242432, 1.1002177000045776, 2.2677013874053955, 2.0104172229766846, 1.6619654893875122, 5.101078510284424, 1.1459959745407104, 3.3302412033081055, 1.8127261400222778, 5.050085544586182, 4.166390419006348, 1.3972429037094116, 0.857114315032959, 3.0036673545837402, 1.855046033859253, 0.5149571895599365, 5.2312164306640625, 3.832294464111328, 1.9122902154922485, 1.116921305656433, 1.3286534547805786, 2.663201332092285, 1.8491137027740479, 1.832834243774414, 4.69145393371582, 1.289242148399353, 1.3800479173660278, 4.664374351501465, 1.7098989486694336, 3.0190258026123047, 2.4090964794158936, 3.5666487216949463, 1.909698724746704, 2.5981101989746094, 0.5430043935775757, 1.6677193641662598, 1.1034036874771118, 5.472709655761719, 4.1983256340026855, 4.803566932678223, 2.755500316619873, 3.7106544971466064], "params": {"iterations": 1510, "learning_rate": 0.014286, "depth": 3, "l2_leaf_reg": 3.4047e-06, "bagging_temperature": 2.5656, "random_strength": 4.1266, "border_count": 207}, "time_end": "2026-02-28T11:50:04.320186"}