{"model": "catboost_minilm_features-extract_syllable_count_avg", "type": "test", "seed": 40, "time_start": "2026-02-28T11:25:27.750165", "mse": 0.7042747735977173, "accuracy": 0.4984894259818731, "corr": 0.8690376838838655, "precision": [0.8, 0.2962962962962963, 0.34408602150537637, 0.40350877192982454, 0.7272727272727273, 1.0], "recall": [0.14285714285714285, 0.5333333333333333, 0.5925925925925926, 0.35384615384615387, 0.5714285714285714, 0.8363636363636363], "f1": [0.24242424242424243, 0.38095238095238093, 0.43537414965986393, 0.3770491803278688, 0.64, 0.9108910891089109], "support": [56, 45, 54, 65, 56, 55], "confusion_matrix": [[8, 35, 11, 2, 0, 0], [1, 24, 18, 2, 0, 0], [1, 14, 32, 7, 0, 0], [0, 8, 31, 23, 3, 0], [0, 0, 1, 23, 32, 0], [0, 0, 0, 0, 9, 46]], "predictions": [1.6308577060699463, 1.9799740314483643, 3.929476737976074, 1.2001479864120483, 2.0747807025909424, 0.17738008499145508, 2.088559627532959, 0.37968015670776367, 0.7062517404556274, 1.4152581691741943, 2.318887233734131, 0.6815097332000732, 1.6907767057418823, 2.556195020675659, 1.1760499477386475, 2.2884585857391357, 1.482236385345459, 3.0467529296875, 1.2547779083251953, 1.8496582508087158, 0.966956615447998, 1.1832516193389893, 0.7673265933990479, 1.7939680814743042, 2.5470950603485107, 1.8599154949188232, 3.1302425861358643, 1.7883408069610596, 1.4583991765975952, 2.379136562347412, 0.3357880115509033, 1.934348464012146, 1.6442286968231201, 2.228955030441284, 2.509413719177246, 2.3215341567993164, 0.6132063865661621, 1.1859323978424072, 3.3143510818481445, 1.5597386360168457, 1.4393715858459473, 0.42189455032348633, 3.1775975227355957, 2.5575411319732666, 2.5265707969665527, 1.406203269958496, 1.4215986728668213, 3.4865777492523193, 2.826766014099121, 3.0033717155456543, 1.8250861167907715, 1.8726539611816406, 4.113765239715576, 1.7286481857299805, 2.7048392295837402, 2.4373507499694824, 0.9964897632598877, 0.823647141456604, 2.754516124725342, 2.261739730834961, 3.1157541275024414, 3.4628262519836426, 3.581465721130371, 1.623467206954956, 1.2778515815734863, 2.114635944366455, 1.931877613067627, 1.3237628936767578, 1.972999930381775, 2.9300849437713623, 0.5781445503234863, 1.7581143379211426, 0.17451167106628418, 0.6851234436035156, 1.0873395204544067, 2.8289268016815186, 0.529475212097168, 1.6211848258972168, 1.381697416305542, 1.1300219297409058, 1.0120304822921753, 3.278031826019287, 1.5950642824172974, 0.5674554109573364, 0.9135869741439819, 0.498319149017334, 0.7674509286880493, 1.2140451669692993, 1.9666635990142822, 3.381453037261963, 1.4651528596878052, 4.072046279907227, 1.246099829673767, 3.1545028686523438, 0.7313021421432495, 2.8906917572021484, 3.3932604789733887, 2.4598276615142822, 1.689943552017212, 1.8707520961761475, 1.5404748916625977, 3.4628946781158447, 1.501366138458252, 1.657518744468689, 1.190712571144104, 2.5238523483276367, 1.2423754930496216, 0.6363162994384766, 2.0330774784088135, 0.49433374404907227, 2.84505558013916, 1.3146257400512695, 1.4456182718276978, 1.282493233680725, 2.332811117172241, 2.960217237472534, 0.23881292343139648, 0.8276326656341553, 3.0784249305725098, 0.5727229118347168, 2.24379825592041, 2.718285083770752, 1.8028087615966797, 2.7995071411132812, 1.744966983795166, 1.8895573616027832, 2.9400506019592285, 1.3414157629013062, 1.4600476026535034, 2.8212945461273193, 2.479396343231201, 1.1397669315338135, 2.585317611694336, 3.3523123264312744, 0.8971736431121826, 2.2433102130889893, 3.3874411582946777, 1.548992395401001, 2.672896146774292, 2.4137048721313477, 1.564810037612915, 3.9972317218780518, 1.4491811990737915, 2.555128335952759, 1.4825751781463623, 2.5854687690734863, 1.5460329055786133, 1.8303635120391846, 1.462999701499939, 1.6766648292541504, 0.8668578863143921, 2.1642868518829346, 0.8129420280456543, 3.51938533782959, 1.3127288818359375, 1.747093677520752, 2.9304916858673096, 1.8605563640594482, 2.080185651779175, 3.822791576385498, 3.3597514629364014, 2.096090316772461, 3.3545632362365723, 1.0269476175308228, 2.6160080432891846, 2.9206056594848633, 2.60612154006958, 1.8996434211730957, 1.0183428525924683, 1.569922685623169, 2.54364275932312, 0.3724660873413086, 1.4210970401763916, 2.339813709259033, 1.8123672008514404, 1.3494914770126343, 4.030937194824219, 1.6182862520217896, 2.5437934398651123, 2.374887228012085, 1.0034502744674683, 2.1344058513641357, 0.9372752904891968, 0.6895002126693726, 0.7238001823425293, 3.1635687351226807, 2.004132032394409, 3.7662878036499023, 1.7824033498764038, 1.9269118309020996, 1.806711196899414, 1.0490084886550903, 2.0685014724731445, 2.7463912963867188, 2.1195902824401855, 4.03102970123291, 3.637836456298828, 4.455908298492432, 4.046593189239502, 3.387059211730957, 3.4871578216552734, 3.291562557220459, 4.396278381347656, 4.349449634552002, 4.14957332611084, 3.602243423461914, 2.9630990028381348, 4.06549072265625, 4.456672191619873, 3.732865810394287, 3.6646950244903564, 4.168064594268799, 4.100386142730713, 4.436935901641846, 3.811265707015991, 3.668822765350342, 3.3144330978393555, 3.7759323120117188, 5.605247497558594, 4.882075309753418, 5.23928165435791, 4.333208084106445, 4.294572353363037, 5.725645065307617, 5.201955318450928, 4.56997013092041, 4.285053730010986, 4.474727630615234, 5.209403991699219, 5.365647315979004, 4.717301368713379, 5.199517250061035, 4.448896408081055, 5.664091110229492, 4.639379978179932, 5.402533531188965, 4.789666652679443, 5.050844192504883, 4.8033647537231445, 4.943991661071777, 4.604191780090332, 5.5082292556762695, 4.659420967102051, 5.399147987365723, 5.51531457901001, 5.170745849609375, 4.895411491394043, 4.648283958435059, 4.894080638885498, 5.283655643463135, 5.113863945007324, 4.9975385665893555, 4.913025856018066, 4.346007823944092, 4.618069648742676, 5.055794715881348, 5.276555061340332, 5.648726463317871, 5.237098693847656, 4.786238670349121, 3.9928784370422363, 5.357478618621826, 1.5276204347610474, 1.472994089126587, 1.8386948108673096, 2.4793620109558105, 1.000893473625183, 1.896263837814331, 1.9429186582565308, 1.1693068742752075, 2.2170956134796143, 2.227062463760376, 4.315197467803955, 2.2681233882904053, 5.261510848999023, 3.603576421737671, 0.937163233757019, 1.755239486694336, 5.200390338897705, 2.4118921756744385, 2.196777105331421, 0.9859057664871216, 2.3559648990631104, 1.0974234342575073, 1.4569549560546875, 1.4091134071350098, 1.4992722272872925, 1.0667545795440674, 2.262265205383301, 4.191890716552734, 1.0581333637237549, 2.2878382205963135, 2.4889230728149414, 2.002584934234619, 5.259870529174805, 1.0707401037216187, 3.5028398036956787, 1.8686549663543701, 5.075326919555664, 4.285895824432373, 1.4080222845077515, 0.6222248077392578, 3.5456414222717285, 1.7472813129425049, 0.48975133895874023, 5.388727188110352, 3.930920124053955, 1.7686457633972168, 1.261902093887329, 1.471577525138855, 2.6791396141052246, 1.8279523849487305, 2.0311450958251953, 4.751373291015625, 1.2607758045196533, 1.1799989938735962, 4.665634632110596, 1.8233966827392578, 2.951101064682007, 2.9756851196289062, 3.618544101715088, 1.8274505138397217, 2.415675401687622, 0.6963919401168823, 1.743960976600647, 0.9985356330871582, 5.740908622741699, 4.262060165405273, 4.589016914367676, 2.637547016143799, 3.6251626014709473], "params": {"iterations": 1510, "learning_rate": 0.014286, "depth": 3, "l2_leaf_reg": 3.4047e-06, "bagging_temperature": 2.5656, "random_strength": 4.1266, "border_count": 207}, "time_end": "2026-02-28T11:25:27.820588"}