{"model": "catboost_minilm_features-extract_articles", "type": "train", "seed": 42, "train_losses": [], "val_losses": [], "time_start": "2026-02-28T11:31:04.683642", "mse": 0.13222558020861772, "accuracy": 0.8346153846153846, "corr": 0.9779656861873985, "precision": [0.9887640449438202, 0.7883211678832117, 0.631578947368421, 0.8251748251748252, 0.9083333333333333, 1.0], "recall": [0.7787610619469026, 0.7714285714285715, 0.9230769230769231, 0.7814569536423841, 0.8449612403100775, 0.9230769230769231], "f1": [0.8712871287128713, 0.779783393501805, 0.75, 0.8027210884353742, 0.8755020080321285, 0.96], "support": [113, 140, 117, 151, 129, 130], "confusion_matrix": [[88, 25, 0, 0, 0, 0], [1, 108, 31, 0, 0, 0], [0, 4, 108, 5, 0, 0], [0, 0, 32, 118, 1, 0], [0, 0, 0, 20, 109, 0], [0, 0, 0, 0, 10, 120]], "predictions": [3.210137666816754, 0.8906016419774792, 0.4696889506284463, 2.871551058557895, 0.25765642317165804, 2.6935196839154787, 1.8187069160082, 0.43054975861216027, 0.19293148446403396, 1.3427616511813627, 2.210633695086797, 0.43181093506062007, 2.343524828474194, 3.820361476586582, 0.20763862373281095, 3.284334858165525, 0.4753621686331271, 2.718180478135017, 0.24374505288097392, 1.290070527890221, 2.0207417674270953, 3.898242955136708, 0.369591253315237, 4.059031963575317, 0.3911567373694167, 0.243161535409798, 3.147615854486147, 1.5171360298812746, 1.6085646206713566, 0.2064631245078088, 2.693931761798235, 0.6556269965366173, 1.021375685579091, 2.133516878856257, 1.2370790020508307, 2.978765595607272, 3.0098452835118295, 0.32528967600902536, 0.31113034074154866, 2.678060406707816, 1.18480366507153, 2.485868810681543, 3.9927275176377948, 1.7305713098830462, 0.601054368510469, 0.8038515287777375, 4.071395662683048, 1.5172352826505606, 2.647368607103244, 0.08869570708034091, 0.948502131419563, 4.200715101970191, 3.2437637975683673, 2.239510678000182, 1.838965978764913, 0.37698173730931694, 1.5025016427754552, 0.21332167750499265, 1.4993483432516925, 1.7805474115272648, 1.0575246834395706, 0.2660678729710426, 0.9968942928181252, 0.26945689616323865, 1.0017816303419442, 0.36994876356183015, 1.184630596994047, 1.6227414397307496, 1.4802471285877683, 0.24144551413646775, 4.466868912187448, 0.8064741196942855, 0.2146985623397235, 3.2811091643591506, 2.5652196491985313, 1.8913810072260984, 0.3544031125004765, 1.2854216192571524, 1.9213048679962519, 0.18287149133990876, 3.1215328044607684, 0.3249971579751674, 0.6414795014766856, 3.583346708199244, 2.299224716256285, 2.685066557077719, 3.2607305423868724, 2.6737940904490025, -0.061258364498171236, 1.8821670002755744, 0.2883157657029458, 0.3712784510755167, 3.7613579914512547, 2.6230999346989066, 1.6388782382924556, 3.375857070238977, 1.70154908277396, 3.4859869553242286, 3.2844866328623104, 1.7235188617251107, 1.3911446539251893, 1.400563158394725, 1.2627503193685057, 3.710576007358317, 1.6474824747396521, 1.662060999401747, 2.7508824469222786, 0.4269628963433827, 2.328625490135856, 0.47233159549540504, 1.527777192060412, 2.9090453190810437, 3.5233237066543044, 3.2581856479818607, 0.09710115624312676, 2.424010090790989, 1.9215326873717526, -0.04867279998817153, 2.761741511545622, 1.7365163264283296, 2.6050606443515187, 1.6072177040039448, 2.1822635041770333, 2.9341645168011974, 0.08425042907789049, 1.898892740166005, 3.304010972314519, 2.2370451846890727, -0.05644382869047293, 2.361872746223599, 3.2697775952381503, 2.7073816078983604, 2.1668424846468204, 0.3612241171109032, 0.8295713419642443, 1.9292876696661785, 2.5682349760372176, 1.9775149672000336, 2.1552693649509322, 2.1905335396901076, 0.2985643841454353, 0.3065722834688809, 1.6916131342662988, 3.6098252778120754, 3.6209122984670223, 2.738461532960913, 1.3659707298802406, 2.555977475825385, 1.9448036192881988, 0.23790978905121696, 2.3341338471643374, 2.076980190180749, 3.704282129062492, 0.275362308805454, 2.158059402950183, 1.6140046787835547, 1.7459076219393754, 2.753911831453009, 3.8535668215465373, 0.18213806591909876, 0.551389848931416, 1.5223332289614637, 2.2338898163642336, 1.078456326259318, 0.12042857580071731, 2.4084585384448367, 3.8965397645651616, 2.4339751486523826, 1.5511973458519024, 3.618127714021267, 0.17641768818740156, 0.6897205994917823, 2.539681213231639, 2.232078190506874, 2.8848917621049983, 3.8162560037671973, 2.5774671923624157, 2.6053729098923513, 2.29359587704246, 0.4492470951286891, 2.1422552607452077, 0.2765529755456293, 0.41341134211256314, 3.264467114418812, 1.693748056969607, 2.744016901983489, 1.422749739873038, 2.3305353855773405, 2.9911565945773764, -0.042472012756354705, 2.5535672254961854, 2.371262883925058, 3.074553657138516, 1.3116936712547578, 1.8211071112766104, 1.6948891127075734, 0.6297110045132628, 1.7151516200445742, 0.9374332204535931, 2.928778554026705, 2.519294650969987, 0.995435352293903, 3.1468790189350178, 3.289835394830766, 3.7002763821574662, 2.405135693062357, 1.828351657918799, 2.6387917440032043, 1.946778611857051, 0.5751766927869435, 2.8949073991066974, 0.39044459786514274, 0.4217559507774906, 1.7087494651289843, 1.7548072837388617, 3.6635186287976933, 3.8217325034227976, 1.5641467067357426, 1.5424625545102337, 0.44649475369120895, 2.7820260243294275, 2.5271727120176983, 0.5799259726801391, 2.112469745050791, 2.670783765331449, 2.4066437262198446, 3.5313421016601696, 1.0711207406827148, 3.2539702576875147, 2.879718860968595, 2.7323810709357557, 3.681328079956133, 0.4655954601053276, 3.8353243230681597, 3.3628174077577535, 3.77469753248523, 3.6397156068423397, 0.08112566984023362, 0.8069008017870822, 0.7559817400771673, 2.8545247787270176, 4.346352878981181, 0.3695997985708823, 1.4527754374085515, 3.1904361067795453, 4.411095986409389, 0.7313434136348451, 4.58191760939367, 3.3371120556714766, 0.3644557259137975, 1.8274708781196143, 1.9918138507427958, 1.8569912108403168, 1.4105955886711141, 1.660462747658865, 3.1424477175941674, 1.8710939226458105, 4.448059393825718, 1.753873543342698, 3.4061271125653363, 0.24538173154646437, 3.464723938734028, 1.5818973362465667, 2.9880620059458036, 3.7766986897602104, 1.5385801070508927, 1.2718721619345839, 1.1530229905864633, 2.4633485605748775, 2.796111528004133, 0.8615976344768317, 0.19700526084400494, 2.9879486261059878, 3.2907364634195373, 2.137637555108676, 4.390956445186702, 0.19145924441899886, 2.4305331487692716, 1.5907497483586295, 2.740516067776591, 1.8838458145622838, 0.9048526465407896, 1.1750815661283356, 0.5480782274779066, 3.067007939795095, 0.2519853331226787, 1.1069718311314547, 0.6622375074057785, 1.0978686999913407, 0.35782410775048845, 2.2615738167873594, 2.958259323683837, 3.4273459377615487, 1.701745964502096, 2.8001996773937474, 1.4293240416656825, 1.6216169074225173, 3.1674100714064215, 3.1346490263757367, 2.3784249994659934, 2.683841329185517, 1.8917929506285516, 2.6248941451177217, 0.5141550431301412, 2.8849154597526985, 3.748022487157859, 4.1995952768811735, 3.7782252297232937, 3.9320627144675058, 3.6458995488582553, 3.7627051922037467, 3.6903560498873222, 4.478631740022638, 3.5292059329644294, 4.359656882983397, 4.046933559934017, 4.207859271630696, 4.089622992149707, 4.15303463308155, 4.108393823432235, 3.8854649554784526, 3.8007207772321436, 3.6633215247136666, 3.7027168262146466, 3.7659701446999603, 4.399682448683118, 3.3873305849870112, 4.098329035240692, 4.179192666688146, 3.887033240548396, 3.7713104188433717, 4.2786606661990305, 3.9380948426249773, 5.170423604173157, 5.302334533074074, 4.817900457513722, 4.752080461667805, 5.092767022350264, 4.934263104605387, 4.9810018492162715, 5.412179247057553, 4.473661760283718, 4.73299639234496, 4.789241685778956, 4.796502587969988, 5.014629489572966, 5.196180443527603, 4.604051952397048, 5.186429608283085, 4.894790089535732, 5.159658114068561, 4.903485172968308, 4.690152028340208, 4.559457006869103, 4.975782430396169, 4.924156662532951, 5.297986656865991, 5.210610992845, 4.786529189907506, 4.788380336594072, 4.969977532400442, 4.582979839884956, 4.6851116427524975, 5.190024551346031, 