{"model": "catboost_minilm_features-extract_ttr", "type": "train", "seed": 40, "train_losses": [], "val_losses": [], "time_start": "2026-02-28T11:21:28.333972", "mse": 0.13154860942220903, "accuracy": 0.8243589743589743, "corr": 0.9780793459220429, "precision": [0.9770114942528736, 0.7676056338028169, 0.6235294117647059, 0.8156028368794326, 0.907563025210084, 0.9917355371900827], "recall": [0.7522123893805309, 0.7785714285714286, 0.905982905982906, 0.7615894039735099, 0.8372093023255814, 0.9230769230769231], "f1": [0.85, 0.7730496453900709, 0.7386759581881533, 0.7876712328767124, 0.8709677419354839, 0.9561752988047809], "support": [113, 140, 117, 151, 129, 130], "confusion_matrix": [[85, 28, 0, 0, 0, 0], [2, 109, 29, 0, 0, 0], [0, 5, 106, 6, 0, 0], [0, 0, 35, 115, 1, 0], [0, 0, 0, 20, 108, 1], [0, 0, 0, 0, 10, 120]], "predictions": [3.274279127755299, 0.8427770485209625, 0.5347893914039181, 2.9208300700165513, 0.2337526710787836, 2.586541877357867, 1.8227305119572064, 0.42979553145476235, 0.14269733021346287, 1.3151196539000483, 2.083967862513063, 0.4386091068731641, 2.3705123652004962, 3.8069529270879916, 0.24161576727574507, 3.324055191243825, 0.37849404345435733, 2.4472858717102426, 0.24400287856294733, 1.3306171702776892, 2.143789572590417, 3.7926914369521487, 0.4291355840608819, 3.8775822125218915, 0.3967716788142095, 0.2331779907461633, 3.228270345513358, 1.5526872401068883, 1.5535953532048903, 0.15453251586900452, 2.8208688455139033, 0.7992947846995357, 1.0274709330232858, 2.1130337114533684, 1.3923361607125309, 2.9145770324458335, 3.000690211837528, 0.34588586427135937, 0.4113294267302732, 2.8457799351501256, 1.2318098663777828, 2.479234457760442, 3.9552383207512984, 1.6309941027677561, 0.5571127708694303, 0.7107657189151217, 4.011634821358595, 1.544679299096512, 2.523421422303973, 0.13235450646422642, 0.996642424685581, 4.09975602395288, 3.260270121873189, 2.3092757634105046, 1.831167580901016, 0.29421605136019613, 1.4225961429229315, 0.23657573722954206, 1.5037862412333782, 1.8440615890304466, 1.0009570018959144, 0.20188458769576778, 1.2192051296056197, 0.2397769135686132, 1.1571872361203601, 0.3483661329189327, 1.1882067968218994, 1.7533364392857758, 1.4840952030238856, 0.21302497586651503, 4.525542537768246, 0.8740344950297827, 0.2412129046338496, 3.2516332283714386, 2.5891651033020153, 1.8473554088661306, 0.330347717290151, 1.3510435016630866, 1.9928814655435136, 0.18151646400815258, 3.148150564360079, 0.37707372227442226, 0.7859487470128823, 3.692409194811617, 2.2129020976667935, 2.7693723578267444, 3.403191476630906, 2.6252086206954455, 0.052530877501223205, 2.1230008582790068, 0.3776650729749451, 0.39495877265658974, 3.7875670675383626, 2.4974261027384133, 1.6148699885225324, 3.3282803539977284, 1.6167515783204003, 3.3815424633531332, 3.1529072126178983, 1.746055261313011, 1.3176484749944712, 1.1979859961492134, 1.21258830087503, 3.576668159671073, 1.5742368812969516, 1.7174643684924134, 2.720055935559573, 0.44714986210463703, 2.2705441994597884, 0.5262568695538146, 1.529767783113888, 2.877585617614757, 3.5212598040056577, 3.34000538201933, 0.11290578280921704, 2.5201763647382847, 1.9693707268422254, 0.038767681485940564, 2.7672866053900527, 1.7209292141549133, 2.5989789636711866, 1.5176848431386347, 2.169718949676731, 2.807386486939474, -0.03384973209022357, 1.8960348291961893, 3.2459291931694105, 2.2099619646186617, -0.08705155456156843, 2.485344082174731, 3.383284684206225, 2.795726869820075, 2.1067019601626664, 0.38524049842694286, 0.8019928555421618, 1.965510100229245, 2.5749697853660845, 1.9938802661840254, 2.12902589672792, 2.278973051073268, 0.3427821953629979, 0.3762170336377464, 1.679717155364608, 3.806707813147464, 3.557628176548871, 2.801103580533046, 1.351600509142308, 2.506362289892315, 1.9002292243513366, 0.1761665759096127, 2.338501845928606, 2.114124131673828, 3.7134661713669264, 0.33227588106710515, 2.1088160468306443, 1.6124593561356944, 1.693994911722414, 2.7892145108457767, 3.809149039990682, 0.14931065898485674, 0.5430220431599178, 1.4681034125823638, 2.3237354142546867, 1.0684524201192436, 0.14628422335858904, 2.3826428575076695, 3.8663481266700845, 2.381375543732731, 1.5355311989115732, 3.6314439067837894, 0.07958499428928345, 0.6974946644616344, 2.562230661731763, 2.216682007079144, 2.95228772179862, 3.8178312849325646, 2.4597830105664356, 2.6359773871092105, 2.147907067135255, 0.5041715318325308, 2.192592175911239, 0.228631911942216, 0.3249915990253731, 3.2269237907700856, 1.79017310782183, 2.7858011489136754, 1.3993345427562047, 2.3196155289576432, 3.1096095936818964, 0.04029411736917776, 2.502028256130092, 2.3269092619152514, 3.1855842441727393, 1.16535597844424, 1.770223978408632, 1.6790560415644573, 0.6757862947734783, 1.7070168017807026, 1.00970101711181, 2.9181703752691934, 2.5594954107305306, 0.9427496112702707, 3.0724557547459774, 3.247034213614377, 3.7144677500802628, 2.3875493480105874, 1.7907430984048847, 2.68941090304786, 2.107678672916014, 0.4996393704201516, 2.968140560648696, 0.3944572053959985, 0.5460758349887045, 1.768418910434368, 1.688408574826708, 3.6885993185857844, 3.9001881752798604, 1.5673470867227706, 1.6249961196609553, 0.5229106398459296, 2.8590733385057896, 2.4389981502194136, 0.5399890891595198, 2.0771672961933683, 2.593261946195966, 2.423340355954036, 3.5185189224601716, 0.9735830231503331, 3.3624174555283557, 2.9351381808924963, 2.738725631618147, 3.7227608589009047, 0.43902266158557524, 3.816862730698207, 3.5471672148575744, 3.5917753045151963, 3.620303105877023, 0.09721414915150417, 0.7688388033090976, 0.7135947316460329, 2.926649690782664, 4.459620697644279, 0.3934909410326872, 1.4042307722228555, 3.201446154016736, 4.357888698188381, 0.6326333891055804, 4.709691252515077, 3.3866760850209223, 0.30399866797262654, 1.8832609713463153, 2.0261179013429804, 2.0260600347914703, 1.4141998008847319, 1.7746319302579188, 3.042589871594582, 1.9061876254669357, 4.4339400708474574, 1.759720078207643, 3.38712133552704, 0.20608624921329, 3.600602365088357, 1.5684989392443267, 3.026655378061388, 3.701496833465103, 1.4332818777356617, 1.2781054235030291, 1.1872161376235164, 2.5148131674557743, 2.8488296693964656, 0.7624420409861294, 0.16903961037335202, 2.910746729280517, 3.3296003215355596, 2.075231155736861, 4.371419719890635, 0.18738175627143505, 2.3639694243968257, 1.6287039185155536, 2.6731828076856097, 1.8615319624766498, 1.0240868112664852, 1.0706875689072333, 0.5056042926017714, 3.204634201666883, 0.2754151823111659, 1.156118730753983, 0.6040782744155493, 1.1620493148263222, 0.30937970534055337, 2.2610535850898668, 2.8540080820377933, 3.431838604010524, 1.7052485269905495, 2.739687661854645, 1.5125959598270224, 1.652125980694669, 3.205556168137293, 3.3049143942649306, 2.3740102997330026, 2.690088806151953, 2.0336771005002197, 2.6106730759074908, 0.5047000894456757, 2.894118823880106, 3.6843605197360647, 4.179710672496143, 3.7970658013261382, 3.8968029245251996, 3.531421593025014, 3.858574703909546, 3.7310325134266726, 4.434284237212693, 3.5244585747204216, 4.39477934995752, 3.8734960668779292, 4.171121570931681, 4.029812337629272, 4.152706180534073, 4.174490194626274, 3.9843381369122373, 3.7772940189606894, 3.73155999451072, 3.6845929765142147, 3.803488472967385, 4.441339722576549, 3.4441878051027572, 4.1595850465070985, 4.146782169350072, 3.8539817505646594, 3.8800980066962363, 4.312479688237995, 3.9086061037713273, 5.2321004480298585, 5.247097082270258, 4.828476977392599, 4.877147700324594, 5.058265337966107, 4.903923030299476, 5.0494155565140275, 5.213877962135258, 4.634242725390832, 4.738234270086697, 4.795397804257044, 4.742512301239239, 5.082994866975401, 5.006472108599391, 4.667239564838461, 5.170965561982387, 4.89872092540562, 5.237292640710367, 4.939218153517582, 4.620441031078011, 4.480787752768351, 4.919132265136369, 4.855219120981386, 5.218801140959034, 5.101419834544359, 4.808309108670404, 4.749280484501391, 4.96392749821354, 4.526651461800633, 4.664545558089719, 