{"model": "catboost_minilm_features-extract_places", "type": "test", "seed": 41, "time_start": "2026-02-28T12:04:31.936334", "mse": 0.7329825162887573, "accuracy": 0.48942598187311176, "corr": 0.8631638046054627, "precision": [0.8461538461538461, 0.2702702702702703, 0.35051546391752575, 0.38333333333333336, 0.6829268292682927, 1.0], "recall": [0.19642857142857142, 0.4444444444444444, 0.6296296296296297, 0.35384615384615387, 0.5, 0.8363636363636363], "f1": [0.3188405797101449, 0.33613445378151263, 0.4503311258278146, 0.368, 0.5773195876288659, 0.9108910891089109], "support": [56, 45, 54, 65, 56, 55], "confusion_matrix": [[11, 31, 11, 3, 0, 0], [1, 20, 23, 1, 0, 0], [1, 13, 34, 6, 0, 0], [0, 10, 28, 23, 4, 0], [0, 0, 1, 27, 28, 0], [0, 0, 0, 0, 9, 46]], "predictions": [1.8474452495574951, 1.885094165802002, 4.001601696014404, 1.171728253364563, 1.882360816001892, 0.33678579330444336, 1.9461337327957153, 0.24356412887573242, 0.8777670860290527, 1.4924815893173218, 2.4541282653808594, 0.7618275880813599, 1.678480625152588, 2.5472397804260254, 1.0721471309661865, 2.2930283546447754, 1.4069983959197998, 2.728278160095215, 1.2688184976577759, 1.6811811923980713, 0.8818842172622681, 1.2631250619888306, 0.7846473455429077, 1.6938443183898926, 2.356529951095581, 1.7565605640411377, 3.2085371017456055, 1.640723705291748, 1.561230182647705, 2.3569183349609375, 0.4961223602294922, 1.8355047702789307, 1.5608410835266113, 2.1288890838623047, 2.075424909591675, 1.9941349029541016, 0.6870212554931641, 1.2477229833602905, 3.4362473487854004, 1.6796504259109497, 1.3060375452041626, 0.3815886974334717, 3.3422441482543945, 2.4772493839263916, 2.6182477474212646, 1.5710681676864624, 1.2624530792236328, 3.4728329181671143, 2.9550163745880127, 2.960319757461548, 1.5618480443954468, 1.8936247825622559, 3.8933420181274414, 1.4341394901275635, 2.843796730041504, 2.6672260761260986, 0.8773713111877441, 0.903835654258728, 3.07244873046875, 2.3364577293395996, 3.1100194454193115, 3.3274383544921875, 3.60372257232666, 1.5681991577148438, 1.2140240669250488, 2.2003116607666016, 1.8115758895874023, 1.287915587425232, 1.980933427810669, 2.9382050037384033, 0.774678111076355, 1.941251516342163, 0.23369050025939941, 0.4613170623779297, 0.9068046808242798, 2.8732213973999023, 0.19765496253967285, 1.702248454093933, 1.3865689039230347, 1.0824960470199585, 0.6756832599639893, 3.096078872680664, 1.6087422370910645, 0.46386146545410156, 1.2252202033996582, 0.47528600692749023, 0.7594025135040283, 1.4909754991531372, 1.8367416858673096, 3.4244205951690674, 1.3915034532546997, 4.0123090744018555, 1.1305137872695923, 3.24845552444458, 0.7650370597839355, 2.763765811920166, 3.484525203704834, 2.528369903564453, 1.5853447914123535, 1.9209885597229004, 1.7009143829345703, 3.5782928466796875, 1.5982334613800049, 1.3372466564178467, 0.9788767099380493, 2.392979383468628, 1.0557950735092163, 0.5305138826370239, 1.6670160293579102, 0.33325958251953125, 3.0264976024627686, 1.2758266925811768, 1.3325512409210205, 1.1698647737503052, 2.188171625137329, 3.095156669616699, 0.32460665702819824, 1.1632635593414307, 3.0449912548065186, 0.5903968811035156, 2.3854758739471436, 2.6649580001831055, 1.5310778617858887, 2.9308247566223145, 1.9486881494522095, 1.806579828262329, 3.042309522628784, 1.2314902544021606, 1.42367684841156, 2.7895140647888184, 2.603646993637085, 1.2074533700942993, 2.5013301372528076, 3.494515895843506, 0.9391270875930786, 2.104422092437744, 3.363943576812744, 1.6429579257965088, 2.5273828506469727, 2.5330886840820312, 1.438711166381836, 3.9834961891174316, 1.536982774734497, 2.1896305084228516, 1.76995849609375, 2.4782967567443848, 1.6568665504455566, 1.9550299644470215, 1.4998068809509277, 1.7818130254745483, 0.8968323469161987, 2.4073102474212646, 0.7784360647201538, 3.572911262512207, 1.0745186805725098, 1.699949860572815, 3.043614387512207, 1.8589849472045898, 2.3246240615844727, 3.8709306716918945, 3.500244140625, 2.1411757469177246, 3.399526357650757, 0.8176562786102295, 2.781696081161499, 2.8220107555389404, 2.697758436203003, 2.0312867164611816, 1.064141035079956, 1.6516419649124146, 2.5071604251861572, 0.4866805076599121, 1.448144793510437, 2.3519487380981445, 1.791806936264038, 1.161925196647644, 4.315704822540283, 1.5325050354003906, 2.6083691120147705, 2.5438148975372314, 1.1330680847167969, 2.1772682666778564, 0.9275778532028198, 0.7241981029510498, 0.6811000108718872, 3.161259651184082, 2.0744194984436035, 3.822050094604492, 1.885753870010376, 2.1176602840423584, 1.6326706409454346, 0.9186866283416748, 2.3570661544799805, 2.5374667644500732, 2.2656145095825195, 4.004068851470947, 3.670961618423462, 4.447318077087402, 3.903372287750244, 3.310899257659912, 3.2644970417022705, 3.3432304859161377, 4.260089874267578, 4.0742669105529785, 3.963916301727295, 3.4549386501312256, 2.8315980434417725, 3.964254379272461, 4.451687812805176, 3.4123947620391846, 3.7646896839141846, 4.15185546875, 4.250005722045898, 4.275086879730225, 3.862248420715332, 3.634223699569702, 3.290767192840576, 3.9114179611206055, 5.5513916015625, 4.999737739562988, 5.14260721206665, 4.456167221069336, 4.328952789306641, 5.607587814331055, 5.00667667388916, 4.814881324768066, 4.351905822753906, 4.471313953399658, 5.183995723724365, 5.350759029388428, 4.652271270751953, 5.207563400268555, 4.520867347717285, 5.640195369720459, 4.562900543212891, 5.159025192260742, 4.769930839538574, 5.058065891265869, 4.647109031677246, 4.719141960144043, 4.631767749786377, 5.192197799682617, 4.518033027648926, 5.428045272827148, 5.4014716148376465, 4.811009883880615, 4.885951519012451, 4.69412899017334, 4.965140342712402, 5.049431324005127, 5.094048500061035, 4.810100078582764, 4.823421478271484, 4.411170959472656, 4.4911651611328125, 5.048048973083496, 5.250382423400879, 5.7938642501831055, 5.381738185882568, 4.756742000579834, 3.994965076446533, 5.160306930541992, 1.4955841302871704, 1.4043679237365723, 1.9544823169708252, 2.1768338680267334, 0.9407815933227539, 2.174659252166748, 1.9942694902420044, 0.9837945699691772, 2.3499062061309814, 2.0446698665618896, 4.316556930541992, 2.1795876026153564, 5.183133602142334, 3.728386402130127, 0.7890759706497192, 2.042665719985962, 5.260778903961182, 2.302560329437256, 2.3041412830352783, 0.6212430000305176, 2.161630392074585, 1.2549829483032227, 1.3351938724517822, 1.7926905155181885, 1.838950276374817, 1.2059564590454102, 2.2425708770751953, 4.109955310821533, 1.1605353355407715, 2.312349319458008, 2.745741128921509, 2.00878643989563, 5.344643592834473, 0.8522682189941406, 3.3944993019104004, 1.933189868927002, 5.061769485473633, 4.242013454437256, 1.381604552268982, 0.7011353969573975, 3.2162179946899414, 1.7474958896636963, 0.40707898139953613, 5.27419376373291, 4.062857627868652, 1.9320182800292969, 1.378675937652588, 1.5456938743591309, 2.5244028568267822, 1.926342248916626, 2.123173475265503, 4.667577266693115, 1.517019271850586, 1.381482720375061, 4.550716400146484, 1.7229857444763184, 2.946040153503418, 2.792490243911743, 3.493001699447632, 1.8133734464645386, 2.3452606201171875, 0.6669952869415283, 1.6353896856307983, 0.88254714012146, 5.503204822540283, 4.074628829956055, 4.779383659362793, 2.8297789096832275, 3.7871365547180176], "params": {"iterations": 1510, "learning_rate": 0.014286, "depth": 3, "l2_leaf_reg": 3.4047e-06, "bagging_temperature": 2.5656, "random_strength": 4.1266, "border_count": 207}, "time_end": "2026-02-28T12:04:32.066539"}