{"model": "catboost_minilm_lg", "type": "test", "seed": 42, "time_start": "2026-02-28T10:13:10.851524", "mse": 0.7776069641113281, "accuracy": 0.47129909365558914, "corr": 0.8580689142616315, "precision": [0.55, 0.32222222222222224, 0.34782608695652173, 0.37777777777777777, 0.6190476190476191, 0.9761904761904762], "recall": [0.19642857142857142, 0.6444444444444445, 0.5925925925925926, 0.26153846153846155, 0.4642857142857143, 0.7454545454545455], "f1": [0.2894736842105263, 0.42962962962962964, 0.4383561643835616, 0.3090909090909091, 0.5306122448979592, 0.845360824742268], "support": [56, 45, 54, 65, 56, 55], "confusion_matrix": [[11, 35, 8, 2, 0, 0], [5, 29, 10, 1, 0, 0], [4, 14, 32, 4, 0, 0], [0, 12, 34, 17, 2, 0], [0, 0, 8, 21, 26, 1], [0, 0, 0, 0, 14, 41]], "predictions": [1.5978949069976807, 1.3427066802978516, 4.005561351776123, 0.7417434453964233, 1.6338412761688232, 1.025404930114746, 0.7996325492858887, -0.12006878852844238, 0.7347656488418579, 0.8837200403213501, 2.7279202938079834, 0.13683319091796875, 1.1642011404037476, 2.1486611366271973, 1.6432509422302246, 0.9935921430587769, 1.0820634365081787, 2.4882383346557617, 1.2251800298690796, 2.0924997329711914, 0.7249667644500732, 0.8926012516021729, 0.84053635597229, 2.064690351486206, 2.3187472820281982, 1.4740880727767944, 2.4899630546569824, 1.783928394317627, 1.6749837398529053, 2.013519048690796, 0.4718360900878906, 1.805293083190918, 0.8831387758255005, 2.5035431385040283, 2.1653809547424316, 2.1531660556793213, 0.8908305168151855, 1.263528823852539, 3.4277474880218506, 1.6838743686676025, 1.6601204872131348, 0.1264019012451172, 2.802349090576172, 1.3274519443511963, 2.253912925720215, 1.217055320739746, 0.7868623733520508, 4.072336196899414, 2.334561824798584, 2.503645896911621, 1.2627202272415161, 1.5268909931182861, 3.6253209114074707, 1.3085720539093018, 2.2724997997283936, 1.8475956916809082, 0.23403668403625488, 0.8252965211868286, 2.664470911026001, 1.9942532777786255, 3.018662214279175, 2.4565036296844482, 3.8759334087371826, 1.306456446647644, 1.1362110376358032, 1.9113370180130005, 1.3470547199249268, 0.8685485124588013, 2.260403633117676, 2.4380106925964355, 0.7741625308990479, 1.503556489944458, -0.2514781951904297, 0.973781943321228, 0.6931328773498535, 2.0509042739868164, 0.7376868724822998, 0.8562983274459839, 1.1097359657287598, 0.347562313079834, 0.5226550102233887, 2.6315269470214844, 1.3620356321334839, 0.7111314535140991, 1.4008734226226807, -0.15359067916870117, 1.206081509590149, 1.6304569244384766, 2.089108943939209, 3.3510401248931885, 1.5114794969558716, 4.536985874176025, 1.5138449668884277, 2.621314287185669, 0.7336000204086304, 2.6956870555877686, 3.3958234786987305, 3.010941505432129, 1.8399569988250732, 1.7062785625457764, 1.3890972137451172, 3.100846529006958, 1.9297308921813965, 1.2765440940856934, 1.4312844276428223, 1.2140017747879028, 0.7647949457168579, 0.8913663625717163, 1.534153699874878, 0.4028911590576172, 3.2039237022399902, 1.0705757141113281, 1.8323605060577393, 0.18266510963439941, 1.3633966445922852, 3.47482967376709, 0.3885960578918457, 1.1793564558029175, 2.608365297317505, 0.357863187789917, 1.84609055519104, 2.203524589538574, 1.3311026096343994, 2.8342878818511963, 2.0227038860321045, 1.8820233345031738, 2.7630107402801514, 1.6292445659637451, 0.9357404708862305, 1.9211792945861816, 2.4714200496673584, 0.8472764492034912, 2.8288931846618652, 2.4120781421661377, 0.40253663063049316, 2.145451545715332, 3.290297269821167, 1.3104819059371948, 2.415189504623413, 2.090557336807251, 1.331041693687439, 4.033721446990967, 1.253059983253479, 2.246365547180176, 1.3212727308273315, 2.159837245941162, 1.3068501949310303, 1.6881365776062012, 1.8421518802642822, 1.8660411834716797, 0.7749333381652832, 1.7969038486480713, 0.32694458961486816, 3.0633511543273926, 1.0916690826416016, 1.822292447090149, 3.4107351303100586, 1.8965409994125366, 2.0845425128936768, 3.3144984245300293, 3.412454128265381, 2.3719959259033203, 3.2643659114837646, 0.6932847499847412, 2.5927398204803467, 2.4309029579162598, 3.0319221019744873, 2.1349761486053467, 0.41454148292541504, 1.831639051437378, 2.1600687503814697, 0.5142898559570312, 1.213128685951233, 1.6732813119888306, 1.99249267578125, 1.2368602752685547, 3.927201986312866, 1.4467967748641968, 3.2684662342071533, 2.1487953662872314, 0.8239039182662964, 1.574958324432373, 1.1501959562301636, 0.6894887685775757, 0.5431803464889526, 3.417703151702881, 1.6170787811279297, 3.320451498031616, 1.4257047176361084, 1.7277991771697998, 1.2016702890396118, -0.006618976593017578, 1.6659412384033203, 2.7718424797058105, 2.6136550903320312, 4.028956413269043, 3.5875039100646973, 4.17688512802124, 4.092322826385498, 3.4207139015197754, 3.5938186645507812, 3.2042250633239746, 3.808839797973633, 3.9435393810272217, 3.6487369537353516, 3.525806427001953, 3.1641507148742676, 4.115645408630371, 3.977788209915161, 4.000253677368164, 3.9553980827331543, 3.763456344604492, 3.672532320022583, 4.178877830505371, 3.7745323181152344, 3.3085832595825195, 3.4662604331970215, 3.9630727767944336, 5.375420570373535, 4.450216293334961, 4.829591751098633, 4.428712368011475, 3.7834668159484863, 5.549900054931641, 5.048330307006836, 4.593189239501953, 4.179581642150879, 5.039553642272949, 4.765501022338867, 5.238651275634766, 4.769439697265625, 4.918992042541504, 4.238808631896973, 5.561713218688965, 4.352914810180664, 5.2401885986328125, 4.495927810668945, 5.070735454559326, 4.462047100067139, 4.908797264099121, 4.949592590332031, 5.470475673675537, 4.4972453117370605, 5.21265983581543, 5.562859535217285, 5.747684478759766, 4.827517986297607, 5.040058135986328, 4.90390157699585, 4.771590709686279, 4.395266532897949, 5.063691139221191, 4.725409030914307, 4.203075408935547, 4.735143184661865, 4.9954328536987305, 5.248434066772461, 5.428315162658691, 4.642961502075195, 4.525936126708984, 4.479926109313965, 5.011882781982422, 1.5392584800720215, 0.183807373046875, 1.937725305557251, 1.920919418334961, 1.0013046264648438, 2.2977027893066406, 1.9892578125, 1.1075319051742554, 1.4985198974609375, 2.040282726287842, 4.56804084777832, 1.7262139320373535, 5.112199783325195, 3.3017117977142334, 0.47657132148742676, 1.3729286193847656, 5.348583221435547, 2.1203696727752686, 2.1152873039245605, 1.0595861673355103, 1.5592432022094727, 0.8534705638885498, 1.522615909576416, 1.0996216535568237, 1.007478952407837, 0.5451678037643433, 2.912311553955078, 4.192596912384033, 0.8942122459411621, 2.3660876750946045, 1.9122681617736816, 2.41998553276062, 5.247160911560059, 1.1830857992172241, 3.445708751678467, 2.3622467517852783, 4.906172752380371, 4.019696235656738, 1.4808099269866943, 0.7921392917633057, 2.344214677810669, 1.2864513397216797, 0.4625985622406006, 5.454298496246338, 3.5170698165893555, 2.417581796646118, 1.2491039037704468, 0.6863560676574707, 2.6773386001586914, 1.597667932510376, 2.1499695777893066, 5.147629737854004, 0.5615754127502441, 1.4155328273773193, 4.2035417556762695, 1.4915521144866943, 2.4231133460998535, 2.577345609664917, 3.0796358585357666, 0.9238317012786865, 2.2605817317962646, 0.9004542827606201, 1.8348186016082764, 0.31119465827941895, 5.169163703918457, 4.095600605010986, 5.034065246582031, 2.789398431777954, 3.83392333984375], "params": {"iterations": 804, "learning_rate": 0.0714, "depth": 3, "l2_leaf_reg": 0.0016, "bagging_temperature": 11.6586, "random_strength": 8.5578e-09, "border_count": 105, "small_dataset_weight_multiplier": 200.0}, "time_end": "2026-02-28T10:13:10.977597"}