{"model": "catboost_minilm_features-extract_events", "type": "test", "seed": 41, "time_start": "2026-02-28T11:48:57.115310", "mse": 0.7390448451042175, "accuracy": 0.48942598187311176, "corr": 0.8620193308122963, "precision": [0.8, 0.2692307692307692, 0.36, 0.41818181818181815, 0.6904761904761905, 0.9782608695652174], "recall": [0.14285714285714285, 0.4666666666666667, 0.6666666666666666, 0.35384615384615387, 0.5178571428571429, 0.8181818181818182], "f1": [0.24242424242424243, 0.34146341463414637, 0.4675324675324675, 0.38333333333333336, 0.5918367346938775, 0.8910891089108911], "support": [56, 45, 54, 65, 56, 55], "confusion_matrix": [[8, 34, 11, 3, 0, 0], [1, 21, 22, 1, 0, 0], [1, 13, 36, 4, 0, 0], [0, 10, 29, 23, 3, 0], [0, 0, 2, 24, 29, 1], [0, 0, 0, 0, 10, 45]], "predictions": [1.7158203125, 2.0732762813568115, 3.7088370323181152, 1.1158831119537354, 1.8466606140136719, 0.2267777919769287, 1.910780429840088, 0.20804786682128906, 0.7877366542816162, 1.4855867624282837, 2.235936403274536, 0.8039243221282959, 1.676584005355835, 2.619088888168335, 1.1213780641555786, 2.303903818130493, 1.6309313774108887, 2.653682231903076, 1.385548710823059, 1.7196557521820068, 0.9667264223098755, 1.3264286518096924, 0.850674033164978, 1.5626370906829834, 2.6206371784210205, 1.7178781032562256, 3.1608548164367676, 1.6441750526428223, 1.6377153396606445, 2.351895809173584, 0.43419718742370605, 1.8777410984039307, 1.6615759134292603, 2.186692953109741, 2.0076518058776855, 2.1920106410980225, 0.7153719663619995, 1.0389658212661743, 3.3393163681030273, 1.6943373680114746, 1.4420043230056763, 0.3704371452331543, 3.6103875637054443, 2.395604372024536, 2.5522871017456055, 1.445543885231018, 1.4428757429122925, 3.571375846862793, 2.96781325340271, 2.974909782409668, 1.577350378036499, 1.7850492000579834, 4.070441722869873, 1.573650598526001, 2.8832554817199707, 2.316495656967163, 1.0766328573226929, 0.8516000509262085, 2.8996453285217285, 2.270399570465088, 3.271885395050049, 3.3605117797851562, 3.5455384254455566, 1.637086272239685, 1.3704543113708496, 2.0682871341705322, 1.6574082374572754, 1.1763622760772705, 1.9878642559051514, 2.9022300243377686, 0.6595273017883301, 1.7654931545257568, 0.27042603492736816, 0.5056809186935425, 0.9504958391189575, 2.9049880504608154, 0.18645501136779785, 1.676877498626709, 1.3855661153793335, 1.2269506454467773, 0.9623117446899414, 3.300004243850708, 1.5677127838134766, 0.45444488525390625, 1.127821445465088, 0.376908540725708, 0.9109787940979004, 1.300203800201416, 2.081325054168701, 3.2431254386901855, 1.375711441040039, 4.037116527557373, 1.0329515933990479, 3.286527633666992, 0.6952899694442749, 2.7627673149108887, 3.42787766456604, 2.5929813385009766, 1.617391586303711, 2.037748098373413, 1.7681916952133179, 3.601263999938965, 1.460864543914795, 1.5206050872802734, 1.2980026006698608, 2.308161973953247, 0.9644304513931274, 0.5662752389907837, 1.7524936199188232, 0.24036431312561035, 2.842665195465088, 1.4417964220046997, 1.3722749948501587, 1.347597599029541, 2.0388572216033936, 3.0806736946105957, 0.21387863159179688, 1.0502679347991943, 3.008309841156006, 0.7378345727920532, 2.24509859085083, 2.700425148010254, 1.6595871448516846, 2.964010000228882, 1.6681404113769531, 1.905395269393921, 2.798640727996826, 1.3131189346313477, 1.3691898584365845, 2.7265119552612305, 2.6142396926879883, 1.150577187538147, 2.5684778690338135, 3.364079236984253, 0.5758249759674072, 2.1047475337982178, 3.3253233432769775, 1.596632719039917, 2.4492204189300537, 2.554478645324707, 1.1983444690704346, 4.099418640136719, 1.4662795066833496, 2.434086799621582, 1.5497002601623535, 2.4830615520477295, 1.6269874572753906, 1.9858462810516357, 1.4201655387878418, 1.5924468040466309, 1.0845085382461548, 2.3517138957977295, 0.8493974208831787, 3.3140392303466797, 1.3032197952270508, 1.7841800451278687, 3.238581895828247, 1.7005470991134644, 2.2045302391052246, 3.8410420417785645, 3.4762449264526367, 2.2410731315612793, 3.3829002380371094, 1.0410503149032593, 2.719022274017334, 2.929941177368164, 2.679901361465454, 2.003283977508545, 0.9998832941055298, 1.512515902519226, 2.3657541275024414, 0.6033536195755005, 1.3079687356948853, 2.396552801132202, 1.7975726127624512, 1.2144062519073486, 4.146990776062012, 1.547457218170166, 2.5496366024017334, 2.437901735305786, 0.9751919507980347, 2.220118761062622, 1.0230759382247925, 0.7629588842391968, 0.7256443500518799, 3.322727918624878, 2.037141799926758, 3.558589458465576, 1.7273714542388916, 2.149989604949951, 1.7192044258117676, 0.9722228050231934, 2.2179830074310303, 2.7671003341674805, 2.2410082817077637, 4.086428165435791, 3.431727409362793, 4.202902317047119, 4.094183444976807, 3.3790457248687744, 3.4269731044769287, 2.9591381549835205, 4.316600799560547, 4.218441963195801, 4.168828010559082, 3.5473315715789795, 2.895493268966675, 3.9988608360290527, 4.678659439086914, 3.490936756134033, 3.678089141845703, 4.129462242126465, 3.970682382583618, 4.388979434967041, 3.8140640258789062, 3.664701461791992, 3.312852382659912, 3.752044677734375, 5.542551040649414, 4.755864143371582, 5.243973255157471, 4.4806013107299805, 4.149013519287109, 5.576197624206543, 4.9337873458862305, 4.754708290100098, 4.2516045570373535, 4.254950523376465, 5.165828704833984, 5.369375228881836, 4.489590167999268, 5.108153820037842, 4.517866134643555, 5.46711540222168, 4.735967636108398, 5.1844611167907715, 4.683073997497559, 5.0777411460876465, 4.679966926574707, 4.9141130447387695, 4.603338718414307, 5.107389450073242, 4.652856826782227, 5.405487060546875, 5.543161869049072, 4.884758949279785, 4.970118999481201, 4.672615051269531, 4.977402687072754, 5.084923267364502, 5.1345415115356445, 4.920612335205078, 4.908482551574707, 4.360475063323975, 4.637686729431152, 5.131644248962402, 5.212495803833008, 5.620969772338867, 5.181903839111328, 4.900744438171387, 4.018926620483398, 5.252376556396484, 1.6795201301574707, 1.4160782098770142, 1.8915776014328003, 2.4645307064056396, 1.0559229850769043, 1.8953534364700317, 2.048621416091919, 1.1350823640823364, 2.284931182861328, 2.179142475128174, 4.180766582489014, 2.0870139598846436, 5.163265228271484, 3.6314570903778076, 0.8918185234069824, 1.987992763519287, 5.068485260009766, 2.2293972969055176, 2.324403762817383, 0.9209600687026978, 2.2804150581359863, 1.1305242776870728, 1.376603364944458, 1.6114330291748047, 1.8169819116592407, 1.15385901927948, 2.2295877933502197, 4.375166416168213, 1.0749640464782715, 2.487363338470459, 2.7663958072662354, 2.0005435943603516, 5.322173118591309, 0.7952423095703125, 3.301652669906616, 1.9507944583892822, 4.956355094909668, 4.44680643081665, 1.2955998182296753, 0.7396789789199829, 3.4420855045318604, 1.736307978630066, 0.5047670602798462, 5.230390548706055, 3.9048221111297607, 2.00176739692688, 1.4899928569793701, 1.447248101234436, 2.461369514465332, 2.0179390907287598, 2.146115779876709, 4.8328399658203125, 1.282928705215454, 1.2803664207458496, 4.380873680114746, 1.7593834400177002, 3.0033745765686035, 2.5453007221221924, 3.6032297611236572, 1.978996753692627, 2.2535057067871094, 0.7326486110687256, 1.66139554977417, 1.2141385078430176, 5.583745002746582, 4.057315349578857, 4.681950569152832, 2.643476724624634, 3.745913028717041], "params": {"iterations": 1510, "learning_rate": 0.014286, "depth": 3, "l2_leaf_reg": 3.4047e-06, "bagging_temperature": 2.5656, "random_strength": 4.1266, "border_count": 207}, "time_end": "2026-02-28T11:48:57.172548"}