{"model": "catboost_minilm_features-extract_casing", "type": "train", "seed": 41, "train_losses": [], "val_losses": [], "time_start": "2026-02-28T11:35:35.154111", "mse": 0.1322921539037525, "accuracy": 0.8282051282051283, "corr": 0.9779021883257009, "precision": [0.9886363636363636, 0.7785714285714286, 0.6149425287356322, 0.8142857142857143, 0.9230769230769231, 1.0], "recall": [0.7699115044247787, 0.7785714285714286, 0.9145299145299145, 0.7549668874172185, 0.8372093023255814, 0.9307692307692308], "f1": [0.8656716417910447, 0.7785714285714286, 0.7353951890034365, 0.7835051546391752, 0.8780487804878049, 0.9641434262948207], "support": [113, 140, 117, 151, 129, 130], "confusion_matrix": [[87, 26, 0, 0, 0, 0], [1, 109, 30, 0, 0, 0], [0, 5, 107, 5, 0, 0], [0, 0, 37, 114, 0, 0], [0, 0, 0, 21, 108, 0], [0, 0, 0, 0, 9, 121]], "predictions": [3.2432517635102918, 0.8045718147490821, 0.46108981307143804, 2.904572786542089, 0.22987152414901502, 2.6677857529303126, 1.910766005670495, 0.3939588383400343, 0.16867017228553483, 1.4321807705733107, 2.0920892686454913, 0.48763670609753396, 2.3827775282126, 3.839884274412007, 0.18713851132052461, 3.373895128935912, 0.39734516219177207, 2.4185662928278715, 0.2754618150937924, 1.1964415190300723, 2.2103963194715184, 3.9192866482998903, 0.347682901891341, 4.080371484799489, 0.40601120451605244, 0.24527768647533055, 3.1667997744409973, 1.4571712782655155, 1.5336108516901787, 0.11915411985546731, 2.678116563640642, 0.7389901656035054, 0.963806573455328, 2.1652815247407724, 1.276793434092431, 3.037332358828918, 2.893070080907, 0.2717050611420184, 0.28782568016770593, 2.8183097318048516, 1.0994040890123913, 2.4271855760865266, 3.912424056548165, 1.6372966183634974, 0.49900939313560766, 0.7609910517475116, 3.99782215524957, 1.5724881421512449, 2.6356599729377703, 0.07676758535185746, 0.9737166042940988, 4.205831905966654, 3.1501711202064806, 2.265559071727125, 1.8220783695755587, 0.35543855726816, 1.4607959786894291, 0.3121845141173023, 1.633635077989298, 1.7848597175877732, 1.0304753893202805, 0.23291178069321994, 1.167455508990761, 0.1954205227702075, 1.1033555627833858, 0.31763569478139697, 1.1903061581914092, 1.7940045038934935, 1.4448745619241945, 0.2472413684200392, 4.400194132838331, 0.901689130014083, 0.2401045330432101, 3.2361496637397815, 2.5452976950138257, 1.8672984125479708, 0.32580975489719943, 1.248263058149452, 1.953869272660112, 0.18048999470631566, 3.1680749011075124, 0.3751648779505401, 0.6524702337354957, 3.5499242999946397, 2.329014909373269, 2.753972210578501, 3.3473810627988088, 2.629375256433957, -0.06530692177045827, 1.9887971670267617, 0.24726423864485314, 0.39719017115230804, 3.7637712725599393, 2.5231934889785954, 1.577282504119417, 3.3524871409257546, 1.7251075650331398, 3.4707047885454365, 3.2716970072403955, 1.6704930230837904, 1.4231298588636663, 1.350143647442439, 1.242700605462415, 3.769642430636974, 1.6783109793241986, 1.7102094002065713, 2.765545407203038, 0.4772825978753139, 2.2961745173571706, 0.4773363056568227, 1.603063746853631, 2.9473181538133173, 3.5013578443693687, 3.327467199486492, 0.13092345282068063, 2.443925113340707, 1.9191803854827287, -0.02412836428299059, 2.78034586278487, 1.739672958144089, 2.6722475304970046, 1.57457772604088, 2.1624248447378878, 2.8175864284278385, 0.07643875974606473, 1.9340864510248696, 3.3792103674960607, 2.2683337808208663, -0.06703044136499736, 2.4579987482955055, 3.3571018014391445, 2.6597143226368423, 2.113634477535564, 0.416763985047536, 0.7498190888719227, 2.0593743102097113, 2.6964757572287636, 2.090296168031596, 2.1762006878535423, 2.0909588419675473, 0.3386192860430892, 0.4109060042094481, 1.6704847918882035, 3.764749678396676, 3.7408728140595793, 2.8533174832318577, 1.3289575661049835, 2.424142191746424, 1.859403375566492, 0.24986811396424358, 2.350752983475294, 2.134261121047225, 3.774133774483067, 0.30126985240909665, 2.1529704485794294, 1.677759725477494, 1.74942715856934, 2.7816812188674893, 3.769071510808568, 0.2307035566328559, 0.5475710972798868, 1.4169721744963386, 2.246836516314501, 1.0826754968184331, 0.04713050858704726, 2.391776437151825, 3.8801080834495014, 2.3985368289452778, 1.5208352795950306, 3.5820396989793855, 0.08022156108124534, 0.7210700175114835, 2.4967536417234575, 2.2527496524493853, 2.8211780565630655, 3.7850609564496756, 2.538324192813805, 2.580987966159099, 2.191701113886817, 0.5791311114703197, 2.1650397318466377, 0.26209703935131756, 0.3113211036842838, 3.130919053605625, 1.741967059464215, 2.8784375737298293, 1.4460029726335883, 2.367408422862076, 3.0523030914806926, 0.04835656624332829, 2.459137557536001, 2.305843818046452, 3.2019721147236115, 1.2190570954465, 1.711744242839845, 1.7187207123148778, 0.6248232035277721, 1.710118617950592, 0.8765441672711569, 2.935235638458207, 2.5502957645116586, 1.0146361292894384, 3.069888497698017, 3.3002585975914207, 3.6280218873862333, 2.3600020224814147, 1.8154569930558004, 2.6731916695083586, 2.0019013189756016, 0.5087733661153775, 2.9843292729341178, 0.35974452544326274, 0.5275656330281331, 1.77822969466534, 1.7117482046809855, 3.66270351327332, 3.9947608585653716, 1.6582726034730033, 1.5271783901114255, 0.49154772045238504, 2.7446171020713703, 2.5031820504538183, 0.5705019240714377, 2.039308396384968, 2.556398421253662, 2.3377795793633553, 3.5900570806888767, 1.0580814267967829, 3.352661992559747, 2.9053704902975848, 2.704500820660637, 3.6591408974419215, 0.5080386708456803, 3.77971195526088, 3.4500274900538797, 3.6002132451478612, 3.504933960707755, 0.09339654581435486, 0.7634296079792999, 0.7213496433445956, 2.9643804825841915, 4.398431156624806, 0.32530958448845304, 1.5620537107847086, 3.2877878415552964, 4.364551207424679, 0.6026214825592666, 4.577720123064381, 3.436215335557831, 0.40531857210534694, 1.8873380357281384, 2.135571921068624, 1.9470937797165164, 1.3544007662697533, 1.5959996505994312, 3.159775562698402, 1.9310849514861357, 4.491970647212199, 1.706558476739259, 3.5537312705184254, 0.22257376937931905, 3.5118246844800387, 1.55700819304289, 3.1340213101032814, 3.750138533600241, 1.423092907435761, 1.2671639643830512, 1.1520361068359968, 2.465656568306028, 2.868198010184724, 0.7737008714443614, 0.19614910523866413, 3.013438117248127, 3.329554003285792, 2.1109022145948053, 4.317074226565442, 0.20578432653390433, 2.462701863303251, 1.628505867254121, 2.5992275667321674, 1.8149007084193127, 0.8826257355404166, 1.143433654234112, 0.4747292554545042, 3.189323779879608, 0.2942094996439506, 1.1571893356904681, 0.6247329795674066, 1.1375675753925494, 0.32447365820283514, 2.260076554466931, 2.8953239815279, 3.4322348730438996, 1.7151255556180596, 2.7915591179043258, 1.5602901579845565, 1.600113691873037, 3.2149110275996695, 3.166488622720736, 2.3708425320578814, 2.6394621295434098, 1.919900566031027, 2.5624800481297263, 0.4972582116726385, 3.0389376382584756, 3.6527767752144316, 4.171728420070295, 3.8275633362020582, 3.9166283964378232, 3.5038412581415566, 3.9469745003261716, 3.7148421010939496, 4.357762812018168, 3.4767167815712594, 4.3332753240091835, 3.9598281846418955, 4.219312158453103, 4.187909718958037, 4.102201356436412, 3.973788288066566, 3.9980533123302546, 3.7920531159526725, 3.7280900059104782, 3.6946876504576402, 3.774076408816672, 4.301202103542441, 3.4836815488074526, 4.080241335657009, 4.134056268511236, 3.8920892915512546, 3.9007396994777848, 4.371291376122714, 4.018987457259383, 5.21148823632039, 5.328571715756768, 4.809868769847015, 4.777214445724705, 5.1634606960168306, 4.885176944437696, 4.988905524869625, 5.262608878557451, 4.560471677815237, 4.756321482303097, 4.727526968334209, 4.797804997731719, 5.149383315760563, 5.111415818163008, 4.660184199768532, 5.232661479704271, 4.8304395888474545, 5.282461898432208, 4.842280383698849, 4.620922762063067, 4.495229949820507, 5.107212245861813, 4.900491968473676, 5.2168289330525415, 5.093977314014357, 4.841442409174747, 4.78023215772264, 4.863743159055327, 4.353626137910149, 4.621845637237623, 