{"model": "catboost_minilm_features-extract_dependency_tree_relations", "type": "test", "seed": 41, "time_start": "2026-02-28T11:44:01.734019", "mse": 0.7118847966194153, "accuracy": 0.486404833836858, "corr": 0.8673787199141096, "precision": [0.7777777777777778, 0.275, 0.336734693877551, 0.4339622641509434, 0.7209302325581395, 0.9375], "recall": [0.125, 0.4888888888888889, 0.6111111111111112, 0.35384615384615387, 0.5535714285714286, 0.8181818181818182], "f1": [0.2153846153846154, 0.352, 0.4342105263157895, 0.3898305084745763, 0.6262626262626263, 0.8737864077669902], "support": [56, 45, 54, 65, 56, 55], "confusion_matrix": [[7, 35, 12, 2, 0, 0], [1, 22, 21, 1, 0, 0], [1, 14, 33, 6, 0, 0], [0, 9, 31, 23, 2, 0], [0, 0, 1, 21, 31, 3], [0, 0, 0, 0, 10, 45]], "predictions": [1.46793532371521, 1.7049469947814941, 3.750452756881714, 1.043305516242981, 1.8764474391937256, 0.19638419151306152, 2.092606782913208, 0.4683241844177246, 0.8317432403564453, 1.2583972215652466, 2.5527405738830566, 1.021998643875122, 1.824293613433838, 2.5756113529205322, 1.204587697982788, 2.6018543243408203, 1.4534530639648438, 2.7916100025177, 1.2861613035202026, 1.9883508682250977, 1.068152904510498, 1.2822998762130737, 0.7567734718322754, 1.6174976825714111, 2.5940182209014893, 1.7445094585418701, 3.1954362392425537, 1.5381066799163818, 1.5549933910369873, 2.4467263221740723, 0.4544250965118408, 1.8950656652450562, 1.8840099573135376, 1.9581708908081055, 2.1823205947875977, 2.1225874423980713, 0.9452767372131348, 1.0689074993133545, 3.318025827407837, 1.4241136312484741, 1.5880635976791382, 0.5301660299301147, 3.3450632095336914, 2.626535415649414, 2.437523365020752, 1.2682468891143799, 1.3699073791503906, 3.5269556045532227, 2.861154556274414, 3.216036319732666, 1.721372365951538, 1.851616382598877, 4.007302284240723, 1.902388095855713, 2.9408223628997803, 2.251932382583618, 0.982641339302063, 1.032070517539978, 3.110072374343872, 2.1125710010528564, 3.164598226547241, 3.1124463081359863, 3.3860809803009033, 1.5031137466430664, 1.4144160747528076, 1.894444227218628, 1.8438174724578857, 1.096075177192688, 2.250314235687256, 2.9405226707458496, 0.7842645645141602, 1.9851977825164795, 0.3109753131866455, 0.5097255706787109, 0.8458853960037231, 2.6071550846099854, 0.09289979934692383, 1.2257815599441528, 1.2664068937301636, 1.0688530206680298, 0.9643566608428955, 3.505256414413452, 1.5833735466003418, 0.5437667369842529, 1.0147528648376465, 0.5027152299880981, 0.8839989900588989, 1.5564295053482056, 1.9290459156036377, 3.0106148719787598, 1.3369479179382324, 4.033820152282715, 1.1051340103149414, 3.2178497314453125, 0.6723595857620239, 2.960233688354492, 3.5042285919189453, 2.8247878551483154, 1.7718974351882935, 1.9761817455291748, 1.7118885517120361, 3.4130849838256836, 1.4165400266647339, 1.5066955089569092, 1.263123869895935, 2.405588150024414, 0.900652289390564, 0.6597801446914673, 1.9903168678283691, 0.19431209564208984, 2.785860061645508, 1.1833579540252686, 1.515405535697937, 1.0206687450408936, 2.333054780960083, 3.2251851558685303, 0.3159008026123047, 1.015329122543335, 2.8282220363616943, 0.5708682537078857, 2.207380533218384, 2.399829864501953, 1.8312408924102783, 2.8694980144500732, 1.7772631645202637, 2.07820987701416, 2.764843225479126, 1.2078380584716797, 1.5136699676513672, 2.624044179916382, 2.5012176036834717, 1.3041439056396484, 2.846554756164551, 3.1776511669158936, 0.9115365743637085, 2.106584310531616, 3.5575122833251953, 1.437320590019226, 2.5448076725006104, 2.69502854347229, 1.3482890129089355, 3.900679111480713, 1.6086969375610352, 2.760169267654419, 1.5461020469665527, 2.469636917114258, 1.989282250404358, 1.9759312868118286, 1.514988660812378, 1.5170209407806396, 0.8047013282775879, 1.9802414178848267, 1.0802497863769531, 3.4437544345855713, 1.1154929399490356, 1.97216796875, 2.8083207607269287, 1.6268941164016724, 2.037428617477417, 3.814157009124756, 3.1960229873657227, 2.132230758666992, 3.4689884185791016, 1.014909267425537, 2.964017629623413, 2.82655668258667, 2.4829318523406982, 1.96415114402771, 1.0065277814865112, 1.3595061302185059, 2.4723424911499023, 0.4549839496612549, 1.3551286458969116, 2.1754510402679443, 1.9093267917633057, 1.2821710109710693, 4.309229850769043, 1.6339335441589355, 2.26247239112854, 2.494781255722046, 0.8106648921966553, 2.1692683696746826, 0.9673385620117188, 0.8391706943511963, 0.7296350002288818, 3.1939496994018555, 1.95058274269104, 3.8081166744232178, 2.007589817047119, 1.9552209377288818, 1.456305742263794, 1.207579255104065, 2.1055283546447754, 2.7650179862976074, 2.1418168544769287, 4.063884735107422, 3.5806288719177246, 4.406077861785889, 4.338892459869385, 3.5952248573303223, 3.5318641662597656, 3.050103187561035, 4.508502960205078, 4.298736572265625, 4.099819660186768, 3.4710350036621094, 3.0270886421203613, 4.3250274658203125, 4.707856178283691, 3.4010043144226074, 3.778707981109619, 4.256643295288086, 4.067483425140381, 4.526954650878906, 3.7593977451324463, 3.5494537353515625, 3.3703114986419678, 3.8974227905273438, 5.702237606048584, 4.80366325378418, 4.849193572998047, 4.371615886688232, 4.098324775695801, 5.883447647094727, 5.10099458694458, 4.73466682434082, 4.470122337341309, 4.368607997894287, 5.218528747558594, 5.567199230194092, 4.861706733703613, 4.840677261352539, 4.177309036254883, 5.666123390197754, 4.5342888832092285, 5.26860237121582, 4.7170562744140625, 5.057454586029053, 4.474320888519287, 4.875941276550293, 4.624733924865723, 5.520324230194092, 4.635262489318848, 5.5304365158081055, 5.177683353424072, 4.8709211349487305, 4.89010763168335, 4.597025394439697, 5.000871181488037, 5.140099048614502, 5.0724334716796875, 5.0416259765625, 4.871941566467285, 4.209610462188721, 4.686633110046387, 5.188452243804932, 5.444803237915039, 5.735671043395996, 5.184815883636475, 4.815515995025635, 3.7818853855133057, 5.273227214813232, 1.5595533847808838, 1.516592025756836, 1.7220313549041748, 2.4232521057128906, 1.4197916984558105, 2.0528929233551025, 1.946618676185608, 1.1450989246368408, 2.0801446437835693, 2.0852248668670654, 4.1907806396484375, 2.166863203048706, 5.204163551330566, 3.5586915016174316, 0.5860835313796997, 1.7000513076782227, 4.965723037719727, 2.202960729598999, 2.3384997844696045, 0.6838023662567139, 2.2307612895965576, 1.1534299850463867, 1.4053231477737427, 1.4924813508987427, 1.5561587810516357, 0.979773759841919, 2.2733964920043945, 4.092635631561279, 1.1445244550704956, 2.0371975898742676, 2.8255059719085693, 2.324606418609619, 5.238491535186768, 0.7431857585906982, 3.2203807830810547, 1.9436771869659424, 5.11461877822876, 4.406000137329102, 1.3557555675506592, 0.6020514965057373, 3.6094977855682373, 1.674490213394165, 0.3524513244628906, 5.399286270141602, 4.156744956970215, 2.003488063812256, 1.379333257675171, 1.2465707063674927, 2.5347132682800293, 2.0723588466644287, 1.8816452026367188, 4.758695125579834, 1.2272734642028809, 1.1606781482696533, 4.670921325683594, 1.9196538925170898, 2.976961612701416, 2.3408732414245605, 3.670063018798828, 1.8887109756469727, 2.2454473972320557, 0.768647313117981, 1.7077391147613525, 1.0220611095428467, 5.634849548339844, 4.229201316833496, 4.830037593841553, 2.580104112625122, 3.6274049282073975], "params": {"iterations": 1510, "learning_rate": 0.014286, "depth": 3, "l2_leaf_reg": 3.4047e-06, "bagging_temperature": 2.5656, "random_strength": 4.1266, "border_count": 207}, "time_end": "2026-02-28T11:44:01.793500"}