{"model": "catboost_minilm_features-extract_sentence_length_by_word", "type": "test", "seed": 40, "time_start": "2026-02-28T11:16:06.961246", "mse": 0.7345986366271973, "accuracy": 0.5045317220543807, "corr": 0.8629016601362423, "precision": [0.8181818181818182, 0.2857142857142857, 0.367816091954023, 0.42105263157894735, 0.7111111111111111, 0.9787234042553191], "recall": [0.16071428571428573, 0.5333333333333333, 0.5925925925925926, 0.36923076923076925, 0.5714285714285714, 0.8363636363636363], "f1": [0.26865671641791045, 0.37209302325581395, 0.45390070921985815, 0.39344262295081966, 0.6336633663366337, 0.9019607843137255], "support": [56, 45, 54, 65, 56, 55], "confusion_matrix": [[9, 34, 10, 3, 0, 0], [1, 24, 19, 1, 0, 0], [1, 15, 32, 6, 0, 0], [0, 11, 26, 24, 4, 0], [0, 0, 0, 23, 32, 1], [0, 0, 0, 0, 9, 46]], "predictions": [1.812039852142334, 1.8863811492919922, 3.836545705795288, 1.1167455911636353, 1.8402462005615234, 0.49723029136657715, 2.041964530944824, 0.2981839179992676, 0.9177473783493042, 1.5056962966918945, 2.5548622608184814, 0.8860242366790771, 1.559025526046753, 2.526333808898926, 1.0149086713790894, 2.3356895446777344, 1.5890166759490967, 2.8681282997131348, 1.2682298421859741, 1.675126552581787, 0.8460994958877563, 1.4812990427017212, 0.9683659076690674, 1.7995115518569946, 2.6599252223968506, 1.8465559482574463, 3.129554271697998, 1.7593708038330078, 1.7155392169952393, 2.318817615509033, 0.38787174224853516, 1.7302906513214111, 1.4532729387283325, 2.1839194297790527, 2.3506550788879395, 1.9965858459472656, 0.4624340534210205, 1.331252098083496, 3.536005973815918, 1.6072348356246948, 1.4559308290481567, 0.28015637397766113, 3.342006206512451, 2.6758100986480713, 2.5627171993255615, 1.487761378288269, 1.1492470502853394, 3.5024614334106445, 3.0723366737365723, 2.901557445526123, 1.4501076936721802, 1.8132493495941162, 3.95181941986084, 1.3623641729354858, 2.563727617263794, 2.5618200302124023, 0.7876514196395874, 0.8698854446411133, 2.896026611328125, 2.194819927215576, 3.3375401496887207, 3.281754493713379, 3.6678757667541504, 1.8638782501220703, 1.3608980178833008, 2.214925765991211, 2.001593589782715, 1.3587497472763062, 2.0567054748535156, 2.7947733402252197, 0.83205246925354, 1.9677231311798096, 0.31029605865478516, 0.6040879487991333, 1.0727771520614624, 2.7003629207611084, 0.437424898147583, 1.6637277603149414, 1.4388865232467651, 1.0622315406799316, 0.8702328205108643, 3.429194450378418, 1.424861192703247, 0.4180431365966797, 1.176506519317627, 0.545879602432251, 0.7632856369018555, 1.379509687423706, 2.071136951446533, 3.68648624420166, 1.2480175495147705, 4.086300849914551, 1.1302043199539185, 3.295079231262207, 0.5695810317993164, 2.8970835208892822, 3.25327205657959, 2.492398977279663, 1.5971790552139282, 2.1093173027038574, 1.6781692504882812, 3.597079277038574, 1.5570926666259766, 1.4651868343353271, 0.9127489328384399, 2.2768747806549072, 1.1402387619018555, 0.5401736497879028, 1.905186414718628, 0.4587728977203369, 2.9942002296447754, 1.390445351600647, 1.398964285850525, 1.3850221633911133, 2.1333794593811035, 3.0318424701690674, 0.40372323989868164, 1.198744773864746, 2.8812341690063477, 0.8211365938186646, 2.3080482482910156, 2.53428053855896, 1.5503243207931519, 3.045771360397339, 1.744680404663086, 1.7506433725357056, 3.0615038871765137, 1.2800720930099487, 1.4087632894515991, 2.788600206375122, 2.643641710281372, 1.1732732057571411, 2.8008320331573486, 3.475619316101074, 0.8213447332382202, 1.9949594736099243, 3.3735146522521973, 1.5790274143218994, 2.5520501136779785, 2.5760772228240967, 1.292527437210083, 3.7970948219299316, 1.4651881456375122, 2.4053807258605957, 1.4416536092758179, 2.6657862663269043, 1.6334776878356934, 1.786812424659729, 1.4784787893295288, 1.6962182521820068, 1.0057389736175537, 2.3698570728302, 0.8117227554321289, 3.3158130645751953, 1.2459075450897217, 1.7992233037948608, 2.998504161834717, 1.9291633367538452, 2.2669310569763184, 3.9196534156799316, 3.434264659881592, 2.2704291343688965, 3.2914786338806152, 0.9028739929199219, 2.8805344104766846, 2.8163766860961914, 2.767712116241455, 1.9973902702331543, 1.0627961158752441, 1.4757007360458374, 2.4208757877349854, 0.444957971572876, 1.332118272781372, 2.5080087184906006, 1.4946247339248657, 1.1299070119857788, 4.1815314292907715, 1.4671448469161987, 2.569701671600342, 2.489564895629883, 0.8456201553344727, 2.186685085296631, 1.0450385808944702, 0.6337220668792725, 0.6657534837722778, 3.2335622310638428, 2.149667739868164, 3.880708932876587, 1.7944154739379883, 2.0575013160705566, 1.6265323162078857, 0.87163245677948, 2.1708426475524902, 2.8699734210968018, 2.3165507316589355, 3.9402241706848145, 3.646690845489502, 4.508373260498047, 3.9446115493774414, 3.6035513877868652, 3.4235336780548096, 3.22615909576416, 4.256305694580078, 4.279807090759277, 3.9623537063598633, 3.710402250289917, 2.8306071758270264, 3.9288501739501953, 4.444894790649414, 3.524817943572998, 3.653012752532959, 4.348964214324951, 4.221035480499268, 4.300612449645996, 3.805809497833252, 3.5324642658233643, 3.2008750438690186, 3.8450779914855957, 5.66715669631958, 4.881252765655518, 5.181365489959717, 4.5972490310668945, 4.021748065948486, 5.741623878479004, 4.75191068649292, 4.721498489379883, 4.305294036865234, 4.319406986236572, 5.049502372741699, 5.329802513122559, 4.581385135650635, 5.130412578582764, 4.459686279296875, 5.472041130065918, 4.51291561126709, 5.1578688621521, 4.659021854400635, 4.921709060668945, 4.795214653015137, 4.7605695724487305, 4.7619524002075195, 5.204658508300781, 4.554516792297363, 5.3447418212890625, 5.310712814331055, 5.037602424621582, 4.8182525634765625, 4.762107849121094, 4.997656345367432, 5.054876327514648, 5.200582504272461, 5.125960826873779, 4.8384175300598145, 4.506428241729736, 4.458193778991699, 5.101890563964844, 5.268413543701172, 5.819721221923828, 5.275020599365234, 4.47258996963501, 4.053327560424805, 5.324066162109375, 1.609875202178955, 1.3291659355163574, 1.7807917594909668, 2.3158793449401855, 0.9495606422424316, 2.242327928543091, 1.9015486240386963, 1.1339174509048462, 2.2167224884033203, 2.2523813247680664, 4.176519393920898, 2.007566213607788, 5.189851760864258, 3.553340196609497, 0.9089834690093994, 1.8273017406463623, 5.307391166687012, 2.3976757526397705, 2.1671833992004395, 0.989668607711792, 2.156735897064209, 1.1591317653656006, 1.372230887413025, 1.5103867053985596, 1.6690332889556885, 1.0422499179840088, 2.427441120147705, 4.252533912658691, 0.9481388330459595, 2.3811304569244385, 2.676827907562256, 2.0275449752807617, 5.230897426605225, 0.5933705568313599, 3.374411106109619, 1.966915249824524, 5.082746982574463, 4.254184722900391, 1.385387897491455, 0.7238762378692627, 3.318976640701294, 1.595363974571228, 0.5906695127487183, 5.379515647888184, 3.975179672241211, 1.9233165979385376, 1.395031213760376, 1.357161045074463, 2.654087543487549, 1.9521921873092651, 2.03037691116333, 4.559959411621094, 1.4839388132095337, 1.4021862745285034, 4.598118782043457, 1.8168094158172607, 2.8442068099975586, 2.6579926013946533, 3.5829999446868896, 1.7251152992248535, 2.4335124492645264, 0.7632112503051758, 1.9244903326034546, 0.8497418165206909, 5.509317398071289, 4.081231594085693, 4.866946220397949, 2.5610079765319824, 3.72904634475708], "params": {"iterations": 1510, "learning_rate": 0.014286, "depth": 3, "l2_leaf_reg": 3.4047e-06, "bagging_temperature": 2.5656, "random_strength": 4.1266, "border_count": 207}, "time_end": "2026-02-28T11:16:07.040273"}