{"model": "catboost_minilm_features-extract_dependency_tree_structure", "type": "train", "seed": 40, "train_losses": [], "val_losses": [], "time_start": "2026-02-28T11:41:29.520327", "mse": 0.13413444951733833, "accuracy": 0.8307692307692308, "corr": 0.9776213250413931, "precision": [0.9885057471264368, 0.7724137931034483, 0.6235294117647059, 0.8201438848920863, 0.923728813559322, 1.0], "recall": [0.7610619469026548, 0.8, 0.905982905982906, 0.7549668874172185, 0.8449612403100775, 0.9307692307692308], "f1": [0.86, 0.7859649122807018, 0.7386759581881533, 0.7862068965517242, 0.8825910931174089, 0.9641434262948207], "support": [113, 140, 117, 151, 129, 130], "confusion_matrix": [[86, 27, 0, 0, 0, 0], [1, 112, 27, 0, 0, 0], [0, 6, 106, 5, 0, 0], [0, 0, 37, 114, 0, 0], [0, 0, 0, 20, 109, 0], [0, 0, 0, 0, 9, 121]], "predictions": [3.187396604645854, 0.7518619242344713, 0.4943461502939108, 2.8072096119021372, 0.24507615360109325, 2.552706724556322, 1.771929199248994, 0.4200581750663388, 0.19711933035907725, 1.3739234786260448, 2.1839441764678105, 0.46661221837449673, 2.3914480144823087, 3.723843305362381, 0.19790343455752835, 3.326467266270865, 0.45480442138735677, 2.473875178428426, 0.2640992911357132, 1.1976803991677538, 2.089032214600931, 3.794732353092428, 0.4346465079085844, 4.118394436767795, 0.4058328012587773, 0.2903796078476999, 3.212693609584492, 1.421804608740579, 1.5086320771809203, 0.15165024233586166, 2.729583108368686, 0.7276187323740952, 1.026923629462427, 2.0320142744426004, 1.2910680168217123, 3.0690828660499676, 2.896545225246173, 0.32041081745268585, 0.36719278114617904, 2.815042599565313, 1.1807091878426845, 2.3995885151208847, 3.997695932132542, 1.6384014894990842, 0.5943068677973431, 0.8755127357116606, 4.053302939662043, 1.558649446531287, 2.587137882682982, 0.05828450721391132, 0.8807238195710299, 4.157259664940664, 3.266963119119676, 2.277716097824164, 1.8349010753324204, 0.28055772429193615, 1.4340708672315596, 0.27351289742318396, 1.5521625434487087, 1.8328485347264771, 1.0748523712065556, 0.19184795577550195, 1.1654593887758795, 0.15466691140075284, 1.1424636961836538, 0.3621492676802127, 1.2426814314350856, 1.7102889624322386, 1.5069485229687352, 0.1844413717343487, 4.481348942268558, 0.9010337464823293, 0.1711564042066387, 3.328274109092174, 2.5981105755587257, 1.8414454414929906, 0.38957045592403006, 1.3236755034637235, 1.9917969482472224, 0.18743585764138793, 3.144370903099448, 0.40488333213183036, 0.7325764315831047, 3.6786853955220065, 2.2810216885545014, 2.652825582446472, 3.3342550656757037, 2.6911643771872376, -0.00842769513516739, 1.979815460916028, 0.3804181587806048, 0.3073552250988594, 3.750662934491113, 2.560672149928586, 1.698381899229679, 3.2607287881027505, 1.6574734872121466, 3.3257017157248527, 3.1455076176671994, 1.7589455197494956, 1.4086731161074693, 1.2311510949026703, 1.281991010713141, 3.6332077206093425, 1.6343388703333463, 1.6890639415264344, 2.764115115255393, 0.475600772089702, 2.2874711374194354, 0.5209634411619244, 1.6549288565231786, 3.023087922884983, 3.5163406712287935, 3.384835056703018, 0.05968736970013122, 2.398186419227307, 1.9871217145271851, -0.10111336017968764, 2.818765362561515, 1.7629136053762382, 2.703348896370621, 1.616127898774756, 2.0765112337007228, 2.8247587932676996, -0.005553382014344077, 1.8902303418496789, 3.2570530695647286, 2.16144959466066, -0.04177339606935426, 2.4736691240746134, 3.300928988623996, 2.7576823326007616, 2.1853393204442253, 0.37613899045714794, 0.8420007184124887, 2.0336964546346574, 2.6786871894366033, 2.1086353201214774, 2.1370683465395137, 2.133619144838997, 0.3781872866419431, 0.42433859149406095, 1.7081050718681103, 3.6941741594612987, 3.590043505123564, 2.7491717407568377, 1.2573755258461397, 2.4912855606559323, 1.8788147299391207, 0.23642556772381873, 2.3807040276880906, 2.1360935041141027, 3.845571133951123, 0.3651841137838039, 2.1128255240689175, 1.703667146074194, 1.7727733590647152, 2.6661124721372627, 3.7928416974685684, 0.17481502360577394, 0.5192723744867684, 1.4999002103284556, 2.24489831158962, 0.9801182088037657, -0.03234814395380692, 2.3637990552596233, 4.00561354935304, 2.4049026340088546, 1.4877163883531934, 3.6409615943690032, 0.15449332031601237, 0.6824020276232978, 2.4649074342823107, 2.2542784769937994, 2.855463126185771, 3.793269301565994, 2.592306801913496, 2.554965134292922, 2.2584574862128246, 0.5534160047351833, 2.152580716919657, 0.2777715321133156, 0.4201801845902189, 3.2307150482842966, 1.8197302431853104, 2.783336167592921, 1.4588907254136363, 2.359677056438308, 3.085434831746155, 0.0533184522933956, 2.546378129454244, 2.3714482523649365, 3.168092669244359, 1.2021018030115644, 1.7344983434021088, 1.6800242530856835, 0.6981413821235583, 1.7018454445785887, 1.0515593313534919, 2.9152915115805995, 2.5515185711707007, 1.0280891838605826, 3.131346675887759, 3.2252430819747357, 3.6068120011754283, 2.3629774664920054, 1.8302301634723834, 2.6615631671859035, 1.9678560946590289, 0.637753440632665, 3.05478304295554, 0.42432531459854905, 0.4387888738172343, 1.7202371793108662, 1.7052984609459474, 3.6706376228407844, 3.8326176804133567, 1.6588298158392096, 1.5479230892343336, 0.49746318793066635, 2.724829450076487, 2.3939309498502115, 0.5414026676301884, 2.1113147030622823, 2.498864067262911, 2.4664842402746094, 3.5847634962675716, 1.032995076214147, 3.259892205735372, 3.0070381946730644, 2.7043552870026235, 3.5988336841383823, 0.4138296411798712, 3.81494702635466, 3.575432767053403, 3.557058048230591, 3.6208142868195967, 0.15403524022118864, 0.7327778823248061, 0.7275225967558538, 2.931875401135636, 4.391974469004703, 0.3836642589702728, 1.516342567436734, 3.2348284235760096, 4.347381259262599, 0.6832768355757397, 4.534212446100201, 3.3257015837007526, 0.3471433839756428, 1.8217780209577583, 2.0596566170820316, 1.8130289169604032, 1.4522572883982774, 1.7527677430312103, 3.130818417588382, 1.8983128505212792, 4.455458867467021, 1.8528383089968865, 3.4555067613822894, 0.184540647469976, 3.5909525242525784, 1.5917364834394683, 2.9106799145040587, 3.7356607440541074, 1.3901961318785199, 1.3015237297061546, 1.0912770514574048, 2.4470788591710706, 2.773278782689667, 0.8413345744156542, 0.1872736007486031, 3.0559550141161607, 3.400389416275452, 2.074878571277948, 4.362365856529452, 0.21950509125878082, 2.4427456489823838, 1.6293258882694042, 2.690600097339185, 1.8081215081990138, 0.8908294392010219, 1.1137656771908233, 0.4734912610747748, 3.19742618464879, 0.29865607243458125, 1.1510323244858591, 0.6479225642394304, 1.1754998599003652, 0.2956272553167918, 2.276725008279534, 2.928115523814336, 3.454123724210965, 1.7297883297106216, 2.6338909039604506, 1.4898325430747152, 1.582396274627355, 3.0943050490780344, 3.2764077045675046, 2.384157021013033, 2.6905654449064067, 1.8899179645208424, 2.5539580884494657, 0.5055529769955001, 3.065374544166188, 3.681095887088941, 4.191146063759508, 3.7891109973017034, 3.8241887855907386, 3.544486047483975, 3.7739740465273215, 3.662441029836854, 4.385380600035262, 3.484882121808775, 4.352675063379661, 4.042088339508236, 4.180372224841116, 4.148899262720043, 4.147085876868589, 4.056204982312514, 3.919022226094058, 3.804979160323443, 3.6978828045529184, 3.682660881407974, 3.6921444141726454, 4.43745821460725, 3.4316712826036015, 4.072851090437152, 4.137299500184556, 3.9519708759095593, 3.8857714251555326, 4.2601837278005865, 3.898878072764136, 5.296947012303907, 5.313639021644012, 4.783547648472435, 4.850683074676054, 5.219623287634919, 4.898381757883035, 5.131387305402313, 5.3019011770747575, 4.619067507344498, 4.852139134716684, 4.769593638429642, 4.791185264583399, 4.970874633691908, 5.100682099313092, 4.679495798699282, 5.311402774404195, 4.874996966514361, 5.109093071733801, 4.745107336066473, 4.641208835678719, 4.613416411045865, 4.9793315957742, 4.875555669355942, 5.252282242491763, 5.134454626474241, 4.8615727142932545, 4.813266258349891, 4.817904527904808, 4.471802217389932, 4.788032100771447, 