{"model": "catboost_minilm_features-extract_preposition_imageability_avg", "type": "train", "seed": 42, "train_losses": [], "val_losses": [], "time_start": "2026-02-28T12:01:57.924679", "mse": 0.13333627563116554, "accuracy": 0.8294871794871795, "corr": 0.9777696952128553, "precision": [0.9775280898876404, 0.7985074626865671, 0.6264367816091954, 0.8013698630136986, 0.9145299145299145, 1.0], "recall": [0.7699115044247787, 0.7642857142857142, 0.9316239316239316, 0.7748344370860927, 0.8294573643410853, 0.9230769230769231], "f1": [0.8613861386138614, 0.781021897810219, 0.7491408934707904, 0.7878787878787878, 0.8699186991869918, 0.96], "support": [113, 140, 117, 151, 129, 130], "confusion_matrix": [[87, 26, 0, 0, 0, 0], [2, 107, 31, 0, 0, 0], [0, 1, 109, 7, 0, 0], [0, 0, 34, 117, 0, 0], [0, 0, 0, 22, 107, 0], [0, 0, 0, 0, 10, 120]], "predictions": [3.3080286892983812, 0.8846912756235652, 0.4350296362303774, 2.887958919739174, 0.2763882077428743, 2.505484244157236, 1.781241746333337, 0.39640923647775184, 0.1484514385456719, 1.3761426060031308, 2.093441556981744, 0.38770921386994184, 2.3051157388011094, 3.79859917154782, 0.20745808509352193, 3.2953050647003153, 0.40330429193000406, 2.71565222333685, 0.26278267640949604, 1.2351150054627738, 1.9914415288286538, 3.814728168576865, 0.4476020939188192, 3.9584818004256146, 0.4156563317836999, 0.2369029963088809, 3.164247786425139, 1.5291448235571727, 1.5473744893664958, 0.14393528649032028, 2.7296266481286056, 0.7543202985332764, 0.9464718621221007, 2.154785260935474, 1.4327913500804639, 2.9918895823859764, 2.965078302999936, 0.31470752128005897, 0.4193757369048918, 2.7657332362193205, 1.145572100653943, 2.4190509761012815, 3.850350206788942, 1.6366239018112827, 0.5728890170672187, 0.8211858411535906, 4.128866546292692, 1.5081041423566486, 2.5865657247154923, 0.052071493518973, 0.9047669950528263, 4.122304236706882, 3.2141261728428026, 2.2823116732481394, 1.8641201458252712, 0.3670310367025067, 1.531544554382151, 0.2519238842131406, 1.5319854380543578, 1.7280508751511374, 1.0070368980662678, 0.22494384370431053, 1.1942238003549428, 0.2249241768684378, 1.1109748733631986, 0.3926053117546098, 1.3147977101857216, 1.6426291130883688, 1.5071855380357966, 0.2983493881862658, 4.438111444006067, 0.8313597685918765, 0.16227812227741634, 3.2838208060266814, 2.6142087691647053, 1.860303923607379, 0.323054838704818, 1.3414877395219609, 1.8892573392882999, 0.14231435760475053, 3.049482570277851, 0.4216312524183192, 0.6370087934883668, 3.5388510685562196, 2.3002354860136913, 2.699248946350105, 3.38561521928347, 2.709432428971689, 0.04103199586032913, 1.8919892573605157, 0.3720573369061033, 0.34928689742680863, 3.754134094539106, 2.4617851905774573, 1.6725663996594213, 3.391215113157703, 1.7154560947706772, 3.343918847711285, 3.3217878935423455, 1.7664917686524513, 1.3998271373289086, 1.336392274835805, 1.3228394602371434, 3.6836327604713457, 1.6152665563701882, 1.6780660256620097, 2.7569764999678332, 0.41097104078311064, 2.2597394673575155, 0.47767426756620157, 1.5687678393541558, 3.046140667356663, 3.503078555998986, 3.3080661990728837, 0.06898833455966225, 2.4492879953216327, 1.918123523666945, 0.030765049976264613, 2.767264500418728, 1.7205829164791855, 2.6233862128879495, 1.5822122101082279, 2.137502027516907, 2.9115208492702522, 0.020926229465475732, 1.9336249786807655, 3.4024022190783993, 2.2074915066062872, 0.03885349909059066, 2.5017287197505915, 3.315744997304208, 2.7270941170801426, 2.072843301007597, 0.36782559127293046, 0.840979303726233, 2.0419946256848442, 2.6383120668494535, 2.060554076596199, 2.2113267013590296, 2.1554647474159983, 0.37191000630148263, 0.35146695319234533, 1.724107907668094, 3.7111347693193695, 3.5920119775038035, 2.8283990826480143, 1.3462366309578782, 2.537937301065963, 1.7989320211407465, 0.28326319378984977, 2.426589852668466, 2.077399490818753, 3.9119889073158287, 0.3229425535945709, 2.127981122084823, 1.6625202648697028, 1.7276211524471294, 2.746675295843865, 3.81353164521021, 0.20271847193140946, 0.5320828532958997, 1.3389178509112556, 2.3242112098917733, 1.0573131940874971, 0.07382936302581511, 2.311784624762036, 3.8643501767454067, 2.3372749870808587, 1.5814021525267759, 3.6661287798902826, 0.10674089339329385, 0.7170810106601706, 2.6390044955861964, 2.2470604274405157, 2.862047399094466, 3.7985959341973534, 2.5690932095661907, 2.613972762984497, 2.20653839024763, 0.49040013350037315, 2.2123834853252253, 0.28400168560097816, 0.3456646868018751, 3.167398302830549, 1.7214967971418678, 2.706143329941648, 1.3317065271996704, 2.2804246284602194, 2.9952267270135433, 0.09301303495235391, 2.4716161189050245, 2.3154538915410847, 3.0918051166256477, 1.1755162860019353, 1.7893199941210733, 1.7364012941418698, 0.7323959258005883, 1.6772436998324118, 0.91845292311778, 3.070177477825786, 2.6147013149864793, 0.9198662604956092, 3.0903992199976, 3.27622127806136, 3.6264950732213372, 2.349269756202872, 1.8153334186228673, 2.691286354456089, 2.1686315706460206, 0.5026498971447741, 2.9252306183285013, 0.31086349633592825, 0.4503404025409843, 1.7282577099640082, 1.7485295647401813, 3.6306882352063328, 3.8831656712482747, 1.5582687188840958, 1.607703628015304, 0.4694129001904441, 2.7576550309363936, 2.4930826195194853, 0.5670992475200947, 2.152245186408831, 2.580885485541971, 2.348424272625997, 3.520058103094848, 1.1552675089401148, 3.310446612846337, 2.938884029243151, 2.758420395103756, 3.7280697958647044, 0.49960914265992296, 3.8497512688121356, 3.4765359056004685, 3.558606586607255, 3.5804856487089296, 0.10609115889249487, 0.7765634378856887, 0.6597956320258276, 2.8542888628044025, 4.389007645412221, 0.34061679528493505, 1.45724628638337, 3.248471071643978, 4.407282097504023, 0.6808440232382462, 4.56162041475168, 3.3640011981802846, 0.32736226326248197, 1.8420606005164535, 2.103730540966765, 1.9127775993229545, 1.3816971968949099, 1.6223170661014756, 3.136580017764487, 1.8681783772722815, 4.465469190876821, 1.795907976574034, 3.4338162584680454, 0.2847724166244032, 3.5795369774579617, 1.5694571754290831, 3.004719375706567, 3.724626504158871, 1.4393679597083222, 1.19731448265972, 1.1712704019331213, 2.5053657634109365, 2.8419207486928793, 0.8599183465224047, 0.2734304793258815, 2.8545745447143194, 3.337626064978447, 2.095272564558555, 4.373704244954863, 0.303102515807951, 2.4399844929611807, 1.6085971118411737, 2.6811013893548643, 1.8765370721663963, 0.8719896897357964, 1.1675271381873276, 0.5553529644188322, 3.115113897019961, 0.2780705039202176, 1.1363068435433357, 0.5705835577954084, 1.1886106598346788, 0.28847101628657734, 2.1747882269787127, 3.0307226178403956, 3.395339141371768, 1.6873382280900788, 2.7737487238755203, 1.585918291660926, 1.6562508280214145, 3.214506319643129, 3.192041652118225, 2.4194052971224225, 2.7228783884568797, 1.8536515019676463, 2.5149512887504994, 0.5111209814656232, 2.996401113495467, 3.7755657314412474, 4.285285028303153, 3.7762553056018753, 3.892065598284163, 3.5740434968659622, 3.895795715232792, 3.5852209624195934, 4.389440678697028, 3.463468995538907, 4.318292424875964, 4.131813811593364, 4.256834090918933, 4.190573145138335, 4.165999306500538, 3.986478701711623, 3.8897334841270528, 3.7974188540646114, 3.689706046688297, 3.6620495545178713, 3.7305791013334497, 4.392868851208419, 3.438869533723979, 4.1653932841931995, 4.182614465030606, 3.906161578196433, 3.82040955642245, 4.324862174219728, 3.9379426701645106, 5.319642818056579, 5.217599814639669, 4.8126416541746675, 4.823476199831141, 5.102547378285372, 4.860058548294, 5.012154000510574, 5.273202944313844, 4.546362393361966, 4.769876772754939, 4.696319848550916, 4.82841673123747, 5.036223697745726, 5.086642430399072, 4.615507599684186, 5.186475693881483, 4.898490313467234, 5.1140710362101505, 4.885664549885404, 4.588732750715096, 4.518961548914965, 5.012069484368537, 4.918204751894489, 5.251150623393922, 5.138176237303224, 4.62602352152006, 4.684061607031404, 4.911629237705551, 4.504770430201093, 4.72259857793577,