{"model": "catboost_minilm_features-minilm", "type": "train", "seed": 41, "train_losses": [], "val_losses": [], "time_start": "2026-02-28T11:03:12.684171", "mse": 0.14421112641369127, "accuracy": 0.808974358974359, "corr": 0.9755588021549295, "precision": [0.9642857142857143, 0.7272727272727273, 0.5932203389830508, 0.8161764705882353, 0.9159663865546218, 1.0], "recall": [0.7168141592920354, 0.7428571428571429, 0.8974358974358975, 0.7350993377483444, 0.8449612403100775, 0.9307692307692308], "f1": [0.8223350253807107, 0.734982332155477, 0.7142857142857143, 0.7735191637630662, 0.8790322580645161, 0.9641434262948207], "support": [113, 140, 117, 151, 129, 130], "confusion_matrix": [[81, 32, 0, 0, 0, 0], [3, 104, 33, 0, 0, 0], [0, 7, 105, 5, 0, 0], [0, 0, 39, 111, 1, 0], [0, 0, 0, 20, 109, 0], [0, 0, 0, 0, 9, 121]], "predictions": [3.126298476794859, 0.7237437635605146, 0.4656530715842666, 2.826870105805964, 0.27051572781458333, 2.533563959191741, 1.711823555795816, 0.548249795204576, 0.23823955378385353, 1.4595440842237317, 2.176025055440891, 0.49983369272691824, 2.479233569006161, 3.676237349539992, 0.14923855227767824, 3.198950437251254, 0.5411846600169448, 2.5364380499946657, 0.3224994436763735, 1.2520367707137696, 2.1347408981293894, 3.846393913579328, 0.3939501150814948, 4.034251068652589, 0.33411581917736566, 0.1534008941039806, 3.1848604261916877, 1.4782187359723187, 1.5189559443935958, 0.16363990408642204, 2.802561453211897, 0.7086418563696193, 1.151903988567779, 2.0683463903349635, 1.221563914173447, 3.0333314953334574, 2.7795168644873494, 0.22573180252506875, 0.4022782723428153, 2.938939706112017, 1.1788608155181652, 2.3587739199119437, 3.9305277354334063, 1.6876406259832535, 0.5462313285199869, 0.846774305551192, 4.0422727965433385, 1.5306699510653177, 2.552101834964774, 0.14291896600995369, 1.0429059260693694, 3.9949989345346966, 3.2678084468914275, 2.026857879458509, 1.8151076229913707, 0.37798701932466683, 1.4495437061660672, 0.2922497974313809, 1.6198672983039464, 1.9538760936782338, 1.1754102717920367, 0.16330101215720116, 1.1649669977001615, 0.2708373315964696, 1.0877738874891678, 0.3298671467341445, 1.1984948331341332, 1.842763916183809, 1.4253291170639295, 0.2591773356538747, 4.478098687943798, 0.7950336850780915, 0.23387075688682524, 3.282586751425487, 2.599793731968351, 1.8350910100308973, 0.4061940159589912, 1.2499177831863035, 2.069874902194606, 0.05327674826726714, 2.856630493008588, 0.3862714335326478, 0.7233841241917771, 3.5963328954899714, 2.2622029390792746, 2.774218715515055, 3.2402297045872457, 2.72425482777046, -0.11780495420598758, 2.0292835323578675, 0.33355934884142435, 0.4516526168011685, 3.773818226142666, 2.359129033354387, 1.732531350220571, 3.3843996569509693, 1.6321319795544198, 3.4623886024134776, 3.2690756337234568, 1.8017782084445166, 1.4114677878487571, 1.3543712865978212, 1.2792783337292697, 3.5499213877283227, 1.5032365173897804, 1.6459867683337834, 2.853601569804163, 0.3794628613178248, 2.304011342913579, 0.5159685228337971, 1.5399935490656769, 3.062953361660816, 3.516969993884338, 3.222145070773371, 0.011149772137069469, 2.472750983239284, 1.8433867205051406, 0.044831159981447044, 2.7319365974620418, 1.742044383328532, 2.7272596785329073, 1.5682280719184307, 2.176944735549907, 2.77901476330441, -0.06354445867094416, 1.8478972371465665, 3.3132818578606966, 2.2298438779311476, -0.008262442247863433, 2.570718899430002, 3.3499343214660406, 2.747045826571962, 2.170288495718802, 0.3230925396452644, 0.8375080564376545, 1.9979650099703368, 2.646107150778646, 2.0760470583622936, 2.0855382326602183, 2.2098168926500654, 0.4270343086493482, 0.4222507705992924, 1.7481386338179696, 3.718791505471814, 3.600722520183205, 2.8891531423444428, 1.3719474580495072, 2.4607585068192344, 1.8669163958504345, 0.19018237646415814, 2.34877208870155, 2.1299087285394624, 4.003131055362102, 0.4208870614066109, 2.1170005686232227, 1.6337726523762317, 1.678814848352812, 2.8142632195052983, 3.80465998768283, 0.1915291874561471, 0.628706110642292, 1.5403322637737105, 2.2622298237963436, 1.0446323760277247, 0.04218700413656995, 2.2684535877617407, 3.91384132203812, 2.401671747084148, 1.4672529154467364, 3.7290307269497482, 0.17873972310343955, 0.6686182070076696, 2.4386707201448092, 2.2320503797343045, 2.914314729002917, 3.594656811311114, 2.5470522002248717, 2.575391970469108, 2.248295595313342, 0.5466742435025158, 2.235441654307412, 0.2632206507216579, 0.35533001435825806, 3.355278519179169, 1.7251628273243758, 2.878396473409547, 1.5087986363064114, 2.4619997712501616, 3.15833728636282, 0.02258742747654674, 2.3942128831408875, 2.3883371960785196, 3.029111520683071, 1.209220378592381, 1.8108106179889374, 1.8244658737769044, 0.672850028228688, 1.6411833786340329, 1.1530665724834142, 2.9522501533270935, 2.559383984075059, 0.890114758996116, 3.066319509437216, 3.237410748182455, 3.7332591856370483, 2.154925137639301, 1.884146653714907, 2.662979997662767, 2.0728105747190138, 0.6307259840846717, 2.959299680802657, 0.43583576694446746, 0.4344176210937838, 1.7319910646605692, 1.8019518855893826, 3.5922683640180813, 3.969279655367954, 1.6326801860001154, 1.5266452389651657, 0.5690763366848028, 2.68185855025509, 2.4462662084447344, 0.5107273280070501, 1.960376502202043, 2.5992197916583613, 2.408686937698446, 3.5130691221484103, 1.0735982208377666, 3.1381593556795226, 2.9415552071491216, 2.650583286006708, 3.7030562373313636, 0.4944887860531364, 3.711243808749698, 3.486459270354975, 3.614653117247731, 3.5336408203587686, 0.11951208167296468, 0.7761992348025395, 0.7082398901292357, 3.039196252466898, 4.318233382396581, 0.3494471855163872, 1.6649722308583614, 3.009870323142348, 4.387011952137187, 0.704357368456721, 4.610226224405373, 3.4908927092253785, 0.3211919766076541, 1.801274076516403, 2.062924567556549, 1.8175572291833626, 1.2833856768920746, 1.6528552925457536, 3.1110087734923226, 1.8383855450291073, 4.364802521146426, 1.675318439080204, 3.6144897787031254, 0.18750169678887874, 3.6105031258343576, 1.5770492573250168, 2.8431859274781983, 3.741390570120519, 1.3379939161434076, 1.2576421217068496, 1.1981570938285628, 2.4210517279201413, 2.763402433064636, 0.8366390685803895, 0.2803290324244334, 2.9406262813407142, 3.299310522798324, 2.072431461844767, 4.2564686106992715, 0.17138865041649165, 2.4916751005252546, 1.5713082938423137, 2.6867387900275426, 1.878877031605168, 0.9577036063668682, 1.0265880737553281, 0.6420209091024256, 3.087682206058596, 0.3279905572156978, 1.1052372045559529, 0.5996196658819999, 1.1461312337658973, 0.30687803017641, 2.370968599136199, 3.0056717681142255, 3.4236042266449247, 1.6571062450303484, 2.906866773925156, 1.5142248086417909, 1.712111587603262, 3.2335466557692256, 3.303797132316278, 2.4138349451779924, 2.6203999965975067, 1.9510783233416054, 2.6320633299138483, 0.47282196198581605, 3.077302102319176, 3.6748386814906673, 4.07375018160114, 3.812596151148408, 3.9592056928293844, 3.576078533676797, 4.114911755260563, 3.612645622894842, 4.499864997188169, 3.477777366574164, 4.292499865704511, 4.058038281324633, 4.2646658225603264, 4.144808705908801, 4.0792101902876885, 3.911656747050303, 3.8568437573591714, 3.8508527024690284, 3.783820514766319, 3.608871828848577, 3.719710713787249, 4.33369292444863, 3.3872920561198696, 4.186651459810874, 4.209800578258833, 3.9928684415148723, 3.8828575324739614, 4.468661789960857, 3.9067533508003933, 5.255029754136797, 5.270446740472116, 4.869521602346726, 4.796387554869627, 5.147394284924635, 4.933137588135555, 5.117108310128113, 5.44020150513837, 4.5769808858352485, 4.6443363761160015, 4.816210299569589, 4.857228236988467, 5.07362791945494, 5.101864695799646, 4.770501955909636, 5.213674320646319, 4.909270327767772, 5.269502281447327, 4.841660731751496, 4.64576872038662, 4.6192009255403095, 4.969715170341317, 4.758486180876561, 5.3844252056214925, 5.148855049468095, 4.814202076108259, 4.6932959072275215, 5.034344354725728, 4.37043870806316, 4.6373691166927875, 4.975456205356485, 