{"model": "catboost_minilm_features-extract_casing_bigrams", "type": "train", "seed": 40, "train_losses": [], "val_losses": [], "time_start": "2026-02-28T11:36:42.464425", "mse": 0.13066056977228288, "accuracy": 0.8384615384615385, "corr": 0.9782761396307204, "precision": [0.9885057471264368, 0.7851851851851852, 0.632183908045977, 0.8333333333333334, 0.9322033898305084, 1.0], "recall": [0.7610619469026548, 0.7571428571428571, 0.9401709401709402, 0.7947019867549668, 0.8527131782945736, 0.9384615384615385], "f1": [0.86, 0.7709090909090909, 0.7560137457044673, 0.8135593220338984, 0.8906882591093117, 0.9682539682539683], "support": [113, 140, 117, 151, 129, 130], "confusion_matrix": [[86, 27, 0, 0, 0, 0], [1, 106, 33, 0, 0, 0], [0, 2, 110, 5, 0, 0], [0, 0, 31, 120, 0, 0], [0, 0, 0, 19, 110, 0], [0, 0, 0, 0, 8, 122]], "predictions": [3.2729321222234913, 0.8643864379712001, 0.5103477820541382, 2.953940541732619, 0.23447260838808415, 2.5639194883963987, 1.7941024987411285, 0.3905518519630342, 0.13008121772905357, 1.3324369094710116, 2.155693207389409, 0.48263986943330917, 2.3883689126546357, 3.881144533001676, 0.16331978446911677, 3.281415311861553, 0.40016985409830497, 2.5926461100749547, 0.22758373506887697, 1.2715629834953726, 2.0386327265572493, 3.809887109517975, 0.38460162763896566, 3.9228593867392387, 0.35384076626625394, 0.24530050168593132, 3.1851235210617648, 1.5413106884352386, 1.6230604592841, 0.14451366575524682, 2.6948150996033413, 0.6077845334140752, 1.0758659297805582, 2.140748602170526, 1.2713509256557403, 3.02964115471996, 2.91729737408406, 0.33017511578645964, 0.33821855400836753, 2.716955785924151, 1.1254152256942156, 2.359414516088893, 3.961572643651005, 1.6793128096394847, 0.5621130463341335, 0.767228812424221, 3.9431173677089637, 1.5119554617900761, 2.6195601846190546, -0.011743660771657005, 0.9765831333252339, 4.279048121142541, 3.236212290782007, 2.2209485318823368, 1.9444334160433143, 0.2614526305910201, 1.5070830965791138, 0.2544922347708831, 1.5647271320770213, 1.7732057359654485, 0.9818440634926675, 0.18848034610030728, 1.1463920433419008, 0.15407366440933679, 1.0730390237621132, 0.39234972373058286, 1.2120001151739566, 1.7365811620749412, 1.4454482304731877, 0.22553149712317166, 4.449997680747384, 0.8094053659161056, 0.14648871550763154, 3.256709378781945, 2.605282898051782, 1.8814455935503342, 0.34635775941655256, 1.2832307685556925, 1.8572714536004242, 0.2229258725780947, 3.1681707665662544, 0.3452744536789867, 0.6990484618503445, 3.6082693262932954, 2.389456656580482, 2.664362500307701, 3.3570156249191556, 2.6414009046815288, -0.032903036074274805, 1.8624684193753338, 0.33067967002546617, 0.3199501958050397, 3.7799268611830996, 2.5113422393829667, 1.5173784923299887, 3.3268308161753897, 1.6915928381658278, 3.351432875218166, 3.2926284829752364, 1.8005632167231154, 1.3079641361326293, 1.3443127225199085, 1.2204395002307917, 3.703161760234549, 1.6741159565034913, 1.6939448408523443, 2.845128579382511, 0.4318701912685263, 2.2763893359811744, 0.5131578821708582, 1.5378893423298037, 2.899475919432838, 3.583668718114348, 3.2317360455934296, 0.08363587332337152, 2.5024211251596626, 1.9721778058697348, -0.07397353206669655, 2.8193886569990165, 1.6847122224464037, 2.679981495813707, 1.5365209402180986, 2.143265364171221, 2.8921459680002792, -0.07361690218942263, 1.8543367410403047, 3.440506171977309, 2.2320185766253138, -0.029455039543450745, 2.5186687211674057, 3.2834874398775917, 2.8141645195192506, 1.980600954773028, 0.4580613929214725, 0.8489115352342937, 1.9801195108947325, 2.667597584532938, 2.0140314040069742, 2.1296600649507766, 2.1980602041750483, 0.39611726486216936, 0.3489162903593064, 1.692997169413394, 3.679368164509585, 3.63896178531231, 2.7985085480673884, 1.3574926187577083, 2.545059473726985, 1.7821378138655581, 0.2700881828458357, 2.3623271137825905, 2.05675618148241, 3.773181744906049, 0.34062995225192694, 2.1682267326608935, 1.7134535464105254, 1.7012789074922472, 2.670791048390586, 3.8055383713479647, 0.23998456125165024, 0.5412347454175939, 1.5048631657965128, 2.1929958802879312, 0.9910749011111566, 0.1312331282329513, 2.38885793843895, 3.8889872196897945, 2.3506753212153018, 1.535968891355945, 3.647780634257681, 0.09189462850957231, 0.6971777581383196, 2.618638985196657, 2.255304094695155, 2.810033772996931, 3.825291928955559, 2.6036625645654192, 2.5534366582050043, 2.166089702555145, 0.45281516274098577, 2.1789447972490694, 0.22966273917006852, 0.38055050540774227, 3.201531531463936, 1.7096354833059362, 2.7838334283945416, 1.3582558052608757, 2.3256236120068223, 3.037733381281512, -0.046991700310448525, 2.4069241279545124, 2.268395238070163, 3.143268471336394, 1.2893973850705456, 1.8016981128750067, 1.7266498515815139, 0.7180924743729764, 1.7405002179095443, 1.0542580673790545, 3.0022889987110295, 2.626628708180971, 0.927561597833537, 3.153933098367598, 3.2191429774253195, 3.564645238093402, 2.2559678593507884, 1.8547741329666672, 2.589616605861594, 2.04057487122999, 0.5805898523120856, 2.924565055223471, 0.3259598427756827, 0.39559586641835853, 1.7658327850226934, 1.75264377410784, 3.695968384347593, 3.8601895807553293, 1.6306425689344715, 1.542133273860474, 0.4537872854134348, 2.7808271564519886, 2.464098228177224, 0.5673488165517075, 2.1904746398769204, 2.6263368670405995, 2.3886853465789573, 3.5369834153711484, 1.0940040255320804, 3.2905759936975962, 3.0231983071624984, 2.6896547377674627, 3.6465683580248878, 0.49070334175498953, 3.785372149242681, 3.394883721403364, 3.53816579210881, 3.5804827448233016, 0.12349197814126578, 0.8417707208600327, 0.7383459020764289, 2.9023475842313378, 4.403637727053324, 0.29214820158837673, 1.5059842916893869, 3.2326292226542552, 4.35259813741923, 0.692893844128758, 4.554703445247794, 3.383074807014503, 0.4107666065271478, 1.806643452782747, 2.034600810242696, 1.9007653165255145, 1.4393309478429595, 1.729873604030916, 3.258092942042346, 1.9105974180266512, 4.4314809050815285, 1.7388268002288902, 3.409439261726033, 0.25453375261873745, 3.5478348026585547, 1.5941379205406616, 3.0031487279646054, 3.768634945048757, 1.5101244136040468, 1.2505581519534041, 1.113433068892201, 2.420945873893909, 2.8125408739916655, 0.8123733423026342, 0.17400768403962985, 2.9290686878209775, 3.3517539965124725, 2.107898936724263, 4.333792466619885, 0.20388610725109535, 2.4393401503518413, 1.6141062194259406, 2.6547626723092606, 1.879335303226531, 0.9440149119823922, 1.1009584753472565, 0.40987667394719063, 3.103021149700271, 0.307029735624345, 1.1593166372068369, 0.6319806442709215, 1.1177797474600135, 0.36818439483329923, 2.2766444508505934, 3.0901817189090184, 3.4164169072616506, 1.6256835974438297, 2.7846911011616218, 1.508480886895968, 1.628374952825232, 3.1523958589727004, 3.2406365794792036, 2.3937433003404407, 2.6104379634039505, 1.9137431281800517, 2.544826509109956, 0.4827182822606506, 3.0766450142986135, 3.702547256936051, 4.185042812255107, 3.785646820290178, 3.8304080416973623, 3.5450188281746815, 3.830505355450229, 3.732952323223854, 4.345648725104476, 3.455545317309564, 4.3900955848102035, 4.017209976858491, 4.184253365535623, 4.08127628133559, 4.177690203218523, 4.035648293667408, 3.9686628124020733, 3.8266972943667836, 3.723554552591967, 3.6950458750729567, 3.667263954420628, 4.345876488164305, 3.510047951197478, 4.128659667245857, 4.1625818847586, 3.8750738637921804, 3.8419434290657017, 4.328198744919394, 3.90026585108048, 5.193358349687941, 5.34293001133598, 4.71923696155959, 4.798953781295616, 5.154580281724966, 4.932708611154466, 5.018838653673999, 5.300072224798846, 4.569064577495224, 4.816741894008963, 4.867947749793057, 4.720647369629775, 5.058022480223706, 5.100638350642602, 4.593752919256083, 5.1503878578136675, 4.91055830737831, 5.189817593580443, 4.886790927120405, 4.605500983360779, 4.53721654066209, 5.054955249612395, 4.785747720775461, 5.230707201558616, 5.067196961348818, 4.781299646020784, 4.757807931604878, 4.942872113832732, 4.511440651681355, 4.653188814045373,