{"model": "catboost_minilm_features-extract_punctuation", "type": "test", "seed": 40, "time_start": "2026-02-28T11:32:13.086630", "mse": 0.7416498064994812, "accuracy": 0.4984894259818731, "corr": 0.861349650588395, "precision": [0.8181818181818182, 0.28378378378378377, 0.35, 0.4, 0.7142857142857143, 0.9795918367346939], "recall": [0.16071428571428573, 0.4666666666666667, 0.6481481481481481, 0.3384615384615385, 0.5357142857142857, 0.8727272727272727], "f1": [0.26865671641791045, 0.35294117647058826, 0.45454545454545453, 0.36666666666666664, 0.6122448979591837, 0.9230769230769231], "support": [56, 45, 54, 65, 56, 55], "confusion_matrix": [[9, 32, 12, 3, 0, 0], [1, 21, 22, 1, 0, 0], [1, 12, 35, 6, 0, 0], [0, 9, 29, 22, 5, 0], [0, 0, 2, 23, 30, 1], [0, 0, 0, 0, 7, 48]], "predictions": [1.7851228713989258, 2.1169967651367188, 3.9295907020568848, 1.2284475564956665, 1.8923753499984741, 0.07034063339233398, 1.9132139682769775, 0.16708874702453613, 0.8940305709838867, 1.674494981765747, 2.4808740615844727, 0.8107126951217651, 1.5453457832336426, 2.768470525741577, 1.108165979385376, 2.249717950820923, 1.6478163003921509, 2.7678823471069336, 1.3121072053909302, 1.7259643077850342, 0.9993538856506348, 1.554053783416748, 0.8250380754470825, 1.5603727102279663, 2.5735409259796143, 1.7840911149978638, 3.0407896041870117, 1.7326613664627075, 1.5437345504760742, 2.352041006088257, 0.38381075859069824, 2.1306018829345703, 1.6784703731536865, 2.052536964416504, 2.2317306995391846, 2.203294038772583, 0.48282647132873535, 1.11781644821167, 3.5051019191741943, 1.64650559425354, 1.3727656602859497, 0.25626182556152344, 3.485078811645508, 2.6243441104888916, 2.590977430343628, 1.5502569675445557, 1.4839848279953003, 3.652629852294922, 2.8926775455474854, 3.0971086025238037, 1.5614192485809326, 1.7231886386871338, 3.9112610816955566, 1.8220906257629395, 2.6669578552246094, 2.5215916633605957, 0.9242247343063354, 0.8312854766845703, 3.1521236896514893, 2.1349503993988037, 3.381312847137451, 3.338883876800537, 3.8410308361053467, 1.73598051071167, 1.3920048475265503, 2.206958055496216, 1.8155792951583862, 1.0748003721237183, 2.117396831512451, 2.8978264331817627, 0.5005182027816772, 1.9925580024719238, 0.1667015552520752, 0.6009180545806885, 0.8292351961135864, 2.8402998447418213, 0.2002696990966797, 1.6890196800231934, 1.3210066556930542, 0.9774085283279419, 0.675348162651062, 3.3265116214752197, 1.538745641708374, 0.39651012420654297, 1.1454527378082275, 0.5100986957550049, 0.8950732946395874, 1.4307384490966797, 1.8931454420089722, 3.507218599319458, 1.3589296340942383, 4.096053600311279, 1.1173992156982422, 3.2180938720703125, 0.5243067741394043, 2.798150062561035, 3.502443313598633, 2.465806484222412, 1.7188806533813477, 1.8437631130218506, 1.6440742015838623, 3.5910792350769043, 1.4179757833480835, 1.5142552852630615, 1.0523544549942017, 2.3367607593536377, 1.1190346479415894, 0.5710170269012451, 1.732633352279663, 0.4791855812072754, 2.799880266189575, 1.4199506044387817, 1.4753873348236084, 1.344972014427185, 2.125105857849121, 3.1442596912384033, 0.2140340805053711, 1.0948047637939453, 2.9606523513793945, 0.6982593536376953, 2.2188377380371094, 2.8232500553131104, 1.4721086025238037, 2.9435787200927734, 1.8001009225845337, 1.849668264389038, 3.0650150775909424, 1.3929800987243652, 1.3433572053909302, 2.73439359664917, 2.6201303005218506, 1.2537747621536255, 2.5844614505767822, 3.3700716495513916, 0.6437994241714478, 2.2256712913513184, 3.328794002532959, 1.5525166988372803, 2.621114730834961, 2.6335833072662354, 1.168653130531311, 3.995004653930664, 1.3165584802627563, 2.5414059162139893, 1.4493087530136108, 2.4556097984313965, 1.5105760097503662, 1.911466360092163, 1.4763940572738647, 1.7852537631988525, 0.880839467048645, 2.4768598079681396, 0.8413532972335815, 3.314523935317993, 1.2546570301055908, 1.888230323791504, 2.8163139820098877, 1.889536738395691, 2.06762433052063, 3.8319666385650635, 3.43088960647583, 2.1185498237609863, 3.439460039138794, 0.8736250400543213, 2.850328207015991, 2.9964239597320557, 2.789517879486084, 2.0310590267181396, 1.042335867881775, 1.5683692693710327, 2.3661465644836426, 0.7350945472717285, 1.605375051498413, 2.078559398651123, 1.8143738508224487, 1.4146708250045776, 4.309905529022217, 1.4591596126556396, 2.5413711071014404, 2.4101369380950928, 0.9820218086242676, 2.230314016342163, 0.9418810606002808, 0.5986285209655762, 0.7510179281234741, 3.2576825618743896, 2.1553144454956055, 3.872485637664795, 1.796990156173706, 1.9887058734893799, 1.9125338792800903, 0.9336436986923218, 2.358729124069214, 2.8407955169677734, 2.282254695892334, 4.011134147644043, 3.4481823444366455, 4.354042053222656, 4.110902309417725, 3.4985127449035645, 3.4965920448303223, 3.0752408504486084, 4.271001815795898, 4.353020668029785, 3.8551385402679443, 3.7058353424072266, 2.800379991531372, 3.8836965560913086, 4.512953758239746, 3.5275321006774902, 3.752230405807495, 4.349040985107422, 4.1633758544921875, 4.301957607269287, 4.084909439086914, 3.5850539207458496, 3.339543581008911, 3.8783740997314453, 5.632452011108398, 4.902168273925781, 5.057909965515137, 4.511769771575928, 4.266096115112305, 5.667431831359863, 4.900586128234863, 4.786730766296387, 4.345904350280762, 4.445384502410889, 5.167303085327148, 5.357553482055664, 4.665441513061523, 5.189183235168457, 4.54222297668457, 5.5719780921936035, 4.57919454574585, 5.196763038635254, 4.704701900482178, 5.190064430236816, 4.788672924041748, 4.887245178222656, 4.979774475097656, 5.325523376464844, 4.597007751464844, 5.470693111419678, 5.386394500732422, 4.8903350830078125, 4.878500938415527, 4.75089168548584, 4.917283058166504, 5.091038703918457, 5.100304126739502, 4.866767406463623, 4.811898231506348, 4.4138336181640625, 4.510876655578613, 5.056880950927734, 5.236176013946533, 5.548385143280029, 5.2422285079956055, 4.822450637817383, 4.022702217102051, 5.215602874755859, 1.642530918121338, 1.4517765045166016, 2.0397772789001465, 2.289992332458496, 1.047452688217163, 2.011396646499634, 1.8666542768478394, 1.0358129739761353, 2.3313915729522705, 2.183854103088379, 4.086636543273926, 2.162980556488037, 5.3770647048950195, 3.4903175830841064, 0.7799956798553467, 2.2441952228546143, 4.987620830535889, 2.405574321746826, 2.2341623306274414, 0.7847005128860474, 2.3566181659698486, 0.9751371145248413, 1.3171179294586182, 1.5217359066009521, 1.6908010244369507, 1.0112223625183105, 2.4182329177856445, 4.43271541595459, 1.0047218799591064, 2.19401478767395, 2.4948575496673584, 2.1327741146087646, 5.215186595916748, 0.8013597726821899, 3.508035659790039, 1.990243673324585, 5.103777885437012, 4.234292030334473, 1.4705668687820435, 0.6065974235534668, 3.2106332778930664, 1.6098687648773193, 0.3676879405975342, 5.422063827514648, 4.09245491027832, 1.9805415868759155, 1.4858883619308472, 1.7229087352752686, 2.5913631916046143, 1.8607220649719238, 2.041217565536499, 4.656959533691406, 1.5326766967773438, 1.3413827419281006, 4.615372180938721, 1.8103137016296387, 2.9149837493896484, 2.8392066955566406, 3.5993542671203613, 1.9313905239105225, 2.420649766921997, 0.6840375661849976, 1.6772658824920654, 1.171255350112915, 5.531452178955078, 4.052343845367432, 4.7779645919799805, 2.7410733699798584, 3.7855539321899414], "params": {"iterations": 1510, "learning_rate": 0.014286, "depth": 3, "l2_leaf_reg": 3.4047e-06, "bagging_temperature": 2.5656, "random_strength": 4.1266, "border_count": 207}, "time_end": "2026-02-28T11:32:13.152596"}