{"model": "catboost_minilm_features-extract_sentence_length_by_word_avg", "type": "train", "seed": 40, "train_losses": [], "val_losses": [], "time_start": "2026-02-28T11:17:26.164373", "mse": 0.13314908513610765, "accuracy": 0.8243589743589743, "corr": 0.9777302429057968, "precision": [0.9767441860465116, 0.7655172413793103, 0.6235294117647059, 0.8142857142857143, 0.9083333333333333, 1.0], "recall": [0.7433628318584071, 0.7928571428571428, 0.905982905982906, 0.7549668874172185, 0.8449612403100775, 0.9153846153846154], "f1": [0.8442211055276382, 0.7789473684210526, 0.7386759581881533, 0.7835051546391752, 0.8755020080321285, 0.9558232931726908], "support": [113, 140, 117, 151, 129, 130], "confusion_matrix": [[84, 29, 0, 0, 0, 0], [2, 111, 27, 0, 0, 0], [0, 5, 106, 6, 0, 0], [0, 0, 37, 114, 0, 0], [0, 0, 0, 20, 109, 0], [0, 0, 0, 0, 11, 119]], "predictions": [3.175772671738023, 0.8644922054270754, 0.47804881293082024, 3.0081496658420566, 0.20692993168839324, 2.601304726437697, 1.7062686402617766, 0.37900493979491534, 0.11085163203230897, 1.3560737698011558, 2.1808352353851457, 0.5022691972620952, 2.356847581920284, 3.8288111654627874, 0.14388728174264287, 3.2724913778275733, 0.41784282915033444, 2.5354265757091623, 0.26178669633203855, 1.278791382170337, 2.078806197440853, 3.848692718760155, 0.4003763118939023, 3.9053759329243, 0.4407577305830097, 0.2094973841049339, 3.2494991533455995, 1.454350539754439, 1.598051371723876, 0.17668161095635648, 2.8111392324224047, 0.681935545614134, 1.0606452224778056, 2.142871790083774, 1.2700792423441065, 3.0791862962174448, 2.9601938430671355, 0.23747863837173622, 0.36452968592706636, 2.7293307839220438, 1.1883668397941165, 2.461117125997165, 3.9092817580004517, 1.627831801133103, 0.5302193158904989, 0.724725605024078, 4.072688193280234, 1.5288930563149732, 2.6070772693120117, 0.08163146877430405, 0.9758397320875762, 4.1570000960718145, 3.2840589571768932, 2.2503014986828864, 1.8954802927964574, 0.3252453591617601, 1.460735836029181, 0.29009195584307035, 1.562724971323751, 1.816661862657189, 0.9206736862856486, 0.2337291236037009, 1.1812734042215929, 0.21902100687234993, 1.193289192814698, 0.38502241523617764, 1.1960552055933726, 1.7406073891100506, 1.4613146916921014, 0.1967225188128343, 4.470846144526667, 0.8433760976218956, 0.2551924268166159, 3.2767943456488773, 2.5914182690112035, 1.8992735429602823, 0.3595931238206034, 1.3150526385577421, 2.0127231819851947, 0.13439922221173806, 3.0987267531602454, 0.40949123365635787, 0.6893390592278152, 3.6290623256725336, 2.289615253761375, 2.7535411235599243, 3.31012860972704, 2.7875840646048546, -0.06514517750626769, 2.0972849649864838, 0.29909970603689784, 0.300256115493974, 3.7982752898035415, 2.4857456425974656, 1.6646228780483858, 3.448204992866148, 1.6663052213737015, 3.4426837695338945, 3.2591192929548702, 1.73071118295011, 1.3146234171251405, 1.2442242565386146, 1.3313324689506687, 3.770601514916613, 1.627714497439554, 1.7060148262096688, 2.844809053448567, 0.3741167321263932, 2.34028520265744, 0.47188053928611895, 1.5411909097238454, 2.944023768667451, 3.5385456086621083, 3.256727268176058, 0.10715316589813373, 2.4530561371073203, 1.9544386058467489, -0.0769295089648061, 2.8041639712773594, 1.7133748388587264, 2.6204723574304634, 1.6109724098749132, 2.222693468632594, 2.8639658548410205, 0.06628196902181349, 1.9292739147089193, 3.356218612448296, 2.153396178339924, -0.0541267884123795, 2.4968246202631383, 3.267140511385473, 2.7810341105859315, 2.0619626383115213, 0.4090859800211577, 0.859854608326073, 1.9618450646745635, 2.686887735166052, 2.110417316001846, 2.1855576947712008, 2.1480216882021916, 0.28614893432090227, 0.30846970084627934, 1.6960239764054135, 3.749071717471228, 3.5729910982599464, 2.918171661685779, 1.2765362978010393, 2.477599179792463, 1.8484653814309355, 0.22611015963744574, 2.3999086064225317, 2.2027974711133345, 3.7245011649386472, 0.3142539400235309, 2.175735493333537, 1.6735445012391899, 1.6907394812882104, 2.7241410844795713, 3.825580724256546, 0.23811670041815747, 0.5437858677348153, 1.4949676878881795, 2.289918158552028, 1.0313480940986532, 0.09598546900395544, 2.3563390513012745, 3.866437739119535, 2.4233710802694595, 1.578719040759056, 3.558426936902789, 0.1742736199783197, 0.6798504507709426, 2.54415067145386, 2.251680163352446, 2.847573054614915, 3.836020054453904, 2.4727943577813054, 2.55703503455328, 2.182666710296462, 0.5298885366595247, 2.1643650510048484, 0.23643713728082494, 0.37159915997800175, 3.2644944446030495, 1.6960267675144278, 2.7686683848224476, 1.4000192166034697, 2.2913540877746397, 3.109301862474136, -0.05143129834404592, 2.427027547299511, 2.298586679317113, 3.23273958168458, 1.2288658403404857, 1.7220126634876598, 1.6766168506810795, 0.6684599512254707, 1.704728481090208, 1.0130194089024294, 2.9806205252764633, 2.623131574741861, 1.0146555477931634, 3.1683296716363496, 3.2266927776499625, 3.6691486048436888, 2.389663328349313, 1.8189731107883023, 2.6430007719218587, 2.033022367899978, 0.6298641512109757, 2.8456447917243035, 0.4239393123667443, 0.4810093714912549, 1.790190371678839, 1.6926592743891906, 3.6192573483854824, 3.862601776925005, 1.6922408364025974, 1.6091771777811725, 0.5401763971979019, 2.781693537167947, 2.506619468542645, 0.5299980613093318, 2.151033432254474, 2.5318565580459116, 2.4406335506687995, 3.5128728991848757, 1.0742645100397863, 3.2891579054219955, 3.02664700790422, 2.711589812800664, 3.6183264875836008, 0.5201208199346661, 3.8343504146275373, 3.5094891517569, 3.670907481152836, 3.5760862033563945, 0.06302217092870954, 0.7926654250642902, 0.7293349010786561, 2.931390738389991, 4.419353233493169, 0.3763108504313508, 1.4592093574249692, 3.19736651336843, 4.292061512890083, 0.6779764974397571, 4.59474956521782, 3.4055220173165957, 0.3951287115578559, 1.7876237729465663, 2.0682204563630275, 1.8734660676361001, 1.3498218511011089, 1.6994149910565524, 3.0906845369324203, 1.9787966799441252, 4.458743575938144, 1.8676304010917093, 3.4453479258824755, 0.14175339212505955, 3.473854583000202, 1.6066744090929819, 2.9287007744905074, 3.759185453465906, 1.4356432276326836, 1.2159542192995354, 1.2020991756219017, 2.454081964999145, 2.691288083434006, 0.7284855163450017, 0.15038295036931748, 2.959277847299824, 3.318863206312778, 2.0983614950626834, 4.233473413584987, 0.2503705500791322, 2.417466271971039, 1.616285732078809, 2.655760078141214, 1.8646337751722601, 0.9560643036295731, 1.1253506910751758, 0.4812436675476719, 3.102837054353095, 0.26339507776241255, 1.0610628464040464, 0.6946304328298294, 1.1448980184836897, 0.3050542233609268, 2.242275926749845, 3.0124185011969686, 3.4615430184989084, 1.6382810466861084, 2.7530788815063274, 1.4830193905760958, 1.6978704098233428, 3.123031608951087, 3.2567042678640767, 2.314227962422968, 2.7148028467696896, 1.9804299931636642, 2.6847232819594193, 0.5708730564581483, 2.872223297625976, 3.7311819435675284, 4.192695378232576, 3.7777270294721164, 3.8511413187473336, 3.6746470022668447, 3.896982520733629, 3.6805134501475587, 4.390660619643221, 3.5236289837464776, 4.2965603153172385, 3.9886880627131354, 4.208741242138251, 4.156792156062021, 4.1551308340549244, 4.155045681753551, 3.842819233088039, 3.770902391780548, 3.6792185563189204, 3.702974954556819, 3.726684871908864, 4.394542790283964, 3.464806307906513, 4.192600241627391, 4.18788402222694, 3.975832227160231, 3.710532508325611, 4.366973355352009, 3.912699412537804, 5.17756955182516, 5.284725382984538, 4.7925541287094156, 4.803125739806418, 5.136171717380691, 4.883165125847168, 5.041663641931523, 5.289252096377165, 4.63179901411129, 4.718043024276049, 4.868848351892229, 4.821315160076757, 5.002469800534401, 5.169377020120441, 4.668593094387398, 5.217541179693603, 4.874861029178981, 5.114550557586973, 4.898419470961908, 4.579948351919375, 4.4486989778877035, 5.042388428657258, 4.8652316090548275, 5.22557987376941, 5.185703152756608, 4.670471895502141, 4.746815935162562, 4.8895389448646025, 4.477268309166609, 