{"model": "catboost_minilm_features-extract_sentence_length_by_word", "type": "test", "seed": 41, "time_start": "2026-02-28T11:16:46.816655", "mse": 0.7338477373123169, "accuracy": 0.5196374622356495, "corr": 0.862846272040927, "precision": [0.8333333333333334, 0.28, 0.35353535353535354, 0.45454545454545453, 0.7804878048780488, 1.0], "recall": [0.17857142857142858, 0.4666666666666667, 0.6481481481481481, 0.38461538461538464, 0.5714285714285714, 0.8909090909090909], "f1": [0.29411764705882354, 0.35, 0.45751633986928103, 0.4166666666666667, 0.6597938144329897, 0.9423076923076923], "support": [56, 45, 54, 65, 56, 55], "confusion_matrix": [[10, 32, 11, 3, 0, 0], [1, 21, 22, 1, 0, 0], [1, 14, 35, 4, 0, 0], [0, 8, 29, 25, 3, 0], [0, 0, 2, 22, 32, 0], [0, 0, 0, 0, 6, 49]], "predictions": [1.7510044574737549, 2.0594663619995117, 3.8284201622009277, 1.1593767404556274, 1.8309032917022705, 0.3134779930114746, 1.9772744178771973, 0.1665055751800537, 0.7428076267242432, 1.4331761598587036, 2.5150322914123535, 0.8542922735214233, 1.6552505493164062, 2.6803231239318848, 1.3024767637252808, 2.274864912033081, 1.577284574508667, 2.7889156341552734, 1.3915045261383057, 1.530716896057129, 0.9680594205856323, 1.1608871221542358, 0.7027349472045898, 1.5788342952728271, 2.5448219776153564, 1.9189448356628418, 3.2334043979644775, 1.8395860195159912, 1.5911006927490234, 2.4577479362487793, 0.4829716682434082, 1.871427297592163, 1.5711017847061157, 2.187103033065796, 2.2812540531158447, 1.9139537811279297, 0.49182987213134766, 1.285935878753662, 3.47851824760437, 1.4974749088287354, 1.3820828199386597, 0.3037850856781006, 3.535616874694824, 2.433420419692993, 2.4071767330169678, 1.467944860458374, 1.334500789642334, 3.6298370361328125, 3.1150128841400146, 3.0856454372406006, 1.7103289365768433, 1.771167516708374, 4.020835876464844, 1.722927212715149, 2.7052760124206543, 2.416109323501587, 1.001349687576294, 0.8858951330184937, 3.008132219314575, 2.173144578933716, 3.331295967102051, 3.4209866523742676, 3.6975088119506836, 1.8116588592529297, 1.2525700330734253, 1.96747887134552, 1.636347770690918, 1.127941608428955, 1.925132155418396, 2.839515447616577, 0.7096794843673706, 1.9922130107879639, 0.17323637008666992, 0.7569030523300171, 1.046321988105774, 2.788628578186035, 0.32888340950012207, 1.6662070751190186, 1.3587839603424072, 1.0471305847167969, 1.0005837678909302, 3.5318174362182617, 1.4890775680541992, 0.5144249200820923, 0.8527288436889648, 0.44899916648864746, 0.6664053201675415, 1.4166951179504395, 2.0014588832855225, 3.3907368183135986, 1.3688645362854004, 4.132368087768555, 0.9632285833358765, 3.029542922973633, 0.7252511978149414, 2.923506736755371, 3.402067184448242, 2.670482873916626, 1.8950875997543335, 1.9835302829742432, 1.9352760314941406, 3.4656176567077637, 1.5556057691574097, 1.5737254619598389, 1.0877532958984375, 2.303661346435547, 1.0804052352905273, 0.7735384702682495, 1.810174584388733, 0.4059467315673828, 2.6656391620635986, 1.3509938716888428, 1.571761131286621, 1.2573230266571045, 2.1368801593780518, 2.99708890914917, 0.20459270477294922, 1.1509310007095337, 2.932831048965454, 0.46802616119384766, 2.25958251953125, 2.8764548301696777, 1.603467345237732, 2.7961623668670654, 1.7739557027816772, 1.7060534954071045, 3.089357614517212, 1.2182905673980713, 1.342660665512085, 2.6632914543151855, 2.512826919555664, 1.1783136129379272, 2.531567096710205, 3.54707670211792, 0.8529149293899536, 2.117077112197876, 3.553330898284912, 1.7130321264266968, 2.7296314239501953, 2.599982738494873, 1.4629379510879517, 4.014212608337402, 1.5758187770843506, 2.5393574237823486, 1.6277276277542114, 2.459141731262207, 1.6497182846069336, 1.8767476081848145, 1.4793096780776978, 1.647019624710083, 0.8929128646850586, 2.4283533096313477, 0.7614026069641113, 3.425935745239258, 1.156171202659607, 1.8875325918197632, 3.029301166534424, 1.8615940809249878, 2.1974740028381348, 3.927867889404297, 3.5270211696624756, 2.1057209968566895, 3.4018731117248535, 0.6245865821838379, 2.8557331562042236, 2.8169379234313965, 2.6945128440856934, 1.9252125024795532, 0.897779107093811, 1.448422908782959, 2.3730599880218506, 0.51823890209198, 1.457605242729187, 2.3722081184387207, 1.6948010921478271, 1.2819958925247192, 4.046010971069336, 1.6087098121643066, 2.492635726928711, 2.5166916847229004, 0.843408465385437, 2.2277069091796875, 0.9303288459777832, 0.6710927486419678, 0.8494620323181152, 3.1928865909576416, 2.2146623134613037, 3.7829813957214355, 1.7333567142486572, 1.9527881145477295, 1.5093013048171997, 1.0255662202835083, 2.2031984329223633, 2.8703441619873047, 2.3427517414093018, 3.95131778717041, 3.4582581520080566, 4.321712970733643, 4.097026348114014, 3.348957061767578, 3.5824623107910156, 3.1789510250091553, 4.456004619598389, 4.338991641998291, 3.996835231781006, 3.659921884536743, 2.7319064140319824, 3.906888008117676, 4.488101005554199, 3.294053554534912, 3.7390923500061035, 4.1617817878723145, 4.267512321472168, 4.386369228363037, 3.9352898597717285, 3.486511468887329, 3.347262382507324, 3.771697759628296, 5.70182991027832, 4.798705101013184, 4.9782795906066895, 4.507582664489746, 4.168487548828125, 5.735085487365723, 5.047504425048828, 4.654599189758301, 4.466475009918213, 4.303112506866455, 5.131657600402832, 5.313502311706543, 4.715432167053223, 5.3077712059021, 4.530871391296387, 5.545649528503418, 4.567415237426758, 5.123647689819336, 4.784046173095703, 5.032088279724121, 4.883336067199707, 4.827460765838623, 4.716512680053711, 5.340360641479492, 4.630868911743164, 5.447686672210693, 5.377424716949463, 4.794119834899902, 5.01834774017334, 4.741293907165527, 4.8626227378845215, 5.064568519592285, 5.228736877441406, 4.874135971069336, 4.836912155151367, 4.588369369506836, 4.552758693695068, 5.087085723876953, 5.30986213684082, 5.803553581237793, 5.269164562225342, 4.742538928985596, 4.040837287902832, 5.239363193511963, 1.5427316427230835, 1.484187364578247, 1.7325966358184814, 2.3449196815490723, 1.1255722045898438, 2.058387517929077, 1.8882865905761719, 1.0409770011901855, 2.4652230739593506, 2.1823315620422363, 4.19238805770874, 1.9195923805236816, 5.277006149291992, 3.239675760269165, 0.7797865867614746, 2.076836109161377, 5.289949417114258, 2.279231548309326, 2.123600482940674, 0.7303309440612793, 2.1651597023010254, 1.095259666442871, 1.2647627592086792, 1.2391929626464844, 1.55464768409729, 0.9726676940917969, 2.217397928237915, 4.302734375, 1.1407092809677124, 2.3787546157836914, 2.4544448852539062, 2.1215782165527344, 5.2154693603515625, 0.7138503789901733, 3.3093104362487793, 1.99847412109375, 4.970236301422119, 4.2874040603637695, 1.3176393508911133, 0.6341729164123535, 3.4448633193969727, 1.7457048892974854, 0.42482638359069824, 5.477038860321045, 4.10655403137207, 1.864410400390625, 1.1953140497207642, 1.5881712436676025, 2.7250702381134033, 2.0344884395599365, 2.0590078830718994, 4.922069549560547, 1.5786454677581787, 1.2590736150741577, 4.630130767822266, 1.847306728363037, 2.9982521533966064, 2.747520923614502, 3.652531147003174, 1.9581384658813477, 2.2086739540100098, 0.6703145503997803, 1.7851133346557617, 1.0670828819274902, 5.619479656219482, 4.070624351501465, 4.756756782531738, 2.662599802017212, 3.7332630157470703], "params": {"iterations": 1510, "learning_rate": 0.014286, "depth": 3, "l2_leaf_reg": 3.4047e-06, "bagging_temperature": 2.5656, "random_strength": 4.1266, "border_count": 207}, "time_end": "2026-02-28T11:16:46.907680"}