{"model": "catboost_minilm_features-extract_events", "type": "test", "seed": 42, "time_start": "2026-02-28T11:49:31.433712", "mse": 0.730654776096344, "accuracy": 0.4984894259818731, "corr": 0.8636854318733846, "precision": [0.8181818181818182, 0.25316455696202533, 0.3645833333333333, 0.42105263157894735, 0.7380952380952381, 1.0], "recall": [0.16071428571428573, 0.4444444444444444, 0.6481481481481481, 0.36923076923076925, 0.5535714285714286, 0.8363636363636363], "f1": [0.26865671641791045, 0.3225806451612903, 0.4666666666666667, 0.39344262295081966, 0.6326530612244898, 0.9108910891089109], "support": [56, 45, 54, 65, 56, 55], "confusion_matrix": [[9, 35, 9, 3, 0, 0], [1, 20, 23, 1, 0, 0], [1, 13, 35, 5, 0, 0], [0, 11, 28, 24, 2, 0], [0, 0, 1, 24, 31, 0], [0, 0, 0, 0, 9, 46]], "predictions": [1.8935437202453613, 1.9648213386535645, 3.808697462081909, 1.0151091814041138, 1.8949761390686035, 0.022384166717529297, 1.8610332012176514, 0.21150445938110352, 0.8863331079483032, 1.3869432210922241, 2.093186855316162, 0.85243821144104, 1.641175389289856, 2.8142032623291016, 1.2055972814559937, 2.130667209625244, 1.8199613094329834, 2.7611706256866455, 1.5091769695281982, 1.631096363067627, 0.8369982242584229, 1.475160002708435, 0.7321940660476685, 1.6927909851074219, 2.419813871383667, 1.9382565021514893, 2.9955332279205322, 1.635107159614563, 1.6456327438354492, 2.534716844558716, 0.23032259941101074, 2.0303215980529785, 1.6131436824798584, 2.2000412940979004, 2.137331962585449, 2.047732353210449, 0.4944026470184326, 1.217671513557434, 3.4415736198425293, 1.5496881008148193, 1.4977937936782837, 0.30190014839172363, 3.374143123626709, 2.4014346599578857, 2.7813267707824707, 1.3698499202728271, 1.2653788328170776, 3.4362030029296875, 2.9258534908294678, 2.8922977447509766, 1.661639928817749, 1.7789726257324219, 4.036343097686768, 1.448914647102356, 2.8598451614379883, 2.4560351371765137, 0.9103076457977295, 0.7018046379089355, 2.9761123657226562, 2.230576753616333, 3.161376714706421, 3.2945547103881836, 3.677955150604248, 1.64609956741333, 1.1323084831237793, 2.3023922443389893, 1.756779670715332, 1.1765412092208862, 1.9505010843276978, 2.791811943054199, 0.6090712547302246, 1.6797734498977661, 0.2174394130706787, 0.37195539474487305, 1.0240353345870972, 2.7691915035247803, 0.27463221549987793, 1.5419760942459106, 1.3067944049835205, 1.280263066291809, 0.8808777332305908, 3.1163523197174072, 1.687179684638977, 0.561293363571167, 1.1400686502456665, 0.44387221336364746, 0.929629921913147, 1.3712316751480103, 2.0289621353149414, 3.284017562866211, 1.4019975662231445, 3.976179599761963, 1.2613489627838135, 3.2623255252838135, 0.7297875881195068, 2.9620988368988037, 3.2984933853149414, 2.533325672149658, 1.6578786373138428, 1.899967908859253, 1.8649139404296875, 3.365816831588745, 1.531770944595337, 1.3689683675765991, 1.0356223583221436, 2.4276609420776367, 1.0856126546859741, 0.6696979999542236, 1.7297900915145874, 0.39483070373535156, 2.7277448177337646, 1.269168734550476, 1.3121875524520874, 1.344642162322998, 2.0029280185699463, 3.2189407348632812, 0.27190399169921875, 1.0940992832183838, 2.895869255065918, 0.6388871669769287, 2.1745970249176025, 2.651431083679199, 1.5875322818756104, 2.669198513031006, 1.8109052181243896, 1.8391880989074707, 3.0583808422088623, 1.362216830253601, 1.3330299854278564, 2.7821927070617676, 2.7745392322540283, 1.1770004034042358, 2.5146572589874268, 3.4509785175323486, 0.8067837953567505, 2.341427803039551, 3.3780179023742676, 1.4404006004333496, 2.7457222938537598, 2.7011075019836426, 1.2770048379898071, 4.043279647827148, 1.477734088897705, 2.447692632675171, 1.5059758424758911, 2.542602300643921, 1.565422773361206, 1.9330503940582275, 1.483608365058899, 1.643844723701477, 1.0288501977920532, 2.187898635864258, 0.91533362865448, 3.2984495162963867, 1.154847264289856, 1.7503697872161865, 3.0926411151885986, 1.7118756771087646, 2.190885543823242, 3.800872325897217, 3.4401304721832275, 2.0422372817993164, 3.3337762355804443, 0.893862247467041, 2.939192295074463, 2.847440242767334, 2.5420212745666504, 1.988419532775879, 0.8942440748214722, 1.6076271533966064, 2.5110368728637695, 0.579267144203186, 1.3189948797225952, 2.239370584487915, 1.8631796836853027, 1.171488881111145, 4.16016149520874, 1.4334995746612549, 2.333319664001465, 2.3856117725372314, 1.0408895015716553, 2.4024267196655273, 0.9702614545822144, 0.696649432182312, 0.6954813003540039, 3.342494487762451, 2.0024521350860596, 3.816521644592285, 1.8407583236694336, 2.05717396736145, 1.8130056858062744, 0.8041795492172241, 2.2268636226654053, 2.682260513305664, 2.2340171337127686, 4.0503106117248535, 3.550783157348633, 4.3852996826171875, 3.940296173095703, 3.3036842346191406, 3.4359800815582275, 2.9704153537750244, 4.3896894454956055, 4.212075233459473, 4.050924301147461, 3.6113905906677246, 2.9379324913024902, 3.8936681747436523, 4.467817783355713, 3.6025898456573486, 3.6306662559509277, 4.1250152587890625, 4.006475448608398, 4.3380842208862305, 3.7134785652160645, 3.634817123413086, 3.361833095550537, 3.5948219299316406, 5.611682891845703, 4.951967239379883, 4.903979301452637, 4.55355167388916, 4.16450834274292, 5.511205673217773, 4.945981502532959, 4.716353416442871, 4.151275157928467, 4.485462665557861, 5.072920799255371, 5.303507328033447, 4.485307216644287, 5.273174285888672, 4.371342182159424, 5.5115461349487305, 4.68550968170166, 5.196749687194824, 4.664463520050049, 5.016416549682617, 4.711849212646484, 4.8224029541015625, 4.607139587402344, 5.3406877517700195, 4.602917194366455, 5.494839191436768, 5.228092193603516, 4.765000343322754, 4.937982082366943, 4.557284355163574, 4.862988471984863, 5.1290435791015625, 5.238633155822754, 4.873167037963867, 4.822846412658691, 4.422490119934082, 4.58453369140625, 5.134128570556641, 5.341673851013184, 5.598466873168945, 5.318928241729736, 4.8326096534729, 4.088014602661133, 5.139247894287109, 1.4902021884918213, 1.3983497619628906, 1.8053812980651855, 2.2851316928863525, 0.9761523008346558, 2.2112338542938232, 1.9620856046676636, 1.1024998426437378, 2.3000664710998535, 1.9476474523544312, 4.172359466552734, 1.975003957748413, 5.23054313659668, 3.7101454734802246, 0.7078526020050049, 1.9905433654785156, 5.155590057373047, 2.303832769393921, 2.15531325340271, 0.8813458681106567, 2.1734044551849365, 1.0172441005706787, 1.4216433763504028, 1.6382883787155151, 1.8136379718780518, 1.0256602764129639, 2.0768961906433105, 4.240945816040039, 0.9858825206756592, 2.3883473873138428, 2.6810832023620605, 2.04960298538208, 5.266334533691406, 0.7345894575119019, 3.56083083152771, 1.797021508216858, 4.851681709289551, 4.187779426574707, 1.398598551750183, 0.6567226648330688, 3.3741135597229004, 1.815053939819336, 0.5165764093399048, 5.391238689422607, 3.9881834983825684, 1.8794045448303223, 1.578205943107605, 1.343047022819519, 2.6506829261779785, 1.6910204887390137, 2.108912944793701, 4.638784408569336, 1.4702913761138916, 1.3486353158950806, 4.504171848297119, 1.7991247177124023, 3.033703088760376, 2.790487766265869, 3.7493948936462402, 1.8042418956756592, 2.4814534187316895, 0.757152795791626, 1.5789661407470703, 0.9550845623016357, 5.541964530944824, 4.050580024719238, 4.616246223449707, 2.4399709701538086, 3.728440284729004], "params": {"iterations": 1510, "learning_rate": 0.014286, "depth": 3, "l2_leaf_reg": 3.4047e-06, "bagging_temperature": 2.5656, "random_strength": 4.1266, "border_count": 207}, "time_end": "2026-02-28T11:49:31.489830"}