{"model": "catboost_minilm_features-extract_preposition_imageability_avg", "type": "test", "seed": 41, "time_start": "2026-02-28T12:01:57.796681", "mse": 0.7174434661865234, "accuracy": 0.4954682779456193, "corr": 0.8661788401834307, "precision": [0.8461538461538461, 0.2972972972972973, 0.35353535353535354, 0.3793103448275862, 0.7, 0.9787234042553191], "recall": [0.19642857142857142, 0.4888888888888889, 0.6481481481481481, 0.3384615384615385, 0.5, 0.8363636363636363], "f1": [0.3188405797101449, 0.3697478991596639, 0.45751633986928103, 0.35772357723577236, 0.5833333333333334, 0.9019607843137255], "support": [56, 45, 54, 65, 56, 55], "confusion_matrix": [[11, 32, 10, 3, 0, 0], [1, 22, 21, 1, 0, 0], [1, 12, 35, 6, 0, 0], [0, 8, 32, 22, 3, 0], [0, 0, 1, 26, 28, 1], [0, 0, 0, 0, 9, 46]], "predictions": [1.817591667175293, 2.0579800605773926, 3.7838034629821777, 1.0470267534255981, 1.971899151802063, 0.34410548210144043, 1.9078391790390015, 0.17766308784484863, 0.8442370891571045, 1.5007266998291016, 2.2487707138061523, 0.9036434888839722, 1.641601800918579, 2.6260666847229004, 1.1865440607070923, 2.2914235591888428, 1.519801139831543, 2.9404563903808594, 1.4787797927856445, 1.6808655261993408, 1.0363448858261108, 1.2550392150878906, 0.7304551601409912, 1.5318126678466797, 2.417555809020996, 1.7315709590911865, 3.0822958946228027, 1.8253450393676758, 1.4988973140716553, 2.357077121734619, 0.3331904411315918, 1.8212695121765137, 1.7159069776535034, 2.0812361240386963, 2.1847116947174072, 2.189669609069824, 0.5194829702377319, 1.1110827922821045, 3.3780407905578613, 1.6424260139465332, 1.236322283744812, 0.306560754776001, 3.2520015239715576, 2.32106876373291, 2.5692527294158936, 1.5636011362075806, 1.2013108730316162, 3.396127939224243, 3.0610191822052, 3.114551305770874, 1.665086030960083, 1.7769088745117188, 3.907437324523926, 1.4139381647109985, 2.673640012741089, 2.550360679626465, 0.9242579936981201, 0.7864841222763062, 3.039104700088501, 2.1818528175354004, 3.1589243412017822, 3.4306347370147705, 3.594757080078125, 1.6861956119537354, 1.220704436302185, 2.1256723403930664, 1.6413865089416504, 1.177573323249817, 2.008739709854126, 2.815823793411255, 0.583253026008606, 1.962404727935791, 0.27812957763671875, 0.4374980926513672, 0.8261764049530029, 2.8780436515808105, 0.3152809143066406, 1.6729834079742432, 1.3311777114868164, 1.170935034751892, 0.8918896913528442, 3.3313629627227783, 1.5108697414398193, 0.4599599838256836, 1.2049283981323242, 0.4061765670776367, 0.45906662940979004, 1.3348525762557983, 2.12962007522583, 3.2709522247314453, 1.2704346179962158, 4.1328444480896, 1.2906662225723267, 3.2012572288513184, 0.5061684846878052, 2.7410552501678467, 3.381687641143799, 2.664536237716675, 1.795063853263855, 2.0477209091186523, 1.748673677444458, 3.596566677093506, 1.5563832521438599, 1.537060022354126, 1.089480996131897, 2.396615743637085, 1.1616910696029663, 0.5780737400054932, 1.8008439540863037, 0.37270379066467285, 2.700535535812378, 1.6231396198272705, 1.4668413400650024, 1.270198941230774, 2.197338581085205, 3.080443859100342, 0.29712653160095215, 1.1995594501495361, 2.929988145828247, 0.5025444030761719, 2.264749765396118, 2.5935416221618652, 1.4964333772659302, 2.833913803100586, 2.0035696029663086, 1.8201110363006592, 3.0855095386505127, 1.3580522537231445, 1.2670238018035889, 2.891317367553711, 2.611680269241333, 1.2609353065490723, 2.4189608097076416, 3.4512486457824707, 0.9204354286193848, 2.0638391971588135, 3.4409451484680176, 1.5393612384796143, 2.648040294647217, 2.595867395401001, 1.3037382364273071, 4.012813091278076, 1.3929030895233154, 2.3165884017944336, 1.4537148475646973, 2.4850521087646484, 1.4911630153656006, 1.7758784294128418, 1.525010585784912, 1.7289713621139526, 1.0138534307479858, 2.3655354976654053, 0.7709472179412842, 3.470935583114624, 1.2324155569076538, 1.8247952461242676, 3.0485212802886963, 1.762805700302124, 2.22275710105896, 3.7422709465026855, 3.343653917312622, 2.1285030841827393, 3.4432213306427, 0.760962724685669, 2.8146328926086426, 2.903883934020996, 2.6973178386688232, 2.008975028991699, 1.153581142425537, 1.60653817653656, 2.4378130435943604, 0.49509668350219727, 1.5061888694763184, 2.3650453090667725, 1.5960556268692017, 1.185158133506775, 4.3138957023620605, 1.5493695735931396, 2.675340414047241, 2.387908697128296, 0.9193395376205444, 2.009737730026245, 1.025747299194336, 0.6391687393188477, 0.6079870462417603, 3.386007785797119, 1.964756727218628, 3.7266976833343506, 1.7427458763122559, 2.074127197265625, 1.7912710905075073, 0.9423785209655762, 2.3338534832000732, 2.656409978866577, 2.3789517879486084, 4.259247779846191, 3.3616318702697754, 4.413900375366211, 3.8865809440612793, 3.5260610580444336, 3.4123735427856445, 3.192405939102173, 4.377328872680664, 4.33350133895874, 4.129990577697754, 3.725832462310791, 2.9656283855438232, 4.0477824211120605, 4.596885681152344, 3.490324020385742, 3.856372356414795, 4.210934638977051, 4.005071640014648, 4.353793144226074, 3.9953694343566895, 3.6348941326141357, 3.3527917861938477, 3.7152085304260254, 5.680908679962158, 4.886154651641846, 5.109441757202148, 4.3739013671875, 4.314170837402344, 5.514939308166504, 5.048044204711914, 4.673680782318115, 4.500680923461914, 4.4727373123168945, 4.9677324295043945, 5.403102874755859, 4.63323974609375, 5.182971000671387, 4.451113224029541, 5.673368453979492, 4.657565116882324, 5.293619155883789, 4.839663505554199, 5.0489821434021, 4.626288890838623, 5.035168647766113, 4.676220417022705, 5.528141021728516, 4.583804130554199, 5.348614692687988, 5.545762062072754, 5.014786720275879, 4.870441913604736, 4.735779762268066, 4.889669895172119, 5.061829566955566, 5.082540512084961, 4.962026596069336, 4.960951805114746, 4.453842639923096, 4.7392683029174805, 5.241497993469238, 5.404336929321289, 5.652632713317871, 5.380957126617432, 4.829261779785156, 4.09141206741333, 5.153850078582764, 1.6897683143615723, 1.3124727010726929, 1.8929989337921143, 2.5502054691314697, 1.0935698747634888, 1.9228413105010986, 1.9848546981811523, 1.0600591897964478, 2.35776948928833, 2.117486000061035, 4.322203636169434, 2.104905366897583, 5.258217811584473, 3.7164933681488037, 0.7170343399047852, 1.9408462047576904, 5.138143062591553, 2.37966251373291, 2.284212112426758, 0.7015407085418701, 2.3866591453552246, 1.034422516822815, 1.4322713613510132, 1.367911458015442, 1.7173199653625488, 0.8747360706329346, 2.2966816425323486, 4.119250297546387, 1.0675634145736694, 2.435580253601074, 2.7526187896728516, 2.0698609352111816, 5.507728576660156, 0.9397993087768555, 3.379362106323242, 1.7854163646697998, 5.04259729385376, 4.2671403884887695, 1.4656928777694702, 0.7554574012756348, 3.170681953430176, 1.6828699111938477, 0.6073787212371826, 5.405510902404785, 4.099417209625244, 1.951251745223999, 1.459301233291626, 1.3790996074676514, 2.7186362743377686, 1.9422569274902344, 1.955003261566162, 4.7856855392456055, 1.576540231704712, 1.2885684967041016, 4.479277610778809, 1.9158965349197388, 2.9941821098327637, 2.738753080368042, 3.660224437713623, 1.9246429204940796, 2.138700008392334, 0.7950960397720337, 1.649285912513733, 1.0470142364501953, 5.5217180252075195, 4.047028064727783, 4.8442583084106445, 2.668708562850952, 3.7536325454711914], "params": {"iterations": 1510, "learning_rate": 0.014286, "depth": 3, "l2_leaf_reg": 3.4047e-06, "bagging_temperature": 2.5656, "random_strength": 4.1266, "border_count": 207}, "time_end": "2026-02-28T12:01:57.886002"}