{"model": "catboost_minilm_features-extract_supersense", "type": "test", "seed": 41, "time_start": "2026-02-28T11:50:38.174310", "mse": 0.7816763520240784, "accuracy": 0.486404833836858, "corr": 0.8531071073921125, "precision": [0.875, 0.30120481927710846, 0.3229166666666667, 0.3620689655172414, 0.7777777777777778, 0.98], "recall": [0.125, 0.5555555555555556, 0.5740740740740741, 0.3230769230769231, 0.5, 0.8909090909090909], "f1": [0.21875, 0.390625, 0.41333333333333333, 0.34146341463414637, 0.6086956521739131, 0.9333333333333333], "support": [56, 45, 54, 65, 56, 55], "confusion_matrix": [[7, 35, 11, 3, 0, 0], [0, 25, 18, 2, 0, 0], [1, 14, 31, 8, 0, 0], [0, 9, 33, 21, 2, 0], [0, 0, 3, 24, 28, 1], [0, 0, 0, 0, 6, 49]], "predictions": [1.4917105436325073, 2.062225341796875, 3.784355401992798, 1.102011799812317, 2.521083354949951, 0.3272104263305664, 1.7632983922958374, 0.41956210136413574, 0.5282042026519775, 1.5018746852874756, 2.354221820831299, 0.9692511558532715, 1.7783074378967285, 2.8894824981689453, 1.3472455739974976, 1.8304029703140259, 1.532047986984253, 2.657564640045166, 1.0824341773986816, 1.734973430633545, 1.0811445713043213, 1.4662178754806519, 0.9627187252044678, 1.642046332359314, 2.7002768516540527, 2.0985710620880127, 2.986975908279419, 1.7344202995300293, 1.6752254962921143, 2.031181573867798, 0.8437049388885498, 2.202394723892212, 1.4691838026046753, 2.3524351119995117, 1.8869489431381226, 1.7492369413375854, 0.2864665985107422, 1.4423527717590332, 3.3199431896209717, 1.5603511333465576, 1.5650808811187744, 0.2046053409576416, 4.017813682556152, 2.6800310611724854, 2.609105110168457, 1.2028839588165283, 1.1007108688354492, 3.4321751594543457, 2.7398223876953125, 2.725546360015869, 1.7638739347457886, 1.7759499549865723, 3.691525936126709, 1.5993300676345825, 2.8511948585510254, 2.2903239727020264, 1.278562068939209, 1.0639328956604004, 2.6058967113494873, 1.9432623386383057, 3.498713254928589, 3.271829605102539, 3.428166627883911, 1.7022396326065063, 1.3565402030944824, 1.9398245811462402, 1.1101927757263184, 1.0261716842651367, 1.8523468971252441, 2.5624279975891113, 0.8360366821289062, 1.689835786819458, 0.0953059196472168, 0.534436821937561, 0.8623979091644287, 3.0130982398986816, 0.43365955352783203, 1.688755989074707, 1.220511794090271, 0.9668112993240356, 0.8648661375045776, 3.002077579498291, 1.4347788095474243, 0.5930355787277222, 1.0325831174850464, 0.710928201675415, 0.6886922121047974, 1.2191296815872192, 1.5758039951324463, 3.370567798614502, 1.4102296829223633, 3.5704500675201416, 1.1767809391021729, 3.0003929138183594, 0.6734089851379395, 2.377248525619507, 3.0564348697662354, 2.5413010120391846, 1.8951046466827393, 1.5781705379486084, 1.6489453315734863, 3.4889485836029053, 1.608788251876831, 1.4867042303085327, 1.2599650621414185, 1.961172342300415, 1.1677082777023315, 0.8664436340332031, 1.4828206300735474, 0.6720247268676758, 2.287059783935547, 1.371294617652893, 1.6072914600372314, 1.5017991065979004, 1.8506693840026855, 2.6091487407684326, 0.23129987716674805, 1.2318922281265259, 2.628911256790161, 0.9861025810241699, 2.1263649463653564, 2.761136531829834, 1.307056188583374, 3.320169687271118, 1.8413512706756592, 2.0739150047302246, 3.2944817543029785, 1.6882121562957764, 1.2856758832931519, 2.484063148498535, 2.6039576530456543, 1.4123249053955078, 2.277567148208618, 3.3826160430908203, 0.9197851419448853, 1.9492683410644531, 3.4570603370666504, 1.4883960485458374, 2.904078245162964, 2.7920947074890137, 1.1796214580535889, 3.913261890411377, 1.979182481765747, 2.528697967529297, 1.0961049795150757, 2.219383478164673, 1.109580636024475, 1.6473637819290161, 1.1554813385009766, 1.9459667205810547, 0.9609334468841553, 2.0189855098724365, 0.9706473350524902, 3.1724963188171387, 0.8061107397079468, 2.092238187789917, 3.3501851558685303, 2.1900277137756348, 2.4117519855499268, 3.5196280479431152, 3.1011435985565186, 2.148800849914551, 3.2175397872924805, 1.45737624168396, 2.979276657104492, 2.521634101867676, 2.533836841583252, 2.000166893005371, 0.9399895668029785, 1.6051768064498901, 2.3015787601470947, 0.3964979648590088, 1.4569556713104248, 2.5319437980651855, 1.816419243812561, 1.1785658597946167, 4.121861934661865, 1.4570467472076416, 2.4080440998077393, 2.131354808807373, 0.9530292749404907, 2.174988269805908, 1.3804991245269775, 0.7744961977005005, 0.975594162940979, 3.686967372894287, 2.40297794342041, 3.974010467529297, 1.9653995037078857, 2.036249876022339, 1.6803691387176514, 0.5005125999450684, 2.334090232849121, 2.778992176055908, 2.1536335945129395, 3.9705262184143066, 3.3163249492645264, 4.309386253356934, 3.9739878177642822, 3.411799192428589, 3.425952196121216, 3.0385489463806152, 4.358497619628906, 4.465970516204834, 3.8752331733703613, 3.438272714614868, 2.932349681854248, 3.8565220832824707, 4.527111053466797, 3.6955227851867676, 3.8122267723083496, 3.900864601135254, 3.9340953826904297, 4.379231929779053, 3.7070016860961914, 3.5721614360809326, 2.941744804382324, 4.083625316619873, 5.487427711486816, 4.867860317230225, 5.131608009338379, 4.867617607116699, 4.262877941131592, 5.5774126052856445, 5.0462141036987305, 4.87939977645874, 4.100281715393066, 4.659816741943359, 4.747425079345703, 5.2956342697143555, 4.741970539093018, 5.164424896240234, 4.610023498535156, 5.536488056182861, 4.6520891189575195, 5.032466888427734, 4.888810157775879, 5.125046730041504, 5.197989463806152, 4.815511703491211, 4.771454811096191, 5.292130947113037, 4.369116306304932, 5.51528263092041, 5.115106582641602, 5.004779815673828, 5.09468936920166, 4.64124870300293, 4.98017692565918, 5.03478479385376, 4.97059440612793, 4.7393293380737305, 4.937148094177246, 4.898547172546387, 4.168038845062256, 5.160026550292969, 5.191237449645996, 5.524761199951172, 5.089365005493164, 4.600841522216797, 4.430323600769043, 5.231558322906494, 1.6674604415893555, 1.5514862537384033, 2.2843105792999268, 2.7709975242614746, 1.4241067171096802, 2.5694234371185303, 1.8493080139160156, 1.036423683166504, 2.9059641361236572, 2.468336820602417, 4.605721950531006, 2.098545551300049, 5.2772698402404785, 3.556212902069092, 1.1497881412506104, 1.639736533164978, 4.813425064086914, 2.4445717334747314, 2.3646066188812256, 0.7266099452972412, 1.8588829040527344, 1.0689963102340698, 1.5740755796432495, 1.155324935913086, 1.8365978002548218, 1.12180495262146, 1.9529978036880493, 4.460517406463623, 1.2889268398284912, 2.1972463130950928, 1.988102912902832, 1.782306432723999, 5.270256996154785, 1.1586430072784424, 3.3476951122283936, 1.8610379695892334, 5.081965923309326, 4.165279865264893, 1.2682898044586182, 0.7509595155715942, 3.283464193344116, 1.960618257522583, 0.6115398406982422, 5.466795921325684, 3.7084038257598877, 1.9098565578460693, 1.1562103033065796, 1.2163820266723633, 2.6293110847473145, 1.9323253631591797, 1.8147169351577759, 4.826754570007324, 1.2688082456588745, 1.2057914733886719, 4.532467842102051, 1.639119029045105, 2.858510971069336, 2.442068338394165, 3.578122615814209, 1.9479854106903076, 2.4069855213165283, 0.8061254024505615, 1.6458274126052856, 0.964125394821167, 5.610353469848633, 4.155501842498779, 4.748422622680664, 2.4855480194091797, 3.866579532623291], "params": {"iterations": 1510, "learning_rate": 0.014286, "depth": 3, "l2_leaf_reg": 3.4047e-06, "bagging_temperature": 2.5656, "random_strength": 4.1266, "border_count": 207}, "time_end": "2026-02-28T11:50:38.241098"}