{"model": "catboost_minilm_features-extract_lexical_density", "type": "test", "seed": 42, "time_start": "2026-02-28T11:24:53.985866", "mse": 0.7184374332427979, "accuracy": 0.49244712990936557, "corr": 0.8660270125716754, "precision": [0.8333333333333334, 0.2926829268292683, 0.3617021276595745, 0.4074074074074074, 0.6744186046511628, 0.9565217391304348], "recall": [0.17857142857142858, 0.5333333333333333, 0.6296296296296297, 0.3384615384615385, 0.5178571428571429, 0.8], "f1": [0.29411764705882354, 0.3779527559055118, 0.4594594594594595, 0.3697478991596639, 0.5858585858585859, 0.8712871287128713], "support": [56, 45, 54, 65, 56, 55], "confusion_matrix": [[10, 33, 11, 2, 0, 0], [1, 24, 19, 1, 0, 0], [1, 15, 34, 4, 0, 0], [0, 10, 30, 22, 3, 0], [0, 0, 0, 25, 29, 2], [0, 0, 0, 0, 11, 44]], "predictions": [1.886719822883606, 1.8644853830337524, 3.8461763858795166, 1.22825288772583, 1.8436475992202759, 0.3211665153503418, 1.9520947933197021, 0.22984552383422852, 0.8135125637054443, 1.573523759841919, 2.3805339336395264, 0.7891626358032227, 1.5325638055801392, 2.4581758975982666, 1.132330060005188, 2.2137346267700195, 1.4957667589187622, 2.7558932304382324, 1.4048632383346558, 1.7392001152038574, 0.9252827167510986, 1.1676846742630005, 0.7982052564620972, 1.7800328731536865, 2.5921568870544434, 1.8199899196624756, 3.2962019443511963, 1.649672269821167, 1.4429190158843994, 2.4191694259643555, 0.2322096824645996, 1.8869750499725342, 1.7818375825881958, 2.147977590560913, 2.2171308994293213, 2.196706771850586, 0.5107511281967163, 1.0851997137069702, 3.4475793838500977, 1.6047558784484863, 1.4189590215682983, 0.46918702125549316, 3.4211885929107666, 2.1657721996307373, 2.498511791229248, 1.4056353569030762, 1.1718924045562744, 3.5210466384887695, 3.132873773574829, 2.885263681411743, 1.5562758445739746, 1.9371249675750732, 3.8725881576538086, 1.5808234214782715, 2.8660166263580322, 2.029451370239258, 0.945243239402771, 0.7737669944763184, 2.8492536544799805, 2.2300047874450684, 3.150081157684326, 3.3017568588256836, 3.5720489025115967, 1.6097664833068848, 1.3465471267700195, 2.2151687145233154, 1.687119960784912, 1.4553331136703491, 2.172410011291504, 2.8873744010925293, 0.6841748952865601, 1.8389761447906494, 0.19884800910949707, 0.4733572006225586, 1.10445237159729, 2.839202880859375, 0.2549567222595215, 1.5928304195404053, 1.3658638000488281, 1.165038824081421, 0.7981424331665039, 3.3815221786499023, 1.3103244304656982, 0.44211769104003906, 1.2278989553451538, 0.44074344635009766, 0.7885940074920654, 1.260981798171997, 1.865422010421753, 3.358459949493408, 1.2681938409805298, 4.083600997924805, 1.2080609798431396, 3.296204090118408, 0.8725805282592773, 3.0451924800872803, 3.3998146057128906, 2.4949381351470947, 1.698111653327942, 1.964302659034729, 1.6546952724456787, 3.6062111854553223, 1.4375180006027222, 1.4341861009597778, 1.2155752182006836, 2.4022157192230225, 0.9774760007858276, 0.6379293203353882, 1.7814997434616089, 0.456021785736084, 2.9682750701904297, 1.4582703113555908, 1.4464738368988037, 1.2707562446594238, 2.2428786754608154, 3.0573995113372803, 0.32752537727355957, 0.9267219305038452, 2.9186267852783203, 0.6573022603988647, 2.3221282958984375, 2.5283782482147217, 1.4286295175552368, 2.8595447540283203, 1.876952886581421, 1.7461849451065063, 2.8001692295074463, 1.0985157489776611, 1.373266339302063, 2.7470619678497314, 2.481447696685791, 1.3713234663009644, 2.6647658348083496, 3.393801689147949, 0.8059260845184326, 2.098066806793213, 3.360649585723877, 1.5032827854156494, 2.564072370529175, 2.522578716278076, 1.2365524768829346, 3.9147634506225586, 1.4899353981018066, 2.456693649291992, 1.4689984321594238, 2.5105085372924805, 1.7884559631347656, 1.9108810424804688, 1.449519395828247, 1.7117681503295898, 0.9919005632400513, 2.3725028038024902, 0.7909064292907715, 3.3875463008880615, 1.3707847595214844, 1.8579044342041016, 2.979158878326416, 2.1021316051483154, 2.237175703048706, 3.721010684967041, 3.3219053745269775, 2.0369369983673096, 3.4693193435668945, 0.906702995300293, 2.9881234169006348, 2.901859998703003, 2.652222156524658, 1.9692867994308472, 1.0718297958374023, 1.2947319746017456, 2.4943630695343018, 0.5440095663070679, 1.4902304410934448, 2.3879072666168213, 1.6265153884887695, 1.2493094205856323, 4.26833963394165, 1.427556037902832, 2.619288921356201, 2.490931987762451, 0.9412193298339844, 2.22900390625, 0.9613045454025269, 0.7525582313537598, 0.6181352138519287, 3.2434189319610596, 2.1237590312957764, 3.800096035003662, 1.727171778678894, 2.025285005569458, 1.6911633014678955, 0.9481508731842041, 2.095489501953125, 2.801790714263916, 2.1547493934631348, 4.310807228088379, 3.5977275371551514, 4.6357011795043945, 4.076758861541748, 3.301124095916748, 3.379042625427246, 3.215385675430298, 4.268772125244141, 4.044120788574219, 3.994368553161621, 3.5676445960998535, 3.088989734649658, 4.070870399475098, 4.580077171325684, 3.55535626411438, 3.707526206970215, 4.320521354675293, 3.930638313293457, 4.3381428718566895, 3.919293165206909, 3.788290023803711, 3.3358044624328613, 3.695178508758545, 5.663721084594727, 4.946579933166504, 5.23244571685791, 4.453379154205322, 4.20070743560791, 5.694568157196045, 5.000400543212891, 4.605234146118164, 4.288940906524658, 4.271869659423828, 5.032912731170654, 5.372825622558594, 4.698741912841797, 5.240578651428223, 4.276601314544678, 5.506725311279297, 4.472629070281982, 5.283899307250977, 4.637569427490234, 4.973038673400879, 4.687926292419434, 4.90200138092041, 4.666912078857422, 5.377211093902588, 4.517259120941162, 5.411586761474609, 5.512966156005859, 4.874109268188477, 4.979518413543701, 4.647730350494385, 4.8886332511901855, 5.109602451324463, 5.240246772766113, 5.0268754959106445, 4.954991817474365, 4.310515403747559, 4.525120258331299, 5.15043830871582, 5.416703224182129, 5.631694793701172, 5.250617027282715, 4.733157157897949, 3.96388578414917, 5.218808650970459, 1.6080093383789062, 1.300649881362915, 1.907033920288086, 2.4271903038024902, 1.1442805528640747, 1.987176537513733, 2.058828353881836, 1.049367070198059, 2.183243989944458, 2.3266117572784424, 4.185359477996826, 2.003075122833252, 5.304596900939941, 3.7133569717407227, 0.8172818422317505, 2.1021668910980225, 5.1509246826171875, 2.2765493392944336, 2.2241733074188232, 0.7811967134475708, 2.1616597175598145, 0.9832519292831421, 1.5085899829864502, 1.408637285232544, 1.7097718715667725, 1.093276858329773, 2.523435354232788, 4.177893161773682, 0.9381029605865479, 2.0791609287261963, 2.6547913551330566, 1.8876631259918213, 5.261682510375977, 0.9331907033920288, 3.4435975551605225, 1.9921815395355225, 4.989144802093506, 4.329583168029785, 1.3130719661712646, 0.6293114423751831, 3.367917537689209, 1.6466598510742188, 0.4904947280883789, 5.403475761413574, 3.955623149871826, 1.8744769096374512, 1.2276415824890137, 1.4429384469985962, 2.549811363220215, 1.8516931533813477, 1.8356654644012451, 4.824533939361572, 1.5275102853775024, 1.121177315711975, 4.408832550048828, 1.7091078758239746, 2.80391263961792, 2.7181107997894287, 3.660905122756958, 1.7744777202606201, 2.1328604221343994, 0.6676656007766724, 1.724674105644226, 0.9134072065353394, 5.395974159240723, 4.13278341293335, 4.875980854034424, 2.517939567565918, 3.8107476234436035], "params": {"iterations": 1510, "learning_rate": 0.014286, "depth": 3, "l2_leaf_reg": 3.4047e-06, "bagging_temperature": 2.5656, "random_strength": 4.1266, "border_count": 207}, "time_end": "2026-02-28T11:24:54.074173"}