{
  "model": "catboost_minilm_lg",
  "params": {
    "iterations": 1510,
    "learning_rate": 0.014286,
    "depth": 3,
    "l2_leaf_reg": 3.4047e-06,
    "bagging_temperature": 2.5656,
    "random_strength": 4.1266,
    "border_count": 207,
    "small_dataset_weight_multiplier": 200.0
  },
  "type": "test",
  "seed": 42,
  "mse": 0.7958747744560242,
  "accuracy": 0.4198473282442748,
  "precision": [
    0.6363636363636364,
    0.1951219512195122,
    0.3064516129032258,
    0.3488372093023256,
    0.6206896551724138,
    1.0
  ],
  "recall": [
    0.14285714285714285,
    0.5714285714285714,
    0.4222222222222222,
    0.28846153846153844,
    0.4090909090909091,
    0.7954545454545454
  ],
  "f1": [
    0.23333333333333334,
    0.2909090909090909,
    0.35514018691588783,
    0.3157894736842105,
    0.4931506849315068,
    0.8860759493670886
  ],
  "support": [
    49,
    28,
    45,
    52,
    44,
    44
  ],
  "confusion_matrix": [
    [
      7,
      33,
      7,
      2,
      0,
      0
    ],
    [
      3,
      16,
      8,
      1,
      0,
      0
    ],
    [
      1,
      23,
      19,
      2,
      0,
      0
    ],
    [
      0,
      10,
      25,
      15,
      2,
      0
    ],
    [
      0,
      0,
      3,
      23,
      18,
      0
    ],
    [
      0,
      0,
      0,
      0,
      9,
      35
    ]
  ]
}