{"model": "catboost_minilm_features-extract_word_length_by_char", "type": "train", "seed": 42, "train_losses": [], "val_losses": [], "time_start": "2026-02-28T11:12:49.281220", "mse": 0.1327973679662266, "accuracy": 0.8333333333333334, "corr": 0.977780598917726, "precision": [0.9772727272727273, 0.7753623188405797, 0.615819209039548, 0.8382352941176471, 0.940677966101695, 1.0], "recall": [0.7610619469026548, 0.7642857142857142, 0.9316239316239316, 0.7549668874172185, 0.8604651162790697, 0.9461538461538461], "f1": [0.8557213930348259, 0.7697841726618705, 0.7414965986394558, 0.794425087108014, 0.8987854251012146, 0.9723320158102767], "support": [113, 140, 117, 151, 129, 130], "confusion_matrix": [[86, 27, 0, 0, 0, 0], [2, 107, 31, 0, 0, 0], [0, 4, 109, 4, 0, 0], [0, 0, 37, 114, 0, 0], [0, 0, 0, 18, 111, 0], [0, 0, 0, 0, 7, 123]], "predictions": [3.193514715348764, 0.8337508528336717, 0.5025902126016726, 2.847212005793576, 0.27996220545836215, 2.473737817755005, 1.820728458739591, 0.46723970186371, 0.1338150908284348, 1.365923645636634, 2.2042481480791762, 0.5400495198370296, 2.3689941970222215, 3.8080106268530614, 0.16634246882281767, 3.3258079846043045, 0.4699426738897339, 2.4182295232488227, 0.19755877729913607, 1.2483865018749767, 2.020863605169693, 3.8372905876762493, 0.41122598944426025, 3.9896646295015934, 0.3735892537756973, 0.21982513728915443, 3.1431699350424664, 1.5568141506113036, 1.6300168144598643, 0.14210057731417303, 2.7211779676859904, 0.7497154190329651, 1.0705297372096931, 2.1329043962875143, 1.269158975610267, 3.049569763551589, 3.036664114408553, 0.272076897560078, 0.3748850012193605, 2.703833875924847, 1.1581286251414986, 2.4824327918179185, 3.906873713330873, 1.6136438595189497, 0.496272301804507, 0.8176683947069106, 4.098625761876277, 1.533008769139748, 2.6062537177284693, 0.17507806958685057, 0.9189945613614008, 4.187064320678844, 3.1613521802625564, 2.3148910567059287, 1.9328782295263038, 0.3311032547528523, 1.4375844420834438, 0.269536720529286, 1.5803519815064435, 1.8010374753759688, 1.0336988567942917, 0.21259942258566866, 1.1626544934943739, 0.2096850929159464, 1.116384610191058, 0.36099240365766283, 1.1837219350261112, 1.671686767007158, 1.4487226627233627, 0.19350908832678826, 4.502132703754723, 0.899053417302818, 0.18229508775351455, 3.277399294068838, 2.5664364802510513, 1.8138913477887502, 0.28800866384769686, 1.2898130489592416, 2.0521573918920377, 0.17353680221098644, 3.1565089901520222, 0.3276477015563697, 0.7521170730888598, 3.590165546706488, 2.235282373757142, 2.6846119981262726, 3.359863079241112, 2.637245320846503, 0.11717972399517285, 1.9272640257142384, 0.2842293218358245, 0.3910889213723907, 3.7620098797544452, 2.569655056862002, 1.6113433027002912, 3.384496314923107, 1.6808961066776549, 3.4118039476544735, 3.237455729497425, 1.7600429839584808, 1.3493815374742648, 1.31633768556578, 1.2357544808636645, 3.7926382307453728, 1.6313757926969785, 1.6385853169154054, 2.8055915893432264, 0.3941174827011169, 2.2034285420390622, 0.5165546881721539, 1.5923364638676336, 3.0102963346811444, 3.593123451920122, 3.3680209215640105, 0.059909651019082855, 2.369554656363279, 1.8262052742074801, 0.0057590224420938085, 2.831230494221374, 1.7140333532854133, 2.594797863123761, 1.6388434602603996, 2.0707691392542484, 2.8342064835209073, 0.022906955368021453, 1.8936883725924631, 3.3707510291474727, 2.228968053358978, 0.026101528506563998, 2.4420146665628604, 3.3137281475907194, 2.7117809994072264, 2.1150294066822193, 0.3789574790716328, 0.7657919348119862, 2.0029640118927747, 2.664460105594803, 2.0608155498659375, 2.20542367295831, 2.181041543052822, 0.38088017844371924, 0.42447008643937156, 1.6858231756784408, 3.7008935869992263, 3.6592403097945736, 2.753017165820292, 1.2697098946662, 2.539916232509551, 1.8287968172896463, 0.20219910167016142, 2.4465934624070083, 2.0634338706619273, 3.772440705110408, 0.37397857110868804, 2.145683632133417, 1.6820833098168706, 1.7169836439889785, 2.749270475572294, 3.8071401942117564, 0.19846147591453667, 0.5585696767786803, 1.4449653078933815, 2.185534040459117, 0.9551541647638535, 0.12288821250727411, 2.3721592377991634, 4.023944890174945, 2.416245345386161, 1.57899889377937, 3.7260788964523064, 0.16546761480188854, 0.6183487676174124, 2.6529843718525807, 2.238558990842183, 2.880874359895748, 3.805823787103863, 2.49827913857127, 2.6151738551222703, 2.2666753575303855, 0.4152074515159345, 2.12935832774602, 0.3473274065186125, 0.38426159926386383, 3.2637498828122853, 1.8054185031448358, 2.8387225262440623, 1.4359322623740396, 2.283101193053866, 3.129983270463402, 0.035190328363222445, 2.5879191289526156, 2.392269581509193, 3.1480746288047867, 1.216190469871052, 1.7396786800384993, 1.7533606439135099, 0.6823129386148075, 1.6503748666049354, 1.0077593723401097, 3.0551431321525784, 2.5172863008571684, 1.0544198855922056, 3.148509843936588, 3.2457688584227435, 3.6537403608671015, 2.2646915111879684, 1.8163631720360875, 2.6195891944520455, 1.9701101403779673, 0.5022690212578662, 2.881666775174377, 0.3824850479690727, 0.44301767760985555, 1.7303311849375729, 1.7219662837950458, 3.648733359973378, 3.853913682635916, 1.6591684703755978, 1.698218787405551, 0.4936917426588461, 2.899501314504873, 2.4543589011400444, 0.5800858379930338, 2.1520862087315176, 2.719570162760905, 2.42120149796069, 3.59872705422039, 1.0251387291904184, 3.3295194452023, 2.944491842386901, 2.6819735831716467, 3.6941475755181052, 0.42134371354188627, 3.824044982096621, 3.519426054112949, 3.5360984201045187, 3.648505137319419, 0.06914454084415533, 0.7787695667031205, 0.7319380599820786, 2.95470287918879, 4.400314855643314, 0.37201498416756396, 1.5798122652123756, 3.252758115574563, 4.307539841743606, 0.669116650823578, 4.547487010873434, 3.4528671956274857, 0.3735549913737519, 1.8491303727290014, 2.069683981661717, 1.8323908571917888, 1.4480447666770395, 1.673241141771796, 3.1641107063585183, 2.0092631520645328, 4.471569396369294, 1.769081440862046, 3.4983998357006243, 0.2283571248688201, 3.6818846952442112, 1.547473069724492, 3.078516936391738, 3.7353897809965018, 1.3800360230975035, 1.2030105275443583, 1.1480310946406262, 2.477480703916257, 2.8248540654629153, 0.7441400489165935, 0.16441367872430357, 2.907886523970176, 3.3505602406853017, 2.0663780953686053, 4.335905755036951, 0.23155364631353414, 2.4554980809366542, 1.6077575564004343, 2.6598957340124914, 1.8767898628742765, 0.8722052697643896, 1.2605492377267884, 0.4373336893765041, 3.0590984823148117, 0.2903783640671391, 1.1417401083720988, 0.6314020215262084, 1.187413301846092, 0.3794974254566248, 2.286059455105032, 2.870428787159618, 3.47321966717746, 1.6364644284878906, 2.7993634371604172, 1.65634958371925, 1.6551545152905307, 3.181318436727715, 3.1926402369255014, 2.4212199177234788, 2.6115507393168063, 1.7950453321925282, 2.596732895328372, 0.5368594619295701, 3.0172809258868614, 3.5792199223323387, 4.198646244160468, 3.795416200605304, 3.7853473385999905, 3.5809500861120878, 3.9761305950105603, 3.5939478579560866, 4.3900473823796204, 3.4988339586571104, 4.328485602503648, 3.9557074951264735, 4.2078558830128685, 4.222345428779986, 4.135460363550392, 3.9843907329706187, 3.986999598922747, 3.817776298332663, 3.690066458595601, 3.6948602862482414, 3.7402320303284116, 4.307823621050389, 3.4565219351084124, 4.007095186041276, 4.156980510404745, 3.7748932341024988, 3.7823148721169453, 4.38107069132786, 3.929706619554411, 5.2124805636340525, 5.217031090917715, 4.7998624835287895, 4.870516792836629, 5.11814407938355, 4.852486515340827, 5.050357687615013, 5.4137384746343535, 4.6043998386015925, 4.813626044628623, 4.841067400979297, 4.709183201422732, 5.0193971884635324, 5.167731557033294, 4.567097067838059, 5.209977175802944, 4.861099881648428, 5.08335416111734, 4.82470293135661, 4.746006951117105, 4.590623049460291, 5.163925749979419, 4.907741268587767, 5.209890079469899, 5.020448888173185, 4.782485753364126, 4.76079937743058, 4.9648461090313525, 4.533142455588967, 