{
  "model": "catboost_minilm_lg",
  "params": {
    "iterations": 1510,
    "learning_rate": 0.014286,
    "depth": 3,
    "l2_leaf_reg": 3.4047e-06,
    "bagging_temperature": 2.5656,
    "random_strength": 4.1266,
    "border_count": 207,
    "small_dataset_weight_multiplier": 200.0
  },
  "type": "val",
  "seed": 42,
  "folds": [
    {
      "mse": 0.8041872501093537,
      "accuracy": 0.4212917883803959,
      "precision": [
        0.7480952380952381,
        0.20658110516934042,
        0.28656936458794047,
        0.38031135531135535,
        0.5876190476190476,
        1.0
      ],
      "recall": [
        0.259047619047619,
        0.5694444444444444,
        0.39560439560439553,
        0.3416666666666667,
        0.3384615384615385,
        0.7076923076923076
      ],
      "f1": [
        0.37724880382775117,
        0.30123758594346833,
        0.33184947879445037,
        0.3592528735632184,
        0.4259496567505721,
        0.8245191040843214
      ],
      "support": [
        73,
        42,
        68,
        79,
        65,
        65
      ]
    }
  ]
}