{"model": "catboost_minilm_features-extract_preposition_imageability", "type": "test", "seed": 42, "time_start": "2026-02-28T12:00:25.562057", "mse": 0.731810450553894, "accuracy": 0.48942598187311176, "corr": 0.8632981623413366, "precision": [0.8461538461538461, 0.28, 0.3645833333333333, 0.3770491803278688, 0.6923076923076923, 0.9574468085106383], "recall": [0.19642857142857142, 0.4666666666666667, 0.6481481481481481, 0.35384615384615387, 0.48214285714285715, 0.8181818181818182], "f1": [0.3188405797101449, 0.35, 0.4666666666666667, 0.36507936507936506, 0.5684210526315789, 0.8823529411764706], "support": [56, 45, 54, 65, 56, 55], "confusion_matrix": [[11, 31, 10, 4, 0, 0], [1, 21, 21, 2, 0, 0], [1, 13, 35, 5, 0, 0], [0, 10, 30, 23, 2, 0], [0, 0, 0, 27, 27, 2], [0, 0, 0, 0, 10, 45]], "predictions": [1.6440026760101318, 1.8863221406936646, 4.0832953453063965, 1.0358554124832153, 1.8791446685791016, 0.22204232215881348, 1.9902300834655762, 0.38088178634643555, 0.9770300388336182, 1.4308323860168457, 2.422924280166626, 0.8543570041656494, 1.8326363563537598, 2.6163408756256104, 1.0620909929275513, 2.2596969604492188, 1.7026294469833374, 2.5943217277526855, 1.436529278755188, 1.8375945091247559, 0.9000072479248047, 1.438927173614502, 0.809156060218811, 1.5219948291778564, 2.3595480918884277, 1.782895565032959, 3.3112950325012207, 1.790419340133667, 1.5321879386901855, 2.38679838180542, 0.3844337463378906, 1.893158197402954, 1.6106209754943848, 2.039763927459717, 2.1675045490264893, 2.019141674041748, 0.5243219137191772, 1.086374282836914, 3.4086408615112305, 1.331087350845337, 1.4764885902404785, 0.28940653800964355, 3.4562652111053467, 2.474653482437134, 2.7802023887634277, 1.4074788093566895, 1.2492316961288452, 3.506317377090454, 3.064262866973877, 3.136730670928955, 1.5448131561279297, 1.8349248170852661, 3.9118854999542236, 1.551102876663208, 2.826620101928711, 2.4806876182556152, 1.0160785913467407, 0.8751562833786011, 2.9563722610473633, 2.340669870376587, 3.3390684127807617, 3.3963980674743652, 3.6798887252807617, 1.7507846355438232, 1.2117223739624023, 2.2043776512145996, 1.7093632221221924, 1.0541623830795288, 2.060027599334717, 2.9950039386749268, 0.654828667640686, 1.844679832458496, 0.21840882301330566, 0.4291412830352783, 0.8808174133300781, 2.781026840209961, 0.2162315845489502, 1.6129704713821411, 1.3663249015808105, 1.0462268590927124, 0.5621970891952515, 3.221074342727661, 1.5134248733520508, 0.547829270362854, 0.9854475259780884, 0.4356529712677002, 0.9896559715270996, 1.3380577564239502, 2.046010732650757, 3.2088732719421387, 1.4801478385925293, 3.90968656539917, 1.3059945106506348, 3.1949782371520996, 0.6880910396575928, 2.70867919921875, 3.4975345134735107, 2.543989896774292, 1.753394603729248, 2.1070075035095215, 1.824193000793457, 3.4333410263061523, 1.6388729810714722, 1.382189154624939, 1.3255258798599243, 2.441749095916748, 1.1507304906845093, 0.4836995601654053, 1.9323360919952393, 0.22680068016052246, 2.900648593902588, 1.412082552909851, 1.377472996711731, 1.15099036693573, 2.106558322906494, 3.217310905456543, 0.33054089546203613, 1.2223697900772095, 3.0033421516418457, 0.5968701839447021, 2.0133070945739746, 2.6590495109558105, 1.695772647857666, 2.783231496810913, 1.8606336116790771, 1.6986942291259766, 3.059847354888916, 1.2922321557998657, 1.4659503698349, 2.7913615703582764, 2.638178825378418, 1.3750674724578857, 2.6918416023254395, 3.378509759902954, 0.8190990686416626, 1.9709213972091675, 3.436398506164551, 1.7156474590301514, 2.6204161643981934, 2.614675760269165, 1.232075572013855, 4.094768524169922, 1.4304859638214111, 2.5435636043548584, 1.7547264099121094, 2.5382018089294434, 1.7019152641296387, 1.7232011556625366, 1.4321086406707764, 1.6075751781463623, 0.9094904661178589, 2.444424629211426, 0.9300702810287476, 3.3457677364349365, 1.0560415983200073, 1.6976258754730225, 2.888901472091675, 1.6175563335418701, 2.171156644821167, 3.6958703994750977, 3.44781494140625, 2.212245464324951, 3.364029884338379, 0.7873071432113647, 2.7910571098327637, 2.6754045486450195, 2.4786550998687744, 2.0593104362487793, 1.007569670677185, 1.4678889513015747, 2.4752211570739746, 0.47870755195617676, 1.5314016342163086, 2.4448065757751465, 1.8315740823745728, 1.2231420278549194, 4.186615943908691, 1.5798441171646118, 2.5100300312042236, 2.4458811283111572, 1.0290299654006958, 2.1765756607055664, 0.8828836679458618, 0.8780485391616821, 0.6980489492416382, 3.2046573162078857, 2.077279806137085, 3.750582456588745, 1.7751871347427368, 2.0208449363708496, 1.77175772190094, 0.7763594388961792, 2.3204028606414795, 2.6149134635925293, 2.400509834289551, 4.094468593597412, 3.5806217193603516, 4.516140937805176, 4.141756534576416, 3.4174301624298096, 3.440767288208008, 3.2002334594726562, 4.454808712005615, 4.271810054779053, 3.9609782695770264, 3.6094369888305664, 3.119966506958008, 4.044358253479004, 4.532371520996094, 3.494732618331909, 3.589116334915161, 4.134730815887451, 4.153228759765625, 4.322306156158447, 3.6958260536193848, 3.5521159172058105, 3.2966322898864746, 3.9337806701660156, 5.558411598205566, 4.972646236419678, 5.293322563171387, 4.482754230499268, 4.235846519470215, 5.793450355529785, 5.04375696182251, 4.5979156494140625, 4.35093355178833, 4.245593070983887, 5.2234578132629395, 5.3780364990234375, 4.426137447357178, 5.1481218338012695, 4.4940505027771, 5.623205661773682, 4.628515243530273, 5.135402202606201, 4.810905456542969, 5.07635498046875, 4.702438831329346, 4.744943618774414, 4.685923099517822, 5.3958845138549805, 4.532658576965332, 5.426158905029297, 5.280643939971924, 4.780507564544678, 4.906805992126465, 4.737505912780762, 5.0477800369262695, 5.049818992614746, 5.085217475891113, 4.964632034301758, 4.91146993637085, 4.4457292556762695, 4.617783546447754, 5.207624435424805, 5.304306983947754, 5.639988899230957, 5.283979892730713, 4.776034355163574, 3.8965883255004883, 5.2856903076171875, 1.6501448154449463, 1.4280028343200684, 1.9183130264282227, 2.183016777038574, 1.0842903852462769, 2.047947883605957, 1.8595411777496338, 1.0121201276779175, 2.526576519012451, 2.022794008255005, 4.191831588745117, 2.1891236305236816, 5.1632819175720215, 3.5726871490478516, 0.8937033414840698, 2.1168477535247803, 5.213973522186279, 2.1474075317382812, 2.183861255645752, 0.7208019495010376, 2.204918622970581, 1.026174545288086, 1.168807029724121, 1.5362972021102905, 1.6842063665390015, 1.064387559890747, 2.090069532394409, 4.286194801330566, 0.9996640682220459, 2.3436596393585205, 2.666377305984497, 2.0270605087280273, 5.239469051361084, 0.7482988834381104, 3.3542110919952393, 1.676567792892456, 4.947293281555176, 4.282205104827881, 1.3917843103408813, 0.7962689399719238, 3.259403705596924, 1.8246324062347412, 0.4462442398071289, 5.438879489898682, 3.970975399017334, 1.9418249130249023, 1.4832581281661987, 1.3567886352539062, 2.6997594833374023, 2.000318765640259, 1.9971725940704346, 4.60890007019043, 1.5007054805755615, 1.154255747795105, 4.532896995544434, 1.8803445100784302, 3.1121246814727783, 2.5364441871643066, 3.475456953048706, 1.830068588256836, 2.512678623199463, 0.5698179006576538, 1.7336311340332031, 0.9947938919067383, 5.5317158699035645, 4.162396430969238, 4.793900489807129, 2.744652032852173, 3.773524761199951], "params": {"iterations": 1510, "learning_rate": 0.014286, "depth": 3, "l2_leaf_reg": 3.4047e-06, "bagging_temperature": 2.5656, "random_strength": 4.1266, "border_count": 207}, "time_end": "2026-02-28T12:00:25.653103"}