{"model": "catboost_minilm_features-extract_word_length_by_char", "type": "test", "seed": 41, "time_start": "2026-02-28T11:12:49.160632", "mse": 0.7140939235687256, "accuracy": 0.4773413897280967, "corr": 0.8669918545134396, "precision": [0.8, 0.2564102564102564, 0.3469387755102041, 0.3898305084745763, 0.6923076923076923, 0.9787234042553191], "recall": [0.14285714285714285, 0.4444444444444444, 0.6296296296296297, 0.35384615384615387, 0.48214285714285715, 0.8363636363636363], "f1": [0.24242424242424243, 0.3252032520325203, 0.4473684210526316, 0.3709677419354839, 0.5684210526315789, 0.9019607843137255], "support": [56, 45, 54, 65, 56, 55], "confusion_matrix": [[8, 35, 10, 3, 0, 0], [1, 20, 23, 1, 0, 0], [1, 14, 34, 5, 0, 0], [0, 9, 30, 23, 3, 0], [0, 0, 1, 27, 27, 1], [0, 0, 0, 0, 9, 46]], "predictions": [1.8117940425872803, 1.8234775066375732, 4.006354331970215, 1.0985140800476074, 1.752896785736084, 0.38874292373657227, 2.019460916519165, 0.4983634948730469, 0.9354381561279297, 1.4535003900527954, 2.324718475341797, 0.7456343173980713, 1.7568089962005615, 2.700446844100952, 0.9233416318893433, 2.353633403778076, 1.6837999820709229, 2.738713026046753, 1.5432285070419312, 1.7381162643432617, 0.812293529510498, 1.1261733770370483, 0.9105767011642456, 1.4723933935165405, 2.2410547733306885, 1.8639401197433472, 3.089855670928955, 1.9058613777160645, 1.4793514013290405, 2.339810848236084, 0.5283050537109375, 1.9935975074768066, 1.6911284923553467, 2.074617624282837, 2.198662519454956, 2.056987762451172, 0.4239475727081299, 1.0585269927978516, 3.395428419113159, 1.5680307149887085, 1.379643440246582, 0.5830410718917847, 3.3853960037231445, 2.427281141281128, 2.8038783073425293, 1.468021035194397, 1.4424904584884644, 3.493685483932495, 2.8403244018554688, 3.026007652282715, 1.643103837966919, 1.674066185951233, 3.883885383605957, 1.611635684967041, 2.759270429611206, 2.3496406078338623, 0.8369721174240112, 0.926760196685791, 2.9723567962646484, 2.20439076423645, 3.3659915924072266, 3.2641820907592773, 3.796353816986084, 1.753774881362915, 1.2607018947601318, 2.212890863418579, 1.858415126800537, 1.211331844329834, 2.1056032180786133, 2.8356142044067383, 0.540858268737793, 1.9973089694976807, 0.14023637771606445, 0.397688627243042, 1.0570725202560425, 2.7836618423461914, 0.279386043548584, 1.6092922687530518, 1.3846980333328247, 1.078843355178833, 0.9206764698028564, 3.127229928970337, 1.6036806106567383, 0.5941182374954224, 1.108073115348816, 0.3859436511993408, 0.6733217239379883, 1.5773749351501465, 2.0066425800323486, 3.471562147140503, 1.3716837167739868, 3.9702043533325195, 1.2422667741775513, 3.1397488117218018, 0.7533308267593384, 2.8431129455566406, 3.308936834335327, 2.6237025260925293, 1.754091501235962, 1.9508675336837769, 1.7527039051055908, 3.518404006958008, 1.7131476402282715, 1.5026278495788574, 1.3841562271118164, 2.3704092502593994, 1.0111271142959595, 0.5979800224304199, 1.879248857498169, 0.3801453113555908, 3.102097988128662, 1.2307533025741577, 1.2326138019561768, 1.2928532361984253, 2.065493106842041, 3.194453716278076, 0.4212784767150879, 1.1062915325164795, 2.771909713745117, 0.519396185874939, 2.404025077819824, 2.595310926437378, 1.4694947004318237, 2.9573869705200195, 1.7229238748550415, 1.767712116241455, 3.0387654304504395, 1.2279164791107178, 1.4544943571090698, 2.775421142578125, 2.642693042755127, 1.2483264207839966, 2.742501974105835, 3.3555452823638916, 0.8880171775817871, 1.9648606777191162, 3.3283448219299316, 1.4798734188079834, 2.746372699737549, 2.539255142211914, 1.1889015436172485, 3.9734904766082764, 1.5070570707321167, 2.5580735206604004, 1.5680818557739258, 2.448728084564209, 1.492766261100769, 1.8124842643737793, 1.3899043798446655, 1.7059979438781738, 0.9430028200149536, 2.32212495803833, 0.7809754610061646, 3.3674511909484863, 1.3159009218215942, 1.8024190664291382, 3.0277481079101562, 1.7647933959960938, 2.1499931812286377, 3.767207145690918, 3.4686169624328613, 1.991676926612854, 3.379063606262207, 0.808363676071167, 2.7527716159820557, 3.104719638824463, 2.6065399646759033, 2.0353715419769287, 1.058889389038086, 1.630435824394226, 2.4874401092529297, 0.4274635314941406, 1.5678882598876953, 2.360459089279175, 1.9305249452590942, 1.1294625997543335, 4.258491516113281, 1.4866836071014404, 2.529400110244751, 2.3876054286956787, 0.8749434947967529, 2.0972342491149902, 0.9820770025253296, 0.6748592853546143, 0.7490503787994385, 3.115732192993164, 2.205122709274292, 3.7296695709228516, 1.7068207263946533, 1.793484091758728, 1.7269169092178345, 0.9105930328369141, 2.269670248031616, 2.871868848800659, 2.175182342529297, 3.930105209350586, 3.5360825061798096, 4.369753837585449, 4.027997016906738, 3.4212679862976074, 3.431852340698242, 3.1741325855255127, 4.119306564331055, 4.1507463455200195, 4.129467010498047, 3.6195266246795654, 3.078934669494629, 4.05975341796875, 4.62762451171875, 3.456829309463501, 3.770921230316162, 4.190751075744629, 4.137362003326416, 4.304528713226318, 3.822948932647705, 3.4860892295837402, 3.395794153213501, 4.013711929321289, 5.655560493469238, 4.986302375793457, 4.966521263122559, 4.657573699951172, 4.157348155975342, 5.584390640258789, 5.153804779052734, 4.611368179321289, 4.39904260635376, 4.426749229431152, 5.131813049316406, 5.367983818054199, 4.551824569702148, 4.991673469543457, 4.383907794952393, 5.595965385437012, 4.714694976806641, 5.221883296966553, 4.674169540405273, 5.134538173675537, 4.698636054992676, 4.859908580780029, 4.857443809509277, 5.375340461730957, 4.707025527954102, 5.373837471008301, 5.466121196746826, 4.782617568969727, 4.953001022338867, 4.710695266723633, 4.797928810119629, 5.120281219482422, 5.163186073303223, 4.781320095062256, 4.9824042320251465, 4.464999198913574, 4.694672584533691, 4.919757843017578, 5.41010046005249, 5.692154884338379, 5.39283561706543, 4.974470138549805, 3.9109036922454834, 5.268017768859863, 1.6498324871063232, 1.4802414178848267, 1.8404734134674072, 2.3184826374053955, 0.9630101919174194, 2.201050281524658, 1.8979984521865845, 1.0396742820739746, 2.2650787830352783, 2.0746796131134033, 4.288383960723877, 2.0811023712158203, 5.312575340270996, 3.8202831745147705, 0.864262580871582, 2.0390355587005615, 5.1395158767700195, 2.420766830444336, 2.198263645172119, 0.7503209114074707, 2.1977243423461914, 1.021340250968933, 1.2888916730880737, 1.5019404888153076, 1.743124008178711, 0.956096887588501, 2.131072521209717, 4.223191261291504, 1.1431770324707031, 2.427586793899536, 2.7278034687042236, 2.024850845336914, 5.197202682495117, 0.7278090715408325, 3.3926234245300293, 1.9312177896499634, 5.095803260803223, 4.280295372009277, 1.2186135053634644, 0.7249258756637573, 3.3655905723571777, 1.7362780570983887, 0.5196875333786011, 5.385797500610352, 4.000329494476318, 2.0152437686920166, 1.3859199285507202, 1.4186995029449463, 2.817408561706543, 1.7438912391662598, 1.962097406387329, 4.730715751647949, 1.5139498710632324, 1.4038429260253906, 4.495110511779785, 1.9711028337478638, 2.975813627243042, 2.8812367916107178, 3.623103618621826, 1.7413568496704102, 2.4370105266571045, 0.6449397802352905, 1.898506999015808, 0.8982881307601929, 5.614884376525879, 4.08317756652832, 4.710456848144531, 2.604759931564331, 3.8376405239105225], "params": {"iterations": 1510, "learning_rate": 0.014286, "depth": 3, "l2_leaf_reg": 3.4047e-06, "bagging_temperature": 2.5656, "random_strength": 4.1266, "border_count": 207}, "time_end": "2026-02-28T11:12:49.244266"}