{"model": "catboost_minilm_features-extract_polysemy", "type": "test", "seed": 41, "time_start": "2026-02-28T11:54:00.649317", "mse": 0.7180370092391968, "accuracy": 0.5196374622356495, "corr": 0.8660922966373202, "precision": [0.8571428571428571, 0.2857142857142857, 0.37894736842105264, 0.43137254901960786, 0.7083333333333334, 1.0], "recall": [0.21428571428571427, 0.4888888888888889, 0.6666666666666666, 0.3384615384615385, 0.6071428571428571, 0.8363636363636363], "f1": [0.34285714285714286, 0.36065573770491804, 0.48322147651006714, 0.3793103448275862, 0.6538461538461539, 0.9108910891089109], "support": [56, 45, 54, 65, 56, 55], "confusion_matrix": [[12, 31, 10, 3, 0, 0], [1, 22, 21, 1, 0, 0], [1, 14, 36, 3, 0, 0], [0, 10, 28, 22, 5, 0], [0, 0, 0, 22, 34, 0], [0, 0, 0, 0, 9, 46]], "predictions": [1.7062358856201172, 2.0312483310699463, 3.8875083923339844, 1.0890274047851562, 1.8291337490081787, 0.28418421745300293, 1.9942271709442139, 0.22260141372680664, 0.80805504322052, 1.8755953311920166, 2.38303804397583, 0.8642606735229492, 1.6753997802734375, 2.707648754119873, 0.9601119756698608, 2.2492971420288086, 1.4843698740005493, 2.8641397953033447, 1.4453541040420532, 1.5820331573486328, 1.0370004177093506, 1.1869901418685913, 0.7748614549636841, 1.8047429323196411, 2.547571897506714, 1.9695219993591309, 3.119861125946045, 1.9705922603607178, 1.2891209125518799, 2.3521249294281006, 0.2631535530090332, 1.880656123161316, 1.519988775253296, 2.0619397163391113, 2.3691630363464355, 2.038900852203369, 0.563141942024231, 1.1364326477050781, 3.5543203353881836, 1.5215940475463867, 1.4565719366073608, 0.33751463890075684, 3.5078210830688477, 2.37467622756958, 2.6079001426696777, 1.4165648221969604, 1.3761218786239624, 3.644225597381592, 2.9669241905212402, 2.9295926094055176, 1.6172325611114502, 1.9255952835083008, 3.8317642211914062, 1.6978528499603271, 2.655116081237793, 2.3611254692077637, 0.9117593765258789, 1.112785816192627, 2.8158886432647705, 2.104703187942505, 3.1538009643554688, 3.411450147628784, 3.8351621627807617, 1.8377289772033691, 1.250319480895996, 2.197714328765869, 1.8057265281677246, 1.3501930236816406, 2.089355230331421, 2.8797287940979004, 0.45920825004577637, 1.8098716735839844, 0.19395112991333008, 0.3961069583892822, 0.7752605676651001, 2.8299756050109863, 0.3038041591644287, 1.6589443683624268, 1.4317961931228638, 1.0819402933120728, 0.7517784833908081, 3.3858659267425537, 1.472122311592102, 0.6306455135345459, 1.0734617710113525, 0.43380141258239746, 0.6166572570800781, 1.328128457069397, 1.908353567123413, 3.4041316509246826, 1.405722737312317, 3.925596237182617, 1.2082769870758057, 3.1106083393096924, 0.6144605875015259, 2.9551682472229004, 3.5028247833251953, 2.545478343963623, 1.732494831085205, 2.0407555103302, 1.642695426940918, 3.588003635406494, 1.4140450954437256, 1.526200532913208, 1.24128258228302, 2.4854769706726074, 1.105063796043396, 0.5656520128250122, 1.8009185791015625, 0.3559834957122803, 2.677060842514038, 1.4669828414916992, 1.2990307807922363, 1.3998849391937256, 2.065451145172119, 3.041308879852295, 0.3113994598388672, 1.0624629259109497, 3.052189826965332, 0.4752213954925537, 2.19954514503479, 2.615349292755127, 1.5697507858276367, 2.8241260051727295, 1.7128205299377441, 1.8716228008270264, 3.018299102783203, 1.2984386682510376, 1.389967441558838, 2.7964203357696533, 2.688441276550293, 1.1252350807189941, 2.635866165161133, 3.3338160514831543, 0.8439391851425171, 2.182492256164551, 3.6055145263671875, 1.4996304512023926, 2.61698579788208, 2.5954360961914062, 1.3942501544952393, 4.055741310119629, 1.6091454029083252, 2.461884021759033, 1.500145435333252, 2.531451463699341, 1.6361942291259766, 1.7905917167663574, 1.4967427253723145, 1.6537853479385376, 0.8324340581893921, 2.298499822616577, 0.6506878137588501, 3.419748306274414, 1.205339789390564, 1.755387544631958, 2.923917055130005, 1.9690309762954712, 2.222860813140869, 3.8155901432037354, 3.430746078491211, 2.2003226280212402, 3.502943515777588, 0.7488254308700562, 2.8381056785583496, 2.8290092945098877, 2.5887598991394043, 1.7750529050827026, 1.006853699684143, 1.5545165538787842, 2.3708841800689697, 0.4261305332183838, 1.3630434274673462, 2.432889223098755, 1.7306256294250488, 1.1921055316925049, 4.192514419555664, 1.4517320394515991, 2.4974663257598877, 2.4260528087615967, 0.8248313665390015, 2.487246036529541, 0.8433181047439575, 0.6768642663955688, 0.7383089065551758, 3.3184001445770264, 2.158539056777954, 3.955657958984375, 1.7780230045318604, 2.0921554565429688, 1.7599272727966309, 0.7536202669143677, 2.3832807540893555, 2.7937772274017334, 2.156064987182617, 4.053606986999512, 3.556426525115967, 4.433600425720215, 4.0403947830200195, 3.49958872795105, 3.371298313140869, 3.3007988929748535, 4.384047508239746, 4.130116939544678, 3.9636521339416504, 3.5852279663085938, 2.977752447128296, 3.8570189476013184, 4.471083641052246, 3.4772660732269287, 3.7040693759918213, 4.226853847503662, 4.1094136238098145, 4.342408180236816, 3.8433680534362793, 3.5610666275024414, 3.29315447807312, 3.82070255279541, 5.498320579528809, 4.768254280090332, 5.162910461425781, 4.44344425201416, 4.274543762207031, 5.681579113006592, 5.075845718383789, 4.609665870666504, 4.200290203094482, 4.424485206604004, 5.189702033996582, 5.413326263427734, 4.633317947387695, 5.333384037017822, 4.268876075744629, 5.552231788635254, 4.586494445800781, 5.068160057067871, 4.617123603820801, 4.959572792053223, 4.758942604064941, 4.743712902069092, 4.586870193481445, 5.256811618804932, 4.636880874633789, 5.309154510498047, 5.368987083435059, 4.76350212097168, 4.961359024047852, 4.648879051208496, 4.820574760437012, 5.09907341003418, 5.17092227935791, 5.054269790649414, 4.988858222961426, 4.514845371246338, 4.611396312713623, 5.178579330444336, 5.380483150482178, 5.690047264099121, 5.379966735839844, 4.844666481018066, 4.05216121673584, 5.270787715911865, 1.547610878944397, 1.3946375846862793, 1.7918779850006104, 2.246673583984375, 1.0366058349609375, 2.1471493244171143, 1.8972258567810059, 1.0475810766220093, 2.3259310722351074, 2.235860586166382, 4.3843488693237305, 2.17277193069458, 5.338993072509766, 3.6940760612487793, 0.906906247138977, 1.8729932308197021, 5.13112735748291, 2.3835525512695312, 2.1558074951171875, 0.836798906326294, 2.1600208282470703, 1.1353209018707275, 1.337985634803772, 1.4566936492919922, 1.7523165941238403, 0.9834942817687988, 2.3791675567626953, 4.170610427856445, 0.9669733047485352, 2.2519149780273438, 2.709953784942627, 2.009730339050293, 5.188178062438965, 0.729766845703125, 3.5157010555267334, 1.9196414947509766, 5.00596809387207, 4.418684482574463, 1.4301012754440308, 0.6262325048446655, 3.347395896911621, 1.7981743812561035, 0.46981048583984375, 5.43812370300293, 3.8903207778930664, 1.8046343326568604, 1.4204405546188354, 1.3774460554122925, 2.573397159576416, 1.9654815196990967, 1.8962903022766113, 4.7141876220703125, 1.51258385181427, 1.1959550380706787, 4.422734260559082, 1.7992947101593018, 3.0106418132781982, 2.806633710861206, 3.663444995880127, 1.917327880859375, 2.3420491218566895, 0.7709250450134277, 1.738851547241211, 1.0020630359649658, 5.569933891296387, 4.160700798034668, 4.724671363830566, 2.6588408946990967, 3.798624277114868], "params": {"iterations": 1510, "learning_rate": 0.014286, "depth": 3, "l2_leaf_reg": 3.4047e-06, "bagging_temperature": 2.5656, "random_strength": 4.1266, "border_count": 207}, "time_end": "2026-02-28T11:54:00.709006"}