{"model": "catboost_minilm_features-extract_word_concreteness", "type": "train", "seed": 41, "train_losses": [], "val_losses": [], "time_start": "2026-02-28T11:55:07.967249", "mse": 0.13456124408330944, "accuracy": 0.8205128205128205, "corr": 0.9776302681846956, "precision": [0.9882352941176471, 0.7642857142857142, 0.6057142857142858, 0.8085106382978723, 0.9230769230769231, 0.9918032786885246], "recall": [0.7433628318584071, 0.7642857142857142, 0.905982905982906, 0.7549668874172185, 0.8372093023255814, 0.9307692307692308], "f1": [0.8484848484848485, 0.7642857142857142, 0.726027397260274, 0.7808219178082192, 0.8780487804878049, 0.9603174603174603], "support": [113, 140, 117, 151, 129, 130], "confusion_matrix": [[84, 29, 0, 0, 0, 0], [1, 107, 32, 0, 0, 0], [0, 4, 106, 7, 0, 0], [0, 0, 37, 114, 0, 0], [0, 0, 0, 20, 108, 1], [0, 0, 0, 0, 9, 121]], "predictions": [3.2503166496700358, 0.9810409977723176, 0.5409203549507884, 2.91375672232298, 0.2812319916754866, 2.569677759822037, 1.7703686502255556, 0.31331721226980314, 0.1399216795975602, 1.43311733359295, 2.19055120869586, 0.4465190437796345, 2.326771024808509, 3.737593662735261, 0.1832708750625205, 3.275516435248245, 0.4701794036718039, 2.651241740272211, 0.23676563693374675, 1.1938567068839203, 2.264480067900354, 3.7284714854577414, 0.4525478047740328, 3.9373162759846148, 0.40970393964458873, 0.2975711127208358, 3.235079091169532, 1.688162158222697, 1.6093769419544464, 0.24181014401963274, 2.913147602153839, 0.7859139570620142, 1.1312977417279195, 2.0354706517383025, 1.3571533775381652, 2.9033763404609205, 2.9213725252132003, 0.2289338509732426, 0.35292219023917015, 2.723878913359452, 1.1424102139540393, 2.5134910258164025, 3.907893646635964, 1.6763814920249271, 0.6141181673112242, 0.7569114282678335, 3.950363837288909, 1.748932138212918, 2.5443100471334885, 0.14668047558441355, 1.0314103162483481, 3.9478871705468133, 3.320328763994795, 2.314166498999678, 1.8492650449458223, 0.2657667579838914, 1.5471164369234431, 0.2874076135401227, 1.5774667869393788, 1.762654619316101, 1.038091667800349, 0.37780185763426344, 0.9518844802350035, 0.21797237567896532, 0.8902816103023554, 0.35960637586934485, 1.3305573362569636, 1.5178182453813736, 1.3509584306803737, 0.2457189245115492, 4.416832700230977, 0.836942306890597, 0.22608049100912986, 3.238863945942082, 2.515763919379599, 1.746926970374524, 0.3032552260948824, 1.2910799259773824, 1.876277565280557, 0.14635926581121472, 3.1084452287094355, 0.35684402298810447, 0.6943473204647244, 3.6669906031627075, 2.236938017546911, 2.6575425515869595, 3.2777162532241793, 2.8206624553459543, -0.10831139256741862, 1.8831183883470972, 0.47609510097200003, 0.2638026723147604, 3.6371096030041166, 2.5646477285082936, 1.6158697229801007, 3.289531837428032, 1.5373117321110545, 3.3206054066546304, 3.370277859995977, 1.7348098328388082, 1.4288894249655495, 1.3838771456193446, 1.2183489856191831, 3.6507632502105496, 1.576369359901542, 1.731724653327658, 2.759674626306617, 0.37195512830854804, 2.275845293496727, 0.4931922262085435, 1.5843863144160104, 2.8562477275022466, 3.5169748952503492, 3.296306913998022, 0.07714705564427149, 2.581618631093731, 1.9075283337567148, 0.07651177383521635, 2.730352429083421, 1.7311766800083057, 2.6599591163238094, 1.5199523015148553, 2.2199205886274984, 3.1338988716681824, 0.018216052498475133, 1.9293958940399683, 3.2990720979545918, 2.3086165087681203, -0.07104070836353005, 2.4598388061707017, 3.201370252530989, 2.765840269161388, 2.0602511735345947, 0.3500031025750543, 0.7648706155885436, 1.8292961023400909, 2.458637918310196, 2.111770532686218, 1.986410088411315, 2.213112452631991, 0.4196585043932193, 0.3085359368788403, 1.7238188909861272, 3.7254309114572957, 3.612884384247172, 2.703539955451185, 1.4281998578005362, 2.4979793639082244, 1.7905461150672197, 0.20319684197451382, 2.272927183631719, 2.243802793903789, 3.8106064367907857, 0.3398193768059814, 2.219486454815907, 1.5200093721402452, 1.6366600311507853, 2.781336306107313, 3.83154677307612, 0.1936087908731765, 0.6258775579516707, 1.52965319181602, 2.3171950520690965, 1.0601950340902815, 0.04394003861959561, 2.3973419716473425, 3.8566788173103044, 2.4169468517973036, 1.6750207532441113, 3.5510910320207962, 0.14009175560818132, 0.7139260623728034, 2.6857877313244023, 2.254192136066542, 2.8480928787141635, 3.728367350227347, 2.466051559153291, 2.562567221217965, 2.1560276650806403, 0.7161672052054637, 2.0784466175465397, 0.20571327051035437, 0.27149724729229163, 3.271249194115566, 1.691053552119076, 2.7116678952604882, 1.2832907161126592, 2.299448133141408, 3.071034574711229, -0.04802116779357135, 2.508841509717324, 2.383376830193123, 3.175056482735216, 1.1925539151261284, 1.8057212388089852, 1.673505964496922, 0.6400878129015632, 1.673155922427068, 0.9802201385156719, 2.9293265780114686, 2.4950661691335903, 1.0564635131594453, 3.081652828472152, 3.1943939834141863, 3.6219377652958378, 2.2996385086021056, 1.6899634270162214, 2.694634023172674, 1.9050808698175163, 0.5709469980288009, 2.8769735025822776, 0.4260016317041435, 0.40370547346947916, 1.705093772384986, 1.7026963348953683, 3.6380310420541635, 3.7727680722993107, 1.550382558116, 1.5131991293559657, 0.48612548534850264, 2.794605123090396, 2.5170684977147735, 0.5838923429773053, 2.1694563737174235, 2.737467253126958, 2.3487966184410554, 3.5082141706490706, 1.0215082917864722, 3.1250011958836326, 2.918557374150778, 2.7399628914369423, 3.4982913280350236, 0.5242068089002228, 3.779565393133388, 3.5471532662734844, 3.734180970048981, 3.6308761259956848, 0.12402159843063609, 0.8171551218685398, 0.7107036493093937, 2.8738413910054725, 4.41616324792497, 0.26312361309556653, 1.5275723842753886, 3.252688793642944, 4.378776404065588, 0.713092372011799, 4.666128574295531, 3.2745647409056895, 0.3841079912740537, 1.8190121900570033, 2.1299431718628905, 1.8385184463067896, 1.4627305123816279, 1.8220707605338484, 3.1401301321432555, 1.8338714240321787, 4.397771194249346, 1.7436439105733386, 3.3336486581014615, 0.22815599522403884, 3.5666268726016694, 1.4994198642372638, 2.8844830401816344, 3.8251753860205424, 1.4092636613563356, 1.1872293033924737, 1.0989770030363502, 2.5230053891759683, 2.869043210988632, 0.8497083353789407, 0.1303340442607852, 3.207539366543525, 3.340708091744406, 1.969372348725309, 4.335476663001728, 0.2653927063413053, 2.3567644464082784, 1.6305207112489135, 2.647604082977804, 1.8579592668255982, 0.8087718406489512, 0.957433430670179, 0.4980951673111429, 3.21245607599592, 0.36739403685542404, 1.1693752857127202, 0.6676589180706618, 1.2173700392032674, 0.3718348243074656, 2.1866379239803457, 2.9732836849963964, 3.4551998632321386, 1.6910079735016361, 2.619331646764631, 1.601383560059402, 1.5848324389895876, 3.130271499922951, 3.270119152845195, 2.343388574339663, 2.7013538446404493, 1.8742312702847497, 2.564746992185457, 0.585388997306928, 3.0328367674159433, 3.6686975645055013, 4.172730011782399, 3.8544151962707547, 3.892174935882616, 3.6125542733466327, 3.7531180333256007, 3.7182406549106393, 4.375138552024697, 3.5368393478495506, 4.38066294181704, 4.135990370491837, 4.139302943963127, 4.102520459037617, 4.23068539751523, 4.150306641645712, 4.010715744994403, 3.7974665507381964, 3.682131948308594, 3.7603231390343748, 3.6160097132361866, 4.325893772910165, 3.3679059071984843, 4.216684046407485, 4.19942171234803, 4.079560019042576, 3.81663374071338, 4.382590040358808, 3.9724912213489603, 5.104563650518486, 5.283997474507536, 4.7799301316950835, 4.852404360709707, 5.141427301351375, 4.830192542319352, 5.103994830951913, 5.306899590627029, 4.616356706938605, 4.79088532073219, 4.697760480181445, 4.75489375594336, 5.214990922659988, 5.143721344673802, 4.677583774548848, 5.162624050547812, 4.844651738478946, 5.096822461369383, 4.815067094002178, 4.623477455090503, 4.3334272742681375, 5.072231901514874, 4.9515039257897415, 5.307924731786663, 5.159239552208082, 4.640898401555639, 4.640555412675271, 4.959579780039185, 4.580979396549138, 