{"model": "catboost_minilm_features-extract_articles", "type": "train", "seed": 41, "train_losses": [], "val_losses": [], "time_start": "2026-02-28T11:30:31.588296", "mse": 0.12888584064010572, "accuracy": 0.8333333333333334, "corr": 0.9785646551486848, "precision": [0.9883720930232558, 0.7714285714285715, 0.6228571428571429, 0.8345323741007195, 0.9322033898305084, 1.0], "recall": [0.7522123893805309, 0.7714285714285715, 0.9316239316239316, 0.7682119205298014, 0.8527131782945736, 0.9384615384615385], "f1": [0.8542713567839196, 0.7714285714285715, 0.7465753424657534, 0.8, 0.8906882591093117, 0.9682539682539683], "support": [113, 140, 117, 151, 129, 130], "confusion_matrix": [[85, 28, 0, 0, 0, 0], [1, 108, 31, 0, 0, 0], [0, 4, 109, 4, 0, 0], [0, 0, 35, 116, 0, 0], [0, 0, 0, 19, 110, 0], [0, 0, 0, 0, 8, 122]], "predictions": [3.1546818999536708, 0.8457618028511953, 0.46907077125773444, 2.9696060778210054, 0.26355981231236836, 2.5727024366674054, 1.7411306314751767, 0.35766257527103473, 0.21180918043266983, 1.3901406664867222, 2.1906291531480155, 0.4741549604265973, 2.3923375469964565, 3.7129020904547456, 0.16445250948426438, 3.321592837936895, 0.41642544451627206, 2.5114959325142014, 0.2399732530580576, 1.2445194032627938, 2.1049384277528995, 3.793340578882403, 0.5066026580845508, 4.108241449254027, 0.3654073494794372, 0.2574814335671394, 3.200554861759138, 1.491431270746819, 1.5365663913882508, 0.14408368941854421, 2.7053128011298804, 0.7276051528762713, 1.0615843959791627, 2.165861651788831, 1.3130950912363246, 3.104593548842795, 2.873449091750165, 0.20323827337013434, 0.3774634069383871, 2.7295075614748243, 1.1956380898060417, 2.462809343453723, 3.958493885246227, 1.6587385235931338, 0.5448992012422536, 0.7753317993037185, 4.051368267141804, 1.5275561714290053, 2.559104637661674, 0.10450817966493364, 1.00587771539705, 4.139414200048697, 3.2563286075033706, 2.3212043215437252, 1.8496343411865128, 0.3114619153660434, 1.470930958729596, 0.23948256568021353, 1.4924348187085736, 1.788831083849876, 0.9742052698594341, 0.1663496620788969, 1.0813470996170031, 0.19077213877460997, 1.1300018997093524, 0.3755094414215816, 1.124700938781035, 1.5135791550566045, 1.511126055907256, 0.19547753304884097, 4.358971978588867, 0.8474566187773109, 0.2406213867815712, 3.2576107857968166, 2.5899860571481517, 1.8519972269650329, 0.25963037510608133, 1.2219811592077274, 1.9015227255765663, 0.1250565533653778, 3.0809388943468443, 0.33957879386517176, 0.6518264418900457, 3.592777397672788, 2.214481301265546, 2.824570319481514, 3.281786302106431, 2.7473396759304975, -0.08530206287625308, 1.9853249091121845, 0.3029565594299717, 0.358862475838706, 3.6785708008157525, 2.6011245546000734, 1.5874444502303047, 3.381167835740729, 1.6454254169791347, 3.3292583795471917, 3.3948364754157967, 1.6598558237941805, 1.3569015624923535, 1.2273543163494565, 1.2732640569314122, 3.7177746521673303, 1.5799160518648323, 1.6880484107290314, 2.8569436541005384, 0.3574842479453304, 2.302770443935259, 0.46353688578177543, 1.5042656691755054, 2.94716230742263, 3.5548738780712137, 3.286568004560884, 0.041238678645983295, 2.516868517341598, 1.9727815579046792, -0.00879810888558552, 2.7869868855667903, 1.7373926547063587, 2.679668282347831, 1.6263158661825363, 2.2126207627149546, 2.8081526504337915, -0.02631726601687312, 1.9625421477285478, 3.284074769007773, 2.2819532184661733, -0.06381140301730737, 2.4537334599928355, 3.287219222879711, 2.7275672078696527, 2.1754509164566516, 0.3855025169501327, 0.7780815758893453, 2.02749348123328, 2.6624397492677128, 2.0874098161033263, 2.116180625404591, 2.2290878716378293, 0.33308969330166827, 0.4416328312650375, 1.7007786493096397, 3.718965121666055, 3.631164578004007, 2.806671649946986, 1.3157228496325748, 2.5419603318543382, 1.856372597291619, 0.21499860150196382, 2.388786925546548, 2.1735443886166017, 3.717148593065044, 0.3449715911844513, 2.1813588100183283, 1.6290425962128237, 1.7006667520648953, 2.7330567959443446, 3.8797655970898774, 0.265809997925889, 0.5329796015891741, 1.4354378566739998, 2.2210147435737726, 0.9508440510454772, 0.08740538658292607, 2.422696955925911, 3.8718205004562636, 2.4272465294305947, 1.5260296686248276, 3.6419366880366804, 0.11293895077580984, 0.7012050447302252, 2.5596002005772136, 2.252093854940691, 2.7840021576451277, 3.7552036288719775, 2.575996028542848, 2.652289825214155, 2.2252644165483115, 0.4978494741166104, 2.139324744546594, 0.24012716784967614, 0.43257124126703195, 3.2502689462721275, 1.7160071361495821, 2.7343972227217126, 1.3838516436335857, 2.401978071308675, 3.126030642656131, 0.03088932408508116, 2.4566639264875607, 2.2995292485016074, 3.1247878390451476, 1.2237957048379784, 1.780006562034785, 1.7111811996015018, 0.6901408799122328, 1.626484726301491, 0.9711792442297926, 3.044702285334967, 2.565319550888253, 0.9515424672943034, 3.0547760185870985, 3.3018055790882004, 3.707427068557248, 2.361939244372156, 1.8283302467589444, 2.6778985854273962, 2.048122039254805, 0.5963071460314893, 2.9202011555232557, 0.48140328388950326, 0.5270923646916479, 1.72151473504466, 1.7085508456875234, 3.603020716475446, 3.9330122239657186, 1.565528636684019, 1.6015150797015834, 0.42375712133943066, 2.749526330492758, 2.4049013076389745, 0.5226764530443462, 2.15939263064205, 2.4952067891088467, 2.385593864412587, 3.518287354926658, 1.0223107486583096, 3.385614960769799, 2.9901739585872527, 2.7402533794027453, 3.6809902282729903, 0.4473028632951461, 3.811084965905531, 3.5636460210162193, 3.682099198422182, 3.6181484890000783, 0.14352922754613795, 0.7417612755157341, 0.6861524367543295, 2.8865649023552584, 4.400527070720826, 0.2891685316613004, 1.533923587888945, 3.2706143060484303, 4.322066174084, 0.6285715986619664, 4.61164431915121, 3.4052997419174513, 0.36396945511702805, 1.8070774344198361, 2.014171831220998, 1.9283115079265878, 1.4040422218808235, 1.6709599913270643, 3.137352069752208, 1.9545064851952998, 4.372476678060031, 1.8075793527343516, 3.4673561214994857, 0.20252597732428512, 3.5761319175887563, 1.6195447443994353, 3.0147569948254547, 3.7647246733597903, 1.4538056995000739, 1.3544931138143623, 1.1737246073073393, 2.5124824506386694, 2.96028941995709, 0.8021599295111999, 0.16451264944896593, 2.9808597682333735, 3.319034217171028, 2.123299704405614, 4.29983773190472, 0.2584047832654086, 2.4125624578576854, 1.6247285143400958, 2.717996294481505, 1.8536363572796029, 0.967599525420892, 1.1745645295459073, 0.5306997177076407, 3.1721514277006224, 0.2779829671298213, 1.1033417622702675, 0.6176807721772133, 1.234033904060213, 0.3459015780904555, 2.2533973701663106, 2.996874049460515, 3.4464125432829134, 1.747384764177498, 2.7846744716971483, 1.5301595377531754, 1.6684854283044976, 3.1478522028852676, 3.183847663547708, 2.370917662563607, 2.654793234193654, 1.8436315220053983, 2.5552863019248675, 0.536541503674766, 3.0300761626009005, 3.7121172183214397, 4.165386347208678, 3.8276850575166907, 3.8046685234176874, 3.6125291200734257, 3.854990372339584, 3.69339386611941, 4.396023429910472, 3.4840806202614383, 4.393387973899948, 3.9602068454454105, 4.181228548963262, 4.162057741650902, 4.171135303731955, 4.065106593710176, 3.875394761557984, 3.7065270716500858, 3.7134234472278074, 3.6826104227003276, 3.7022748942191623, 4.339645725870387, 3.4920446909400926, 4.168700800873557, 4.187678463955594, 3.9941957221854762, 3.818320393826654, 4.365659647093062, 3.9375070057948243, 5.126493069365877, 5.285640160144187, 4.713601505562535, 4.810358171866496, 5.085007064797011, 4.897837990103328, 5.015014228081573, 5.264842000348448, 4.578522245390096, 4.771854271305035, 4.760236133034622, 4.82273629168841, 5.040756177172156, 5.138152505965058, 4.725753117849532, 5.187013244762544, 4.932344518711509, 5.242714740466418, 4.940206099406142, 4.67144932178809, 4.599525990061403, 5.0434748692070634, 4.883101189885743, 5.284963994451701, 5.154555725506153, 4.784752752996173, 4.710899488458704, 4.883752508296523, 4.5692786924171545, 4.670802854445177, 