{"model": "catboost_minilm_features-extract_dependency_tree_relations", "type": "test", "seed": 40, "time_start": "2026-02-28T11:43:35.680258", "mse": 0.7065762281417847, "accuracy": 0.4773413897280967, "corr": 0.868420743566661, "precision": [0.7272727272727273, 0.28205128205128205, 0.3469387755102041, 0.35714285714285715, 0.6829268292682927, 0.9787234042553191], "recall": [0.14285714285714285, 0.4888888888888889, 0.6296296296296297, 0.3076923076923077, 0.5, 0.8363636363636363], "f1": [0.23880597014925373, 0.35772357723577236, 0.4473684210526316, 0.3305785123966942, 0.5773195876288659, 0.9019607843137255], "support": [56, 45, 54, 65, 56, 55], "confusion_matrix": [[8, 33, 13, 2, 0, 0], [2, 22, 20, 1, 0, 0], [1, 13, 34, 6, 0, 0], [0, 10, 31, 20, 4, 0], [0, 0, 0, 27, 28, 1], [0, 0, 0, 0, 9, 46]], "predictions": [1.4776545763015747, 1.7378566265106201, 3.872880220413208, 1.2372252941131592, 1.8927619457244873, 0.34871411323547363, 2.1607322692871094, 0.44965314865112305, 0.8567283153533936, 1.5191364288330078, 2.453348159790039, 1.0827747583389282, 1.8839483261108398, 2.67087721824646, 1.3966387510299683, 2.698122024536133, 1.3274213075637817, 2.7589938640594482, 1.323683738708496, 1.7461552619934082, 1.0603959560394287, 1.4231303930282593, 0.8225953578948975, 1.880370855331421, 2.4273416996002197, 1.5919771194458008, 3.1989991664886475, 1.638343095779419, 1.5975878238677979, 2.297877073287964, 0.3387172222137451, 1.9616305828094482, 1.5755531787872314, 2.128478765487671, 2.3893826007843018, 2.213235855102539, 0.8621535301208496, 0.8763997554779053, 3.247800588607788, 1.4162616729736328, 1.6866455078125, 0.3329963684082031, 3.4252874851226807, 2.4896490573883057, 2.4182987213134766, 1.3167407512664795, 1.598307490348816, 3.468564987182617, 2.833280324935913, 2.989403009414673, 1.585566520690918, 1.8553268909454346, 3.9453699588775635, 1.8439240455627441, 2.9383087158203125, 2.252119302749634, 0.8872129917144775, 0.9020466804504395, 3.075640916824341, 1.9933879375457764, 3.071143627166748, 3.159730911254883, 3.551079273223877, 1.5685564279556274, 1.4701707363128662, 2.1111090183258057, 1.8865877389907837, 0.9753304719924927, 2.2339818477630615, 2.916313648223877, 0.6833217144012451, 1.9179165363311768, 0.16170287132263184, 0.62586510181427, 0.8880441188812256, 2.3693583011627197, 0.05422806739807129, 1.2824032306671143, 1.2684859037399292, 1.058768391609192, 0.9125584363937378, 3.456745147705078, 1.6165592670440674, 0.5969042778015137, 1.1934359073638916, 0.563019871711731, 0.9365957975387573, 1.6395354270935059, 1.8593716621398926, 3.5281033515930176, 1.5881030559539795, 4.06688117980957, 1.2020907402038574, 3.3585925102233887, 0.7264138460159302, 3.0269265174865723, 3.4514153003692627, 2.774667501449585, 1.7104451656341553, 1.945603847503662, 1.5977892875671387, 3.4690101146698, 1.4754064083099365, 1.5201388597488403, 1.0399965047836304, 2.3919055461883545, 0.764754056930542, 0.5369175672531128, 2.063514471054077, 0.1693580150604248, 2.73014235496521, 1.3049741983413696, 1.4398571252822876, 1.1322892904281616, 2.2527997493743896, 3.2315502166748047, 0.304767370223999, 1.1893532276153564, 2.702777624130249, 0.5383546352386475, 2.5251262187957764, 2.789799928665161, 1.7030130624771118, 2.777919292449951, 1.6295695304870605, 2.1750872135162354, 3.072713851928711, 1.0845509767532349, 1.4545321464538574, 2.6374902725219727, 2.4583284854888916, 1.1478855609893799, 2.6488332748413086, 3.3361399173736572, 1.0803383588790894, 2.2802624702453613, 3.3518385887145996, 1.5297162532806396, 2.6281790733337402, 2.5017142295837402, 1.4942600727081299, 3.8908519744873047, 1.5873332023620605, 2.6229426860809326, 1.6592108011245728, 2.5763309001922607, 1.967145562171936, 1.8938958644866943, 1.4835538864135742, 1.5544679164886475, 0.9869740009307861, 2.1422154903411865, 0.966208815574646, 3.446619987487793, 1.389465093612671, 1.7289280891418457, 2.935431957244873, 1.5499379634857178, 1.6910614967346191, 3.9087581634521484, 3.2652816772460938, 2.0245003700256348, 3.6717734336853027, 0.9996026754379272, 2.830535888671875, 2.8277509212493896, 2.7866740226745605, 2.125182628631592, 1.0552443265914917, 1.4575327634811401, 2.3777966499328613, 0.41939425468444824, 1.3865872621536255, 2.260402202606201, 1.9869511127471924, 1.1348575353622437, 4.473224639892578, 1.4467833042144775, 2.2403202056884766, 2.431140661239624, 0.8431183099746704, 2.066484212875366, 0.8457733392715454, 0.7557628154754639, 0.817559003829956, 3.372352123260498, 1.9892781972885132, 3.87857985496521, 2.0661301612854004, 1.873237133026123, 1.501971960067749, 1.1127160787582397, 2.1665561199188232, 3.1304140090942383, 2.144463062286377, 3.9531941413879395, 3.5655107498168945, 4.227747440338135, 4.075776100158691, 3.5218539237976074, 3.484069585800171, 3.2477006912231445, 4.366387367248535, 4.278214454650879, 4.00521183013916, 3.466449022293091, 3.108476161956787, 4.313930511474609, 4.579989910125732, 3.4676647186279297, 3.761415958404541, 4.278799533843994, 4.053792953491211, 4.177168846130371, 3.925300359725952, 3.6803364753723145, 3.4150898456573486, 3.833836078643799, 5.564653396606445, 4.759422302246094, 4.839024543762207, 4.3928399085998535, 4.157630920410156, 5.86020040512085, 4.977185249328613, 4.645549297332764, 4.4459309577941895, 4.524322509765625, 5.12762451171875, 5.394313812255859, 4.847765922546387, 4.924576759338379, 4.264416694641113, 5.502370357513428, 4.554891586303711, 5.213958263397217, 4.719857215881348, 5.204408645629883, 4.591168403625488, 4.783428192138672, 4.728124618530273, 5.414844512939453, 4.4700446128845215, 5.374563217163086, 5.247967720031738, 4.847843170166016, 5.203019142150879, 4.77274227142334, 4.942409515380859, 5.163158416748047, 4.998158931732178, 5.183746337890625, 4.920478820800781, 4.483210563659668, 4.534793853759766, 5.088308334350586, 5.409882068634033, 5.753878593444824, 5.283393859863281, 4.941596984863281, 3.977963447570801, 5.177776336669922, 1.720320701599121, 1.392438530921936, 1.7930912971496582, 2.2894198894500732, 1.3646382093429565, 2.0053248405456543, 1.9469069242477417, 0.9645437002182007, 2.0426018238067627, 2.1231324672698975, 4.33590841293335, 2.1942403316497803, 5.256176471710205, 3.4823169708251953, 0.6605398654937744, 1.7373688220977783, 5.1706085205078125, 2.2296249866485596, 2.0081334114074707, 0.7720410823822021, 2.266270875930786, 1.0151973962783813, 1.3268959522247314, 1.6179763078689575, 1.7273266315460205, 1.1011474132537842, 2.2285141944885254, 4.178339958190918, 1.249464511871338, 2.088238000869751, 2.783137798309326, 2.235196113586426, 5.334232330322266, 0.46814513206481934, 3.1791772842407227, 1.9130010604858398, 5.121279716491699, 4.189299583435059, 1.3453369140625, 0.6397948265075684, 3.7038087844848633, 1.2789000272750854, 0.2519557476043701, 5.442422866821289, 3.9411091804504395, 1.8885433673858643, 1.284723162651062, 1.2816240787506104, 2.5910439491271973, 1.9038931131362915, 1.7636325359344482, 4.834807872772217, 1.167610764503479, 1.2471657991409302, 4.69722843170166, 1.7660267353057861, 2.8777685165405273, 2.5885491371154785, 3.6265006065368652, 1.7638981342315674, 2.1998536586761475, 0.7973400354385376, 1.7378737926483154, 0.805519700050354, 5.59002685546875, 4.194863319396973, 4.907573223114014, 2.536836624145508, 3.9089407920837402], "params": {"iterations": 1510, "learning_rate": 0.014286, "depth": 3, "l2_leaf_reg": 3.4047e-06, "bagging_temperature": 2.5656, "random_strength": 4.1266, "border_count": 207}, "time_end": "2026-02-28T11:43:35.744363"}