{"model": "catboost_minilm_features-extract_pos_frequency", "type": "test", "seed": 40, "time_start": "2026-02-28T11:38:57.306345", "mse": 0.7190839648246765, "accuracy": 0.4984894259818731, "corr": 0.8659772282522278, "precision": [0.8181818181818182, 0.28378378378378377, 0.3431372549019608, 0.39622641509433965, 0.7380952380952381, 0.9795918367346939], "recall": [0.16071428571428573, 0.4666666666666667, 0.6481481481481481, 0.3230769230769231, 0.5535714285714286, 0.8727272727272727], "f1": [0.26865671641791045, 0.35294117647058826, 0.44871794871794873, 0.3559322033898305, 0.6326530612244898, 0.9230769230769231], "support": [56, 45, 54, 65, 56, 55], "confusion_matrix": [[9, 33, 12, 2, 0, 0], [1, 21, 22, 1, 0, 0], [1, 13, 35, 5, 0, 0], [0, 7, 33, 21, 4, 0], [0, 0, 0, 24, 31, 1], [0, 0, 0, 0, 7, 48]], "predictions": [1.744957685470581, 1.8682366609573364, 3.8840420246124268, 0.964379072189331, 2.042032241821289, 0.27636265754699707, 1.9436702728271484, 0.41219425201416016, 0.6610040664672852, 1.554581880569458, 2.3420662879943848, 0.8616468906402588, 1.6101479530334473, 2.506852865219116, 0.9958239793777466, 2.3212473392486572, 1.5035333633422852, 2.6816937923431396, 1.2594114542007446, 1.743678092956543, 0.7847110033035278, 1.413382649421692, 0.8177924156188965, 1.70930016040802, 2.457268238067627, 1.687577724456787, 3.250157356262207, 1.6304590702056885, 1.5961081981658936, 2.329650640487671, 0.49681663513183594, 1.6800789833068848, 1.5044662952423096, 2.012732982635498, 2.4328224658966064, 2.0428476333618164, 0.5784999132156372, 1.0995522737503052, 3.3486487865448, 1.4548382759094238, 1.3471142053604126, 0.30622386932373047, 3.47098445892334, 2.599080801010132, 2.373248338699341, 1.3644980192184448, 1.4013440608978271, 3.389713764190674, 2.8868401050567627, 2.989163398742676, 1.4711650609970093, 1.8008759021759033, 3.809990882873535, 1.4620885848999023, 2.947589874267578, 2.535088539123535, 0.8912976980209351, 0.9329718351364136, 2.9588117599487305, 2.213637590408325, 3.2680249214172363, 3.363224506378174, 3.8806703090667725, 1.643621802330017, 1.2853827476501465, 2.3048317432403564, 1.8139208555221558, 1.3910651206970215, 2.00816011428833, 2.8788490295410156, 0.6984368562698364, 1.7929010391235352, 0.3105137348175049, 0.5182077884674072, 0.8774487972259521, 2.8574905395507812, 0.2829911708831787, 1.6598438024520874, 1.3708857297897339, 1.1690510511398315, 0.8370766639709473, 3.250629186630249, 1.5056555271148682, 0.6372692584991455, 1.1586601734161377, 0.3944387435913086, 0.7832621335983276, 1.3854260444641113, 2.057204484939575, 3.242344856262207, 1.4815789461135864, 3.8165225982666016, 1.1927211284637451, 3.1849379539489746, 0.6944171190261841, 2.7548537254333496, 3.5282042026519775, 2.512974500656128, 1.6464221477508545, 2.013235569000244, 1.6346553564071655, 3.625751256942749, 1.5559577941894531, 1.6123487949371338, 1.087864637374878, 2.4944190979003906, 1.2364914417266846, 0.5444197654724121, 1.8232841491699219, 0.3522458076477051, 2.7184314727783203, 1.317255973815918, 1.553160309791565, 1.2806364297866821, 2.110067367553711, 3.0222830772399902, 0.2709190845489502, 1.0262372493743896, 2.995558500289917, 0.5357017517089844, 2.365546226501465, 2.659935712814331, 1.6014219522476196, 2.7182774543762207, 2.0201096534729004, 1.8007349967956543, 3.0281195640563965, 1.4328761100769043, 1.4667632579803467, 2.8982901573181152, 2.479867696762085, 1.3013797998428345, 2.5870752334594727, 3.4564614295959473, 0.8471245765686035, 1.7976713180541992, 3.5762500762939453, 1.4960473775863647, 2.6118004322052, 2.5108535289764404, 1.3589911460876465, 4.093378067016602, 1.5085543394088745, 2.4653372764587402, 1.7102618217468262, 2.6591575145721436, 1.8013436794281006, 2.00850248336792, 1.6148109436035156, 1.7656257152557373, 0.8842735290527344, 2.2679715156555176, 1.0236650705337524, 3.322110891342163, 1.325540542602539, 1.7657079696655273, 3.144674062728882, 1.7526836395263672, 2.2967889308929443, 3.669602394104004, 3.475613594055176, 2.106165885925293, 3.3725759983062744, 0.8288732767105103, 2.8239586353302, 2.8022689819335938, 2.6686880588531494, 2.104597568511963, 1.0379650592803955, 1.4997808933258057, 2.4200189113616943, 0.44192981719970703, 1.5665295124053955, 2.348994255065918, 1.7066459655761719, 1.2379223108291626, 4.39218807220459, 1.6822348833084106, 2.4333322048187256, 2.498692750930786, 0.9661624431610107, 2.1485652923583984, 0.9982583522796631, 0.6320879459381104, 0.7020153999328613, 3.3323123455047607, 2.061089277267456, 3.8787381649017334, 1.849738597869873, 2.136760711669922, 1.8287999629974365, 1.06892991065979, 2.162824869155884, 2.8914597034454346, 2.2720541954040527, 4.157895088195801, 3.521857261657715, 4.420433521270752, 3.9842419624328613, 3.355968475341797, 3.496835947036743, 3.22977876663208, 4.24328088760376, 4.223361968994141, 4.0306782722473145, 3.6408238410949707, 3.144246816635132, 3.868478775024414, 4.516575813293457, 3.454679489135742, 3.7898740768432617, 4.323447227478027, 4.148303508758545, 4.334023475646973, 3.758835792541504, 3.6515002250671387, 3.243459701538086, 3.7990894317626953, 5.550661087036133, 4.9306488037109375, 5.251959323883057, 4.401651382446289, 4.345911979675293, 5.749035835266113, 4.844136714935303, 4.68508768081665, 4.337029457092285, 4.421972751617432, 5.101049423217773, 5.24589729309082, 4.719658851623535, 5.262529373168945, 4.6384992599487305, 5.55626106262207, 4.567196369171143, 5.176673889160156, 4.769844055175781, 5.195910453796387, 4.6498894691467285, 4.8721113204956055, 4.651019096374512, 5.304879188537598, 4.569793701171875, 5.402942657470703, 5.251967430114746, 4.9242353439331055, 5.021733283996582, 4.91129207611084, 4.994088172912598, 5.149001121520996, 5.08396053314209, 4.891138076782227, 4.878627777099609, 4.547327995300293, 4.586916446685791, 5.079811096191406, 5.322634696960449, 5.576277732849121, 5.382180213928223, 4.824389457702637, 4.064830780029297, 5.352383613586426, 1.6631689071655273, 1.3515162467956543, 1.8628907203674316, 2.426276445388794, 0.9751486778259277, 2.087846517562866, 2.133561611175537, 1.0238783359527588, 2.142315626144409, 2.0815632343292236, 4.386476516723633, 2.141874313354492, 5.327851295471191, 3.58779239654541, 0.7858132123947144, 1.8918708562850952, 5.045157432556152, 2.2939140796661377, 2.2891438007354736, 0.7069467306137085, 2.175097942352295, 1.0331369638442993, 1.3841360807418823, 1.6404691934585571, 1.7206013202667236, 1.135926365852356, 2.3017518520355225, 4.212970733642578, 1.311008095741272, 2.2925045490264893, 2.6928563117980957, 2.02598237991333, 5.278133392333984, 0.6622952222824097, 3.506944179534912, 1.9171046018600464, 5.20992374420166, 4.231353759765625, 1.5030031204223633, 0.7602624893188477, 3.6119189262390137, 1.7422150373458862, 0.4651331901550293, 5.43891716003418, 4.0063371658325195, 1.803316354751587, 1.3176242113113403, 1.67448091506958, 2.658794641494751, 1.9740300178527832, 1.9532999992370605, 4.699895858764648, 1.4716126918792725, 1.2731822729110718, 4.526834487915039, 1.5499532222747803, 2.905179738998413, 2.6833319664001465, 3.6159396171569824, 1.7955374717712402, 2.202385187149048, 0.5811901092529297, 1.730930209159851, 0.952316403388977, 5.597325801849365, 4.131725788116455, 4.702332496643066, 2.657271146774292, 3.6575121879577637], "params": {"iterations": 1510, "learning_rate": 0.014286, "depth": 3, "l2_leaf_reg": 3.4047e-06, "bagging_temperature": 2.5656, "random_strength": 4.1266, "border_count": 207}, "time_end": "2026-02-28T11:38:57.369602"}