{"model": "catboost_minilm_features-extract_entity_categories", "type": "train", "seed": 42, "train_losses": [], "val_losses": [], "time_start": "2026-02-28T11:47:16.581951", "mse": 0.13347165293713747, "accuracy": 0.8282051282051283, "corr": 0.977733750347096, "precision": [0.9777777777777777, 0.7785714285714286, 0.6272189349112426, 0.8068965517241379, 0.9137931034482759, 1.0], "recall": [0.7787610619469026, 0.7785714285714286, 0.905982905982906, 0.7748344370860927, 0.8217054263565892, 0.9230769230769231], "f1": [0.8669950738916257, 0.7785714285714286, 0.7412587412587412, 0.7905405405405406, 0.8653061224489796, 0.96], "support": [113, 140, 117, 151, 129, 130], "confusion_matrix": [[88, 25, 0, 0, 0, 0], [2, 109, 29, 0, 0, 0], [0, 6, 106, 5, 0, 0], [0, 0, 34, 117, 0, 0], [0, 0, 0, 23, 106, 0], [0, 0, 0, 0, 10, 120]], "predictions": [3.2653828244137175, 0.8178201266752754, 0.4809176846492895, 2.9453247240063933, 0.2692229762687508, 2.5646439966401093, 1.7882615711038563, 0.4075119355650396, 0.16656506334424437, 1.3747389382620372, 2.080838028589215, 0.45011521625066386, 2.334526549963462, 3.889048793147529, 0.22377374730677868, 3.2941779018958797, 0.447492500303007, 2.578241963735182, 0.31544437484153853, 1.2552039753733646, 2.128584547555447, 3.7937246150543853, 0.4013916792298433, 3.9303180598270337, 0.3943048335873911, 0.24754309396424157, 3.1814915971360263, 1.614409609064624, 1.5560372249565582, 0.15103261510059696, 2.734794757974274, 0.7477146768751526, 0.9906600960329295, 2.0031052934141065, 1.3446833523474517, 2.946808629402092, 2.99606752010784, 0.3855760481320831, 0.36552868751824175, 2.62404142610217, 1.1616069058973728, 2.465540142439046, 3.9333574965055345, 1.7536869589566315, 0.5365055858280445, 0.754999505056704, 4.08739047761945, 1.4484863111881379, 2.6913781722900634, 0.07259875545037442, 0.9746919524495721, 4.11432749385941, 3.2803362159614182, 2.2301354492224723, 1.866044592355271, 0.3825562261759776, 1.4860413610071659, 0.271553958469541, 1.5377503835022428, 1.8196851819629514, 1.090176355996423, 0.18529100526387143, 1.170371388259451, 0.22810721049327443, 1.1107215787766735, 0.36686970210797476, 1.1743380561708894, 1.6869248186237424, 1.3791559389787156, 0.272159218672928, 4.366923610639644, 0.8576738044455379, 0.15887270225259176, 3.3284925824558385, 2.65100645003932, 1.7670217993495303, 0.26020297998113007, 1.2087518831338422, 2.002012696670379, 0.16588162995875955, 3.0099915062688156, 0.34373693746916745, 0.7108680677272252, 3.6427882329080585, 2.2498192272944255, 2.7556833498178253, 3.3610460481987228, 2.7352496191786324, -0.08979759446590752, 1.8803780790858862, 0.32559569656846943, 0.34060008988785384, 3.8096039687382692, 2.47528941758956, 1.5522094004539275, 3.339152034147984, 1.613402332343613, 3.4162719524720715, 3.1600500581245785, 1.7364568262762428, 1.370850921865766, 1.3040238098343293, 1.3680786631345179, 3.742843884238336, 1.4922317827285596, 1.7101801618865495, 2.818708697840086, 0.46204281942542247, 2.2616771255254386, 0.49389095286607887, 1.5083323806453808, 2.8890849829247576, 3.4704288013118383, 3.260245122579175, 0.03122788008769417, 2.4973284806588247, 1.8707270781135579, -0.059551664046114894, 2.7964754666846927, 1.7160512368386671, 2.6226214573268587, 1.4810255495723204, 2.1291129872642323, 2.91529723073981, -0.06827868186998254, 1.8371004619055995, 3.2680501022815904, 2.2704960601503203, -0.017969856199512524, 2.480009876392512, 3.340028318692087, 2.7879110450247, 2.153737962800772, 0.45180301209247675, 0.8627261273124216, 1.9186025226453345, 2.594776739240877, 2.02640179926145, 2.12539185025972, 2.1806001675167876, 0.32727717107750687, 0.3772736095789413, 1.7087612211609042, 3.7168261412119565, 3.5310460658574963, 2.81781888750273, 1.3249593154876647, 2.601561090547399, 1.9155691731305078, 0.22368930405101617, 2.404804519132033, 2.202641424435946, 3.785471016008374, 0.32868041333918896, 2.1714976515462108, 1.6081690029676503, 1.6294566588850383, 2.783660262273599, 3.8687041766306707, 0.18778531254964648, 0.46910878436811565, 1.4191418819524768, 2.310071123434507, 1.163815177040583, 0.06918565304277013, 2.386314138668567, 3.8811942600163247, 2.4108955060771686, 1.529069421072805, 3.5598289205432607, 0.10934215704895278, 0.7070727864041093, 2.5785467926560104, 2.307542083494232, 2.7995567376184605, 3.7800580767164345, 2.3972915404347317, 2.5209195359957572, 2.276871486895368, 0.507323852392878, 2.1738836402599055, 0.29342668306872755, 0.3626060387239751, 3.2153739387437903, 1.696502458631067, 2.780525168924379, 1.3588221767012043, 2.3970398664541217, 3.1554826269012586, 0.0071268011620850835, 2.527827519534307, 2.353289910183915, 2.999022581447364, 1.1790883115082265, 1.739288745512758, 1.8268896480816186, 0.6776206053994214, 1.672504276945359, 0.9264163605045925, 2.887767075630275, 2.529336621004047, 1.139905970068717, 3.1197174360949815, 3.4091199296027526, 3.7137332096830207, 2.365049354054175, 1.7464949241014223, 2.6806352722112963, 1.9108346341673663, 0.6099482828871541, 2.9389256128160013, 0.421496821159999, 0.4478800333946924, 1.6926690651422343, 1.6879902322169809, 3.617537658348271, 3.7959724897533107, 1.6729899144947713, 1.6447631856099352, 0.5478285717208198, 2.861006353544558, 2.439004806404589, 0.49226571578134815, 2.0876184175388732, 2.5399661526657162, 2.4243762488089464, 3.460120007188322, 1.0136981596816093, 3.277238966444834, 2.9284820712258672, 2.7643520645881745, 3.7421981421262958, 0.4067752793105863, 3.8047852454423223, 3.4334805730143128, 3.685178342136593, 3.6672894444597643, 0.1472050805379972, 0.7685194713339574, 0.7781438034216599, 2.8958847742214964, 4.435942901936991, 0.4291885730028522, 1.4688774311913402, 3.2679505923726624, 4.324083312890194, 0.6728635662336566, 4.597769710943586, 3.3646491315979214, 0.36617219495945497, 1.8747437123249437, 2.103310129409216, 1.8818361350796748, 1.4389349357133336, 1.675903804819344, 3.144047296553468, 1.9267343257041905, 4.316564497540278, 1.7880059560440615, 3.4722509163635293, 0.2561872199668511, 3.5561884417114853, 1.6057350115881381, 2.903312628076459, 3.683792457292272, 1.488285875905167, 1.251277908781728, 1.0908308021917688, 2.54745200773126, 2.817500033960039, 0.7401642883428126, 0.19196504101755307, 3.0583177987415278, 3.3277682048350496, 2.0010436576129518, 4.319510879394045, 0.223368789877191, 2.5174132389631403, 1.5702803377549257, 2.693817953272465, 1.8691838774342489, 0.9123648548192829, 1.1394217045632586, 0.55201665359212, 3.154240707480299, 0.30168163890935196, 1.161457925818877, 0.6654108797304943, 1.1343816944694143, 0.3187937333333135, 2.28450388799581, 2.9404746137436297, 3.417652287421692, 1.7665826676798533, 2.6886908099572793, 1.5602097064337506, 1.5802517779561622, 3.230561232341515, 3.2697661946265555, 2.4258748271616053, 2.6606373687190077, 1.8482902230313285, 2.3901968562177935, 0.6294321557934714, 3.1170055768638414, 3.6779717479667533, 4.206478613708476, 3.7733930390396475, 3.9394552580509368, 3.592185450112032, 3.8831872118077877, 3.592116487402623, 4.4754930325659394, 3.438922446225477, 4.370493017491282, 3.981703692762178, 4.146013562656167, 4.168811668609189, 4.049532344074717, 4.087845946439076, 4.058518245014659, 3.7937508580373334, 3.694409991644124, 3.68296654071636, 3.6896797677244173, 4.35769863982641, 3.4881464171088963, 4.130311692563681, 4.141930986035786, 3.9023885662263265, 3.901544012828551, 4.26680059044779, 3.8555902426429856, 5.141980957585329, 5.2357211269359105, 4.768778909608308, 4.830937014208717, 5.21637235896976, 4.908793064591766, 5.157809744596928, 5.313884320142753, 4.557089096929428, 4.785603946532007, 4.792534705039434, 4.816814491353986, 5.000752381195355, 5.103350889653272, 4.626057201878256, 5.2123051827105815, 4.838801582212833, 5.158266518662016, 4.793743155479103, 4.631708437036718, 4.469287407916962, 4.9846505978309015, 4.86661767669127, 5.265337326229703, 5.2100374285432896, 4.7187516797889515, 4.786234226032612, 4.9616190138863985, 4.419141811790578, 4.710070215794473, 