{
  "model": "catboost_minilm",
  "params": {
    "iterations": 1510,
    "learning_rate": 0.014286,
    "depth": 3,
    "l2_leaf_reg": 3.4047e-06,
    "bagging_temperature": 2.5656,
    "random_strength": 4.1266,
    "border_count": 207
  },
  "type": "train",
  "seed": 42,
  "mse": 0.02956747841398599,
  "accuracy": 0.9974489795918368,
  "precision": [
    1.0,
    1.0,
    0.9855072463768116,
    1.0,
    1.0,
    1.0
  ],
  "recall": [
    1.0,
    1.0,
    1.0,
    0.9873417721518988,
    1.0,
    1.0
  ],
  "f1": [
    1.0,
    1.0,
    0.9927007299270073,
    0.9936305732484076,
    1.0,
    1.0
  ],
  "support": [
    73,
    42,
    68,
    79,
    65,
    65
  ],
  "confusion_matrix": [
    [
      73,
      0,
      0,
      0,
      0,
      0
    ],
    [
      0,
      42,
      0,
      0,
      0,
      0
    ],
    [
      0,
      0,
      68,
      0,
      0,
      0
    ],
    [
      0,
      0,
      1,
      78,
      0,
      0
    ],
    [
      0,
      0,
      0,
      0,
      65,
      0
    ],
    [
      0,
      0,
      0,
      0,
      0,
      65
    ]
  ]
}