{"model": "catboost_minilm_features-extract_3+syllable_count_ratio", "type": "train", "seed": 41, "train_losses": [], "val_losses": [], "time_start": "2026-02-28T11:27:09.488671", "mse": 0.1331165822631572, "accuracy": 0.8269230769230769, "corr": 0.9777771235371947, "precision": [0.9883720930232558, 0.7753623188405797, 0.6206896551724138, 0.8125, 0.9152542372881356, 1.0], "recall": [0.7522123893805309, 0.7642857142857142, 0.9230769230769231, 0.7748344370860927, 0.8372093023255814, 0.9230769230769231], "f1": [0.8542713567839196, 0.7697841726618705, 0.7422680412371134, 0.7932203389830509, 0.8744939271255061, 0.96], "support": [113, 140, 117, 151, 129, 130], "confusion_matrix": [[85, 28, 0, 0, 0, 0], [1, 107, 32, 0, 0, 0], [0, 3, 108, 6, 0, 0], [0, 0, 34, 117, 0, 0], [0, 0, 0, 21, 108, 0], [0, 0, 0, 0, 10, 120]], "predictions": [3.2614431494454643, 0.8722627385151316, 0.5016702908530508, 2.8017010487421783, 0.21530175960857267, 2.5518635977082704, 1.7384000756110274, 0.411612386762489, 0.24881975034239234, 1.4131544701548033, 2.1491355579804114, 0.4697897742310091, 2.3556207895994565, 3.837239744319934, 0.14772905439530915, 3.3255151465118766, 0.3931709729535138, 2.57107281427157, 0.3147392942259706, 1.216728843993041, 2.0309155263017984, 3.8301910188044186, 0.3862377772336876, 3.898811281043016, 0.33599174112274754, 0.23053450209597592, 3.1790627208201396, 1.501148910072112, 1.6073864109330362, 0.15581323474572084, 2.7762067805806034, 0.6663729541039394, 1.0737663531465906, 2.1607794223195826, 1.2678935976834222, 3.0453353547522717, 2.892126649829404, 0.16083757806848986, 0.3607646929269124, 2.8021169219066278, 1.146622404178782, 2.452302078920463, 3.9402359897466264, 1.7499716012934563, 0.5456578787940871, 0.7149125325463539, 3.9760800955157176, 1.5568365060168028, 2.6588102239936897, 0.14767160342845287, 0.8253587682632315, 4.114760610549964, 3.1830069868998176, 2.2828937193673804, 1.8484498266417204, 0.389183536259917, 1.5633858357504642, 0.24905406245278527, 1.51303160515814, 1.7692532290913303, 1.0592282138773048, 0.09472533839062214, 1.157721305149862, 0.2130517260322895, 1.1195323709967124, 0.41018719580342555, 1.1813561064429068, 1.6026046885831078, 1.4478626311977918, 0.22662327905316237, 4.421562600189668, 0.8603858515112144, 0.26203248102586096, 3.284990601116982, 2.589383711560941, 1.8569186124377492, 0.33910642413884684, 1.3075661968590013, 1.8558762133538655, 0.20435323785718085, 3.073523771732086, 0.3900753632290854, 0.7199707235453823, 3.6063515058537896, 2.2546268815253234, 2.7430761838136566, 3.2775739415439076, 2.7604199475598907, -0.0030129107436138725, 2.08282959051794, 0.2768615094967606, 0.3603067530209385, 3.8036836812640535, 2.404634666268646, 1.6634193557213781, 3.3910915707676463, 1.6420642832637875, 3.4431639863168195, 3.2794057494817683, 1.7228671011405399, 1.3238368867316166, 1.206529123177677, 1.2767764813182356, 3.693718938213604, 1.6104373541697703, 1.6791354363372446, 2.775410908880546, 0.4752551622193941, 2.31132510617711, 0.4987105032744137, 1.6226891191320894, 3.05160516047258, 3.4730991538906495, 3.2958629090927034, 0.1591376567108833, 2.3956816882606344, 1.9161656701539322, -0.04381925941371767, 2.8135050215243367, 1.7520643228656216, 2.614174566523634, 1.6484457570945708, 2.145529726111259, 2.848313276355111, -0.015176261028464033, 1.9359556019091686, 3.3056695132978624, 2.1594649040687393, -0.022682886374680855, 2.5615513296638284, 3.3184501508620734, 2.7882376357731475, 2.1538848153387358, 0.366228363736568, 0.8113715629847127, 1.97372796380996, 2.659139763572407, 2.0769863677473968, 2.143294358793473, 2.256966819392113, 0.43324129356159125, 0.43420626203990764, 1.6801656696260914, 3.805211815509627, 3.617253805478356, 2.7689758159001543, 1.3465191907374539, 2.5103399130076194, 1.9008450749417591, 0.18419563198676547, 2.441743724091447, 2.1840472520817267, 3.770711878986532, 0.342581898778096, 2.1292362127611515, 1.7186605601437148, 1.6855328132507519, 2.748841689619393, 3.8699392743165317, 0.21216110195526827, 0.5525334901544565, 1.5391094240072918, 2.234869798322188, 1.000892630807766, 0.10428934178375693, 2.415870782575585, 3.887901142330556, 2.4462166111445995, 1.5101016126553986, 3.6434309075909335, 0.1959892008427544, 0.689144202550424, 2.581779127519162, 2.2136530404149974, 2.8972862822928818, 3.8364113025018067, 2.486236517837205, 2.5252906180852297, 2.222227117990631, 0.6167604924092456, 2.14639478326011, 0.22958178188520906, 0.3089087387924967, 3.139727145688068, 1.7336286805038226, 2.823944720192159, 1.3683720619890876, 2.2825521339761057, 2.9693774975525633, -0.08245558206635462, 2.5284257149945333, 2.380958332485069, 3.177980254809535, 1.210019690063137, 1.7405522708922567, 1.6795580999726387, 0.7244916829035171, 1.7357248834958794, 0.9530419692328658, 3.024703230208236, 2.5961591525331604, 0.9249343606444769, 3.187470134568483, 3.2619534225103672, 3.647639756419967, 2.3981726373660894, 1.8329708127429667, 2.668074761802827, 2.074258941743955, 0.507086651464246, 2.831402016403776, 0.40418525170800557, 0.5718764764385778, 1.7767192168373114, 1.6624151448110958, 3.613673288148651, 3.869367240443892, 1.6120011785428476, 1.62818074980893, 0.47811359638022477, 2.821713687391424, 2.3584952419211005, 0.6010621014853073, 2.15539594044554, 2.516129952953442, 2.422370425691945, 3.5088332552029136, 1.1259620361998288, 3.246689804178727, 3.0643807298181645, 2.6733573380248816, 3.6751374766379, 0.3860746509852322, 3.7898175770018816, 3.504517797620644, 3.654647285770202, 3.6274914139237007, 0.10892007658218228, 0.841385753801857, 0.6985019017377987, 2.9290912409538974, 4.327719834123522, 0.37047595551350065, 1.5870615715057668, 3.250462236285971, 4.311475175239417, 0.7140111972784138, 4.5966636309449544, 3.3251665500662893, 0.3823135440158092, 1.8060304428146616, 2.1392643535057116, 1.867233546441926, 1.3629842260737277, 1.6791668524807064, 3.081407897027886, 1.9042370858042208, 4.495383345756761, 1.7185651976083367, 3.5291312139867164, 0.16967610675481248, 3.5380104253479976, 1.5179719166612575, 3.002373401848274, 3.679253839377468, 1.466772839880629, 1.2515035586857899, 1.1277182399618308, 2.5523258260032637, 2.738757683726177, 0.8289513389739394, 0.17497219891984095, 2.9104127561254636, 3.3094605862174706, 2.0168814265806, 4.367941860384567, 0.25583255113319625, 2.4228794576651915, 1.585498179007375, 2.609513309145789, 1.7879830511678543, 1.0269134603338763, 1.104522624331378, 0.469533902532441, 3.20422650738639, 0.28017029200006016, 1.004890508397743, 0.6465616874968487, 1.1404125186949854, 0.2924027367881883, 2.326677249453965, 2.9747189895858908, 3.4218881252732536, 1.6668161509528492, 2.774296301231832, 1.61038547669947, 1.661456729939148, 3.2046717545892216, 3.221706100896635, 2.378348500269791, 2.6763937701321026, 1.8808271121271392, 2.6119968609885644, 0.5403267877299445, 2.8969597174445996, 3.704985837467146, 4.214063780350148, 3.768158105128589, 3.9461314548512023, 3.5731012798986157, 3.977578535720616, 3.7052816642996533, 4.435543126023208, 3.5014809346889466, 4.298324783694812, 4.010495508055607, 4.201743327062564, 4.154556405991301, 4.126327104726455, 4.049000212076214, 3.910971627854401, 3.838649536853546, 3.6926245114591154, 3.6164874108523977, 3.675117565319579, 4.359078150327393, 3.4562344290633167, 4.17024080366121, 4.159202568359412, 3.7704273810288944, 3.7718700880643876, 4.339944932354351, 3.981785336155529, 5.174620203488155, 5.2961684910142885, 4.7822922753967525, 4.833223528602132, 5.064864949662036, 4.951580857994534, 4.998657988616943, 5.249843376962867, 4.532280235580929, 4.792516141603918, 4.732924503945972, 4.817072306642661, 5.013562148647242, 5.07581202788643, 4.728361109763058, 5.187931794613721, 4.827354038399544, 5.096560345896911, 4.856222529472204, 4.695862042217827, 4.433291454523017, 4.979018916942362, 4.893472170182344, 5.234599965658415, 5.141807256132097, 4.74123255323647, 4.879381058100485, 5.092150597855029, 4.368075070707901, 4.738966168065199, 5.047692174741466, 