{"model": "catboost_minilm_features-minilm", "type": "test", "seed": 41, "time_start": "2026-02-28T11:03:43.992754", "mse": 0.7299730777740479, "accuracy": 0.486404833836858, "corr": 0.8639811301633651, "precision": [0.7142857142857143, 0.27631578947368424, 0.32978723404255317, 0.41818181818181815, 0.6808510638297872, 0.9777777777777777], "recall": [0.17857142857142858, 0.4666666666666667, 0.5740740740740741, 0.35384615384615387, 0.5714285714285714, 0.8], "f1": [0.2857142857142857, 0.34710743801652894, 0.4189189189189189, 0.38333333333333336, 0.6213592233009708, 0.88], "support": [56, 45, 54, 65, 56, 55], "confusion_matrix": [[10, 32, 11, 3, 0, 0], [2, 21, 20, 2, 0, 0], [1, 16, 31, 6, 0, 0], [1, 7, 30, 23, 4, 0], [0, 0, 2, 21, 32, 1], [0, 0, 0, 0, 11, 44]], "predictions": [1.7427082061767578, 1.9549829959869385, 3.890873908996582, 1.2837693691253662, 2.1184582710266113, 0.29140162467956543, 1.9189460277557373, 0.41510725021362305, 0.9850529432296753, 1.507231593132019, 2.41320538520813, 0.7646679878234863, 1.814427375793457, 2.753638744354248, 1.292039394378662, 2.2367818355560303, 1.7963528633117676, 2.831732749938965, 1.2877315282821655, 1.7010260820388794, 0.7859911918640137, 1.4541471004486084, 0.8772732019424438, 1.423105239868164, 2.6367030143737793, 1.8198268413543701, 3.0512607097625732, 1.7561607360839844, 1.5565540790557861, 2.3539557456970215, 0.36458587646484375, 2.0743794441223145, 1.5688139200210571, 2.1834795475006104, 2.388068199157715, 1.7895480394363403, 0.46630859375, 1.3288713693618774, 3.4621682167053223, 1.5881680250167847, 1.1665339469909668, 0.2377948760986328, 3.833897590637207, 2.5482394695281982, 2.8662867546081543, 1.7587255239486694, 1.4466153383255005, 3.652587413787842, 3.006197690963745, 3.0156168937683105, 1.6265199184417725, 1.7793223857879639, 3.9712181091308594, 1.2410203218460083, 2.6768503189086914, 2.397472620010376, 1.062390685081482, 1.0117716789245605, 2.874434232711792, 2.2815101146698, 3.4847049713134766, 3.4284214973449707, 3.664968490600586, 1.6064163446426392, 1.2406409978866577, 2.4655981063842773, 1.6311390399932861, 1.312840461730957, 2.0333919525146484, 2.8499603271484375, 0.7569942474365234, 1.8230221271514893, 0.15378761291503906, 0.5974228382110596, 1.1233266592025757, 2.784837007522583, 0.41541385650634766, 1.6029651165008545, 1.3633739948272705, 1.0783270597457886, 0.2380661964416504, 3.2547659873962402, 1.7727634906768799, 0.4956343173980713, 1.1542035341262817, 0.5150996446609497, 0.8908073902130127, 1.474341869354248, 1.9919335842132568, 3.3745737075805664, 1.4686713218688965, 4.3696064949035645, 1.3989884853363037, 2.9416823387145996, 0.6865689754486084, 3.045271873474121, 3.39715838432312, 2.6875884532928467, 1.8972619771957397, 2.042396306991577, 1.874569058418274, 3.924429416656494, 1.5463576316833496, 1.6631101369857788, 1.3685022592544556, 2.41024112701416, 1.0782544612884521, 0.6800881624221802, 1.634193778038025, 0.22631621360778809, 3.128002166748047, 1.4740509986877441, 1.3918777704238892, 1.175421118736267, 1.9978690147399902, 3.3151793479919434, 0.2811574935913086, 0.8909907341003418, 3.1579360961914062, 0.5316590070724487, 2.187262773513794, 2.8841118812561035, 1.6909565925598145, 2.897932767868042, 1.6829952001571655, 1.7668273448944092, 3.208332061767578, 1.2788162231445312, 1.366262435913086, 2.989129066467285, 2.6003284454345703, 1.256692886352539, 2.5962719917297363, 3.3296544551849365, 0.9467839002609253, 2.1131813526153564, 3.1828627586364746, 1.6458839178085327, 2.5547702312469482, 2.4873156547546387, 1.4129256010055542, 4.108304023742676, 1.4217920303344727, 2.228281259536743, 1.3374122381210327, 2.2864010334014893, 1.6765596866607666, 1.7929424047470093, 1.4218473434448242, 1.7470738887786865, 0.9186903238296509, 2.2628326416015625, 0.806260347366333, 3.500296115875244, 1.2972365617752075, 1.8481858968734741, 2.959439754486084, 2.1189024448394775, 2.281932830810547, 3.880641460418701, 3.453916549682617, 2.2038910388946533, 3.4093968868255615, 0.9914685487747192, 2.8707337379455566, 2.7947027683258057, 2.576539993286133, 1.822845220565796, 1.187851071357727, 1.4757399559020996, 2.601799249649048, 0.6830371618270874, 1.085496425628662, 1.8999279737472534, 1.790258765220642, 1.0820237398147583, 4.2406511306762695, 1.5687471628189087, 2.986680507659912, 2.6543703079223633, 0.8727028369903564, 2.4535253047943115, 1.102367877960205, 0.6678425073623657, 0.8416882753372192, 2.9924302101135254, 2.2066118717193604, 3.9902093410491943, 1.7675526142120361, 1.9314115047454834, 1.4558539390563965, 0.9554781913757324, 2.12522554397583, 2.6605117321014404, 2.148648977279663, 3.979788303375244, 3.631500244140625, 4.22577428817749, 4.315356731414795, 3.4520974159240723, 3.447920560836792, 3.391083002090454, 4.184764862060547, 4.143948554992676, 3.772883653640747, 3.633012294769287, 2.9635274410247803, 3.9000589847564697, 4.568340301513672, 3.5466461181640625, 4.074764251708984, 4.216067314147949, 4.126016139984131, 4.252392768859863, 3.8258652687072754, 3.5121476650238037, 3.091980218887329, 3.9202637672424316, 5.396927356719971, 5.144287109375, 4.898348331451416, 4.549147605895996, 4.450847625732422, 5.446771621704102, 4.971787452697754, 4.805790901184082, 4.343880653381348, 4.468240261077881, 4.771899223327637, 5.387151718139648, 4.5992326736450195, 5.0766143798828125, 4.491612434387207, 5.544331073760986, 4.4015703201293945, 5.2920427322387695, 4.486995220184326, 4.948816776275635, 4.795079231262207, 4.86916971206665, 4.825220108032227, 5.025794506072998, 4.754602432250977, 5.440071105957031, 5.122401237487793, 4.76317834854126, 5.013959884643555, 4.579957008361816, 4.952712059020996, 5.19273567199707, 5.009160041809082, 4.814014434814453, 5.006324768066406, 4.390612602233887, 4.5200347900390625, 5.008062839508057, 5.117386341094971, 5.2791924476623535, 5.242337703704834, 4.661184310913086, 3.871410369873047, 5.226522445678711, 1.699538230895996, 1.336020588874817, 1.7454438209533691, 2.401190757751465, 1.1413143873214722, 2.344062089920044, 1.7919719219207764, 1.2622588872909546, 2.588273763656616, 2.1956262588500977, 4.331954479217529, 1.7882943153381348, 5.127143383026123, 3.549793243408203, 0.9047247171401978, 1.679009199142456, 5.098414421081543, 2.147662401199341, 2.1181766986846924, 0.998825192451477, 1.980262041091919, 1.1518272161483765, 1.4224138259887695, 1.6891965866088867, 1.7043235301971436, 0.959509015083313, 2.3116633892059326, 4.306893348693848, 1.1643294095993042, 2.3168210983276367, 2.1900739669799805, 2.1241276264190674, 5.359014987945557, 0.9323107004165649, 3.600621223449707, 2.0478320121765137, 5.094448089599609, 4.291612148284912, 1.3529541492462158, 0.44310832023620605, 3.223013401031494, 1.7115559577941895, 0.4551365375518799, 5.4172163009643555, 4.010284423828125, 1.8205817937850952, 1.4964872598648071, 1.3177529573440552, 2.675692319869995, 1.8139501810073853, 2.042281150817871, 4.732178688049316, 1.2972692251205444, 1.48225736618042, 4.409078121185303, 1.7257368564605713, 2.993962526321411, 2.655442476272583, 3.829831123352051, 1.8813183307647705, 2.235053777694702, 0.47995829582214355, 1.7256383895874023, 1.0800412893295288, 5.269189834594727, 4.24606466293335, 4.738734245300293, 2.780287027359009, 3.7277424335479736], "params": {"iterations": 1510, "learning_rate": 0.014286, "depth": 3, "l2_leaf_reg": 3.4047e-06, "bagging_temperature": 2.5656, "random_strength": 4.1266, "border_count": 207}, "time_end": "2026-02-28T11:03:44.062516"}