{"model": "catboost_minilm_features-extract_noun_phrase_lengths", "type": "test", "seed": 41, "time_start": "2026-02-28T11:45:34.369743", "mse": 0.7248985171318054, "accuracy": 0.5045317220543807, "corr": 0.8647156915456802, "precision": [0.8, 0.2597402597402597, 0.37254901960784315, 0.4423076923076923, 0.7380952380952381, 0.9791666666666666], "recall": [0.14285714285714285, 0.4444444444444444, 0.7037037037037037, 0.35384615384615387, 0.5535714285714286, 0.8545454545454545], "f1": [0.24242424242424243, 0.32786885245901637, 0.48717948717948717, 0.39316239316239315, 0.6326530612244898, 0.912621359223301], "support": [56, 45, 54, 65, 56, 55], "confusion_matrix": [[8, 35, 10, 3, 0, 0], [1, 20, 23, 1, 0, 0], [1, 13, 38, 2, 0, 0], [0, 9, 30, 23, 3, 0], [0, 0, 1, 23, 31, 1], [0, 0, 0, 0, 8, 47]], "predictions": [1.8230667114257812, 2.091392755508423, 4.052036762237549, 1.1642687320709229, 1.7608847618103027, 0.425140380859375, 1.9393963813781738, 0.2300577163696289, 0.9419901371002197, 1.3513342142105103, 2.3017890453338623, 0.9659426212310791, 1.6777279376983643, 2.503650426864624, 1.1497787237167358, 2.226318597793579, 1.5071873664855957, 2.702531576156616, 1.4297953844070435, 1.7384648323059082, 0.8136622905731201, 1.2464027404785156, 0.7825318574905396, 1.5629290342330933, 2.3145620822906494, 1.951635479927063, 3.228639841079712, 1.8602774143218994, 1.6779165267944336, 2.385829210281372, 0.4298722743988037, 1.8819842338562012, 1.665921688079834, 1.9565917253494263, 2.155186653137207, 2.0081560611724854, 0.5721467733383179, 0.9799221754074097, 3.447033405303955, 1.5022571086883545, 1.4714356660842896, 0.3679540157318115, 3.5616049766540527, 2.4020237922668457, 2.732647657394409, 1.4710583686828613, 1.4540835618972778, 3.5087783336639404, 2.964749813079834, 2.949885606765747, 1.7232497930526733, 1.795392394065857, 4.019732475280762, 1.504638910293579, 2.8730504512786865, 2.3846044540405273, 1.0267910957336426, 0.7550674676895142, 3.004343271255493, 2.371464729309082, 3.3641083240509033, 3.3552515506744385, 3.644970178604126, 1.6316900253295898, 1.2335199117660522, 2.1973958015441895, 1.7602522373199463, 1.2308812141418457, 2.086960554122925, 2.8801565170288086, 0.6381229162216187, 1.8531017303466797, 0.15453457832336426, 0.4650406837463379, 0.7931762933731079, 2.7491164207458496, 0.15058541297912598, 1.613671064376831, 1.239475131034851, 1.0182987451553345, 0.7941378355026245, 3.215766191482544, 1.6167752742767334, 0.4702494144439697, 1.1435679197311401, 0.5147087574005127, 0.6148797273635864, 1.344438076019287, 1.9315097332000732, 3.270232915878296, 1.2850759029388428, 3.9098000526428223, 1.1705045700073242, 3.240649700164795, 0.7193516492843628, 2.932905435562134, 3.3279082775115967, 2.492569923400879, 1.5835076570510864, 1.9323151111602783, 1.7119252681732178, 3.514071464538574, 1.6533162593841553, 1.7325211763381958, 1.1299512386322021, 2.29937481880188, 1.170229434967041, 0.6470465660095215, 1.864847183227539, 0.22188305854797363, 2.9292917251586914, 1.4616436958312988, 1.4578415155410767, 1.33677077293396, 1.9688653945922852, 3.2000553607940674, 0.2685050964355469, 1.0390089750289917, 2.8583388328552246, 0.6536790132522583, 2.2657103538513184, 2.684298276901245, 1.6552053689956665, 2.992687463760376, 1.9298286437988281, 1.897977590560913, 3.107684850692749, 1.207327961921692, 1.3901348114013672, 2.7718026638031006, 2.5852200984954834, 1.28541898727417, 2.5854125022888184, 3.320823907852173, 0.8850988149642944, 2.052055835723877, 3.559654712677002, 1.3662397861480713, 2.6987826824188232, 2.4679598808288574, 1.307472586631775, 4.034980297088623, 1.604597568511963, 2.420090675354004, 1.6957926750183105, 2.4466800689697266, 1.761047601699829, 1.8275659084320068, 1.383399486541748, 1.685619592666626, 1.0653679370880127, 2.4583077430725098, 0.7331279516220093, 3.4519362449645996, 1.31964910030365, 1.6980881690979004, 3.1130518913269043, 1.7579091787338257, 2.260528564453125, 3.708731174468994, 3.4463088512420654, 2.063230514526367, 3.3390800952911377, 0.8922487497329712, 2.655968189239502, 2.7361807823181152, 2.5196075439453125, 2.006577491760254, 0.9355640411376953, 1.623253345489502, 2.3936593532562256, 0.5344572067260742, 1.4071003198623657, 2.4484546184539795, 1.6653743982315063, 1.2031641006469727, 4.2426042556762695, 1.5334562063217163, 2.4432904720306396, 2.540956735610962, 0.8858211040496826, 2.200145959854126, 0.8757201433181763, 0.737837553024292, 0.7788546085357666, 3.198014259338379, 2.0930685997009277, 3.7359941005706787, 1.8124547004699707, 2.032125473022461, 1.7055374383926392, 0.8014898300170898, 2.174872875213623, 2.8886709213256836, 2.311415433883667, 4.051817893981934, 3.6967475414276123, 4.358763694763184, 3.964061975479126, 3.520111083984375, 3.4103994369506836, 3.1354169845581055, 4.278374195098877, 4.279016494750977, 4.114323616027832, 3.715442657470703, 2.7331995964050293, 3.9994289875030518, 4.567849636077881, 3.4791464805603027, 3.8599700927734375, 4.201037406921387, 4.081234455108643, 4.384461879730225, 3.82791805267334, 3.7197585105895996, 3.3069496154785156, 3.6749632358551025, 5.640331745147705, 4.697910308837891, 5.0666728019714355, 4.683798789978027, 4.2021894454956055, 5.516878128051758, 5.063114166259766, 4.620160102844238, 4.325740814208984, 4.472436904907227, 5.060620307922363, 5.352018356323242, 4.552769660949707, 5.357735633850098, 4.525820732116699, 5.676790237426758, 4.66589879989624, 5.257535457611084, 4.829747200012207, 5.008636474609375, 4.676412582397461, 4.953248023986816, 4.725398540496826, 5.263218879699707, 4.716617584228516, 5.399211883544922, 5.381353378295898, 4.81404972076416, 4.839152812957764, 4.635471343994141, 5.141094207763672, 5.037425994873047, 4.95319938659668, 4.952625274658203, 4.840298175811768, 4.388543605804443, 4.636301517486572, 5.073297500610352, 5.281455039978027, 5.662214279174805, 5.268242835998535, 4.82415771484375, 3.8960494995117188, 5.236458778381348, 1.6562401056289673, 1.3489211797714233, 1.8031352758407593, 2.252206802368164, 0.9488776922225952, 2.1969316005706787, 1.919830083847046, 0.9564222097396851, 2.3476901054382324, 2.2318344116210938, 4.120906352996826, 2.1199166774749756, 5.252401351928711, 3.608106851577759, 1.0854276418685913, 1.9687086343765259, 5.191598415374756, 2.2202377319335938, 2.2255513668060303, 0.8094402551651001, 2.2714595794677734, 1.0205899477005005, 1.3897275924682617, 1.3866015672683716, 1.6218628883361816, 0.8193923234939575, 2.34108304977417, 4.308376312255859, 1.0693047046661377, 2.3077828884124756, 2.574061393737793, 2.057774782180786, 5.3141984939575195, 0.9165743589401245, 3.3575215339660645, 1.9435861110687256, 4.9125261306762695, 4.229024887084961, 1.4055116176605225, 0.6834397315979004, 3.3415377140045166, 1.9319754838943481, 0.564629316329956, 5.431946754455566, 4.122260093688965, 1.9575461149215698, 1.3506555557250977, 1.0384931564331055, 2.6297779083251953, 1.741117238998413, 1.893669843673706, 4.716428756713867, 1.5425699949264526, 1.3201186656951904, 4.4449357986450195, 1.8377678394317627, 2.996736764907837, 2.8777010440826416, 3.4348835945129395, 1.7909207344055176, 2.2947909832000732, 0.6286157369613647, 1.5714490413665771, 1.1077066659927368, 5.623655796051025, 4.227685928344727, 4.833743095397949, 2.6842877864837646, 3.681079864501953], "params": {"iterations": 1510, "learning_rate": 0.014286, "depth": 3, "l2_leaf_reg": 3.4047e-06, "bagging_temperature": 2.5656, "random_strength": 4.1266, "border_count": 207}, "time_end": "2026-02-28T11:45:34.434626"}