{"model": "catboost_minilm_features-extract_casing_bigrams", "type": "train", "seed": 42, "train_losses": [], "val_losses": [], "time_start": "2026-02-28T11:37:49.812682", "mse": 0.13035430728395322, "accuracy": 0.8307692307692308, "corr": 0.9783480973615787, "precision": [0.9767441860465116, 0.7655172413793103, 0.6369047619047619, 0.8181818181818182, 0.9230769230769231, 1.0], "recall": [0.7433628318584071, 0.7928571428571428, 0.9145299145299145, 0.7748344370860927, 0.8372093023255814, 0.9307692307692308], "f1": [0.8442211055276382, 0.7789473684210526, 0.7508771929824561, 0.7959183673469388, 0.8780487804878049, 0.9641434262948207], "support": [113, 140, 117, 151, 129, 130], "confusion_matrix": [[84, 29, 0, 0, 0, 0], [2, 111, 27, 0, 0, 0], [0, 5, 107, 5, 0, 0], [0, 0, 34, 117, 0, 0], [0, 0, 0, 21, 108, 0], [0, 0, 0, 0, 9, 121]], "predictions": [3.2115711903118696, 0.7985737978010146, 0.41236484816259056, 2.870295631983372, 0.3200588164411151, 2.5567373631074535, 1.7475142448011503, 0.49016956752293694, 0.1787896133597, 1.4280083066348295, 2.157529066803571, 0.5050176971531208, 2.3514700507974675, 3.9455787664698794, 0.18839664646969068, 3.3414216023823737, 0.4311435591389068, 2.598064487682126, 0.3156393503732464, 1.2318143585367105, 2.16104651851282, 3.729360811008287, 0.3752296596943969, 4.158684869604585, 0.38444423422887164, 0.23312102221174502, 3.206394578223896, 1.5441989028854404, 1.5293299712416824, 0.1993990391775946, 2.722503046611808, 0.7384740950984725, 1.06709586561984, 2.1621054849841914, 1.3072205843064135, 3.153186443705147, 2.8720633121977817, 0.28991512703293587, 0.3387761142972914, 2.6365290050247987, 1.2115015714763846, 2.4303879973592584, 3.869783700649392, 1.6338407222587041, 0.5987897183436068, 0.7860263919274137, 4.04845176261675, 1.510566944402156, 2.6954724032833592, 0.06708558764609229, 0.9869325250735681, 4.090645672337209, 3.2292435756244062, 2.3719171925779134, 1.8985136907218947, 0.31570343173746807, 1.4609690261339623, 0.27543804100918656, 1.476311078562927, 1.801031257884453, 1.11227308329301, 0.15547891016401394, 1.1221215399565758, 0.2442307096567955, 1.120207843459323, 0.38408430521276804, 1.2240087801239445, 1.6995137584580757, 1.3806782900900487, 0.23133235567030974, 4.394678780865869, 0.7767558369488696, 0.2276783204276045, 3.257538064473622, 2.608546184637926, 1.8358999212591078, 0.21778355240132008, 1.2791508380075776, 1.9918920058201044, 0.19567978934409913, 3.0683411552360136, 0.295402914997672, 0.6621869070651689, 3.6268699399043776, 2.3524504958582715, 2.7631504732624377, 3.4205054208013568, 2.817397106901781, -0.025360040797278938, 1.956112908261383, 0.3218778404307159, 0.4114475484992819, 3.7074709322001347, 2.495383379487038, 1.5568270450258745, 3.3192707196084226, 1.6726654169621609, 3.3473397634686552, 3.197833837443291, 1.7302600059085687, 1.3693221886724156, 1.2526513293963604, 1.2400641305840798, 3.722294276689806, 1.6183062912653887, 1.7252052705959429, 2.819943582219364, 0.35349381525664203, 2.2648599468329853, 0.5161680804218578, 1.4902328973095336, 2.8847619507893416, 3.4530827293002466, 3.347841082538168, 0.048534638337986546, 2.4474784832542573, 1.8850789519866662, -0.005219734710217416, 2.7724883553301, 1.7380557025753363, 2.58481106688214, 1.5880106904527467, 2.0598415878921483, 2.839326902928123, -0.005399869353256204, 1.9229160471550086, 3.3194787407478077, 2.184547182389003, -0.044394679453636066, 2.524229917058786, 3.2620449429737457, 2.776701170471652, 1.9943837295673301, 0.44907278383370386, 0.7782989416824329, 1.953857172777672, 2.6273360201900546, 2.0423747162924433, 2.0410544218698115, 2.1076363158644953, 0.32256820861988755, 0.38382640599085827, 1.639479136301763, 3.757998232861036, 3.6102690033522222, 2.7442241228896656, 1.2976931025976381, 2.5297407797900755, 1.885727205149551, 0.2156636243067358, 2.364221369511778, 2.0789787214166333, 3.777157031508467, 0.31040909147153917, 2.1546019156651934, 1.6656615011515972, 1.7386982539754756, 2.7763202144671637, 3.858228311858424, 0.27147885091843893, 0.5016123216349133, 1.4813345044355477, 2.2901691846259062, 1.1196281094630065, 0.09047691088857146, 2.3842069420162457, 3.8555126239426403, 2.3555713638224702, 1.5937264436352598, 3.614214196508205, 0.09620460937027975, 0.7078093769919414, 2.557248784566192, 2.3493635416640024, 2.825415396342024, 3.7912906574077576, 2.5432336840663505, 2.487822515816313, 2.2411094423475753, 0.5725550860400854, 2.198425231024408, 0.2828104327596441, 0.37582147645544284, 3.2256314774899817, 1.757806259059612, 2.789314995170699, 1.4662415796777708, 2.348522138613789, 3.1136762883826177, -0.057499631065879075, 2.4246661819871567, 2.305725287046845, 3.1393949894773256, 1.2404666911274376, 1.7322303076915162, 1.8126017646586678, 0.6325544497372204, 1.789412386405284, 0.9894271663775251, 2.8915004320154263, 2.5410673968491304, 0.9367630342942088, 3.180456846641479, 3.2522993266048186, 3.6392145738612633, 2.3987760696772, 1.8205065483900085, 2.586276738944172, 1.979018159741449, 0.523385043028787, 2.971813784699289, 0.39775126762875246, 0.49752346297023653, 1.7210756845136483, 1.6781969002046928, 3.6259115805055573, 3.8455012867724543, 1.5470580900555455, 1.65971430102574, 0.48424189113042937, 2.7317525847094863, 2.424144200167661, 0.6052744333868194, 2.086525414088111, 2.612167002386852, 2.344805238448009, 3.6075299335925033, 1.0621689862843395, 3.3392307683484876, 2.8744565079291284, 2.739133869638652, 3.6822763485732355, 0.47232731193355315, 3.7749576124051063, 3.545894126554093, 3.7028457368233694, 3.6035199704063294, 0.058930375418247305, 0.7870762000519866, 0.7293652575830496, 2.889176563060822, 4.424135962040886, 0.38429316911085465, 1.413630350822106, 3.2510281339943, 4.317857055729348, 0.685305258221135, 4.506297252704732, 3.4117014801344907, 0.40188006224619244, 1.8907150070854428, 2.029763550586546, 1.9211005888653532, 1.387100573832641, 1.748286753049498, 3.1670494519902896, 1.9253598629393163, 4.349296213954331, 1.8179025244365115, 3.462772765357954, 0.2930936723792019, 3.62545162920051, 1.6078860144237748, 3.0364684656801755, 3.6631178963380924, 1.3623066444967096, 1.1471798340400554, 1.124537607200135, 2.478677310097426, 2.8298503620212703, 0.7793850446717481, 0.18878218182484385, 3.035388087797876, 3.259384987118128, 2.103977481519524, 4.30647435531037, 0.24072086386875258, 2.4766380750078465, 1.6236654369333257, 2.671491310909481, 1.8530126346865443, 1.0511939840325109, 1.1657449727121774, 0.5486962958412285, 3.100197877366587, 0.24223172822014716, 1.137075681797047, 0.6096167143974143, 1.056228827940614, 0.25180613171915445, 2.2205106492185096, 2.9960375695481467, 3.3922101883341256, 1.6739900990320622, 2.726449370580112, 1.5349365210579315, 1.617619291231779, 3.2049084786454167, 3.2284027812798466, 2.3357328599020457, 2.5755336788594487, 1.9032011018897075, 2.6788407077937473, 0.5452850614630202, 2.979764215961805, 3.7055760857659834, 4.263732043347401, 3.8260228619695615, 3.8683212002164695, 3.589288272231232, 3.8368566789890513, 3.612930458005735, 4.425199219775162, 3.4943082107246464, 4.3177483773021, 4.009787033969319, 4.189749880802964, 4.126259191370332, 4.141890742668352, 4.088846873704939, 3.9132216179939903, 3.7729160629671092, 3.666753244040134, 3.7409079204482767, 3.664148922243423, 4.422244427595513, 3.474544701840542, 4.162701909566418, 4.187268218307925, 3.897566824404982, 3.8239663155032098, 4.390837776674978, 3.819462051010756, 5.191076756136702, 5.258405329085242, 4.890319537670658, 4.7938538772818, 5.072473025522646, 4.786852768490922, 5.081644138513301, 5.370489457867897, 4.576690877486698, 4.717607495125114, 4.812569115093909, 4.783520444716079, 5.053647484067996, 5.046043615077174, 4.648040307701477, 5.1673599980664555, 4.816237522183151, 5.113161553469257, 4.899444073133537, 4.624225623153382, 4.521309461891844, 5.001516065651828, 4.864789514476757, 5.205849041541399, 5.164772381344298, 4.7867007125494325, 4.780389654621914, 4.922021511171799, 4.444635862939469, 