{"model": "catboost_minilm_features-extract_places", "type": "test", "seed": 40, "time_start": "2026-02-28T12:03:41.217793", "mse": 0.7255268692970276, "accuracy": 0.513595166163142, "corr": 0.8647030153230052, "precision": [0.8888888888888888, 0.2716049382716049, 0.38144329896907214, 0.42857142857142855, 0.7692307692307693, 1.0], "recall": [0.14285714285714285, 0.4888888888888889, 0.6851851851851852, 0.36923076923076925, 0.5357142857142857, 0.8909090909090909], "f1": [0.24615384615384617, 0.3492063492063492, 0.4900662251655629, 0.39669421487603307, 0.631578947368421, 0.9423076923076923], "support": [56, 45, 54, 65, 56, 55], "confusion_matrix": [[8, 36, 9, 3, 0, 0], [1, 22, 21, 1, 0, 0], [0, 14, 37, 3, 0, 0], [0, 9, 29, 24, 3, 0], [0, 0, 1, 25, 30, 0], [0, 0, 0, 0, 6, 49]], "predictions": [1.781351089477539, 2.0977344512939453, 4.115938186645508, 1.185487985610962, 1.8724216222763062, 0.3494133949279785, 2.193922996520996, 0.5436493158340454, 0.949853777885437, 1.4568943977355957, 2.445899486541748, 0.7934432029724121, 1.7428951263427734, 2.7272439002990723, 1.0696035623550415, 2.321584701538086, 1.7173874378204346, 2.796438217163086, 1.2645078897476196, 1.7075228691101074, 0.9857531785964966, 1.2330418825149536, 0.775933027267456, 1.6011826992034912, 2.3270397186279297, 1.7793813943862915, 3.053377628326416, 1.7881178855895996, 1.5936558246612549, 2.128483533859253, 0.24245905876159668, 1.959255576133728, 1.5086143016815186, 2.0210323333740234, 2.272113561630249, 2.119492530822754, 0.44690918922424316, 1.1945079565048218, 3.521425247192383, 1.5415220260620117, 1.4023798704147339, 0.43221592903137207, 3.4219701290130615, 2.340785503387451, 2.825221061706543, 1.482471227645874, 1.3034623861312866, 3.4952456951141357, 2.8294925689697266, 2.8465030193328857, 1.766202688217163, 1.8566131591796875, 3.8472094535827637, 1.4477157592773438, 2.658087968826294, 2.446075201034546, 1.0695741176605225, 0.8004496097564697, 2.9680373668670654, 2.4093477725982666, 3.352705955505371, 3.310302972793579, 3.6345558166503906, 1.7068672180175781, 1.1325509548187256, 2.134373903274536, 1.6013107299804688, 1.2128480672836304, 2.0248453617095947, 2.8836681842803955, 0.7241002321243286, 1.9674534797668457, 0.2118215560913086, 0.7096109390258789, 0.9280520677566528, 2.9125890731811523, 0.4186546802520752, 1.3569546937942505, 1.4226961135864258, 0.9525469541549683, 0.8113845586776733, 3.218653440475464, 1.5008221864700317, 0.5070962905883789, 1.285437822341919, 0.748126745223999, 0.7491501569747925, 1.370111346244812, 1.8581736087799072, 3.267033100128174, 1.3131972551345825, 4.117490768432617, 1.0762218236923218, 3.014113664627075, 0.7721729278564453, 2.8156821727752686, 3.313915491104126, 2.6243700981140137, 1.6418027877807617, 1.9926295280456543, 1.8154716491699219, 3.6159329414367676, 1.4641822576522827, 1.6692028045654297, 0.990669846534729, 2.418618679046631, 1.160330057144165, 0.5501115322113037, 1.7166659832000732, 0.26452159881591797, 2.769291877746582, 1.3798561096191406, 1.3847662210464478, 1.3849061727523804, 2.0318331718444824, 3.003267526626587, 0.44721484184265137, 0.9383790493011475, 2.99147367477417, 0.6007565259933472, 2.297746181488037, 2.769538402557373, 1.580592155456543, 2.809779644012451, 1.7250709533691406, 1.7415478229522705, 3.0890097618103027, 1.2418949604034424, 1.42249596118927, 2.8889341354370117, 2.7175910472869873, 1.2154039144515991, 2.6899936199188232, 3.366191864013672, 0.8832372426986694, 2.2133336067199707, 3.5735456943511963, 1.639596939086914, 2.6572325229644775, 2.558527708053589, 1.2190495729446411, 3.991780996322632, 1.4759846925735474, 2.455233335494995, 1.4341304302215576, 2.3774571418762207, 1.86808180809021, 1.9964420795440674, 1.4820797443389893, 1.657044529914856, 0.9109469652175903, 2.3350160121917725, 0.7453417778015137, 3.358971357345581, 1.1409105062484741, 1.7686517238616943, 2.9410111904144287, 1.8904640674591064, 2.230238199234009, 3.734225034713745, 3.339062213897705, 2.0218632221221924, 3.2601253986358643, 1.0022382736206055, 2.670325517654419, 2.8685879707336426, 2.5261003971099854, 2.0043694972991943, 1.018507719039917, 1.5737817287445068, 2.395498037338257, 0.5230007171630859, 1.4404206275939941, 2.4738547801971436, 1.7870409488677979, 1.1698002815246582, 4.27597713470459, 1.3483675718307495, 2.470913887023926, 2.649235725402832, 1.123175859451294, 2.1586596965789795, 0.8807573318481445, 0.6450226306915283, 0.8553334474563599, 3.225870370864868, 2.0113437175750732, 3.8818588256835938, 1.8919748067855835, 2.0296876430511475, 1.7469117641448975, 0.919723629951477, 2.312223434448242, 2.7249889373779297, 2.299192428588867, 3.9309659004211426, 3.694115400314331, 4.418912887573242, 3.96148681640625, 3.4713525772094727, 3.426149845123291, 3.2640762329101562, 4.323019981384277, 4.161493301391602, 4.045027732849121, 3.706068277359009, 3.0570626258850098, 3.9868783950805664, 4.480405807495117, 3.345146894454956, 3.736715793609619, 4.181812763214111, 4.2391557693481445, 4.3396806716918945, 3.8767213821411133, 3.5589041709899902, 3.2188427448272705, 3.652163028717041, 5.7065815925598145, 4.951372146606445, 5.02244758605957, 4.623048782348633, 4.448441505432129, 5.563246726989746, 5.0900115966796875, 4.595775604248047, 4.2851338386535645, 4.581021308898926, 5.103000640869141, 5.4297590255737305, 4.679216384887695, 5.083221912384033, 4.615548133850098, 5.598499298095703, 4.764508247375488, 5.221940994262695, 4.798388957977295, 5.060655117034912, 4.763606071472168, 4.935184001922607, 4.69258975982666, 5.247246265411377, 4.565796852111816, 5.47225284576416, 5.407156944274902, 4.910843849182129, 4.9223432540893555, 4.724092483520508, 4.987072944641113, 5.006644248962402, 5.185066223144531, 4.82393741607666, 4.913278579711914, 4.406795501708984, 4.6733198165893555, 5.188053131103516, 5.24177360534668, 5.653944969177246, 5.369215965270996, 4.776069641113281, 3.960637092590332, 5.100286483764648, 1.5950937271118164, 1.4058210849761963, 1.9931578636169434, 2.2595386505126953, 1.247667908668518, 2.108764410018921, 2.0467381477355957, 1.0606194734573364, 2.3578126430511475, 1.9540055990219116, 4.3370361328125, 2.041172504425049, 5.167065620422363, 3.4856104850769043, 0.8815186023712158, 1.875198483467102, 5.023787498474121, 2.1981210708618164, 2.2444846630096436, 0.7895618677139282, 2.0638208389282227, 1.0606615543365479, 1.544721007347107, 1.6781988143920898, 1.7224602699279785, 1.1240167617797852, 2.202112913131714, 4.373191833496094, 1.0027031898498535, 2.4203803539276123, 2.64536452293396, 1.972697138786316, 5.434031009674072, 0.8945568799972534, 3.4726133346557617, 1.8465287685394287, 5.016787528991699, 4.34320592880249, 1.3852274417877197, 0.7106128931045532, 3.22601580619812, 1.7768306732177734, 0.48328542709350586, 5.3709211349487305, 4.231372356414795, 1.9165382385253906, 1.4833215475082397, 1.4731907844543457, 2.5811073780059814, 1.864278793334961, 2.0021913051605225, 4.642285346984863, 1.5198663473129272, 1.2957439422607422, 4.5463032722473145, 1.7061141729354858, 3.0366573333740234, 2.8953583240509033, 3.770433187484741, 1.905310034751892, 2.402742862701416, 0.7251108884811401, 1.6180248260498047, 0.9801243543624878, 5.655116081237793, 4.1636247634887695, 4.709311008453369, 2.771101474761963, 3.8839752674102783], "params": {"iterations": 1510, "learning_rate": 0.014286, "depth": 3, "l2_leaf_reg": 3.4047e-06, "bagging_temperature": 2.5656, "random_strength": 4.1266, "border_count": 207}, "time_end": "2026-02-28T12:03:41.305117"}