{"model": "catboost_minilm_features-extract_dependency_tree_relations", "type": "train", "seed": 42, "train_losses": [], "val_losses": [], "time_start": "2026-02-28T11:44:01.818613", "mse": 0.13001628662624484, "accuracy": 0.8346153846153846, "corr": 0.9782959579625844, "precision": [1.0, 0.7569444444444444, 0.6337209302325582, 0.8380281690140845, 0.9316239316239316, 1.0], "recall": [0.7345132743362832, 0.7785714285714286, 0.9316239316239316, 0.7880794701986755, 0.8449612403100775, 0.9384615384615385], "f1": [0.8469387755102041, 0.7676056338028169, 0.754325259515571, 0.8122866894197952, 0.8861788617886179, 0.9682539682539683], "support": [113, 140, 117, 151, 129, 130], "confusion_matrix": [[83, 30, 0, 0, 0, 0], [0, 109, 31, 0, 0, 0], [0, 5, 109, 3, 0, 0], [0, 0, 32, 119, 0, 0], [0, 0, 0, 20, 109, 0], [0, 0, 0, 0, 8, 122]], "predictions": [3.2274085832117625, 0.7951267171659764, 0.45214345131089617, 2.8720054520755696, 0.2868666489675289, 2.7002238083714345, 1.8453654487221072, 0.35799534336157146, 0.3319124297415299, 1.3683929967116402, 2.1750378029326805, 0.5159263687529236, 2.28894888975276, 3.7696538346769826, 0.25224270487064304, 3.264365245687091, 0.47868353221113935, 2.4679421178927363, 0.3450758569912997, 1.3064973168729244, 2.0874111919572234, 3.991214694828555, 0.38248516230102236, 3.9839819579462485, 0.518041949474864, 0.28750646976313776, 3.2225541462311096, 1.6685520058335097, 1.5361734669105616, 0.006346708467540818, 2.8508628096607542, 0.7978590454627823, 0.8645225256957338, 2.1337549686615382, 1.2293557959470485, 3.0860474739058343, 2.9894355550079146, 0.225570041845236, 0.3182396766690676, 2.794137124775737, 1.1271829974242622, 2.4885331590876807, 3.865886911156365, 1.6252561938828043, 0.5129766061634426, 0.749890210164335, 3.949811150195073, 1.4386052723438363, 2.681539609606399, -0.037116935604958545, 0.9267909375348276, 4.03731559534916, 3.301795335062951, 2.338992448711077, 1.8929422234036835, 0.3961932198961047, 1.4789366154946348, 0.19400017706537076, 1.5053798394361493, 1.897314372733919, 0.9953638410989336, 0.1689319819884938, 1.1810438710064526, 0.22705000366631323, 1.2119179047580673, 0.32783801884615293, 1.246694898307643, 1.6563342098490503, 1.508894792710955, 0.13184201068792056, 4.139901191616364, 0.8178203512037965, 0.2051010987190094, 3.260025952390678, 2.554038447446863, 1.9305104291338688, 0.38258635900876703, 1.120237998251991, 1.9829214239104642, 0.2587364254438569, 3.2053098646803475, 0.25780915570439467, 0.7278034307152919, 3.585069997087766, 2.2407622376609164, 2.8118729137288834, 3.2222524330893263, 2.6692339325788645, -0.15456436088601366, 2.0263622035701045, 0.3128607635826093, 0.32691227239196907, 3.851807604745982, 2.5429905263634844, 1.5062401048611638, 3.4603761226986856, 1.542683593408303, 3.359584478437123, 3.219220227884167, 1.902344728011745, 1.5261247576220573, 1.330628126411393, 1.3125715060119256, 3.7449806164689576, 1.7393021375017648, 1.7686949258182487, 2.7752830966427378, 0.4262891653144445, 2.366299731981345, 0.536753141157752, 1.553031828351596, 2.910571531369995, 3.581464529290126, 3.1946386470018595, 0.1171945552679472, 2.5317006455832836, 1.9095117662919914, 0.044162650821950145, 2.8181531455850797, 1.73076063132841, 2.8039510528425087, 1.6167822352713936, 2.1317930608345, 2.8458391971224914, 0.06761129386535059, 1.8848534034209974, 3.409004612679065, 2.1156473495828503, -0.033473941685369546, 2.4720032553313582, 3.2447001313070376, 2.7323188659125424, 2.0101636302307053, 0.39250742969054286, 0.7091360382377465, 2.003274203507943, 2.7088638692402123, 2.0939454373251714, 2.067025190458528, 2.122169441169839, 0.38791853814107924, 0.3494433097007925, 1.6893520019742898, 3.8153344162287857, 3.7066733337091327, 2.757173286426126, 1.522076936223339, 2.4840832041256267, 1.8232026083684287, 0.15412782687199877, 2.461889616257871, 1.9447198998542583, 3.6902156029103867, 0.296090721274481, 2.1498512531588387, 1.626360303071149, 1.7894648380652298, 2.6774197224078806, 3.8247061878621214, 0.17578175913734873, 0.508830697921921, 1.4013987927318523, 2.1852309116728357, 0.9170689793028413, 0.025622293042581124, 2.464078284485141, 3.881583711874387, 2.3296171086685518, 1.5735865977996695, 3.5919300369189777, 0.1808988368495763, 0.6464653766501944, 2.6843156735065463, 2.326354444231642, 2.7775007370146945, 3.909153883968085, 2.5070573475841997, 2.5572454648630085, 2.201177681305404, 0.4707283601980685, 2.117932846776705, 0.2974398865111434, 0.39839534806475063, 3.2349911620463185, 1.7335735478663823, 2.7556842533863826, 1.4052965417627694, 2.346215397934112, 3.0632997893313387, 0.0762271905762022, 2.5167170044607703, 2.192767166677947, 3.1172330679841385, 1.2086204524569637, 1.7291828684371873, 1.6561988474699747, 0.6445880696765494, 1.7187107514504398, 0.8799255395028698, 2.8377481681785612, 2.5506381136107974, 0.9208717358989749, 3.172906343421273, 3.2694663217345425, 3.7202020816796493, 2.4580381401284916, 1.7024964443483273, 2.7788820411697057, 2.034921474657321, 0.49212228932436064, 3.047001874293418, 0.35424365128767743, 0.3811671283880993, 1.6773572185680883, 1.7267127160536608, 3.8029980121981293, 3.990586216109452, 1.5812659239634637, 1.6981380428561654, 0.5485568998095904, 2.798579365986192, 2.3143825180071187, 0.5146162131272065, 2.11783247406588, 2.568041342921925, 2.302120370356423, 3.4889663550090626, 0.9394271756226253, 3.356269568142603, 2.907569397270542, 2.8474458155284004, 3.5919278447093546, 0.4306732623835523, 3.8791059220209885, 3.5256368870875283, 3.6591710189902056, 3.5895864019616717, 0.17528006568202903, 0.7091144364012618, 0.7514181923135552, 2.9264892681359225, 4.4373993425002975, 0.3567240024239773, 1.4632708930417755, 3.2388566826155425, 4.246616063078303, 0.5423004066725363, 4.555346383791719, 3.37099989218422, 0.49909393389607004, 1.9232591520116327, 2.0865006166685, 2.0145890299495357, 1.2130792490997262, 1.6830804833860828, 3.0971370939220284, 1.82204121116909, 4.418216420278369, 1.7549566004558168, 3.5714858796257536, 0.2447018205844671, 3.550483959545948, 1.5404787546772778, 3.18805527915207, 3.759478946724068, 1.433814976798333, 1.3008720360255959, 1.0267617342396669, 2.469615786343606, 2.7647623783584745, 0.5427317019675428, 0.16080703458084145, 2.859456872789285, 3.409164317281871, 2.1750234766260657, 4.365856200218255, 0.2931018105003247, 2.436960083319448, 1.6359677060483495, 2.545244075113503, 1.8938271952460997, 1.058119730417643, 1.2676361065820847, 0.5180394080672173, 3.1843394440597055, 0.39032288258673065, 1.0876827411065815, 0.5312443909579863, 1.2234751413463811, 0.3811355766664466, 2.26800815062611, 2.9731522495922844, 3.541464959627253, 1.7515093211535337, 2.7307943479165786, 1.567072952569216, 1.5992261788580255, 3.2239417808841093, 3.2444259020199957, 2.3355059965114706, 2.5866698975411246, 1.8247660109872723, 2.5231667171160783, 0.572097186805016, 2.935297284807446, 3.614556154898729, 4.220670206165795, 3.7271929065140506, 3.8000460442915696, 3.5918365468191777, 3.936275192795369, 3.6745194662364673, 4.366482509851207, 3.441972502365111, 4.3846433877509075, 4.0756339929502845, 4.18841262105432, 4.037447773924631, 4.089979515552771, 4.004650097171368, 3.8959314854518263, 3.892837132709886, 3.8101471597790058, 3.686299730947759, 3.698198746130515, 4.358451660605249, 3.502359593450934, 4.1483629602862715, 4.1985323892042015, 3.886038089177827, 3.8145665588627473, 4.424925546727906, 3.840500258933452, 5.20294356548647, 5.4468411908527905, 4.818685100794507, 4.790517424054264, 5.093374580880175, 5.036361134414461, 5.106190111314052, 5.2214399319926414, 4.618389196062825, 4.8098250957941, 4.679608921572472, 4.795247363976166, 5.1713046749629825, 5.179822936477328, 4.600006268071935, 5.1412948949690636, 4.866605051239317, 5.136509799380015, 4.920312519842521, 4.5954819708436565, 4.586878544439042, 5.067237611496463, 4.929966433026253, 5.219959539673847, 5.153921438147296, 4.801173471029514, 4.839795377313742, 4.975045200797535, 4.609233788207663, 