{"model": "catboost_minilm_features-extract_contractions", "type": "train", "seed": 42, "train_losses": [], "val_losses": [], "time_start": "2026-02-28T11:34:28.108300", "mse": 0.13180482443094607, "accuracy": 0.8282051282051283, "corr": 0.9780721229967618, "precision": [0.9879518072289156, 0.7622377622377622, 0.6193181818181818, 0.8382352941176471, 0.9180327868852459, 1.0], "recall": [0.7256637168141593, 0.7785714285714286, 0.9316239316239316, 0.7549668874172185, 0.8682170542635659, 0.9230769230769231], "f1": [0.8367346938775511, 0.7703180212014135, 0.7440273037542662, 0.794425087108014, 0.8924302788844621, 0.96], "support": [113, 140, 117, 151, 129, 130], "confusion_matrix": [[82, 31, 0, 0, 0, 0], [1, 109, 30, 0, 0, 0], [0, 3, 109, 5, 0, 0], [0, 0, 37, 114, 0, 0], [0, 0, 0, 17, 112, 0], [0, 0, 0, 0, 10, 120]], "predictions": [3.184256479038736, 0.9314810982308208, 0.5473885394490239, 2.8475712181361312, 0.25595478011696127, 2.5059317869804274, 1.771594816523401, 0.4152435898758111, 0.15512173450992783, 1.420203702568527, 2.19199878034816, 0.5289972654369894, 2.2699829961365023, 3.6708135462545712, 0.1516204438109443, 3.3146954056428752, 0.3931674470174693, 2.565111216100106, 0.27939222215113046, 1.2984846343165894, 2.190319112035825, 3.779361554099969, 0.49036685521214673, 4.029029735049002, 0.3855264602219246, 0.2074751756375579, 3.1963206130007813, 1.5492054742557537, 1.610373557051964, 0.18334096084901264, 2.6839686220165118, 0.7419235770834001, 1.0767120821583784, 2.1447377521047857, 1.2963560692337606, 3.0784304734712826, 2.9123801181828664, 0.24837268648544297, 0.3826197553940176, 2.7956591637650314, 1.130218144008637, 2.5450712788239582, 3.9791816160478293, 1.8113737839448247, 0.5840106236409421, 0.7139055522152746, 4.059620107423987, 1.5351703058764974, 2.6116009884113733, -0.009916758981501683, 0.872311140901084, 4.086489432811271, 3.2348864741603145, 2.3041140455269398, 2.062106287180474, 0.3190711020690684, 1.5508673972642968, 0.2718806917956602, 1.5125985744051382, 1.7957273690032605, 0.9381933571004659, 0.28690649752628783, 1.0821042546662039, 0.23469609668220093, 1.0710337316653775, 0.4645096036159262, 1.2193120208307002, 1.65769920437683, 1.5720550452512985, 0.24823576997137886, 4.430836497709417, 0.8636180320897955, 0.15279961956597843, 3.193977021635564, 2.5718619769555127, 1.837388293886007, 0.42744307849947694, 1.2436493127515873, 1.9265120526011896, 0.18677043888115374, 3.163616122458172, 0.3316798268506065, 0.6772730196683303, 3.560777394985351, 2.21581353536658, 2.7403813872514853, 3.2929368280157276, 2.511009157986913, -0.09211969952918064, 1.9469227062056924, 0.3154968973742118, 0.44326998432396225, 3.8080784161775156, 2.4845135142916277, 1.643386767802856, 3.3096523305293006, 1.7055691461672469, 3.4029800088581217, 3.2947987001146437, 1.725294771849113, 1.350214651388166, 1.2687447737103044, 1.2870698481838927, 3.7258499354459365, 1.678243140040951, 1.7345050894784793, 2.7233472302323025, 0.3519663001336757, 2.297316150810871, 0.5243689717765581, 1.5247749068397516, 2.956740174094079, 3.5252214820937224, 3.260757283868737, -0.02024630098332514, 2.45961393971347, 1.9011006155843515, 0.044520944968562404, 2.780274221003057, 1.7284230546981325, 2.5726531823283896, 1.6595192096881153, 2.2038334125277723, 2.8610745240216646, -0.06434138972362158, 1.9051804435734163, 3.3021269668458664, 2.1899344482019427, -0.02019727674470362, 2.447427935515567, 3.254269706262285, 2.755758225923823, 2.1359822639248907, 0.4433151770724, 0.8033544339853593, 1.8203499068570408, 2.7206002556633093, 2.0340096713712406, 2.186448005967785, 2.1794764872796413, 0.33703278842381845, 0.37233438010463926, 1.6794862092965164, 3.673519187556093, 3.6474567093460215, 2.747854048956109, 1.3344515602174365, 2.3950756169184104, 1.7496392455898835, 0.20213242529434527, 2.4241143375331804, 2.1183596597009733, 3.7837159842213124, 0.302849124155657, 2.143978549460755, 1.6505114658863422, 1.7342192134628296, 2.735022566163449, 3.9014908015698264, 0.2093687672243072, 0.5450150079972476, 1.4716726879738145, 2.3327444064268255, 0.969625420909541, 0.06707111134716559, 2.3545641507414468, 3.874107817181123, 2.3751558278982667, 1.539043731252355, 3.7166605290343053, 0.20146162564222747, 0.7353494373330443, 2.608684550815697, 2.181733725188611, 2.8602727090429836, 3.7477819504793617, 2.4558744272570427, 2.524190247757984, 2.2480282065496255, 0.44983314285971154, 2.1532039591325227, 0.23741858379883496, 0.39273778411130333, 3.239491367406428, 1.7446056198182862, 2.742879818469333, 1.387239162806385, 2.3033982938274806, 3.0352275216370646, 0.03211592881895298, 2.434537425801057, 2.329826721983963, 3.213552306305513, 1.2377757909744265, 1.7138018737508796, 1.7369433077730063, 0.6464169836375953, 1.6373146790532167, 0.9708152770978948, 2.9516416174758504, 2.529172954177118, 0.9870956256316545, 3.1258660697852116, 3.219549530115093, 3.7426892576653783, 2.3813100823773112, 1.79301962367135, 2.629965041794504, 2.0419715047506055, 0.5760963232450691, 2.933355724699552, 0.3348078717166376, 0.4598462360352382, 1.7496394554193617, 1.653428508367758, 3.72399020261361, 3.889844718508982, 1.5917668385619024, 1.5703078400435242, 0.5763812955057328, 2.839081683696797, 2.5534354651628415, 0.5476699715300803, 2.199801829218568, 2.55200918548248, 2.4173793577844913, 3.505335302818374, 1.0304170922862586, 3.3211377199261154, 3.0133003482933582, 2.739009829589215, 3.506519487045934, 0.48656398217909747, 3.927914954806883, 3.5389563766159355, 3.6154510231253365, 3.7073628601662163, 0.03766966004551442, 0.7449914457904367, 0.7682934684793159, 2.964014442670324, 4.353369677805654, 0.4697790740242045, 1.4714918257442033, 3.225897732248978, 4.391539099112474, 0.6295704552725798, 4.530722480914087, 3.222411136494614, 0.31849194415553583, 1.766998602109925, 2.0766716061657045, 1.8775521720038886, 1.4280042831399162, 1.6934999881677881, 3.131529364964714, 1.9255922770734615, 4.451879549580789, 1.8050719496156986, 3.508120480718615, 0.20645495748927578, 3.603242061243775, 1.6298811138407112, 3.0943616676552876, 3.7898852383263235, 1.4571574834433838, 1.2625640764796473, 1.1089973514413938, 2.470144607047331, 2.867629331317097, 0.8049809917234749, 0.16676848508427167, 2.8389179909178117, 3.3409212528706664, 2.015594049593309, 4.272053971990024, 0.24282489968982324, 2.493647768645911, 1.6331445808184166, 2.5593659856291704, 1.9364355044705317, 0.9059847830573287, 1.1350726716470398, 0.5744332549809799, 3.2006071334379804, 0.2547540882039909, 1.1716397439022872, 0.6438184042294866, 1.1408264309978224, 0.3280752670322715, 2.2309030430046977, 2.855627007132241, 3.4049693708129247, 1.7062530044430217, 2.7728946387324345, 1.5552074059903036, 1.670625644653541, 3.1554826914563607, 3.2164625020535427, 2.412491344792382, 2.7513219706610714, 1.8174262721326935, 2.4861589442302496, 0.5383543481030089, 3.018296365481933, 3.666418306636877, 4.142114175553391, 3.8137566133612024, 3.9248970311970677, 3.568619996534941, 3.8435689022123043, 3.732356466242869, 4.3776786128391745, 3.542450061801696, 4.272755436211492, 4.021517957867815, 4.224205261992775, 4.087733441230784, 4.15141778111135, 4.092717021988874, 3.960977257549839, 3.8524595756943243, 3.7243800303404946, 3.738876073802839, 3.790595394863025, 4.317089166632606, 3.477951876673612, 4.147189562096537, 4.214643164238751, 3.8032907253506067, 3.814353579125253, 4.285581555990103, 4.109694120747067, 5.220479274854677, 5.267316470341986, 4.794470111875187, 4.815311827166228, 5.100098326990485, 4.997684732879879, 5.030865937277252, 5.285362984371796, 4.683376263795264, 4.741958729846701, 4.6968918989945205, 4.794990727154966, 5.019211133214961, 5.084936478119545, 4.630055164786549, 5.283639237552373, 4.8316087088149775, 5.124721031711633, 4.8336315354860755, 4.717723653089407, 4.650062743136845, 5.028393206434602, 4.902042262288086, 5.294891249973734, 5.133446122502549, 4.828746274785312, 4.880220826572629, 4.895234220026774, 4.561767895351622, 4.743399539742249, 