{
  "model": "finetuned-mbert",
  "params": {
    "stage1_epochs": 5,
    "lr_bert": 3e-05,
    "lr_custom": 8e-05,
    "dropout_rate": 0.1,
    "weight_decay": 0.01,
    "optimizer_warmup": 0.2,
    "feature_hidden_size": 768,
    "frozen_bert_epochs": 4
  },
  "type": "test",
  "seed": 42,
  "mse": 7.418182373046875,
  "accuracy": 0.24045801526717558,
  "precision": [
    1.0,
    0.0,
    0.0,
    0.16666666666666666,
    0.18840579710144928,
    0.2857142857142857
  ],
  "recall": [
    0.02040816326530612,
    0.0,
    0.0,
    0.09615384615384616,
    0.29545454545454547,
    1.0
  ],
  "f1": [
    0.04,
    0.0,
    0.0,
    0.12195121951219512,
    0.23008849557522124,
    0.4444444444444444
  ],
  "support": [
    49,
    28,
    45,
    52,
    44,
    44
  ],
  "confusion_matrix": [
    [
      1,
      1,
      3,
      9,
      18,
      17
    ],
    [
      0,
      0,
      1,
      7,
      6,
      14
    ],
    [
      0,
      1,
      0,
      7,
      19,
      18
    ],
    [
      0,
      0,
      2,
      5,
      13,
      32
    ],
    [
      0,
      0,
      0,
      2,
      13,
      29
    ],
    [
      0,
      0,
      0,
      0,
      0,
      44
    ]
  ]
}
