{
  "model": "finetuned-mbert_lg",
  "params": {
    "stage1_epochs": 6,
    "stage1_frozen_bert_epochs": 1,
    "stage2_epochs": 18,
    "stage2_frozen_bert_epochs": 5,
    "lr_bert": 1e-05,
    "lr_custom": 0.0001,
    "dropout_rate": 0.1,
    "weight_decay": 0.01,
    "optimizer_warmup": 0.2,
    "feature_hidden_size": 768
  },
  "type": "val",
  "seed": 42,
  "folds": [
    {
      "mse": 0.6087494492530823,
      "accuracy": 0.5443037974683544,
      "precision": [
        1.0,
        0.3,
        0.35,
        0.45454545454545453,
        0.8,
        0.9285714285714286
      ],
      "recall": [
        0.26666666666666666,
        0.6666666666666666,
        0.5,
        0.3333333333333333,
        0.6153846153846154,
        1.0
      ],
      "f1": [
        0.42105263157894735,
        0.41379310344827586,
        0.4117647058823529,
        0.38461538461538464,
        0.6956521739130435,
        0.9629629629629629
      ],
      "support": [
        15,
        9,
        14,
        15,
        13,
        13
      ],
      "confusion_matrix": [
        [
          4,
          8,
          3,
          0,
          0,
          0
        ],
        [
          0,
          6,
          3,
          0,
          0,
          0
        ],
        [
          0,
          4,
          7,
          3,
          0,
          0
        ],
        [
          0,
          2,
          6,
          5,
          2,
          0
        ],
        [
          0,
          0,
          1,
          3,
          8,
          1
        ],
        [
          0,
          0,
          0,
          0,
          0,
          13
        ]
      ],
      "train_losses": [
        2.933618593215942,
        2.6084316253662108,
        2.1905924558639525,
        1.7691709995269775,
        1.4019878387451172,
        1.2426656246185304,
        1.1488441586494447,
        0.9831428050994873,
        0.8263567805290222,
        0.671004056930542,
        0.4924281656742096,
        0.34623108208179476,
        0.2446024686098099,
        0.1445830851793289,
        0.09977835416793823,
        0.07892382591962814,
        0.053196389228105545,
        0.04336204864084721,
        0.04499624073505402,
        0.03690243512392044,
        0.04123803786933422,
        0.031435199454426764,
        0.02954649068415165,
        0.02089934404939413,
        0.0273405684158206,
        0.02615920677781105
      ],
      "val_losses": [
        1.8787748217582703,
        1.5535398125648499,
        1.2199416160583496,
        0.9842892289161682,
        0.9210190176963806,
        0.9120513796806335,
        0.8882071077823639,
        0.8567250072956085,
        0.8305091261863708,
        0.8056224882602692,
        0.7578156292438507,
        0.7331794798374176,
        0.6850394606590271,
        0.6302402913570404,
        0.6283867955207825,
        0.6259664297103882,
        0.6380754113197327,
        0.6427358686923981,
        0.6379498541355133,
        0.6823632121086121,
        0.5954134166240692,
        0.665436178445816,
        0.630904346704483,
        0.6255809962749481,
        0.6162276566028595,
        0.6236347258090973
      ]
    },
    {
      "mse": 1.0513652563095093,
      "accuracy": 0.4177215189873418,
      "precision": [
        0.25,
        0.17647058823529413,
        0.32,
        0.2,
        1.0,
        1.0
      ],
      "recall": [
        0.07142857142857142,
        0.3333333333333333,
        0.5714285714285714,
        0.1875,
        0.5384615384615384,
        0.8461538461538461
      ],
      "f1": [
        0.1111111111111111,
        0.23076923076923078,
        0.41025641025641024,
        0.1935483870967742,
        0.7,
        0.9166666666666666
      ],
      "support": [
        14,
        9,
        14,
        16,
        13,
        13
      ],
      "confusion_matrix": [
        [
          1,
          8,
          4,
          1,
          0,
          0
        ],
        [
          1,
          3,
          4,
          1,
          0,
          0
        ],
        [
          1,
          3,
          8,
          2,
          0,
          0
        ],
        [
          1,
          3,
          9,
          3,
          0,
          0
        ],
        [
          0,
          0,
          0,
          6,
          7,
          0
        ],
        [
          0,
          0,
          0,
          2,
          0,
          11
        ]
      ],
      "train_losses": [
        2.490388298034668,
        2.236226487159729,
        1.8866557359695435,
        1.5158180236816405,
        1.2483736991882324,
        1.120902168750763,
        1.0325334906578063,
        0.8730388641357422,
        0.6788562417030335,
        0.5024663865566253,
        0.39228028655052183,
        0.2759111762046814,
        0.1728905200958252,
        0.11201102882623673,
        0.0756555050611496,
        0.0682800568640232,
        0.044814621657133104,
        0.032328111305832866
      ],
      "val_losses": [
        3.5829310417175293,
        3.15403950214386,
        2.6552523374557495,
        2.209395408630371,
        1.9002537727355957,
        1.8633766770362854,
        1.7496665120124817,
        1.582092046737671,
        1.4585385918617249,
        1.390422523021698,
        1.228147029876709,
        1.2104564309120178,
        1.0957659482955933,
        1.2209166288375854,
        1.2876631021499634,
        1.159094750881195,
        1.2623669505119324,
        1.1501193344593048
      ]
    },
    {
      "mse": 0.7167280316352844,
      "accuracy": 0.47435897435897434,
      "precision": [
        0.6666666666666666,
        0.0,
        0.42105263157894735,
        0.4666666666666667,
        0.6428571428571429,
        1.0
      ],
      "recall": [
        0.14285714285714285,
        0.0,
        0.5714285714285714,
        0.4375,
        0.6923076923076923,
        0.8461538461538461
      ],
      "f1": [
        0.23529411764705882,
        0.0,
        0.48484848484848486,
        0.45161290322580644,
        0.6666666666666666,
        0.9166666666666666
      ],
      "support": [
        14,
        8,
        14,
        16,
        13,
        13
      ],
      "confusion_matrix": [
        [
          2,
          11,
          1,
          0,
          0,
          0
        ],
        [
          1,
          0,
          5,
          2,
          0,
          0
        ],
        [
          0,
          4,
          8,
          2,
          0,
          0
        ],
        [
          0,
          1,
          5,
          7,
          3,
          0
        ],
        [
          0,
          0,
          0,
          4,
          9,
          0
        ],
        [
          0,
          0,
          0,
          0,
          2,
          11
        ]
      ],
      "train_losses": [
        2.896320867538452,
        2.7988983631134032,
        2.603272867202759,
        2.350885343551636,
        2.0447088479995728,
        1.8424142837524413,
        1.5841643810272217,
        1.2599830865859984,
        1.0579763770103454,
        0.883562970161438,
        0.7140493869781495,
        0.5480703830718994,
        0.40408855080604555,
        0.25209757685661316,
        0.15195885300636292,
        0.08530413806438446,
        0.05849587768316269,
        0.04199714288115501,
        0.0432865783572197,
        0.027269548922777175,
        0.029864369705319405,
        0.02993144132196903,
        0.028459621593356133
      ],