{"model": "finetuned-mbert", "type": "test", "seed": 42, "time_start": "2026-02-28T09:43:48.871547", "mse": 0.9512873291969299, "accuracy": 0.4954682779456193, "corr": 0.8239058256149292, "precision": [0.5384615384615384, 0.2962962962962963, 0.288135593220339, 0.3898305084745763, 0.6666666666666666, 0.9310344827586207], "recall": [0.25, 0.5333333333333333, 0.3148148148148148, 0.35384615384615387, 0.5714285714285714, 0.9818181818181818], "f1": [0.34146341463414637, 0.38095238095238093, 0.3008849557522124, 0.3709677419354839, 0.6153846153846154, 0.9557522123893806], "support": [56, 45, 54, 65, 56, 55], "confusion_matrix": [[14, 26, 9, 7, 0, 0], [3, 24, 16, 1, 1, 0], [8, 14, 17, 12, 3, 0], [1, 16, 14, 23, 11, 0], [0, 1, 3, 16, 32, 4], [0, 0, 0, 0, 1, 54]], "predictions": [2.325780153274536, 1.9508322477340698, 3.514634609222412, 1.4805431365966797, 2.320058822631836, 1.2363933324813843, 1.4665632247924805, 0.3879320025444031, 0.43879222869873047, 1.5497990846633911, 2.57926082611084, 0.06972503662109375, 3.615885019302368, 3.6565189361572266, 1.9829903841018677, 1.1855807304382324, 1.215312123298645, 2.174877643585205, 1.825014352798462, 2.5652079582214355, 0.0967792272567749, 0.6251863837242126, 0.5653024315834045, 0.4267565608024597, 0.9400105476379395, 2.604736089706421, 3.215688467025757, 1.4477026462554932, 1.8457714319229126, 1.9866081476211548, 0.5566558837890625, 2.277834892272949, 1.3450368642807007, 1.387364149093628, 0.9036762714385986, 0.9425837993621826, 0.8624906539916992, 1.6217328310012817, 3.3763625621795654, 1.1677355766296387, 2.1375010013580322, -0.12176680564880371, 4.045901298522949, 2.2935123443603516, 3.8924708366394043, 2.0951998233795166, 1.3672115802764893, 3.594283103942871, 3.4633290767669678, 2.522806406021118, 2.2028162479400635, 1.3953124284744263, 3.3885281085968018, 1.5611826181411743, 1.9367026090621948, 3.809220790863037, 1.7418473958969116, 1.3708099126815796, 1.3755719661712646, 2.4517409801483154, 4.162378311157227, 3.631239891052246, 3.5741546154022217, 2.334350824356079, 0.26138216257095337, 2.2372636795043945, 0.34154999256134033, 1.727404236793518, 3.382218360900879, 2.9201600551605225, 0.4207385182380676, 2.6914849281311035, 0.41843104362487793, -0.4888344407081604, 1.1146836280822754, 3.680877447128296, 0.8093681335449219, 1.4239683151245117, 1.6314241886138916, 0.7462741732597351, 1.2648897171020508, 2.982034683227539, 1.8694016933441162, 0.7029588222503662, 1.0211292505264282, 0.5253874659538269, 1.7185214757919312, 0.5072185397148132, 1.2832000255584717, 2.330888271331787, 2.2664005756378174, 3.698861598968506, 1.4122612476348877, 4.031722545623779, 0.4813424348831177, 3.841546058654785, 3.7575106620788574, 2.84203839302063, 2.187962055206299, 1.9882729053497314, 1.5536856651306152, 3.865330934524536, 0.7333366870880127, 1.0808603763580322, 0.5419459939002991, 2.5182318687438965, 0.889072060585022, 0.2827143669128418, 0.4108757972717285, 0.9537502527236938, 2.567033052444458, 0.66343092918396, 2.2765049934387207, 1.5474953651428223, 2.1504344940185547, 2.8870737552642822, -0.27755725383758545, 1.4254330396652222, 3.003897190093994, 0.3075382709503174, 0.411993145942688, 3.2581863403320312, 0.9953431487083435, 3.758314609527588, 2.7420616149902344, 2.87485933303833, 2.620666027069092, 0.6360637545585632, 1.434812307357788, 3.6224472522735596, 2.724696636199951, 0.45760947465896606, 2.436835527420044, 3.3756723403930664, 0.9617761373519897, 1.3315513134002686, 2.2074179649353027, 0.5461236834526062, 2.924314022064209, 3.3603315353393555, 1.1144890785217285, 4.275076389312744, 1.7334649562835693, 3.6792409420013428, 0.4727365970611572, 1.848111867904663, 1.5348440408706665, 1.767099142074585, 0.8284044861793518, 1.2911627292633057, 0.6881862282752991, 2.7767038345336914, 1.2436790466308594, 4.241138458251953, 1.2491285800933838, 1.4009387493133545, 3.315660238265991, 2.8447868824005127, 3.3966245651245117, 4.593660354614258, 3.8772714138031006, 1.143696665763855, 3.1822762489318848, 0.660990297794342, 3.9847965240478516, 2.6864259243011475, 3.410435438156128, 1.8868988752365112, 1.054383397102356, 1.4247159957885742, 3.342785358428955, 0.5084735155105591, 1.6142686605453491, 2.665160894393921, 1.115183711051941, 1.4970391988754272, 4.38607120513916, 2.174813985824585, 3.43784236907959, 3.9074788093566895, 0.10960465669631958, 2.584104537963867, 0.5771183967590332, 1.322164535522461, 0.622252881526947, 2.8850414752960205, 2.4722909927368164, 4.0216593742370605, 1.940050482749939, 1.851181149482727, 0.2705920934677124, 0.8811028003692627, 2.8871796131134033, 3.0798468589782715, 2.5883655548095703, 4.406477928161621, 3.7355551719665527, 4.497880935668945, 4.17122220993042, 3.999220371246338, 3.948789596557617, 4.275298118591309, 4.3836798667907715, 4.414085388183594, 4.064467430114746, 3.3584611415863037, 3.202777862548828, 3.7027695178985596, 4.614104747772217, 3.6551170349121094, 4.1987385749816895, 4.538276195526123, 3.946437358856201, 4.648679733276367, 3.7315566539764404, 2.6771178245544434, 3.90207576751709, 3.1821627616882324, 5.054995536804199, 5.271856784820557, 5.2015509605407715, 4.991602897644043, 4.829328536987305, 4.699601173400879, 4.8699188232421875, 4.906618118286133, 5.042665481567383, 4.818886756896973, 4.985754013061523, 5.039311408996582, 5.001420021057129, 5.174184799194336, 5.0026350021362305, 4.993387222290039, 4.869300365447998, 5.14420223236084, 5.010438919067383, 4.832548141479492, 4.798778533935547, 5.0013108253479, 4.861030101776123, 5.117187023162842, 5.135341167449951, 5.004002571105957, 4.81679105758667, 5.005982875823975, 5.142221927642822, 5.011444568634033, 5.293744087219238, 5.142970085144043, 5.136272430419922, 5.1380157470703125, 5.345327854156494, 4.496363162994385, 4.590400695800781, 4.958699703216553, 4.875762939453125, 5.03195858001709, 4.670644760131836, 4.864952087402344, 4.961783409118652, 5.225100994110107, 1.5238795280456543, 1.1862903833389282, 1.8226861953735352, 2.6596977710723877, 2.593869924545288, 1.453437089920044, 2.692648410797119, 0.9034584760665894, 2.270092725753784, 3.3044919967651367, 5.073990821838379, 2.5212559700012207, 5.190840721130371, 3.574340343475342, -0.02108699083328247, 0.9965910911560059, 5.078037261962891, 1.3952237367630005, 2.904783248901367, 1.2746329307556152, 1.1171958446502686, 0.6601947546005249, 1.86967134475708, 0.35757750272750854, 1.8181835412979126, -0.02826547622680664, 2.37563419342041, 5.008813858032227, 1.232682228088379, 2.7231879234313965, 1.3254058361053467, 1.502376914024353, 5.052533149719238, 0.9984168410301208, 3.332156181335449, 0.3622604012489319, 4.858808517456055, 4.129086971282959, 1.638702392578125, 0.7927760481834412, 2.8641202449798584, 2.576199769973755, 0.01401519775390625, 5.022359848022461, 3.818265914916992, 2.6728017330169678, 1.315169334411621, 0.9059373736381531, 3.3240957260131836, 2.060807704925537, 1.4675202369689941, 4.662650108337402, 0.5001577734947205, 1.5358978509902954, 5.04615592956543, 2.167142391204834, 3.1303586959838867, 2.084467887878418, 3.4351720809936523, 0.8698979616165161, 2.201469659805298, 1.4381251335144043, 2.1907763481140137, 0.895258903503418, 5.199100494384766, 3.665126085281372, 4.951642990112305, 3.017439603805542, 4.245681285858154], "params": {"stage1_epochs": 0, "stage1_frozen_bert_epochs": 0, "stage2_epochs": 25, "stage2_frozen_bert_epochs": 3, "lr_bert": 1e-05, "lr_custom": 0.0001, "dropout_rate": 0.1, "weight_decay": 0.01, "optimizer_warmup": 0.2, "feature_hidden_size": 512, "use_lora": true, "lora_r": 8, "lora_alpha": 16, "lora_dropout": 0.05}, "time_end": "2026-02-28T09:44:08.413145"}