{
  "model": "finetuned-mbert",
  "type": "test",
  "seed": 42,
  "mse": 1.1320370435714722,
  "accuracy": 0.25190839694656486,
  "params": {
    "stage1_epochs": 0,
    "stage2_epochs": 20,
    "lr_bert": 1e-05,
    "lr_custom": 8e-05,
    "dropout_rate": 0.3,
    "weight_decay": 0.01,
    "optimizer_warmup": 0.2,
    "feature_hidden_size": 512,
    "stage1_frozen_bert_epochs": 0,
    "stage2_frozen_bert_epochs": 3,
    "use_lora": true,
    "lora_r": 8,
    "lora_alpha": 32,
    "lora_dropout": 0.1
  },
  "precision": [
    0.8,
    0.1774193548387097,
    0.29411764705882354,
    0.2903225806451613,
    0.2,
    0.0
  ],
  "recall": [
    0.08163265306122448,
    0.39285714285714285,
    0.4444444444444444,
    0.34615384615384615,
    0.29545454545454547,
    0.0
  ],
  "f1": [
    0.14814814814814814,
    0.24444444444444444,
    0.35398230088495575,
    0.3157894736842105,
    0.23853211009174313,
    0.0
  ],
  "support": [
    49,
    28,
    45,
    52,
    44,
    44
  ],
  "confusion_matrix": [
    [
      4,
      26,
      14,
      4,
      1,
      0
    ],
    [
      1,
      11,
      13,
      3,
      0,
      0
    ],
    [
      0,
      18,
      20,
      7,
      0,
      0
    ],
    [
      0,
      7,
      19,
      18,
      8,
      0
    ],
    [
      0,
      0,
      2,
      29,
      13,
      0
    ],
    [
      0,
      0,
      0,
      1,
      43,
      0
    ]
  ]
}
