{"model": "finetuned-mbert_lg", "type": "test", "seed": 42, "time_start": "2026-03-01T15:17:25.332905", "mse": 1.1909997477667935, "accuracy": 0.38495575221238937, "corr": 0.6133583230013754, "precision": [0.8181818181818182, 0.2727272727272727, 0.3291139240506329, 0.43859649122807015, 0.5, 0.0], "recall": [0.17647058823529413, 0.45454545454545453, 0.5098039215686274, 0.38461538461538464, 0.5, 0.0], "f1": [0.2903225806451613, 0.3409090909090909, 0.4, 0.4098360655737705, 0.5, 0.0], "support": [51, 33, 51, 65, 24, 2], "confusion_matrix": [[9, 20, 17, 5, 0, 0], [2, 15, 12, 4, 0, 0], [0, 10, 26, 13, 2, 0], [0, 9, 22, 25, 9, 0], [0, 1, 2, 9, 12, 0], [0, 0, 0, 1, 1, 0]], "predictions": [1.6338359117507935, 1.4857903718948364, 2.7296969890594482, 1.9131666421890259, 1.2831727266311646, 0.4684103727340698, 2.9628806114196777, 2.8486557006835938, 0.9529696702957153, 3.5924019813537598, 3.4268884658813477, 2.0163397789001465, 3.2372536659240723, 2.175572395324707, 1.307766079902649, 2.38580060005188, 3.5534651279449463, 1.2012720108032227, 1.110704779624939, 3.494523525238037, 3.9288573265075684, 0.9208782315254211, 3.4639124870300293, 1.1717253923416138, 1.7687177658081055, 3.765997886657715, 1.1952513456344604, 2.0090386867523193, 2.121746063232422, 3.201303243637085, 3.7435803413391113, 2.1748976707458496, 2.241358518600464, 0.8717054724693298, 3.522857666015625, 1.4145581722259521, 1.637127161026001, 3.4089996814727783, 2.7372727394104004, 1.2006407976150513, 1.9325038194656372, 0.8332502245903015, 0.7701946496963501, 1.276955485343933, 3.6660780906677246, 3.5228049755096436, 1.120126724243164, 2.65512752532959, 3.326869487762451, 0.809341311454773, 2.8247408866882324, 1.6133674383163452, 3.852252960205078, 0.9391295313835144, 3.4939942359924316, 0.594954252243042, 2.8945138454437256, 2.6576921939849854, 3.6550469398498535, 1.4293287992477417, 2.0912880897521973, 2.3494656085968018, 2.714540958404541, 2.680098056793213, 0.9603680372238159, 2.7930712699890137, 1.3503938913345337, 1.588442087173462, 0.4508894085884094, 2.9023795127868652, 2.7350847721099854, 2.677731513977051, 1.4247957468032837, 1.758155107498169, 1.3677085638046265, 2.204533100128174, 1.677714228630066, 0.9418034553527832, 2.0357401371002197, 0.36345523595809937, 1.7885723114013672, 2.202237129211426, 2.1275761127471924, 3.0976929664611816, 0.21113890409469604, 1.0520787239074707, 1.3011410236358643, 2.548968553543091, 2.6070334911346436, 2.238929033279419, 2.7113568782806396, 2.246668577194214, 4.036651611328125, 0.9274002313613892, 2.0588955879211426, 0.37863627076148987, 1.5090299844741821, 1.8944011926651, 1.7900941371917725, 1.4597216844558716, 2.4203379154205322, 0.6503081321716309, 1.9902441501617432, 1.5613722801208496, 0.5075231790542603, 2.114624500274658, 2.9710617065429688, 0.30592072010040283, 3.6407439708709717, 1.5842995643615723, 2.4334590435028076, 1.5105111598968506, 2.355024814605713, 3.3093743324279785, 0.7890117764472961, 0.7489280700683594, 3.464334011077881, 2.9546241760253906, 2.81760311126709, 3.724428415298462, 3.746439218521118, 1.938213586807251, 1.1068687438964844, 2.1809489727020264, 3.0082149505615234, 3.012087345123291, 2.5341038703918457, 1.5373491048812866, 1.57290780544281, 1.5071747303009033, 2.550243377685547, 3.569690704345703, 1.3442087173461914, 1.3099862337112427, 3.2725398540496826, 3.066107749938965, 2.4313764572143555, 1.5843907594680786, 0.5566086769104004, 1.9303011894226074, 0.9120790958404541, 1.394997239112854, 2.5974388122558594, 1.7803188562393188, 2.7223265171051025, 2.914414405822754, 3.585723400115967, 0.897537350654602, 3.559664487838745, 1.3084083795547485, 2.6441731452941895, 1.332097053527832, 1.34080171585083, 1.8873834609985352, -0.030525654554367065, 3.16968035697937, 1.7163292169570923, 0.4232356548309326, 1.7849011421203613, 2.6451799869537354, 2.901054620742798, 3.3709161281585693, 2.9707014560699463, 1.2139307260513306, 2.7430145740509033, 2.3545806407928467, 1.268441081047058, 1.2279555797576904, 2.3309388160705566, 1.8298221826553345, 1.3880641460418701, 1.707810878753662, 1.7868117094039917, 1.1459684371948242, 2.128706455230713, 2.2264697551727295, 2.283604621887207, 0.8313549160957336, 1.55125892162323, 3.916688919067383, 2.3399910926818848, 2.1815617084503174, 0.7441860437393188, 2.3678009510040283, 3.7500650882720947, 2.237535238265991, 2.560415029525757, 0.6007147431373596, 3.8826212882995605, 1.3965190649032593, 1.5812957286834717, 1.2684892416000366, 1.5669701099395752, 2.597264051437378, 1.8141921758651733, 1.6654704809188843, 2.4261462688446045, 0.8355615735054016, 2.723543643951416, -0.3196057379245758, 1.9329546689987183, 3.021263360977173, 2.185960054397583, 0.9483183026313782, 1.84202241897583, 1.6496706008911133, 3.3134212493896484, 3.620246648788452, 3.561030149459839, 1.5289021730422974, 1.7472373247146606, 1.9564263820648193, 1.5274673700332642, 2.2717483043670654, 1.909656047821045, 0.4433545470237732, 3.3807437419891357, 2.9008641242980957, 0.32591086626052856, 2.8416426181793213, 1.5287716388702393, 3.7271296977996826, 2.6782102584838867, 4.026694297790527, 1.6572775840759277, 2.729797124862671], "params": {"stage1_epochs": 6, "stage1_frozen_bert_epochs": 1, "stage2_epochs": 21, "stage2_frozen_bert_epochs": 5, "lr_bert": 1e-05, "lr_custom": 0.0001, "dropout_rate": 0.1, "weight_decay": 0.01, "optimizer_warmup": 0.2, "feature_hidden_size": 768, "use_lora": true, "lora_r": 8, "lora_alpha": 16, "lora_dropout": 0.05}, "time_end": "2026-03-01T15:17:39.400198"}