{
  "model": "finetuned-mbert",
  "params": {
    "stage1_epochs": 5,
    "lr_bert": 3e-05,
    "lr_custom": 8e-05,
    "dropout_rate": 0.1,
    "weight_decay": 0.01,
    "optimizer_warmup": 0.2,
    "feature_hidden_size": 768,
    "frozen_bert_epochs": 4
  },
  "type": "test",
  "seed": 41,
  "mse": 6.503154277801514,
  "accuracy": 0.2366412213740458,
  "precision": [
    1.0,
    0.2,
    0.125,
    0.15217391304347827,
    0.15517241379310345,
    0.2986111111111111
  ],
  "recall": [
    0.02040816326530612,
    0.03571428571428571,
    0.022222222222222223,
    0.1346153846153846,
    0.20454545454545456,
    0.9772727272727273
  ],
  "f1": [
    0.04,
    0.06060606060606061,
    0.03773584905660377,
    0.14285714285714285,
    0.17647058823529413,
    0.4574468085106383
  ],
  "support": [
    49,
    28,
    45,
    52,
    44,
    44
  ],
  "confusion_matrix": [
    [
      1,
      2,
      3,
      15,
      17,
      11
    ],
    [
      0,
      1,
      0,
      8,
      9,
      10
    ],
    [
      0,
      1,
      1,
      14,
      9,
      20
    ],
    [
      0,
      1,
      3,
      7,
      13,
      28
    ],
    [
      0,
      0,
      1,
      2,
      9,
      32
    ],
    [
      0,
      0,
      0,
      0,
      1,
      43
    ]
  ]
}
