{"model": "finetuned-mbert_lg", "type": "test", "seed": 42, "mse": 0.8509255647659302, "accuracy": 0.5190839694656488, "precision": [0.8, 0.23636363636363636, 0.30303030303030304, 0.44, 0.8108108108108109, 0.9772727272727273], "recall": [0.16326530612244897, 0.4642857142857143, 0.4444444444444444, 0.4230769230769231, 0.6818181818181818, 0.9772727272727273], "f1": [0.2711864406779661, 0.3132530120481928, 0.36036036036036034, 0.43137254901960786, 0.7407407407407407, 0.9772727272727273], "support": [49, 28, 45, 52, 44, 44], "confusion_matrix": [[8, 23, 13, 5, 0, 0], [0, 13, 12, 3, 0, 0], [2, 14, 20, 9, 0, 0], [0, 5, 19, 22, 6, 0], [0, 0, 2, 11, 30, 1], [0, 0, 0, 0, 1, 43]], "params": {"stage1_epochs": 6, "stage1_frozen_bert_epochs": 1, "stage2_epochs": 25, "stage2_frozen_bert_epochs": 5, "lr_bert": 1e-05, "lr_custom": 0.0001, "dropout_rate": 0.1, "weight_decay": 0.01, "optimizer_warmup": 0.2, "feature_hidden_size": 768, "use_lora": true, "lora_r": 8, "lora_alpha": 16, "lora_dropout": 0.05}}