{
  "model": "finetuned-mbert_lg",
  "params": {
    "stage1_epochs": 6,
    "stage1_frozen_bert_epochs": 1,
    "stage2_epochs": 18,
    "stage2_frozen_bert_epochs": 5,
    "lr_bert": 1e-05,
    "lr_custom": 0.0001,
    "dropout_rate": 0.1,
    "weight_decay": 0.01,
    "optimizer_warmup": 0.2,
    "feature_hidden_size": 768
  },
  "type": "train",
  "seed": 42,
  "mse": 0.614091694355011,
  "accuracy": 0.605675751055861,
  "precision": [
    0.9449392712550607,
    0.2933228129006805,
    0.11057856898322492,
    0.7709731543624161,
    0.777982062780269,
    0.9993351505883917
  ],
  "recall": [
    0.2200807151208841,
    0.38282808779043576,
    0.43104982206405695,
    0.7078078367189756,
    0.9634586549675126,
    0.9977431131762363
  ],
  "f1": [
    0.35701174743024966,
    0.33215133324026247,
    0.17600581236944873,
    0.7380414596195352,
    0.8608430297466941,
    0.9985384973095064
  ],
  "support": [
    26513,
    15537,
    4496,
    20774,
    18007,
    15065
  ],
  "confusion_matrix": [
    [
      5835,
      13822,
      6237,
      607,
      12,
      0
    ],
    [
      323,
      5948,
      8341,
      899,
      26,
      0
    ],
    [
      5,
      268,
      1938,
      2215,
      70,
      0
    ],
    [
      12,
      240,
      1005,
      14704,
      4811,
      2
    ],
    [
      0,
      0,
      4,
      646,
      17349,
      8
    ],
    [
      0,
      0,
      1,
      1,
      32,
      15031
    ]
  ],
  "train_losses": [
    2.6676039695739746,
    2.633406639099121,
    2.835235595703125,
    3.1868948936462402,
    2.223604440689087,
    2.847329616546631,
    3.5215113162994385,
    2.3939762115478516,
    2.2217135429382324,
    2.3388609886169434,
    1.402003526687622,
    2.4371750354766846,
    1.8901193141937256,
    1.7194547653198242,
    1.580547571182251,
    1.6429274082183838,
    1.1539995670318604,
    1.5433008670806885,
    1.5240843296051025,
    1.1489906311035156,
    0.9504151344299316,
    1.7368801832199097,
    1.5735474824905396,
    0.9890806078910828,
    1.041785717010498,
    1.1717004776000977,
    0.9277673959732056,
    0.34694433212280273,
    0.9125685691833496,
    1.0794363021850586,
    1.1370363235473633,
    1.0663840770721436,
    1.0489473342895508,
    0.9973008036613464,
    0.7692654132843018,
    0.7927454113960266,
    0.9314278364181519,
    0.9987552762031555,
    0.8826652765274048,
    0.8089435696601868,
    0.8412611484527588,
    0.5087484121322632,
    0.741996169090271,
    0.620782196521759,
    0.542812705039978,
    0.5532615184783936,
    0.9213610887527466,
    0.7217264175415039,
    0.5950663089752197,
    0.45239710807800293,
    0.4805782735347748,
    0.5542595982551575,
    0.7073793411254883,
    0.3005858063697815,
    0.42071133852005005,
    0.2696866989135742,
    0.18460287153720856,
    0.4467012882232666,
    0.3668830394744873,
    0.2404618263244629,
    0.38967570662498474,
    0.24224400520324707,
    0.2296813279390335,
    0.24268028140068054,
    0.3354945778846741,
    0.2076205611228943,
    0.21586817502975464,
    0.1997401863336563,
    0.19719430804252625,
    0.16516336798667908,
    0.16276510059833527,
    0.17290432751178741,
    0.15498457849025726,
    0.18478912115097046,
    0.11679650843143463,
    0.18819096684455872,
    0.09450485557317734,
    0.12014859914779663,
    0.10107842832803726,
    0.1397450864315033,
    0.10908371210098267,
    0.06772973388433456,
    0.06906069070100784,
    0.13135741651058197,
    0.09236602485179901,
    0.17339524626731873,
    0.19627223908901215,
    0.15849047899246216,
    0.11821939051151276,
    0.07890620082616806,
    0.03331397473812103,
    0.06370346248149872,
    0.07361357659101486,
    0.07422927021980286,
    0.05730314180254936,
    0.05171942710876465,
    0.06669021397829056,
    0.01578722707927227,
    0.05498584359884262,
    0.04112070053815842,
    0.049120984971523285,
    0.05483611673116684,
    0.04529406130313873,
    0.024967914447188377,
    0.031839847564697266,
    0.036043472588062286,
    0.05100296065211296,
    0.03376009315252304,
    0.0260908380150795,
    0.028631392866373062,
    0.03232058882713318,
    0.01443463284522295,
    0.019105326384305954,
    0.03443589806556702,
    0.03592782840132713,
    0.034976471215486526,
    0.030671752989292145,
    0.04380156099796295,
    0.006852364633232355,
    0.031172901391983032,
    0.03258960694074631,
    0.03786034882068634,
    0.020916640758514404,
    0.021786769852042198,
    0.026616603136062622,
    0.011419106274843216
  ],
  "val_losses": []
}
