{"model": "finetuned-mbert_lg", "type": "test", "seed": 42, "time_start": "2026-03-01T21:39:09.354941", "mse": 3.183879324018666, "accuracy": 0.2168141592920354, "corr": 0.3674911885271535, "precision": [0.3402061855670103, 0.11607142857142858, 0.1875, 0.0, 0.0, 0.0], "recall": [0.6470588235294118, 0.3939393939393939, 0.058823529411764705, 0.0, 0.0, 0.0], "f1": [0.44594594594594594, 0.1793103448275862, 0.08955223880597014, 0.0, 0.0, 0.0], "support": [51, 33, 51, 65, 24, 2], "confusion_matrix": [[33, 15, 3, 0, 0, 0], [20, 13, 0, 0, 0, 0], [23, 25, 3, 0, 0, 0], [19, 43, 3, 0, 0, 0], [2, 14, 7, 1, 0, 0], [0, 2, 0, 0, 0, 0]], "predictions": [0.39193418622016907, 0.1446816325187683, -0.021684914827346802, 0.7149354219436646, 0.3016526699066162, 0.4832330048084259, 0.7929332256317139, 2.176422119140625, 0.3075784146785736, 1.0288023948669434, 0.4614796042442322, 0.3023064136505127, 0.7062869071960449, 0.1181565523147583, 0.36032214760780334, 0.32354333996772766, 2.007863998413086, 0.3656370937824249, 0.5104095935821533, 0.19136369228363037, 2.044614791870117, 0.6278748512268066, 0.5224579572677612, -0.04634171724319458, 0.3865378499031067, 0.8032752275466919, 0.4341602325439453, 0.5803859829902649, 0.6840341091156006, 1.6933062076568604, 1.5564218759536743, 0.3361528515815735, 0.8651458621025085, 0.6980088949203491, 1.8428508043289185, 0.4707633852958679, -0.06435582041740417, 0.7692626118659973, 1.2580257654190063, 0.603583574295044, 0.784469723701477, 0.0701974630355835, 0.3017802834510803, 0.8192275166511536, 0.6968000531196594, 0.9739382863044739, -0.07071629166603088, 0.694536030292511, 0.4450782239437103, 0.5503214597702026, 0.4120892584323883, 0.056993722915649414, 1.9494870901107788, 0.8266890048980713, 0.750117301940918, 0.12653040885925293, 1.4709852933883667, 1.0908989906311035, 1.3388645648956299, 0.8048979043960571, 0.2626197636127472, 0.05985814332962036, 0.2158433496952057, 1.0497984886169434, 0.22552379965782166, 0.3724663257598877, 0.32797425985336304, 1.4239550828933716, 0.36211469769477844, 1.1241636276245117, 0.2557232975959778, 0.8225533962249756, 0.19032207131385803, 1.1232925653457642, -0.111533522605896, 0.5616325736045837, 0.16821536421775818, 0.35694271326065063, 0.6736131310462952, -6.705522537231445e-05, 0.0014524459838867188, 0.3611186742782593, 1.2322158813476562, 1.1480884552001953, 0.6610692739486694, 0.7246122360229492, 0.3770357668399811, 1.808110237121582, 1.4327515363693237, 1.0976160764694214, 0.5931112766265869, 0.8028254508972168, 1.0303128957748413, 0.10270380973815918, 0.5630882382392883, 0.263228178024292, 0.09382233023643494, 0.6657291650772095, 0.5677313804626465, 0.2679746150970459, 0.6431891322135925, 0.26595601439476013, 0.6593949198722839, 0.09549874067306519, 0.11319825053215027, 0.6931909322738647, 0.5925271511077881, -0.052613765001297, 1.254730224609375, 0.53844153881073, 0.25271308422088623, 0.8118003010749817, 0.9336692094802856, 0.8859179019927979, -0.05721396207809448, 0.48649200797080994, 0.6417564153671265, 1.01675283908844, 0.5971186757087708, 1.1186481714248657, 2.137143850326538, 0.2000708281993866, 1.7110166549682617, 0.9327905178070068, 0.7061808109283447, 0.6794028282165527, 0.7113747596740723, 0.44117942452430725, 0.18108195066452026, 0.7063083648681641, 1.2549071311950684, 0.8359664678573608, -0.08001390099525452, 0.22124245762825012, 1.5219249725341797, 1.2590811252593994, 0.6638970375061035, 0.10552576184272766, 0.5176608562469482, 0.7338047623634338, 0.7486121654510498, 0.4880913496017456, 1.2737486362457275, 0.7788999080657959, 0.21179598569869995, 0.7651709318161011, 1.0192862749099731, 1.1201776266098022, 1.1395171880722046, 0.13621604442596436, 0.6557714939117432, 0.2561818063259125, 0.041414231061935425, 2.2377753257751465, 0.24639737606048584, 1.169063925743103, 0.7132492065429688, 0.15494060516357422, 0.34015658497810364, 0.5931258201599121, 0.6026369333267212, 1.1298601627349854, 1.2529072761535645, 0.13298910856246948, -0.12259280681610107, 1.4187685251235962, 0.4832444190979004, 0.1466059386730194, 0.3731841444969177, 0.5259366035461426, 0.6009522080421448, -0.20423895120620728, 0.1808977723121643, 0.5504640936851501, 1.2826236486434937, -0.055414825677871704, 1.3055474758148193, 0.029567748308181763, 0.23269996047019958, 0.7425376176834106, -0.03590992093086243, 1.0255681276321411, 0.15814515948295593, 0.8415457010269165, 1.8192344903945923, -0.01840946078300476, -0.07212156057357788, -0.08510100841522217, 0.996371328830719, 1.0819933414459229, 0.1105482280254364, 0.16071957349777222, 0.8282133936882019, 1.4100176095962524, 1.0850555896759033, 1.0262480974197388, 0.21464166045188904, -0.0722043514251709, 0.442819744348526, 0.061823248863220215, 0.8914090394973755, 1.5905892848968506, 0.4437640905380249, 1.228684425354004, 0.3882514536380768, 0.7807484269142151, 1.835335373878479, 1.44402015209198, 1.5889899730682373, -0.1671244204044342, 0.5811998844146729, 0.7202529311180115, 0.05825445055961609, 1.0765442848205566, 1.2930327653884888, 0.11555016040802002, 0.2306247353553772, 0.5890123248100281, 0.4949725866317749, 1.0726896524429321, 0.46802616119384766, 1.4729689359664917, 0.4842880964279175, 2.900373697280884, 0.5038583278656006, 0.8498102426528931], "params": {"stage1_epochs": 6, "stage1_frozen_bert_epochs": 1, "stage2_epochs": 0, "stage2_frozen_bert_epochs": 5, "lr_bert": 1e-05, "lr_custom": 0.0001, "dropout_rate": 0.1, "weight_decay": 0.01, "optimizer_warmup": 0.2, "feature_hidden_size": 768, "use_lora": true, "lora_r": 8, "lora_alpha": 16, "lora_dropout": 0.05}, "time_end": "2026-03-01T21:39:23.179740"}