{"model": "finetuned-mbert_lg", "type": "test", "seed": 42, "time_start": "2026-02-28T18:03:51.705354", "mse": 0.8265340328216553, "accuracy": 0.5438066465256798, "corr": 0.8450125455856323, "precision": [0.9230769230769231, 0.345679012345679, 0.3132530120481928, 0.41818181818181815, 0.8409090909090909, 0.9818181818181818], "recall": [0.21428571428571427, 0.6222222222222222, 0.48148148148148145, 0.35384615384615387, 0.6607142857142857, 0.9818181818181818], "f1": [0.34782608695652173, 0.4444444444444444, 0.3795620437956204, 0.38333333333333336, 0.74, 0.9818181818181818], "support": [56, 45, 54, 65, 56, 55], "confusion_matrix": [[12, 26, 13, 5, 0, 0], [1, 28, 13, 3, 0, 0], [0, 17, 26, 11, 0, 0], [0, 10, 26, 23, 6, 0], [0, 0, 5, 13, 37, 1], [0, 0, 0, 0, 1, 54]], "predictions": [2.631100654602051, 1.825710415840149, 2.6209447383880615, 1.6959762573242188, 1.144941806793213, 1.656150460243225, 1.1378605365753174, 0.5689036846160889, 1.3257086277008057, 0.939145565032959, 1.8043826818466187, 0.0024260878562927246, 2.2204833030700684, 3.536759376525879, 2.071805715560913, 1.7087998390197754, 1.246593952178955, 2.0329999923706055, 2.0957369804382324, 2.1758437156677246, 0.562283456325531, 0.6820183992385864, 1.162904143333435, 1.3428510427474976, 1.551474928855896, 2.1571648120880127, 3.099630832672119, 2.0191385746002197, 1.9808430671691895, 2.265532970428467, 0.5811442732810974, 3.0132365226745605, 1.1145501136779785, 1.7402381896972656, 0.7727720737457275, 1.4739458560943604, 1.2859930992126465, 1.8848588466644287, 2.454678535461426, 0.7494893074035645, 2.0414671897888184, 0.20562689006328583, 3.7547450065612793, 1.823144555091858, 3.2141811847686768, 1.686808705329895, 1.3644726276397705, 3.045553684234619, 3.2915213108062744, 2.8668930530548096, 2.1544008255004883, 1.5610325336456299, 3.437324047088623, 2.2451441287994385, 2.574453353881836, 3.3441643714904785, 0.8485335111618042, 0.9594257473945618, 1.9942376613616943, 1.8690917491912842, 3.7842648029327393, 2.9593846797943115, 3.5433566570281982, 1.6873855590820312, 0.7227756381034851, 2.047567367553711, 0.9354775547981262, 1.7959413528442383, 2.1637110710144043, 2.8145434856414795, 1.381080150604248, 2.326385021209717, 0.49316975474357605, 1.8492718935012817, 1.019373893737793, 3.1797807216644287, 0.6291407942771912, 2.0856575965881348, 1.4758644104003906, 1.1010258197784424, 1.1021080017089844, 2.7256076335906982, 1.0304843187332153, 0.7822495102882385, 1.3108891248703003, 0.29939600825309753, 1.7228676080703735, 1.0598336458206177, 1.9548112154006958, 2.3739829063415527, 2.529456853866577, 3.6833794116973877, 0.8190527558326721, 3.4147696495056152, 1.268927812576294, 2.5941097736358643, 3.4190526008605957, 3.198807954788208, 2.2145485877990723, 1.741878628730774, 2.596216917037964, 3.487051248550415, 1.9816882610321045, 1.2700551748275757, 0.8367167711257935, 1.384350061416626, 0.6606601476669312, 0.6919378042221069, 0.5269550681114197, 1.219380497932434, 3.6628482341766357, 1.0133671760559082, 2.4607088565826416, 1.4769597053527832, 1.4571300745010376, 2.9683799743652344, 0.2135395109653473, 1.9278650283813477, 3.579648971557617, 0.30643269419670105, 0.8778620958328247, 3.262864351272583, 1.3700709342956543, 3.3732872009277344, 1.9198055267333984, 2.987755537033081, 3.058622121810913, 0.7787261009216309, 1.005242943763733, 2.616903781890869, 2.5589439868927, 0.9332481026649475, 2.742816925048828, 2.6824135780334473, 1.851825475692749, 1.539193034172058, 2.4735639095306396, 0.32390809059143066, 2.7065978050231934, 2.808110475540161, 2.483595371246338, 4.007387638092041, 0.625887930393219, 3.252937078475952, 1.049773931503296, 2.1613681316375732, 1.5984917879104614, 1.8954036235809326, 1.2251192331314087, 2.0912749767303467, -0.3342084288597107, 2.4664628505706787, 1.3269864320755005, 4.085980415344238, 1.1628974676132202, 1.6503134965896606, 1.5651111602783203, 2.980551242828369, 3.167043924331665, 4.540158748626709, 3.3041985034942627, 1.2945148944854736, 2.7407639026641846, 0.484822154045105, 2.9696834087371826, 3.1704814434051514, 3.1413586139678955, 2.0383448600769043, 1.073115587234497, 1.996746301651001, 2.31437087059021, 1.0354743003845215, 2.066946029663086, 2.2333009243011475, 2.4949116706848145, 1.346001148223877, 4.166429042816162, 1.7896835803985596, 2.8205599784851074, 3.010002613067627, 0.29881155490875244, 1.1918619871139526, 0.8541008234024048, 1.3306382894515991, 0.523400604724884, 3.6089494228363037, 1.8955730199813843, 3.514948606491089, 2.0749423503875732, 2.5580883026123047, 1.5950026512145996, 1.3914929628372192, 2.8307406902313232, 2.78739595413208, 3.15681791305542, 4.307418346405029, 4.098238468170166, 4.2517781257629395, 4.100193500518799, 4.232699871063232, 4.163825511932373, 4.200250148773193, 4.277958869934082, 4.0435380935668945, 3.92104434967041, 3.7475132942199707, 3.564906358718872, 3.918391466140747, 4.239531517028809, 4.186960697174072, 4.4025774002075195, 4.239899158477783, 4.181160926818848, 3.918534755706787, 3.842184066772461, 3.416015863418579, 3.82879900932312, 3.78962779045105, 4.941435813903809, 5.050698757171631, 5.103386878967285, 4.832485675811768, 5.050718784332275, 5.031597137451172, 4.975245475769043, 4.965964317321777, 4.91264009475708, 5.126715660095215, 4.985700607299805, 5.127237796783447, 4.882443904876709, 5.065306186676025, 4.924313545227051, 4.974524974822998, 5.280210494995117, 4.793309688568115, 4.9229888916015625, 4.8687286376953125, 4.203119277954102, 5.061361312866211, 5.042261123657227, 5.046696186065674, 4.9449052810668945, 5.162186145782471, 4.993521690368652, 5.021157741546631, 4.997843265533447, 5.270593643188477, 5.401332378387451, 5.188836097717285, 4.906613826751709, 5.161858558654785, 5.021588325500488, 4.9177093505859375, 5.014847755432129, 5.027552604675293, 4.986843109130859, 4.993506908416748, 5.013577938079834, 5.262948989868164, 4.865753173828125, 5.09160852432251, 1.6461704969406128, 0.6983264088630676, 1.901611089706421, 1.7031276226043701, 2.0527522563934326, 2.3095433712005615, 1.5320829153060913, 1.4397190809249878, 1.4975855350494385, 2.8375120162963867, 5.250256538391113, 2.385265350341797, 5.064729690551758, 3.8283231258392334, 0.2524152100086212, 1.4364031553268433, 5.161005020141602, 1.8588805198669434, 3.1286091804504395, 1.3078498840332031, 1.2229664325714111, 0.9171390533447266, 1.2845478057861328, 0.7586619257926941, 1.1451314687728882, 0.40392571687698364, 2.5523269176483154, 5.122190475463867, 1.4738270044326782, 2.6330227851867676, 1.501156210899353, 2.1875107288360596, 5.147844314575195, 0.9757838845252991, 3.7535624504089355, 1.1107193231582642, 5.085580348968506, 4.290536403656006, 1.452851414680481, 1.226157307624817, 2.8966031074523926, 2.0692155361175537, 0.24168114364147186, 5.19286584854126, 3.839066505432129, 3.420919179916382, 1.3011419773101807, 1.5082908868789673, 3.7736105918884277, 2.0882949829101562, 1.8672529458999634, 4.897307395935059, 1.3713825941085815, 1.4666874408721924, 4.737652778625488, 1.9462590217590332, 3.6957881450653076, 2.3404080867767334, 3.673719644546509, 1.6506716012954712, 2.221809148788452, 1.6056327819824219, 1.9804699420928955, 0.9590750932693481, 5.2217912673950195, 3.947719097137451, 4.86440372467041, 2.6754207611083984, 4.089092254638672], "params": {"stage1_epochs": 6, "stage1_frozen_bert_epochs": 1, "stage2_epochs": 21, "stage2_frozen_bert_epochs": 5, "lr_bert": 1e-05, "lr_custom": 0.0001, "dropout_rate": 0.1, "weight_decay": 0.01, "optimizer_warmup": 0.2, "feature_hidden_size": 768, "use_lora": true, "lora_r": 8, "lora_alpha": 16, "lora_dropout": 0.05}, "time_end": "2026-02-28T18:04:10.054774"}