{
  "model": "finetuned-mbert",
  "params": {
    "stage1_epochs": 5,
    "lr_bert": 3e-05,
    "lr_custom": 8e-05,
    "dropout_rate": 0.1,
    "weight_decay": 0.01,
    "optimizer_warmup": 0.2,
    "feature_hidden_size": 768,
    "frozen_bert_epochs": 4
  },
  "type": "train",
  "seed": 41,
  "mse": 0.14592938125133514,
  "accuracy": 0.8214285714285714,
  "precision": [
    0.9444444444444444,
    0.7254901960784313,
    0.7746478873239436,
    0.7317073170731707,
    0.7704918032786885,
    1.0
  ],
  "recall": [
    0.9315068493150684,
    0.8809523809523809,
    0.8088235294117647,
    0.759493670886076,
    0.7230769230769231,
    0.8461538461538461
  ],
  "f1": [
    0.9379310344827586,
    0.7956989247311828,
    0.7913669064748201,
    0.7453416149068323,
    0.746031746031746,
    0.9166666666666666
  ],
  "support": [
    73,
    42,
    68,
    79,
    65,
    65
  ],
  "confusion_matrix": [
    [
      68,
      5,
      0,
      0,
      0,
      0
    ],
    [
      4,
      37,
      1,
      0,
      0,
      0
    ],
    [
      0,
      9,
      55,
      4,
      0,
      0
    ],
    [
      0,
      0,
      15,
      60,
      4,
      0
    ],
    [
      0,
      0,
      0,
      18,
      47,
      0
    ],
    [
      0,
      0,
      0,
      0,
      10,
      55
    ]
  ]
}
