{"model": "random", "type": "train", "seed": 42, "train_losses": [], "val_losses": [], "time_start": "2026-03-01T13:24:56.445695", "mse": 5.90979381443299, "accuracy": 0.15077319587628865, "corr": -0.057662991884676114, "precision": [0.10909090909090909, 0.14655172413793102, 0.1678832116788321, 0.1360544217687075, 0.16666666666666666, 0.17164179104477612], "recall": [0.1016949152542373, 0.13178294573643412, 0.19166666666666668, 0.13245033112582782, 0.17054263565891473, 0.17829457364341086], "f1": [0.10526315789473684, 0.13877551020408163, 0.17898832684824903, 0.1342281879194631, 0.1685823754789272, 0.17490494296577946], "support": [118, 129, 120, 151, 129, 129], "confusion_matrix": [[12, 21, 17, 25, 23, 20], [17, 17, 15, 29, 21, 30], [16, 18, 23, 23, 20, 20], [27, 23, 31, 20, 21, 29], [16, 18, 33, 28, 22, 12], [22, 19, 18, 22, 25, 23]], "predictions": [1.0, 5.0, 1.0, 3.0, 5.0, 5.0, 2.0, 5.0, 0.0, 1.0, 0.0, 5.0, 4.0, 3.0, 4.0, 2.0, 2.0, 3.0, 0.0, 3.0, 2.0, 0.0, 3.0, 1.0, 3.0, 4.0, 0.0, 0.0, 3.0, 0.0, 0.0, 4.0, 1.0, 5.0, 5.0, 4.0, 2.0, 0.0, 1.0, 4.0, 4.0, 3.0, 0.0, 5.0, 1.0, 3.0, 2.0, 4.0, 4.0, 1.0, 5.0, 4.0, 5.0, 5.0, 3.0, 5.0, 2.0, 4.0, 2.0, 1.0, 3.0, 3.0, 4.0, 3.0, 2.0, 2.0, 3.0, 4.0, 2.0, 5.0, 4.0, 0.0, 1.0, 4.0, 1.0, 1.0, 4.0, 2.0, 2.0, 0.0, 5.0, 0.0, 0.0, 0.0, 2.0, 1.0, 1.0, 0.0, 5.0, 1.0, 4.0, 1.0, 4.0, 2.0, 4.0, 3.0, 1.0, 4.0, 1.0, 2.0, 1.0, 1.0, 3.0, 3.0, 5.0, 1.0, 4.0, 4.0, 2.0, 4.0, 3.0, 2.0, 5.0, 4.0, 3.0, 5.0, 4.0, 0.0, 5.0, 3.0, 4.0, 5.0, 2.0, 1.0, 1.0, 4.0, 4.0, 5.0, 4.0, 2.0, 3.0, 3.0, 2.0, 1.0, 5.0, 0.0, 1.0, 1.0, 0.0, 5.0, 5.0, 3.0, 2.0, 4.0, 2.0, 1.0, 3.0, 2.0, 1.0, 1.0, 5.0, 2.0, 1.0, 3.0, 5.0, 2.0, 3.0, 4.0, 3.0, 1.0, 3.0, 1.0, 3.0, 0.0, 2.0, 4.0, 0.0, 0.0, 2.0, 4.0, 2.0, 3.0, 3.0, 0.0, 4.0, 3.0, 1.0, 1.0, 5.0, 3.0, 3.0, 3.0, 5.0, 5.0, 1.0, 0.0, 4.0, 0.0, 2.0, 2.0, 0.0, 5.0, 5.0, 3.0, 3.0, 2.0, 1.0, 5.0, 5.0, 4.0, 0.0, 3.0, 2.0, 5.0, 4.0, 3.0, 4.0, 3.0, 4.0, 3.0, 2.0, 1.0, 4.0, 2.0, 1.0, 3.0, 1.0, 1.0, 2.0, 5.0, 2.0, 3.0, 0.0, 3.0, 0.0, 3.0, 5.0, 2.0, 5.0, 1.0, 4.0, 2.0, 4.0, 2.0, 3.0, 1.0, 2.0, 3.0, 4.0, 0.0, 5.0, 5.0, 5.0, 4.0, 4.0, 5.0, 3.0, 5.0, 5.0, 5.0, 2.0, 3.0, 5.0, 1.0, 2.0, 0.0, 5.0, 1.0, 1.0, 0.0, 1.0, 5.0, 0.0, 1.0, 5.0, 1.0, 1.0, 1.0, 2.0, 2.0, 4.0, 4.0, 5.0, 5.0, 2.0, 4.0, 4.0, 2.0, 1.0, 4.0, 5.0, 2.0, 1.0, 0.0, 1.0, 3.0, 0.0, 2.0, 0.0, 4.0, 2.0, 1.0, 4.0, 2.0, 3.0, 1.0, 4.0, 3.0, 0.0, 2.0, 4.0, 0.0, 0.0, 0.0, 1.0, 5.0, 4.0, 0.0, 4.0, 3.0, 2.0, 3.0, 1.0, 5.0, 4.0, 1.0, 4.0, 0.0, 5.0, 2.0, 0.0, 1.0, 0.0, 2.0, 5.0, 1.0, 0.0, 2.0, 0.0, 2.0, 3.0, 4.0, 4.0, 2.0, 2.0, 2.0, 5.0, 1.0, 0.0, 0.0, 2.0, 0.0, 0.0, 0.0, 1.0, 1.0, 2.0, 2.0, 1.0, 3.0, 2.0, 5.0, 3.0, 3.0, 3.0, 0.0, 1.0, 3.0, 5.0, 3.0, 3.0, 4.0, 3.0, 0.0, 5.0, 3.0, 5.0, 5.0, 3.0, 2.0, 4.0, 1.0, 3.0, 1.0, 4.0, 1.0, 5.0, 3.0, 4.0, 2.0, 3.0, 1.0, 5.0, 5.0, 1.0, 4.0, 2.0, 0.0, 4.0, 4.0, 5.0, 3.0, 2.0, 4.0, 3.0, 5.0, 5.0, 3.0, 4.0, 4.0, 2.0, 5.0, 3.0, 4.0, 0.0, 5.0, 0.0, 3.0, 5.0, 2.0, 1.0, 5.0, 5.0, 0.0, 1.0, 0.0, 2.0, 3.0, 3.0, 4.0, 4.0, 4.0, 2.0, 3.0, 0.0, 0.0, 3.0, 5.0, 0.0, 2.0, 0.0, 4.0, 3.0, 4.0, 3.0, 1.0, 2.0, 4.0, 1.0, 0.0, 3.0, 5.0, 1.0, 4.0, 4.0, 5.0, 5.0, 4.0, 1.0, 3.0, 4.0, 3.0, 2.0, 5.0, 0.0, 2.0, 3.0, 3.0, 2.0, 4.0, 3.0, 2.0, 1.0, 0.0, 5.0, 1.0, 2.0, 5.0, 3.0, 5.0, 3.0, 5.0, 3.0, 5.0, 3.0, 5.0, 2.0, 2.0, 5.0, 1.0, 5.0, 1.0, 2.0, 2.0, 1.0, 5.0, 2.0, 2.0, 5.0, 5.0, 3.0, 2.0, 2.0, 3.0, 0.0, 3.0, 0.0, 3.0, 5.0, 5.0, 1.0, 3.0, 2.0, 4.0, 1.0, 3.0, 5.0, 4.0, 5.0, 1.0, 2.0, 0.0, 5.0, 5.0, 2.0, 1.0, 2.0, 4.0, 5.0, 0.0, 4.0, 0.0, 5.0, 5.0, 4.0, 3.0, 2.0, 3.0, 2.0, 5.0, 4.0, 5.0, 5.0, 4.0, 4.0, 5.0, 5.0, 3.0, 0.0, 3.0, 5.0, 4.0, 2.0, 3.0, 3.0, 3.0, 3.0, 3.0, 4.0, 4.0, 4.0, 5.0, 2.0, 2.0, 5.0, 0.0, 0.0, 0.0, 4.0, 2.0, 1.0, 3.0, 0.0, 4.0, 0.0, 2.0, 3.0, 1.0, 5.0, 2.0, 0.0, 4.0, 3.0, 0.0, 5.0, 5.0, 0.0, 5.0, 2.0, 1.0, 2.0, 5.0, 2.0, 3.0, 3.0, 2.0, 3.0, 3.0, 1.0, 3.0, 0.0, 2.0, 4.0, 2.0, 5.0, 0.0, 2.0, 2.0, 3.0, 2.0, 2.0, 1.0, 0.0, 2.0, 2.0, 3.0, 2.0, 0.0, 2.0, 1.0, 2.0, 4.0, 3.0, 0.0, 5.0, 5.0, 4.0, 2.0, 4.0, 4.0, 1.0, 2.0, 4.0, 3.0, 3.0, 1.0, 1.0, 4.0, 1.0, 3.0, 1.0, 5.0, 3.0, 0.0, 2.0, 0.0, 3.0, 3.0, 2.0, 2.0, 0.0, 0.0, 3.0, 0.0, 4.0, 5.0, 3.0, 2.0, 4.0, 4.0, 1.0, 3.0, 3.0, 1.0, 0.0, 1.0, 3.0, 3.0, 4.0, 1.0, 3.0, 5.0, 4.0, 3.0, 4.0, 3.0, 5.0, 3.0, 0.0, 2.0, 0.0, 5.0, 3.0, 3.0, 4.0, 5.0, 0.0, 3.0, 5.0, 5.0, 4.0, 1.0, 4.0, 2.0, 5.0, 0.0, 0.0, 2.0, 4.0, 3.0, 4.0, 1.0, 1.0, 3.0, 0.0, 3.0, 1.0, 1.0, 0.0, 0.0, 3.0, 4.0, 1.0, 2.0, 0.0, 5.0, 0.0, 4.0, 4.0, 1.0, 4.0, 0.0, 0.0, 2.0, 2.0, 5.0, 4.0, 5.0, 1.0, 1.0, 5.0, 3.0, 0.0, 1.0, 2.0, 5.0, 0.0, 4.0, 1.0, 3.0, 0.0, 4.0, 3.0, 1.0, 2.0, 5.0, 3.0, 4.0, 2.0, 2.0, 0.0, 4.0, 4.0, 2.0, 4.0, 5.0, 0.0, 2.0, 5.0, 4.0, 2.0, 5.0, 3.0, 2.0, 0.0, 4.0, 2.0, 3.0, 5.0, 4.0, 3.0, 2.0, 2.0, 1.0, 0.0, 1.0, 4.0, 5.0, 1.0, 4.0, 1.0, 5.0, 3.0, 3.0, 4.0, 0.0], "time_end": "2026-03-01T13:24:56.449882"}