{"model": "random_lg", "type": "val", "seed": 42, "train_losses": [], "val_losses": [], "time_start": "2026-02-28T09:35:38.488261", "folds": [{"mse": 5.493589743589744, "accuracy": 0.12179487179487179, "corr": 0.005804007462682437, "precision": [0.18518518518518517, 0.10526315789473684, 0.1, 0.15151515151515152, 0.043478260869565216, 0.125], "recall": [0.22727272727272727, 0.07142857142857142, 0.125, 0.16129032258064516, 0.04, 0.11538461538461539], "f1": [0.20408163265306123, 0.0851063829787234, 0.1111111111111111, 0.15625, 0.041666666666666664, 0.12], "support": [22, 28, 24, 31, 25, 26], "confusion_matrix": [[5, 3, 2, 5, 3, 4], [5, 2, 11, 3, 6, 1], [2, 3, 3, 6, 5, 5], [5, 3, 6, 5, 5, 7], [8, 5, 4, 3, 1, 4], [2, 3, 4, 11, 3, 3]]}, {"mse": 6.416666666666667, "accuracy": 0.1346153846153846, "corr": -0.1259648902621916, "precision": [0.06451612903225806, 0.09090909090909091, 0.045454545454545456, 0.20588235294117646, 0.19230769230769232, 0.19047619047619047], "recall": [0.08695652173913043, 0.07142857142857142, 0.043478260869565216, 0.23333333333333334, 0.19230769230769232, 0.15384615384615385], "f1": [0.07407407407407407, 0.08, 0.044444444444444446, 0.21875, 0.19230769230769232, 0.1702127659574468], "support": [23, 28, 23, 30, 26, 26], "confusion_matrix": [[2, 4, 6, 1, 5, 5], [5, 2, 2, 9, 2, 8], [4, 8, 1, 4, 5, 1], [5, 4, 7, 7, 5, 2], [7, 3, 2, 8, 5, 1], [8, 1, 4, 5, 4, 4]]}, {"mse": 6.67948717948718, "accuracy": 0.12179487179487179, "corr": -0.20042093517167878, "precision": [0.0, 0.08, 0.19230769230769232, 0.24242424242424243, 0.08695652173913043, 0.07142857142857142], "recall": [0.0, 0.07142857142857142, 0.21739130434782608, 0.26666666666666666, 0.07692307692307693, 0.07692307692307693], "f1": [0.0, 0.07547169811320754, 0.20408163265306123, 0.25396825396825395, 0.08163265306122448, 0.07407407407407407], "support": [23, 28, 23, 30, 26, 26], "confusion_matrix": [[0, 4, 4, 6, 5, 4], [3, 2, 3, 7, 9, 4], [2, 4, 5, 4, 0, 8], [7, 5, 3, 8, 2, 5], [6, 2, 6, 5, 2, 5], [3, 8, 5, 3, 5, 2]]}, {"mse": 5.916666666666667, "accuracy": 0.19230769230769232, "corr": -0.02961807737948973, "precision": [0.17391304347826086, 0.125, 0.23333333333333334, 0.25925925925925924, 0.2, 0.15625], "recall": [0.17391304347826086, 0.10714285714285714, 0.30434782608695654, 0.23333333333333334, 0.15384615384615385, 0.19230769230769232], "f1": [0.17391304347826086, 0.11538461538461539, 0.2641509433962264, 0.24561403508771928, 0.17391304347826086, 0.1724137931034483], "support": [23, 28, 23, 30, 26, 26], "confusion_matrix": [[4, 5, 1, 3, 5, 5], [4, 3, 8, 4, 2, 7], [3, 3, 7, 4, 2, 4], [5, 4, 2, 7, 4, 8], [3, 5, 6, 5, 4, 3], [4, 4, 6, 4, 3, 5]]}, {"mse": 6.108974358974359, "accuracy": 0.1346153846153846, "corr": -0.10778634699906918, "precision": [0.13043478260869565, 0.13333333333333333, 0.14285714285714285, 0.18421052631578946, 0.21052631578947367, 0.0], "recall": [0.13636363636363635, 0.14285714285714285, 0.125, 0.23333333333333334, 0.15384615384615385, 0.0], "f1": [0.13333333333333333, 0.13793103448275862, 0.13333333333333333, 0.20588235294117646, 0.17777777777777778, 0.0], "support": [22, 28, 24, 30, 26, 26], "confusion_matrix": [[3, 2, 4, 7, 0, 6], [6, 4, 2, 3, 6, 7], [4, 6, 3, 6, 1, 4], [6, 5, 2, 7, 4, 6], [2, 5, 4, 9, 4, 2], [2, 8, 6, 6, 4, 0]]}], "params": {"small_dataset_weight_multiplier": 200.0}, "time_end": "2026-02-28T09:35:38.521912"}