{
  "model": "random",
  "params": {},
  "type": "train",
  "seed": 42,
  "mse": 5.349489795918367,
  "accuracy": 0.1760204081632653,
  "precision": [
    0.12,
    0.16279069767441862,
    0.18032786885245902,
    0.17777777777777778,
    0.18032786885245902,
    0.24193548387096775
  ],
  "recall": [
    0.1232876712328767,
    0.16666666666666666,
    0.16176470588235295,
    0.20253164556962025,
    0.16923076923076924,
    0.23076923076923078
  ],
  "f1": [
    0.12162162162162163,
    0.16470588235294117,
    0.17054263565891473,
    0.1893491124260355,
    0.1746031746031746,
    0.23622047244094488
  ],
  "support": [
    73,
    42,
    68,
    79,
    65,
    65
  ],
  "confusion_matrix": [
    [
      9,
      11,
      18,
      10,
      15,
      10
    ],
    [
      12,
      7,
      5,
      8,
      5,
      5
    ],
    [
      17,
      5,
      11,
      14,
      15,
      6
    ],
    [
      14,
      8,
      15,
      16,
      8,
      18
    ],
    [
      13,
      7,
      4,
      22,
      11,
      8
    ],
    [
      10,
      5,
      8,
      20,
      7,
      15
    ]
  ]
}