{
  "model": "random_lg",
  "params": {
    "small_dataset_weight_multiplier": 200.0
  },
  "type": "train",
  "seed": 42,
  "mse": 6.728823013785959,
  "accuracy": 0.19372061518846123,
  "precision": [
    0.2649124131682271,
    0.15659323013681034,
    0.04099625303063698,
    0.20649854510184287,
    0.1803016074683754,
    0.151575456053068
  ],
  "recall": [
    0.2646626183381737,
    0.1569157495011907,
    0.041370106761565835,
    0.20496774814672186,
    0.18126284222802244,
    0.15167607036176567
  ],
  "f1": [
    0.264787456840437,
    0.15675432392464475,
    0.04118233145134507,
    0.20573029907716095,
    0.1807809471060648,
    0.15162574651625746
  ],
  "support": [
    26513,
    15537,
    4496,
    20774,
    18007,
    15065
  ],
  "confusion_matrix": [
    [
      7017,
      4158,
      1245,
      5391,
      4745,
      3957
    ],
    [
      4043,
      2438,
      688,
      3159,
      2832,
      2377
    ],
    [
      1210,
      679,
      186,
      989,
      780,
      652
    ],
    [
      5531,
      3254,
      900,
      4258,
      3702,
      3129
    ],
    [
      4771,
      2772,
      792,
      3733,
      3264,
      2675
    ],
    [
      3916,
      2268,
      726,
      3090,
      2780,
      2285
    ]
  ]
}