{
  "model": "random",
  "params": {},
  "type": "test",
  "seed": 42,
  "mse": 5.438931297709924,
  "accuracy": 0.1984732824427481,
  "precision": [
    0.25,
    0.20689655172413793,
    0.13157894736842105,
    0.1746031746031746,
    0.21951219512195122,
    0.20930232558139536
  ],
  "recall": [
    0.24489795918367346,
    0.21428571428571427,
    0.1111111111111111,
    0.21153846153846154,
    0.20454545454545456,
    0.20454545454545456
  ],
  "f1": [
    0.24742268041237114,
    0.21052631578947367,
    0.12048192771084337,
    0.19130434782608696,
    0.21176470588235294,
    0.20689655172413793
  ],
  "support": [
    49,
    28,
    45,
    52,
    44,
    44
  ],
  "confusion_matrix": [
    [
      12,
      3,
      6,
      15,
      9,
      4
    ],
    [
      6,
      6,
      7,
      5,
      1,
      3
    ],
    [
      7,
      5,
      5,
      10,
      6,
      12
    ],
    [
      6,
      5,
      9,
      11,
      11,
      10
    ],
    [
      8,
      4,
      4,
      14,
      9,
      5
    ],
    [
      9,
      6,
      7,
      8,
      5,
      9
    ]
  ]
}