{"model": "random", "type": "train", "seed": 42, "train_losses": [], "val_losses": [], "time_start": "2026-03-01T09:57:46.806975", "mse": 5.688461538461539, "accuracy": 0.1564102564102564, "corr": -0.006259587285868669, "precision": [0.13846153846153847, 0.1554054054054054, 0.1487603305785124, 0.1568627450980392, 0.17757009345794392, 0.1652892561983471], "recall": [0.1592920353982301, 0.16428571428571428, 0.15384615384615385, 0.15894039735099338, 0.14728682170542637, 0.15384615384615385], "f1": [0.14814814814814814, 0.1597222222222222, 0.15126050420168066, 0.15789473684210525, 0.16101694915254236, 0.1593625498007968], "support": [113, 140, 117, 151, 129, 130], "confusion_matrix": [[18, 24, 15, 25, 9, 22], [29, 23, 19, 21, 20, 28], [19, 21, 18, 29, 15, 15], [20, 34, 28, 24, 23, 22], [23, 23, 20, 30, 19, 14], [21, 23, 21, 24, 21, 20]], "predictions": [4, 3, 5, 1, 1, 1, 0, 4, 1, 4, 0, 5, 4, 3, 0, 4, 0, 4, 5, 1, 0, 3, 1, 0, 5, 2, 2, 5, 1, 3, 3, 0, 1, 2, 2, 2, 0, 0, 2, 5, 3, 5, 4, 1, 1, 3, 1, 2, 4, 4, 5, 3, 4, 5, 1, 0, 0, 4, 3, 1, 0, 0, 4, 2, 0, 5, 0, 5, 2, 3, 4, 2, 0, 5, 2, 4, 3, 0, 3, 0, 5, 1, 2, 0, 0, 1, 0, 4, 5, 5, 3, 5, 0, 2, 3, 5, 5, 5, 1, 2, 0, 5, 5, 3, 3, 2, 4, 3, 2, 1, 4, 2, 5, 2, 1, 5, 4, 3, 2, 0, 2, 5, 3, 3, 3, 5, 2, 5, 3, 5, 4, 3, 3, 3, 0, 2, 2, 3, 0, 3, 2, 0, 5, 4, 0, 2, 4, 0, 1, 1, 1, 1, 3, 5, 3, 3, 3, 5, 3, 4, 1, 5, 1, 5, 5, 2, 2, 3, 1, 1, 3, 2, 4, 3, 1, 3, 1, 2, 1, 0, 1, 0, 3, 1, 1, 1, 1, 4, 1, 3, 0, 0, 3, 5, 4, 3, 1, 0, 2, 5, 5, 0, 3, 1, 3, 0, 0, 1, 3, 2, 4, 3, 0, 3, 3, 3, 1, 1, 1, 1, 1, 4, 3, 1, 2, 3, 0, 4, 3, 5, 1, 0, 1, 5, 4, 3, 0, 0, 1, 2, 1, 4, 1, 1, 2, 0, 5, 2, 5, 5, 3, 2, 5, 5, 2, 3, 1, 5, 0, 2, 5, 1, 0, 2, 1, 3, 0, 3, 2, 3, 0, 0, 4, 1, 5, 5, 1, 1, 3, 1, 3, 3, 4, 3, 0, 2, 5, 5, 3, 1, 4, 0, 2, 2, 2, 5, 1, 2, 4, 1, 1, 4, 3, 4, 1, 5, 3, 3, 1, 0, 5, 0, 1, 2, 3, 5, 4, 2, 2, 2, 4, 4, 1, 2, 4, 5, 3, 0, 4, 1, 3, 1, 0, 0, 3, 1, 1, 3, 5, 0, 5, 5, 2, 5, 4, 4, 4, 3, 4, 3, 0, 0, 1, 3, 0, 5, 3, 1, 1, 1, 3, 5, 5, 3, 2, 2, 1, 4, 4, 2, 2, 0, 3, 5, 0, 3, 2, 0, 0, 0, 4, 0, 3, 1, 1, 4, 0, 2, 2, 2, 1, 4, 2, 1, 2, 5, 4, 5, 2, 1, 4, 3, 4, 2, 0, 5, 0, 0, 4, 1, 0, 3, 3, 4, 5, 5, 4, 2, 3, 1, 1, 5, 1, 5, 0, 4, 5, 5, 4, 0, 3, 0, 1, 2, 0, 3, 2, 2, 5, 0, 1, 3, 3, 0, 3, 2, 3, 2, 2, 0, 4, 1, 4, 4, 3, 5, 0, 5, 1, 4, 0, 1, 3, 1, 2, 4, 0, 1, 3, 5, 1, 5, 2, 3, 3, 3, 0, 3, 5, 5, 3, 5, 5, 0, 1, 3, 3, 0, 3, 3, 5, 3, 4, 1, 5, 5, 1, 1, 0, 3, 1, 2, 5, 4, 4, 3, 4, 2, 2, 1, 0, 4, 1, 4, 3, 3, 2, 0, 3, 0, 2, 3, 5, 1, 3, 5, 4, 2, 1, 3, 4, 2, 1, 4, 2, 2, 1, 3, 5, 1, 4, 2, 2, 0, 1, 3, 0, 0, 2, 4, 2, 1, 1, 2, 4, 4, 2, 0, 3, 3, 0, 4, 3, 0, 4, 1, 4, 5, 3, 0, 4, 2, 4, 4, 1, 2, 0, 4, 5, 1, 5, 4, 5, 2, 1, 3, 2, 1, 2, 3, 3, 2, 0, 3, 0, 5, 1, 1, 0, 1, 3, 1, 2, 0, 2, 5, 0, 3, 0, 1, 3, 5, 0, 0, 0, 3, 2, 4, 1, 1, 4, 1, 1, 5, 1, 0, 5, 1, 2, 0, 5, 5, 4, 5, 4, 5, 5, 0, 3, 3, 4, 3, 0, 3, 3, 3, 2, 4, 5, 5, 1, 2, 1, 3, 5, 2, 2, 0, 1, 2, 3, 3, 2, 3, 0, 2, 2, 2, 3, 0, 2, 0, 1, 4, 4, 0, 3, 4, 5, 4, 1, 1, 0, 0, 0, 3, 2, 2, 1, 3, 2, 4, 1, 0, 2, 1, 2, 0, 3, 5, 5, 1, 2, 2, 0, 1, 3, 0, 0, 3, 1, 1, 5, 4, 3, 5, 1, 3, 2, 5, 4, 0, 4, 5, 1, 1, 0, 1, 3, 3, 0, 0, 4, 5, 3, 1, 4, 5, 5, 3, 5, 4, 1, 0, 0, 2, 2, 5, 3, 1, 0, 1, 0, 4, 3, 1, 3, 3, 5, 5, 3, 1, 1, 5, 4, 0, 5, 4, 1, 2, 3, 1, 2, 4, 4, 2, 2, 3, 4, 5], "time_end": "2026-03-01T09:57:46.812345"}