{
  "model": "random",
  "params": {},
  "train": {
    "mse": 5.349489795918367,
    "accuracy": 0.23469387755102042,
    "precision": [
      0.3305084745762712,
      0.18032786885245902,
      0.17777777777777778,
      0.18032786885245902,
      0.24193548387096775
    ],
    "recall": [
      0.3391304347826087,
      0.16176470588235295,
      0.20253164556962025,
      0.16923076923076924,
      0.23076923076923078
    ],
    "f1": [
      0.33476394849785407,
      0.17054263565891473,
      0.1893491124260355,
      0.1746031746031746,
      0.23622047244094488
    ],
    "support": [
      115,
      68,
      79,
      65,
      65
    ],
    "confusion_matrix": [
      [
        39,
        23,
        18,
        20,
        15
      ],
      [
        22,
        11,
        14,
        15,
        6
      ],
      [
        22,
        15,
        16,
        8,
        18
      ],
      [
        20,
        4,
        22,
        11,
        8
      ],
      [
        15,
        8,
        20,
        7,
        15
      ]
    ]
  },
  "val": {
    "mse": 5.3689711132749105,
    "accuracy": 0.19652710159039272,
    "precision": [
      0.33825396825396825,
      0.1234753550543024,
      0.14425324675324674,
      0.16666666666666666,
      0.1495066045066045
    ],
    "recall": [
      0.3093167701863354,
      0.22136752136752139,
      0.11641169288228112,
      0.162296918767507,
      0.1554761904761905
    ],
    "f1": [
      0.31513062759086086,
      0.15233209263854425,
      0.12607142857142856,
      0.1641025641025641,
      0.1499650984224487
    ],
    "support": [
      115,
      68,
      79,
      65,
      65
    ],
    "confusion_matrix": [
      [
        35,
        30,
        16,
        18,
        16
      ],
      [
        20,
        12,
        12,
        12,
        12
      ],
      [
        21,
        24,
        9,
        12,
        13
      ],
      [
        13,
        18,
        10,
        11,
        13
      ],
      [
        19,
        13,
        12,
        11,
        10
      ]
    ]
  },
  "test": {
    "mse": 5.438931297709924,
    "accuracy": 0.23282442748091603,
    "precision": [
      0.35064935064935066,
      0.13157894736842105,
      0.1746031746031746,
      0.21951219512195122,
      0.20930232558139536
    ],
    "recall": [
      0.35064935064935066,
      0.1111111111111111,
      0.21153846153846154,
      0.20454545454545456,
      0.20454545454545456
    ],
    "f1": [
      0.35064935064935066,
      0.12048192771084337,
      0.19130434782608696,
      0.21176470588235294,
      0.20689655172413793
    ],
    "support": [
      77,
      45,
      52,
      44,
      44
    ],
    "confusion_matrix": [
      [
        27,
        13,
        20,
        10,
        7
      ],
      [
        12,
        5,
        10,
        6,
        12
      ],
      [
        11,
        9,
        11,
        11,
        10
      ],
      [
        12,
        4,
        14,
        9,
        5
      ],
      [
        15,
        7,
        8,
        5,
        9
      ]
    ]
  },
  "train_mean": 2.5510204081632653,
  "train_std": 1.7045703808458528,
  "train_size": 392,
  "label_distribution": {
    "0": 73,
    "1": 42,
    "2": 68,
    "3": 79,
    "4": 65,
    "5": 65
  }
}
