{"model": "rf_minilm_lg", "type": "val", "seed": 42, "train_losses": [], "val_losses": [], "folds": [{"mse": 1.7092244577695543, "accuracy": 0.3924050632911392, "precision": [0.46153846153846156, 0.14634146341463414, 0.16666666666666666, 0.0, 1.0, 1.0], "recall": [0.4, 0.6666666666666666, 0.07142857142857142, 0.0, 0.38461538461538464, 1.0], "f1": [0.42857142857142855, 0.24, 0.1, 0.0, 0.5555555555555556, 1.0], "support": [15, 9, 14, 15, 13, 13], "confusion_matrix": [[6, 9, 0, 0, 0, 0], [3, 6, 0, 0, 0, 0], [2, 11, 1, 0, 0, 0], [2, 11, 2, 0, 0, 0], [0, 4, 3, 1, 5, 0], [0, 0, 0, 0, 0, 13]]}], "params": {"n_estimators": 507, "max_depth": 30, "min_samples_split": 7, "min_samples_leaf": 2, "max_features": "sqrt", "bootstrap": false, "small_dataset_weight_multiplier": 200.0}}