{"model": "rf_minilm", "type": "test", "seed": 42, "time_start": "2026-03-01T09:58:09.305880", "mse": 0.9801226258277893, "accuracy": 0.4064748201438849, "corr": 0.7618604568405717, "precision": [0.0, 0.3333333333333333, 0.2867647058823529, 0.375, 1.0, 1.0], "recall": [0.0, 0.4634146341463415, 0.7222222222222222, 0.27692307692307694, 0.5272727272727272, 1.0], "f1": [0.0, 0.3877551020408163, 0.4105263157894737, 0.3185840707964602, 0.6904761904761905, 1.0], "support": [55, 41, 54, 65, 55, 8], "confusion_matrix": [[0, 24, 29, 2, 0, 0], [0, 19, 21, 1, 0, 0], [0, 10, 39, 5, 0, 0], [0, 4, 43, 18, 0, 0], [0, 0, 4, 22, 29, 0], [0, 0, 0, 0, 0, 8]], "predictions": [1.9927606582641602, 1.620155930519104, 3.192699432373047, 1.6323885917663574, 2.0434906482696533, 1.0607945919036865, 1.4034096002578735, 1.1992747783660889, 1.5567164421081543, 2.2614243030548096, 2.174941062927246, 1.3414212465286255, 2.5117342472076416, 2.494429349899292, 1.819615364074707, 1.7171375751495361, 1.7116726636886597, 2.445908784866333, 1.837221384048462, 1.8464890718460083, 1.4934450387954712, 1.5554893016815186, 1.322095274925232, 1.7585662603378296, 2.4020586013793945, 2.217669725418091, 2.768972635269165, 1.669265627861023, 1.7214343547821045, 2.289271354675293, 0.8247551918029785, 1.9842933416366577, 1.7689764499664307, 2.270211696624756, 2.1953322887420654, 1.964450478553772, 1.5064232349395752, 1.630689024925232, 2.8780345916748047, 1.7840685844421387, 1.3765695095062256, 0.7988057136535645, 3.2649354934692383, 2.3943324089050293, 2.7635891437530518, 2.1376640796661377, 1.6078437566757202, 3.165646553039551, 2.643240213394165, 2.5485169887542725, 2.021199941635132, 1.8149504661560059, 3.1488006114959717, 1.8983831405639648, 2.424730062484741, 2.4230029582977295, 1.1710689067840576, 1.23794686794281, 2.480846405029297, 2.332031011581421, 3.0865230560302734, 2.8851051330566406, 3.0178780555725098, 1.9950557947158813, 1.475979208946228, 1.9096733331680298, 2.0974314212799072, 1.4471145868301392, 1.7005912065505981, 2.4126675128936768, 1.3868560791015625, 1.5621623992919922, 0.843119740486145, 1.2789561748504639, 1.3235607147216797, 2.6012866497039795, 1.5028272867202759, 1.8784916400909424, 1.7704294919967651, 1.4022494554519653, 1.2199292182922363, 2.8024353981018066, 1.8283824920654297, 0.8948677182197571, 1.3173394203186035, 1.492142915725708, 1.5790486335754395, 1.5721038579940796, 2.167973756790161, 2.871013641357422, 1.6691943407058716, 3.1836023330688477, 1.7342393398284912, 2.8748881816864014, 1.2690948247909546, 2.6305923461914062, 2.7602615356445312, 2.118549346923828, 2.031048536300659, 1.7911293506622314, 2.387429714202881, 2.9702980518341064, 1.4525922536849976, 1.87592351436615, 1.6038339138031006, 1.9797760248184204, 1.4538891315460205, 1.0470622777938843, 1.3978391885757446, 1.3570400476455688, 2.489328384399414, 1.4699279069900513, 1.758608102798462, 1.6657029390335083, 2.021836042404175, 2.7242889404296875, 0.7406733632087708, 1.583991289138794, 2.7313485145568848, 0.9803439974784851, 2.4351112842559814, 2.928166389465332, 1.6584416627883911, 2.6461668014526367, 1.8528692722320557, 1.9662202596664429, 2.512028217315674, 1.4111602306365967, 1.3649934530258179, 2.741759777069092, 2.3931002616882324, 1.656217098236084, 2.380054473876953, 2.7848219871520996, 1.4340217113494873, 2.047701358795166, 2.7517123222351074, 2.2345998287200928, 2.6322150230407715, 2.4840750694274902, 1.8945256471633911, 3.2890827655792236, 1.881136178970337, 2.390653133392334, 1.8592413663864136, 2.1721861362457275, 2.2139434814453125, 1.8450837135314941, 1.7564237117767334, 1.8890684843063354, 1.5461828708648682, 1.962870717048645, 1.5792540311813354, 2.9136459827423096, 1.1710609197616577, 1.8701423406600952, 2.8994178771972656, 2.232581615447998, 2.1411728858947754, 3.3460898399353027, 3.0825459957122803, 2.02056884765625, 2.757955551147461, 1.6667712926864624, 2.615659713745117, 2.4636001586914062, 2.6778080463409424, 1.8908499479293823, 1.2237493991851807, 1.9068920612335205, 2.4303476810455322, 1.2984873056411743, 1.2719546556472778, 2.616490364074707, 1.8784878253936768, 1.32505464553833, 3.258791923522949, 1.7175923585891724, 2.354754686355591, 2.136441946029663, 1.6799168586730957, 2.498664379119873, 1.4613122940063477, 1.7384145259857178, 1.1231507062911987, 3.206275701522827, 2.3293869495391846, 3.1214842796325684, 1.7337762117385864, 1.8978238105773926, 1.6528000831604004, 1.3357017040252686, 2.4958555698394775, 2.524444341659546, 2.011239767074585, 1.911410927772522, 1.7274386882781982, 2.555926561355591, 1.3020068407058716, 2.24104905128479, 2.3647661209106445, 2.576369285583496, 2.340794086456299, 1.8427999019622803, 2.0138819217681885, 2.121314764022827, 1.3588688373565674, 1.7892794609069824, 1.3430359363555908, 2.235337257385254, 2.109015464782715, 1.3995633125305176, 2.2761287689208984, 2.2525975704193115, 1.7362912893295288, 2.037461280822754, 1.783494472503662, 1.6183687448501587, 1.3776605129241943, 1.9571475982666016, 0.8140833973884583, 3.2721612453460693, 2.234525680541992, 1.5573616027832031, 2.339005708694458, 2.1635212898254395, 1.9139354228973389, 2.610062837600708, 2.1366024017333984, 2.144124984741211, 1.4514296054840088, 1.8540681600570679, 2.7314767837524414, 1.0552058219909668, 0.9943485856056213, 1.0565118789672852, 1.0800448656082153, 1.0655429363250732, 0.9996100068092346, 1.0513619184494019, 1.0748977661132812, 3.8680665493011475, 3.8779375553131104, 3.8350138664245605, 3.851114511489868, 3.9136674404144287, 3.931522846221924, 3.9357426166534424, 3.6947638988494873, 3.8781585693359375, 3.818828821182251, 3.84161114692688, 3.82780122756958, 3.7675137519836426, 3.8811774253845215, 3.923922061920166, 3.6858432292938232, 3.821782112121582, 3.8970203399658203, 3.9004886150360107, 3.817812442779541, 3.8930888175964355, 3.8784077167510986, 3.7253952026367188, 3.8882851600646973, 3.8826096057891846, 3.7479031085968018, 3.877581834793091, 3.884697675704956, 3.838277578353882, 4.687256336212158, 4.633281230926514, 4.684425354003906, 4.6401238441467285, 4.658085346221924, 4.672837734222412, 4.701972961425781, 4.695496559143066], "params": {"n_estimators": 507, "max_depth": 30, "min_samples_split": 7, "min_samples_leaf": 2, "max_features": "sqrt", "bootstrap": false}, "time_end": "2026-03-01T09:58:09.445513"}