{"model": "rf_minilm", "type": "val", "seed": 42, "train_losses": [], "val_losses": [], "time_start": "2026-03-01T09:58:09.454617", "folds": [{"mse": 0.8085398135797547, "accuracy": 0.42948717948717946, "corr": 0.8583486585244142, "precision": [0.0, 0.23076923076923078, 0.26666666666666666, 0.34375, 0.75, 1.0], "recall": [0.0, 0.21428571428571427, 0.6666666666666666, 0.3548387096774194, 0.48, 0.8461538461538461], "f1": [0.0, 0.2222222222222222, 0.38095238095238093, 0.3492063492063492, 0.5853658536585366, 0.9166666666666666], "support": [22, 28, 24, 31, 25, 26], "confusion_matrix": [[0, 16, 6, 0, 0, 0], [0, 6, 18, 4, 0, 0], [0, 3, 16, 5, 0, 0], [0, 1, 19, 11, 0, 0], [0, 0, 1, 12, 12, 0], [0, 0, 0, 0, 4, 22]]}, {"mse": 0.9096914272733709, "accuracy": 0.3974358974358974, "corr": 0.8387288226392856, "precision": [0.0, 0.36, 0.22535211267605634, 0.2916666666666667, 0.6470588235294118, 1.0], "recall": [0.0, 0.32142857142857145, 0.6956521739130435, 0.23333333333333334, 0.4230769230769231, 0.7307692307692307], "f1": [0.0, 0.33962264150943394, 0.3404255319148936, 0.25925925925925924, 0.5116279069767442, 0.8444444444444444], "support": [23, 28, 23, 30, 26, 26], "confusion_matrix": [[0, 9, 14, 0, 0, 0], [0, 9, 18, 1, 0, 0], [0, 5, 16, 2, 0, 0], [0, 2, 21, 7, 0, 0], [0, 0, 2, 13, 11, 0], [0, 0, 0, 1, 6, 19]]}, {"mse": 1.0078044527412566, "accuracy": 0.38461538461538464, "corr": 0.8228500750905905, "precision": [0.0, 0.2916666666666667, 0.21875, 0.30303030303030304, 0.6470588235294118, 1.0], "recall": [0.0, 0.25, 0.6086956521739131, 0.3333333333333333, 0.4230769230769231, 0.6923076923076923], "f1": [0.0, 0.2692307692307692, 0.3218390804597701, 0.31746031746031744, 0.5116279069767442, 0.8181818181818182], "support": [23, 28, 23, 30, 26, 26], "confusion_matrix": [[0, 10, 12, 1, 0, 0], [0, 7, 17, 4, 0, 0], [0, 5, 14, 4, 0, 0], [0, 2, 18, 10, 0, 0], [0, 0, 3, 12, 11, 0], [0, 0, 0, 2, 6, 18]]}, {"mse": 0.9753770298897084, "accuracy": 0.3974358974358974, "corr": 0.8285619350912694, "precision": [0.0, 0.4074074074074074, 0.27941176470588236, 0.3225806451612903, 0.4666666666666667, 1.0], "recall": [0.0, 0.39285714285714285, 0.8260869565217391, 0.3333333333333333, 0.2692307692307692, 0.5769230769230769], "f1": [0.0, 0.4, 0.4175824175824176, 0.32786885245901637, 0.34146341463414637, 0.7317073170731707], "support": [23, 28, 23, 30, 26, 26], "confusion_matrix": [[0, 13, 9, 1, 0, 0], [0, 11, 16, 1, 0, 0], [0, 2, 19, 2, 0, 0], [0, 1, 19, 10, 0, 0], [0, 0, 5, 14, 7, 0], [0, 0, 0, 3, 8, 15]]}, {"mse": 0.8098038481561523, "accuracy": 0.36538461538461536, "corr": 0.8694757150424273, "precision": [0.0, 0.35, 0.23684210526315788, 0.25, 0.5454545454545454, 1.0], "recall": [0.0, 0.25, 0.75, 0.2, 0.46153846153846156, 0.5384615384615384], "f1": [0.0, 0.2916666666666667, 0.36, 0.2222222222222222, 0.5, 0.7], "support": [22, 28, 24, 30, 26, 26], "confusion_matrix": [[0, 10, 12, 0, 0, 0], [0, 7, 20, 1, 0, 0], [0, 3, 18, 3, 0, 0], [0, 0, 24, 6, 0, 0], [0, 0, 2, 12, 12, 0], [0, 0, 0, 2, 10, 14]]}], "params": {"n_estimators": 507, "max_depth": 30, "min_samples_split": 7, "min_samples_leaf": 2, "max_features": "sqrt", "bootstrap": false}, "time_end": "2026-03-01T09:58:15.242941"}