{"model": "rf_minilm_lg", "type": "test", "seed": 42, "time_start": "2026-03-01T13:38:18.774487", "mse": 1.3617250156161322, "accuracy": 0.25663716814159293, "corr": 0.5829759903586051, "precision": [0.0, 0.21428571428571427, 0.26143790849673204, 0.35294117647058826, 0.0, 0.0], "recall": [0.0, 0.36363636363636365, 0.7843137254901961, 0.09230769230769231, 0.0, 0.0], "f1": [0.0, 0.2696629213483146, 0.39215686274509803, 0.14634146341463414, 0.0, 0.0], "support": [51, 33, 51, 65, 24, 2], "confusion_matrix": [[0, 28, 23, 0, 0, 0], [0, 12, 21, 0, 0, 0], [0, 10, 40, 1, 0, 0], [0, 6, 53, 6, 0, 0], [0, 0, 16, 8, 0, 0], [0, 0, 0, 2, 0, 0]], "predictions": [1.281097412109375, 1.5205841064453125, 1.9539663791656494, 1.7739425897598267, 1.5545903444290161, 1.9737378358840942, 2.681882858276367, 2.1037864685058594, 1.4310009479522705, 2.256438970565796, 2.24772047996521, 2.0194478034973145, 2.568976879119873, 1.8706530332565308, 1.606277585029602, 1.9106775522232056, 2.6427700519561768, 1.4426765441894531, 1.7211785316467285, 2.530708074569702, 2.6690096855163574, 1.20453679561615, 2.2824676036834717, 1.4183299541473389, 1.5864304304122925, 2.423039674758911, 1.9736137390136719, 1.9216818809509277, 2.163060426712036, 2.1412432193756104, 2.5427870750427246, 1.2119152545928955, 1.73540198802948, 1.3928160667419434, 2.2227165699005127, 2.0005311965942383, 1.3099966049194336, 1.984896183013916, 2.644996166229248, 1.4049056768417358, 1.885430932044983, 1.9698354005813599, 0.9761794209480286, 1.872280478477478, 2.595775604248047, 2.4171645641326904, 1.2409905195236206, 2.149120330810547, 1.7190299034118652, 1.4376925230026245, 1.9466463327407837, 1.751732349395752, 2.5138299465179443, 1.7137997150421143, 2.3743743896484375, 1.1696417331695557, 2.337893486022949, 1.9140914678573608, 2.5823657512664795, 1.4703809022903442, 1.8507068157196045, 1.7588461637496948, 2.3520100116729736, 2.02894926071167, 1.277445912361145, 2.16597843170166, 1.5969512462615967, 1.5262305736541748, 1.5231544971466064, 1.8961584568023682, 1.6651060581207275, 2.1180670261383057, 1.4772588014602661, 1.2448872327804565, 1.4076629877090454, 1.54047691822052, 1.285105586051941, 1.695668339729309, 1.6372685432434082, 0.8549947142601013, 1.7622096538543701, 1.6735718250274658, 1.7005130052566528, 2.4225070476531982, 1.4478243589401245, 1.6271564960479736, 1.10068941116333, 2.119009494781494, 1.5480042695999146, 1.4941729307174683, 2.1559627056121826, 2.3817250728607178, 2.1863150596618652, 1.584220051765442, 1.853924036026001, 1.208922266960144, 1.3969169855117798, 1.5047829151153564, 1.583903193473816, 1.6574351787567139, 2.2312979698181152, 0.9867833852767944, 1.9796335697174072, 2.0199921131134033, 1.1486680507659912, 1.5818593502044678, 2.122507095336914, 1.3680739402770996, 2.4937078952789307, 1.9178788661956787, 2.0319368839263916, 1.9511522054672241, 1.9814289808273315, 2.139662027359009, 1.4628251791000366, 1.4530436992645264, 2.405118942260742, 1.780216932296753, 1.939976692199707, 2.0939786434173584, 2.194110631942749, 1.60616135597229, 1.5351444482803345, 1.649587631225586, 2.402773380279541, 2.11618709564209, 1.5008069276809692, 1.4025541543960571, 1.1440649032592773, 1.697997808456421, 2.2447378635406494, 2.5756165981292725, 1.6506620645523071, 1.3050254583358765, 2.2350504398345947, 2.7578601837158203, 2.242406129837036, 2.1034157276153564, 1.3177237510681152, 1.9327762126922607, 1.5302774906158447, 1.5515657663345337, 1.8579483032226562, 1.7093364000320435, 1.6342934370040894, 1.8533817529678345, 2.240485191345215, 1.4776122570037842, 2.310879707336426, 1.389622688293457, 2.4420435428619385, 1.2982169389724731, 1.4171972274780273, 1.6174452304840088, 1.4497696161270142, 2.6395843029022217, 1.5121115446090698, 1.4544450044631958, 1.826003074645996, 1.9429337978363037, 2.274160623550415, 2.201906681060791, 2.038379669189453, 1.1353479623794556, 1.7575664520263672, 1.612811803817749, 1.9394581317901611, 1.5821690559387207, 1.8711893558502197, 1.806870937347412, 1.6571210622787476, 1.5015795230865479, 1.5060502290725708, 2.2360033988952637, 1.5404140949249268, 2.121263265609741, 1.4470597505569458, 1.1189610958099365, 1.3369476795196533, 2.1497867107391357, 1.4314628839492798, 1.6656898260116577, 1.326826572418213, 1.8249619007110596, 2.474900245666504, 1.714391827583313, 1.6632736921310425, 1.0933524370193481, 2.654705047607422, 1.5344899892807007, 1.6615791320800781, 1.1621019840240479, 1.893259048461914, 1.9518678188323975, 1.5093063116073608, 2.2734339237213135, 1.6733397245407104, 0.9623228311538696, 1.7591924667358398, 1.6412447690963745, 1.863279104232788, 2.019023895263672, 1.6818805932998657, 2.0636143684387207, 1.1193249225616455, 1.5561753511428833, 2.798496723175049, 2.16658353805542, 2.530940055847168, 1.5368274450302124, 1.4732218980789185, 1.4249895811080933, 1.1578229665756226, 1.7698689699172974, 1.6309744119644165, 1.2574691772460938, 1.9757932424545288, 2.0141360759735107, 1.0104389190673828, 1.7810801267623901, 1.4590274095535278, 2.67203426361084, 1.9858272075653076, 2.158531904220581, 1.6383461952209473, 2.3077237606048584], "params": {"n_estimators": 278, "max_depth": 6, "min_samples_split": 13, "min_samples_leaf": 12, "max_features": "sqrt", "bootstrap": false, "small_dataset_weight_multiplier": 200.0}, "time_end": "2026-03-01T13:38:19.083787"}