{"model": "rf_minilm", "type": "test", "seed": 42, "time_start": "2026-03-01T13:25:02.013304", "mse": 1.2014521240522988, "accuracy": 0.33185840707964603, "corr": 0.6358949629467687, "precision": [0.0, 0.28205128205128205, 0.2962962962962963, 0.46153846153846156, 0.0, 0.0], "recall": [0.0, 0.3333333333333333, 0.7843137254901961, 0.36923076923076925, 0.0, 0.0], "f1": [0.0, 0.3055555555555556, 0.43010752688172044, 0.41025641025641024, 0.0, 0.0], "support": [51, 33, 51, 65, 24, 2], "confusion_matrix": [[0, 21, 28, 2, 0, 0], [0, 11, 20, 2, 0, 0], [0, 6, 40, 5, 0, 0], [0, 1, 40, 24, 0, 0], [0, 0, 7, 17, 0, 0], [0, 0, 0, 2, 0, 0]], "predictions": [1.4541727304458618, 1.6455249786376953, 2.411590576171875, 1.8327802419662476, 1.4899998903274536, 2.0256330966949463, 3.0298922061920166, 2.3195016384124756, 1.63041353225708, 2.5338544845581055, 2.766799211502075, 2.1713576316833496, 2.9829483032226562, 2.05471134185791, 1.808609962463379, 1.9033149480819702, 3.2915329933166504, 1.557694673538208, 2.075751781463623, 3.185152053833008, 3.297281503677368, 1.2962027788162231, 2.658754348754883, 1.7804975509643555, 1.7780685424804688, 2.6054043769836426, 2.2721025943756104, 2.1535942554473877, 2.4668233394622803, 2.577497720718384, 3.3627007007598877, 1.3553228378295898, 1.8839787244796753, 1.4678276777267456, 2.592160701751709, 2.422083616256714, 1.472039818763733, 2.1597588062286377, 2.9477875232696533, 1.3944036960601807, 2.0279641151428223, 2.235161542892456, 1.0179522037506104, 2.241453170776367, 2.912263870239258, 2.8348727226257324, 1.5126312971115112, 2.6937026977539062, 2.0022737979888916, 1.5782999992370605, 2.158914089202881, 1.8920810222625732, 2.815192222595215, 1.8597279787063599, 2.647085666656494, 1.087435245513916, 2.715191602706909, 2.3294544219970703, 3.091768264770508, 1.8661396503448486, 2.139521360397339, 2.1753604412078857, 2.639127016067505, 2.3073015213012695, 1.4168983697891235, 2.234455108642578, 1.8102691173553467, 1.7058184146881104, 1.6661949157714844, 2.18945574760437, 1.8683154582977295, 2.6792123317718506, 1.7006781101226807, 1.3199330568313599, 1.49513840675354, 1.886220097541809, 1.4327811002731323, 1.9535030126571655, 1.792824625968933, 0.7444217205047607, 2.0051255226135254, 1.8961251974105835, 2.0181233882904053, 2.822943925857544, 1.676395297050476, 1.8899121284484863, 1.1088324785232544, 2.4644110202789307, 1.8182405233383179, 1.7062088251113892, 2.528136730194092, 2.811271905899048, 2.640848398208618, 1.5454912185668945, 2.249270439147949, 1.2141458988189697, 1.6092129945755005, 1.6108028888702393, 1.8704406023025513, 1.8353615999221802, 2.672349452972412, 0.8650383353233337, 2.300840139389038, 2.2030441761016846, 1.1597375869750977, 1.8446680307388306, 2.2926626205444336, 1.4338372945785522, 3.094407081604004, 2.0197525024414062, 2.297036647796631, 2.228374481201172, 2.3441572189331055, 2.6019606590270996, 1.6655062437057495, 1.5802733898162842, 2.7146713733673096, 2.155113697052002, 2.4107282161712646, 2.3531746864318848, 2.4891531467437744, 1.7805588245391846, 1.2939718961715698, 1.9652118682861328, 2.915894031524658, 2.5448691844940186, 1.653205156326294, 1.5051649808883667, 1.1440335512161255, 1.8639477491378784, 2.24837327003479, 3.0619678497314453, 1.6953504085540771, 1.564222812652588, 2.6923041343688965, 3.1528334617614746, 2.629117012023926, 2.555412769317627, 1.4375569820404053, 2.0876100063323975, 1.6295185089111328, 1.770024299621582, 2.2505271434783936, 1.9695713520050049, 2.005958080291748, 2.3502955436706543, 2.507138252258301, 1.5583010911941528, 2.8271288871765137, 1.4951447248458862, 2.9724409580230713, 1.4126861095428467, 1.6335753202438354, 1.4518101215362549, 1.3613866567611694, 2.989070415496826, 1.5111174583435059, 1.3537676334381104, 2.0123138427734375, 2.404846668243408, 2.9184072017669678, 2.6008379459381104, 2.4163200855255127, 1.2865337133407593, 2.2074499130249023, 1.784996747970581, 2.0470759868621826, 1.7004625797271729, 2.1632516384124756, 2.1387243270874023, 1.9681427478790283, 1.9048776626586914, 1.8556411266326904, 2.351983070373535, 1.9415233135223389, 2.4064059257507324, 1.8590672016143799, 1.1463966369628906, 1.6252250671386719, 2.6659085750579834, 1.7718287706375122, 1.9008766412734985, 1.4376088380813599, 2.1567325592041016, 2.9176063537597656, 1.7390491962432861, 1.9241917133331299, 1.0409626960754395, 3.0923573970794678, 1.704810619354248, 1.9506840705871582, 1.2894196510314941, 2.193190097808838, 2.3112308979034424, 1.8073344230651855, 2.622330665588379, 1.8969215154647827, 0.8450360894203186, 2.1976449489593506, 1.4483919143676758, 2.1050453186035156, 2.0681912899017334, 1.8354954719543457, 2.2881548404693604, 1.0845246315002441, 1.8166319131851196, 3.1983730792999268, 2.3531107902526855, 3.1614487171173096, 1.8789842128753662, 1.3850990533828735, 1.5146536827087402, 1.2149752378463745, 1.9302223920822144, 1.8975932598114014, 1.3440732955932617, 2.4564802646636963, 2.443621873855591, 0.8944243788719177, 1.9017412662506104, 1.6418788433074951, 3.2499237060546875, 2.2945075035095215, 2.628929615020752, 1.960004448890686, 2.835757255554199], "params": {"n_estimators": 507, "max_depth": 30, "min_samples_split": 7, "min_samples_leaf": 2, "max_features": "sqrt", "bootstrap": false}, "time_end": "2026-03-01T13:25:02.168699"}