{"model": "rf_minilm", "type": "test", "seed": 42, "time_start": "2026-02-28T09:28:16.654943", "mse": 0.9404090642929077, "accuracy": 0.40181268882175225, "corr": 0.8370193331151183, "precision": [0.0, 0.2608695652173913, 0.2483221476510067, 0.3559322033898305, 0.6111111111111112, 1.0], "recall": [0.0, 0.26666666666666666, 0.6851851851851852, 0.3230769230769231, 0.39285714285714285, 0.7454545454545455], "f1": [0.0, 0.26373626373626374, 0.3645320197044335, 0.3387096774193548, 0.4782608695652174, 0.8541666666666666], "support": [56, 45, 54, 65, 56, 55], "confusion_matrix": [[0, 21, 33, 2, 0, 0], [0, 12, 32, 1, 0, 0], [0, 11, 37, 6, 0, 0], [0, 2, 42, 21, 0, 0], [0, 0, 5, 29, 22, 0], [0, 0, 0, 0, 14, 41]], "predictions": [1.825414776802063, 1.7324230670928955, 3.2616426944732666, 1.733634114265442, 2.100170850753784, 0.9690837264060974, 1.4657081365585327, 0.9726537466049194, 1.5458909273147583, 2.3216800689697266, 2.1741890907287598, 1.3509629964828491, 2.206434726715088, 2.4382996559143066, 1.916581392288208, 1.787933349609375, 1.8127237558364868, 2.4724464416503906, 1.730297565460205, 1.9510854482650757, 1.541765809059143, 1.7516076564788818, 1.371835708618164, 1.5977550745010376, 2.4470832347869873, 2.174809217453003, 2.819098949432373, 1.6368250846862793, 1.8148093223571777, 2.2955684661865234, 0.8566807508468628, 2.123913049697876, 1.768970012664795, 2.1835691928863525, 2.246483564376831, 2.0642428398132324, 1.4364007711410522, 1.7571073770523071, 2.9933457374572754, 1.694753646850586, 1.4383721351623535, 0.7694176435470581, 3.1779208183288574, 2.41129207611084, 2.590733528137207, 1.9821585416793823, 1.6982746124267578, 3.128081798553467, 2.5457024574279785, 2.610729932785034, 1.9354932308197021, 1.909838318824768, 3.0056874752044678, 1.969497561454773, 2.3679444789886475, 2.406822681427002, 1.1329716444015503, 1.1402236223220825, 2.4643054008483887, 2.3673980236053467, 3.1066906452178955, 2.9571642875671387, 3.0601675510406494, 2.0541391372680664, 1.5333245992660522, 1.9836941957473755, 2.122257947921753, 1.4754483699798584, 1.640141487121582, 2.5453896522521973, 1.4600615501403809, 1.621375560760498, 0.6989414095878601, 1.2214140892028809, 1.4137568473815918, 2.658132314682007, 1.6480066776275635, 1.9322727918624878, 1.5373103618621826, 1.479978084564209, 1.247324824333191, 2.883816957473755, 1.7281643152236938, 0.8911755681037903, 1.2108358144760132, 1.4113619327545166, 1.6168252229690552, 1.9292199611663818, 2.0793063640594482, 2.895211696624756, 1.6793361902236938, 3.1179609298706055, 1.7526321411132812, 2.874438524246216, 1.1249486207962036, 2.4888556003570557, 2.7025835514068604, 2.157412528991699, 2.0943808555603027, 1.7200710773468018, 2.4264097213745117, 3.012221097946167, 1.5172977447509766, 1.7979445457458496, 1.4392061233520508, 2.0088953971862793, 1.4454265832901, 0.9463660717010498, 1.3832006454467773, 1.3535292148590088, 2.5718252658843994, 1.4733879566192627, 1.7307250499725342, 1.6348929405212402, 2.151901960372925, 2.8181886672973633, 0.7326239347457886, 1.7457751035690308, 2.719620704650879, 1.0582159757614136, 2.5054819583892822, 2.8988451957702637, 1.5294909477233887, 2.680546760559082, 1.7911436557769775, 1.94383704662323, 2.7615654468536377, 1.5909051895141602, 1.3221359252929688, 2.650921583175659, 2.283194065093994, 1.6532012224197388, 2.42912220954895, 2.808298110961914, 1.4271371364593506, 1.8741395473480225, 2.8135673999786377, 2.1733155250549316, 2.640040397644043, 2.5317463874816895, 1.7846509218215942, 3.2890350818634033, 1.8487098217010498, 2.5697078704833984, 1.8373316526412964, 2.1013166904449463, 2.0378260612487793, 1.7068190574645996, 1.6476905345916748, 2.0919606685638428, 1.6131553649902344, 1.9175760746002197, 1.5724703073501587, 2.8176918029785156, 1.3539801836013794, 2.0767388343811035, 2.740077257156372, 2.093644380569458, 2.2145636081695557, 3.3754405975341797, 2.9543139934539795, 2.127185821533203, 2.855224609375, 1.8235974311828613, 2.6151282787323, 2.348145008087158, 2.6342415809631348, 1.648815631866455, 1.1127614974975586, 1.9079887866973877, 2.2570581436157227, 1.251697063446045, 1.3095076084136963, 2.6485471725463867, 1.8494174480438232, 1.4896613359451294, 3.372157096862793, 1.7246710062026978, 2.266655445098877, 2.0765745639801025, 1.779750943183899, 2.507319927215576, 1.5210225582122803, 1.8313575983047485, 1.0856359004974365, 3.2019617557525635, 2.2224700450897217, 3.1269521713256836, 1.8615942001342773, 1.8759452104568481, 1.7297759056091309, 1.4805177450180054, 2.3389172554016113, 2.4146783351898193, 1.8591502904891968, 3.6338131427764893, 3.677461624145508, 3.7908172607421875, 3.824800968170166, 3.118133068084717, 3.2455105781555176, 3.0244956016540527, 3.9148082733154297, 3.7626969814300537, 3.7202908992767334, 3.237139940261841, 3.2613937854766846, 3.7058725357055664, 3.8897314071655273, 3.5935721397399902, 3.59794020652771, 3.75557541847229, 3.554889678955078, 3.827676296234131, 3.677351236343384, 3.6759777069091797, 3.5476131439208984, 3.4219987392425537, 4.924646377563477, 4.464890003204346, 4.87135124206543, 4.5355544090271, 3.8467791080474854, 4.802848815917969, 4.769872188568115, 4.71782112121582, 3.9810097217559814, 4.640336513519287, 4.7811503410339355, 4.900067329406738, 4.566758155822754, 4.803323268890381, 4.144182205200195, 4.9569926261901855, 4.219972610473633, 4.6906538009643555, 4.4738450050354, 4.9823174476623535, 4.508204460144043, 4.544307708740234, 4.669897556304932, 4.842400074005127, 4.71373987197876, 4.980177879333496, 4.59945011138916, 4.87859582901001, 4.842789173126221, 4.8556647300720215, 4.6800103187561035, 4.732183456420898, 4.4841742515563965, 4.818879127502441, 4.711214542388916, 4.496832370758057, 4.359358310699463, 4.567217826843262, 4.575085163116455, 4.930503845214844, 4.442138671875, 4.459545612335205, 4.552486419677734, 4.830513000488281, 1.862903356552124, 1.4864718914031982, 1.7297425270080566, 2.472957134246826, 1.2787294387817383, 2.2784225940704346, 1.9914772510528564, 2.209986925125122, 2.425750255584717, 2.6564579010009766, 4.362244606018066, 2.3566243648529053, 4.751405239105225, 3.5109775066375732, 1.7705538272857666, 2.2256085872650146, 4.680516719818115, 2.043689012527466, 2.1710124015808105, 1.4906115531921387, 2.147366523742676, 1.6902581453323364, 1.5001975297927856, 2.107226610183716, 1.8776910305023193, 1.5131794214248657, 2.0379464626312256, 4.248823642730713, 1.3411866426467896, 2.5361008644104004, 2.3238813877105713, 1.6020008325576782, 4.798155784606934, 1.9931914806365967, 3.4654746055603027, 1.8928526639938354, 4.803366184234619, 3.68365478515625, 1.5795830488204956, 1.3468776941299438, 2.8756749629974365, 2.1688029766082764, 0.9772889018058777, 4.813338756561279, 3.2675561904907227, 2.424027919769287, 1.7096545696258545, 1.9542423486709595, 2.339409828186035, 2.0350000858306885, 2.2126238346099854, 4.653965950012207, 1.7521586418151855, 1.9891165494918823, 4.3962249755859375, 1.8497133255004883, 2.578090190887451, 2.1481332778930664, 3.66129207611084, 2.0331666469573975, 2.42546010017395, 1.421678066253662, 1.8963909149169922, 1.701581358909607, 4.84023904800415, 3.6778299808502197, 4.700910568237305, 2.755718231201172, 3.503582239151001], "params": {"n_estimators": 507, "max_depth": 30, "min_samples_split": 7, "min_samples_leaf": 2, "max_features": "sqrt", "bootstrap": false}, "time_end": "2026-02-28T09:28:16.854272"}