{
  "model": "rf_minilm",
  "params": {
    "n_estimators": 507,
    "max_depth": 30,
    "min_samples_split": 7,
    "min_samples_leaf": 2,
    "max_features": "sqrt",
    "bootstrap": false
  },
  "type": "train",
  "seed": 42,
  "mse": 0.020266680742580256,
  "accuracy": 0.9974489795918368,
  "precision": [
    1.0,
    0.9767441860465116,
    1.0,
    1.0,
    1.0,
    1.0
  ],
  "recall": [
    0.9863013698630136,
    1.0,
    1.0,
    1.0,
    1.0,
    1.0
  ],
  "f1": [
    0.993103448275862,
    0.9882352941176471,
    1.0,
    1.0,
    1.0,
    1.0
  ],
  "support": [
    73,
    42,
    68,
    79,
    65,
    65
  ],
  "confusion_matrix": [
    [
      72,
      1,
      0,
      0,
      0,
      0
    ],
    [
      0,
      42,
      0,
      0,
      0,
      0
    ],
    [
      0,
      0,
      68,
      0,
      0,
      0
    ],
    [
      0,
      0,
      0,
      79,
      0,
      0
    ],
    [
      0,
      0,
      0,
      0,
      65,
      0
    ],
    [
      0,
      0,
      0,
      0,
      0,
      65
    ]
  ]
}