{
  "model": "rf_mbert_lg",
  "params": {
    "n_estimators": 726,
    "max_depth": 17,
    "min_samples_split": 4,
    "min_samples_leaf": 1,
    "max_features": "sqrt",
    "bootstrap": false,
    "small_dataset_weight_multiplier": 200.0
  },
  "type": "val",
  "seed": 42,
  "folds": [
    {
      "mse": 1.8543021277588037,
      "accuracy": 0.359915611814346,
      "precision": [
        0.555995670995671,
        0.15382028454161303,
        0.09301587301587302,
        0.0,
        0.95,
        1.0
      ],
      "recall": [
        0.27142857142857146,
        0.8333333333333333,
        0.058241758241758236,
        0.0,
        0.36923076923076925,
        0.8923076923076924
      ],
      "f1": [
        0.35871283560070744,
        0.25962451341761683,
        0.0712215320910973,
        0.0,
        0.5184026242075778,
        0.9405797101449276
      ],
      "support": [
        73,
        42,
        68,
        79,
        65,
        65
      ]
    }
  ]
}