{
  "model": "rf_mbert_lg",
  "params": {
    "n_estimators": 726,
    "max_depth": 17,
    "min_samples_split": 4,
    "min_samples_leaf": 1,
    "max_features": "sqrt",
    "bootstrap": false,
    "small_dataset_weight_multiplier": 200.0
  },
  "type": "test",
  "seed": 42,
  "mse": 1.4910944700241089,
  "accuracy": 0.37404580152671757,
  "precision": [
    0.44,
    0.15492957746478872,
    0.037037037037037035,
    0.2,
    1.0,
    1.0
  ],
  "recall": [
    0.22448979591836735,
    0.7857142857142857,
    0.022222222222222223,
    0.019230769230769232,
    0.4318181818181818,
    1.0
  ],
  "f1": [
    0.2972972972972973,
    0.25882352941176473,
    0.027777777777777776,
    0.03508771929824561,
    0.6031746031746031,
    1.0
  ],
  "support": [
    49,
    28,
    45,
    52,
    44,
    44
  ],
  "confusion_matrix": [
    [
      11,
      38,
      0,
      0,
      0,
      0
    ],
    [
      5,
      22,
      1,
      0,
      0,
      0
    ],
    [
      8,
      36,
      1,
      0,
      0,
      0
    ],
    [
      1,
      41,
      9,
      1,
      0,
      0
    ],
    [
      0,
      5,
      16,
      4,
      19,
      0
    ],
    [
      0,
      0,
      0,
      0,
      0,
      44
    ]
  ]
}