{
  "model": "rf_minilm",
  "params": {
    "n_estimators": 507,
    "max_depth": 30,
    "min_samples_split": 7,
    "min_samples_leaf": 2,
    "max_features": "sqrt",
    "bootstrap": false
  },
  "type": "test",
  "seed": 42,
  "mse": 0.9217958450317383,
  "accuracy": 0.3969465648854962,
  "precision": [
    0.0,
    0.1891891891891892,
    0.26666666666666666,
    0.3898305084745763,
    0.53125,
    1.0
  ],
  "recall": [
    0.0,
    0.25,
    0.6222222222222222,
    0.4423076923076923,
    0.38636363636363635,
    0.6590909090909091
  ],
  "f1": [
    0.0,
    0.2153846153846154,
    0.37333333333333335,
    0.4144144144144144,
    0.4473684210526316,
    0.7945205479452054
  ],
  "support": [
    49,
    28,
    45,
    52,
    44,
    44
  ],
  "confusion_matrix": [
    [
      0,
      19,
      28,
      2,
      0,
      0
    ],
    [
      0,
      7,
      19,
      2,
      0,
      0
    ],
    [
      0,
      10,
      28,
      7,
      0,
      0
    ],
    [
      0,
      1,
      28,
      23,
      0,
      0
    ],
    [
      0,
      0,
      2,
      25,
      17,
      0
    ],
    [
      0,
      0,
      0,
      0,
      15,
      29
    ]
  ]
}