{
  "model": "rf_mbert",
  "params": {
    "n_estimators": 726,
    "max_depth": 17,
    "min_samples_split": 4,
    "min_samples_leaf": 1,
    "max_features": "sqrt",
    "bootstrap": false
  },
  "type": "test",
  "seed": 42,
  "mse": 0.9028180241584778,
  "accuracy": 0.4389312977099237,
  "precision": [
    0.0,
    0.1891891891891892,
    0.30097087378640774,
    0.423728813559322,
    0.6333333333333333,
    1.0
  ],
  "recall": [
    0.0,
    0.25,
    0.6888888888888889,
    0.4807692307692308,
    0.4318181818181818,
    0.75
  ],
  "f1": [
    0.0,
    0.2153846153846154,
    0.4189189189189189,
    0.45045045045045046,
    0.5135135135135135,
    0.8571428571428571
  ],
  "support": [
    49,
    28,
    45,
    52,
    44,
    44
  ],
  "confusion_matrix": [
    [
      0,
      20,
      26,
      3,
      0,
      0
    ],
    [
      0,
      7,
      19,
      2,
      0,
      0
    ],
    [
      0,
      8,
      31,
      6,
      0,
      0
    ],
    [
      0,
      2,
      25,
      25,
      0,
      0
    ],
    [
      0,
      0,
      2,
      23,
      19,
      0
    ],
    [
      0,
      0,
      0,
      0,
      11,
      33
    ]
  ]
}