{"model": "rf_minilm", "type": "train", "seed": 42, "train_losses": [], "val_losses": [], "time_start": "2026-03-01T09:58:06.126092", "mse": 0.014567671102485545, "accuracy": 1.0, "corr": 0.9986305003815706, "precision": [1.0, 1.0, 1.0, 1.0, 1.0, 1.0], "recall": [1.0, 1.0, 1.0, 1.0, 1.0, 1.0], "f1": [1.0, 1.0, 1.0, 1.0, 1.0, 1.0], "support": [113, 140, 117, 151, 129, 130], "confusion_matrix": [[113, 0, 0, 0, 0, 0], [0, 140, 0, 0, 0, 0], [0, 0, 117, 0, 0, 0], [0, 0, 0, 151, 0, 0], [0, 0, 0, 0, 129, 0], [0, 0, 0, 0, 0, 130]], "predictions": [2.965052705032889, 1.0565119590456753, 0.17915741622229817, 2.9344497720931515, 0.15235559606805132, 2.8471659390020996, 1.9804397328558345, 0.2374824047003477, 0.12885269220477183, 1.109318625454678, 1.9733382190343816, 0.1569367685256591, 2.05604029737707, 3.838278529927601, 0.09190380736393086, 3.7369683446891893, 0.20014353066840762, 2.853815408524312, 0.11324381628531525, 1.055240063562255, 2.74929084776549, 3.897908503452439, 0.20226394270173442, 3.8781596252740904, 0.1717420962052841, 0.18714159917050716, 3.6858440520037643, 1.9522757919185396, 1.9219831768180253, 0.09132340741486857, 2.9635561548960867, 1.0059123560737906, 1.0552060245437962, 1.9790624782263275, 1.1138466293394922, 2.975957476025764, 2.915971200467141, 0.12231238100957152, 0.2618058310870223, 2.903523197897593, 0.9509955970210711, 2.843187019400195, 3.9315240292175164, 1.2591040732065177, 0.17844099625717344, 0.1691365006046804, 3.8811782607246625, 1.943952641081288, 2.933720484609843, 0.1910137354745999, 1.0942256480988501, 3.9048600828831996, 3.8278022275731, 2.8444906043006815, 1.9517526361867783, 0.16321647430676547, 1.9493347621950654, 0.15416716979780698, 1.9299928441663992, 1.9919257764313438, 1.0933547083336155, 0.084178398431339, 0.994348678138242, 0.13557507660002469, 1.0538866399128453, 0.14405363863957468, 1.1213817141018123, 1.1311158711369471, 1.8896890755906302, 0.14470696641625372, 4.684423796475132, 0.9881983559108497, 0.08923550522322743, 3.023621231773648, 2.052047588678991, 1.9631257072725088, 0.11162623474077547, 1.0733627439724653, 1.959804210471075, 0.12102032112675727, 3.7253960987435732, 0.14720247429863004, 0.2299423202141942, 3.8704587937194974, 2.036581884747449, 2.953001765441097, 3.030914860770837, 2.9432068021426216, 0.11331105733354614, 1.9464086614513563, 0.18827892073638974, 0.13695224391268498, 3.88469861036072, 2.8703118023657965, 1.9379192999497752, 2.9621547920171616, 1.9205212042913415, 2.9956656600532425, 2.9941034665985327, 1.9751866466776131, 1.138833408680313, 1.1303931166193881, 1.0166456297672741, 3.8511153292622464, 1.9459288578789038, 1.9317950369590575, 2.993514225331572, 0.11914876860863384, 2.820531157046044, 0.2962846426229365, 1.2581202021672229, 3.004396074141878, 3.8416118946886795, 3.000761280746442, 0.15078167343403864, 2.868704520246647, 1.9895616561705494, 0.10955502996090186, 2.906366608335633, 1.950418479903622, 2.9006460866718347, 1.1096283908827511, 1.9971647927404594, 2.9268601723099112, 0.09486522779259544, 2.0026723264085566, 2.9479345185514334, 2.7968602647181324, 0.09842130622624186, 2.0338367642258266, 2.929994310784862, 2.9661109023567267, 2.0023435592650056, 0.16533813954451246, 1.008026409154296, 1.9712488853530181, 2.902446135240771, 2.0007517626919196, 1.9718580759750448, 2.872669317887678, 0.16725817415225555, 0.144913509812535, 1.1388086245960498, 3.8343702001994524, 3.8784085435526667, 2.910867896336906, 1.1021775126156315, 2.901147138738016, 1.9902750028957672, 0.13380368507467966, 2.022802737897687, 2.0158889936435833, 3.8882857786816922, 0.1623630192962256, 2.0278609630142688, 1.9276253263290166, 1.9274001617751855, 2.9638321378865946, 3.93574351892942, 0.10497935052367678, 0.2561890423207741, 1.0845885980973207, 2.7730066942068334, 0.9956942848933107, 0.13035402115334582, 2.8312599035709383, 3.9237032076545586, 2.842649420933102, 1.9912807192715452, 3.8680671434866065, 0.10905769882965033, 0.26560783127256815, 2.8424996363448805, 2.821995271038961, 2.8996433633491017, 3.919877188053794, 2.9092806659123336, 2.8787324816061126, 1.9622830356962926, 0.12462849242665004, 1.981439961268911, 0.1611262598691778, 0.14949613586024071, 3.023231630510038, 1.9860305467477288, 2.8758782806058814, 1.1012361173816225, 2.866604988064428, 2.9887377923908702, 0.09475703485186775, 2.8421523959488098, 2.020341614870044, 2.9334057190402647, 1.0336004393315696, 2.010424179943116, 1.963445262267086, 0.2791591378066013, 1.8914268197468165, 0.26462479824355767, 2.912753947150065, 2.833610604259819, 1.051362037142828, 2.957580261910094, 3.875021604431197, 3.8327670421841216, 2.9158923777351275, 1.9425185275199892, 2.921829477167323, 1.9228613676221817, 0.17204493879395508, 2.956803611949154, 0.10318350186905494, 0.3330443286328654, 1.9663944309829637, 1.8904265355060408, 3.841755589498171, 3.897021294167283, 1.0579032586406905, 1.9268009271094848, 0.19411898033999955, 2.9475909855421265, 2.0591875850030905, 0.26452585487195535, 2.7247395382002244, 2.961782576745475, 2.0392008426603025, 3.877582890082835, 1.045084148486026, 3.7675143476975608, 2.9472371680923017, 2.9007923776014417, 3.811171167755372, 0.22121955033281832, 3.9115747846237423, 3.8029294183164395, 3.882610452822169, 3.8555827033630847, 0.08667322521075597, 1.0557770588202882, 0.1690069356117022, 2.9391693603211504, 4.687255242504869, 0.18005646278507165, 1.1434471570539173, 2.9474763334234493, 4.6580841624781, 0.29863359374716, 4.701971890235188, 2.9924941314914375, 0.19689347461601375, 1.9511712890803388, 2.7626568652857246, 2.014861579446916, 1.1512427354416568, 1.9223243280512985, 2.9785852748565147, 1.9539359748646752, 4.6728364575083, 2.0056533733521555, 3.8188295592765233, 0.18307958304737781, 3.8178133639999947, 1.9228496995625928, 2.9112234469964693, 3.923922783163533, 1.828216683224681, 1.1241860329622821, 1.0518031946214006, 2.099113495764726, 2.935229535291986, 0.41849750048244644, 0.12335447394274862, 2.9261267555071866, 3.8191336792267823, 1.9740398022170862, 4.6332804189157635, 0.15981638153558425, 2.8938844439271554, 1.973567958339039, 2.7808662279790273, 1.9557327049990627, 1.0865412720915177, 1.0266273139484805, 0.16994818342761392, 2.9460059092745667, 0.22831672230244138, 1.019542521802767, 0.178938768977421, 1.0800996586372094, 0.2365366198524371, 1.989116047588387, 2.9182540251507607, 3.7479037493796423, 1.960042030708929, 2.8814922430640766, 1.0613481308566037, 1.213381230200312, 2.9697502936156064, 2.972673675439875, 2.0578530303945777, 2.0751876578105297, 2.0154210336632117, 2.8980777202498444, 0.12424372702933024, 2.924273868261741, 3.9392350100355715, 3.9624171118948905, 3.964452077934427, 3.967942385061144, 3.8284535200284564, 3.993336384897065, 3.919355710106514, 3.989726752128164, 3.929275310681962, 4.002225658574982, 3.9683145829377877, 3.980961804558954, 3.9808156493879756, 3.9890927231805913, 3.971637997748562, 3.9619514049275377, 3.9824688049441948, 3.937124627222323, 3.9172623581846673, 3.934829860148003, 3.986883821888422, 3.8358705110039106, 4.016544584286143, 3.9617182592572844, 3.962856875460098, 3.9512863215697442, 4.006001470975383, 3.923264525400669, 4.984112557545924, 4.969969668703686, 4.931757897461376, 4.9152529359786845, 4.9938675823765095, 4.970282596098534, 4.97979225396258, 4.968548500768891, 4.905049033833604, 4.910206632556272, 4.821057103565965, 4.965872958705535, 4.932463130967967, 4.975943146985591, 4.935741848493453, 4.980782041500497, 4.950617235459041, 4.971146527327826, 4.968204506881979, 4.881204611848708, 4.931416864867718, 4.943701538200208, 4.935698201175271, 4.988026607558194, 4.981931850520825, 4.9586642460314945, 4.942326716759674, 4.9538707558377855, 4.847085134461876, 4.918942849048106, 4.955346239430053, 4.784265899931541, 4.977948693242091, 4.934958452889659, 4.988885347400142, 4.938281739305597, 4.950138751566986, 4.949879280904874, 4.992123678200658, 4.96875867184495, 4.981198785473527, 4.957506590559587, 4.9725688223481175, 4.966953759042634, 