{
  "model": "ridge_minilm_lg",
  "params": {
    "ridge_alpha": 67.833,
    "small_dataset_weight_multiplier": 200.0
  },
  "type": "train",
  "seed": 42,
  "mse": 0.5324558200705848,
  "accuracy": 0.5951370627141604,
  "precision": [
    0.796695456252347,
    0.3836890181460697,
    0.17818041634541248,
    0.6788810086682427,
    0.6886221009549796,
    0.9395721532014997
  ],
  "recall": [
    0.40010560856938104,
    0.6028834395314411,
    0.5140124555160143,
    0.5805814961008954,
    0.7007830288221247,
    0.8483903086624627
  ],
  "f1": [
    0.5326905694486291,
    0.46893617021276596,
    0.26462842093209665,
    0.6258951738453554,
    0.6946493449300892,
    0.8916562020371146
  ],
  "support": [
    26513,
    15537,
    4496,
    20774,
    18007,
    15065
  ],
  "confusion_matrix": [
    [
      10608,
      12677,
      3030,
      193,
      5,
      0
    ],
    [
      2417,
      9367,
      3537,
      212,
      4,
      0
    ],
    [
      105,
      1092,
      2311,
      943,
      45,
      0
    ],
    [
      184,
      1253,
      3839,
      12061,
      3419,
      18
    ],
    [
      1,
      22,
      246,
      4315,
      12619,
      804
    ],
    [
      0,
      2,
      7,
      42,
      2233,
      12781
    ]
  ]
}