{
  "model": "ridge_minilm_lg",
  "params": {
    "ridge_alpha": 67.833,
    "small_dataset_weight_multiplier": 200.0
  },
  "type": "val",
  "seed": 42,
  "folds": [
    {
      "mse": 0.9943538941853491,
      "accuracy": 0.4264524505030834,
      "precision": [
        0.6471428571428571,
        0.2316247838848458,
        0.2035873015873016,
        0.37626984126984125,
        0.725,
        0.9675324675324676
      ],
      "recall": [
        0.2704761904761905,
        0.45555555555555555,
        0.3582417582417582,
        0.3175,
        0.41538461538461535,
        0.8
      ],
      "f1": [
        0.37584475021545954,
        0.3059574055366482,
        0.2588196459585118,
        0.34055913978494623,
        0.5257826384142174,
        0.8688865884518059
      ],
      "support": [
        73,
        42,
        68,
        79,
        65,
        65
      ]
    }
  ]
}