{"model": "ridge_minilm", "type": "val", "seed": 42, "train_losses": [], "val_losses": [], "time_start": "2026-03-01T13:24:57.243892", "folds": [{"mse": 0.7257223588096702, "accuracy": 0.4807692307692308, "corr": 0.8628139266466317, "precision": [0.0, 0.2558139534883721, 0.2894736842105263, 0.5, 0.8, 0.9545454545454546], "recall": [0.0, 0.44, 0.4583333333333333, 0.5161290322580645, 0.6153846153846154, 0.8076923076923077], "f1": [0.0, 0.3235294117647059, 0.3548387096774194, 0.5079365079365079, 0.6956521739130435, 0.875], "support": [24, 25, 24, 31, 26, 26], "confusion_matrix": [[0, 19, 5, 0, 0, 0], [1, 11, 11, 2, 0, 0], [0, 9, 11, 4, 0, 0], [0, 4, 11, 16, 0, 0], [0, 0, 0, 9, 16, 1], [0, 0, 0, 1, 4, 21]]}, {"mse": 0.8003112227362031, "accuracy": 0.44516129032258067, "corr": 0.8492143818046571, "precision": [0.8, 0.3870967741935484, 0.32, 0.4411764705882353, 0.4117647058823529, 0.8333333333333334], "recall": [0.16666666666666666, 0.46153846153846156, 0.6666666666666666, 0.5, 0.2692307692307692, 0.6], "f1": [0.27586206896551724, 0.42105263157894735, 0.43243243243243246, 0.46875, 0.32558139534883723, 0.6976744186046512], "support": [24, 26, 24, 30, 26, 25], "confusion_matrix": [[4, 11, 9, 0, 0, 0], [1, 12, 12, 1, 0, 0], [0, 4, 16, 4, 0, 0], [0, 4, 10, 15, 1, 0], [0, 0, 3, 13, 7, 3], [0, 0, 0, 1, 9, 15]]}, {"mse": 0.8719915322083626, "accuracy": 0.4129032258064516, "corr": 0.833125306283138, "precision": [1.0, 0.3333333333333333, 0.17777777777777778, 0.2962962962962963, 0.55, 0.8260869565217391], "recall": [0.2916666666666667, 0.4230769230769231, 0.3333333333333333, 0.26666666666666666, 0.44, 0.7307692307692307], "f1": [0.45161290322580644, 0.3728813559322034, 0.2318840579710145, 0.2807017543859649, 0.4888888888888889, 0.7755102040816326], "support": [24, 26, 24, 30, 25, 26], "confusion_matrix": [[7, 8, 7, 2, 0, 0], [0, 11, 12, 3, 0, 0], [0, 10, 8, 6, 0, 0], [0, 4, 16, 8, 2, 0], [0, 0, 2, 8, 11, 4], [0, 0, 0, 0, 7, 19]]}, {"mse": 0.7149933497170727, "accuracy": 0.47096774193548385, "corr": 0.8667359786620612, "precision": [0.75, 0.2857142857142857, 0.3333333333333333, 0.5, 0.6842105263157895, 0.8636363636363636], "recall": [0.13043478260869565, 0.5384615384615384, 0.5416666666666666, 0.36666666666666664, 0.5, 0.7307692307692307], "f1": [0.2222222222222222, 0.37333333333333335, 0.4126984126984127, 0.4230769230769231, 0.5777777777777777, 0.7916666666666666], "support": [23, 26, 24, 30, 26, 26], "confusion_matrix": [[3, 19, 1, 0, 0, 0], [1, 14, 11, 0, 0, 0], [0, 9, 13, 2, 0, 0], [0, 7, 11, 11, 1, 0], [0, 0, 3, 7, 13, 3], [0, 0, 0, 2, 5, 19]]}, {"mse": 0.7697683699660632, "accuracy": 0.44516129032258067, "corr": 0.8591657514655631, "precision": [1.0, 0.2571428571428571, 0.2682926829268293, 0.47058823529411764, 0.5833333333333334, 0.9], "recall": [0.043478260869565216, 0.34615384615384615, 0.4583333333333333, 0.5333333333333333, 0.5384615384615384, 0.6923076923076923], "f1": [0.08333333333333333, 0.29508196721311475, 0.3384615384615385, 0.5, 0.56, 0.782608695652174], "support": [23, 26, 24, 30, 26, 26], "confusion_matrix": [[1, 16, 5, 1, 0, 0], [0, 9, 13, 4, 0, 0], [0, 9, 11, 4, 0, 0], [0, 1, 11, 16, 2, 0], [0, 0, 1, 9, 14, 2], [0, 0, 0, 0, 8, 18]]}], "params": {"ridge_alpha": 67.833}, "time_end": "2026-03-01T13:24:58.619292"}