{"model": "ridge_minilm", "type": "train", "seed": 42, "train_losses": [], "val_losses": [], "time_start": "2026-02-28T09:27:51.261924", "mse": 0.35892120441356756, "accuracy": 0.6205128205128205, "corr": 0.9394338914068063, "precision": [0.9705882352941176, 0.4725274725274725, 0.42574257425742573, 0.6433566433566433, 0.7456140350877193, 0.9714285714285714], "recall": [0.2920353982300885, 0.6142857142857143, 0.7350427350427351, 0.609271523178808, 0.6589147286821705, 0.7846153846153846], "f1": [0.4489795918367347, 0.5341614906832298, 0.5391849529780565, 0.6258503401360545, 0.6995884773662552, 0.8680851063829788], "support": [113, 140, 117, 151, 129, 130], "confusion_matrix": [[33, 76, 4, 0, 0, 0], [1, 86, 53, 0, 0, 0], [0, 18, 86, 13, 0, 0], [0, 2, 55, 92, 2, 0], [0, 0, 4, 37, 85, 3], [0, 0, 0, 1, 27, 102]], "predictions": [2.912467595670363, 1.1427316079906806, 1.2260833847064683, 2.5782440949819323, 0.5468915051099542, 2.3689772300088094, 1.7397657455635491, 1.212649586829702, 0.6731668687969776, 1.6330412337978646, 2.2178421571219564, 0.8236432138682989, 2.5598897003138013, 3.075415691894353, 0.3600203006049717, 2.489326785157557, 1.0947598373119, 1.991195414033679, 0.3809036715517582, 1.216641235720495, 2.032463896368774, 3.345902069203672, 1.0298148089711234, 3.6389871867273316, 0.7546658502324154, 0.6495914939883882, 2.7046921817812315, 1.9705606159574174, 1.3962240957966208, 0.47125262218556463, 3.0162148632105055, 0.9969462029228859, 1.3333917358626415, 1.9211221543351464, 1.5787838329169281, 2.851796519138978, 2.6779523892338037, 0.4350958555183212, 1.273720011574946, 2.4354290879184552, 1.26818701301926, 2.2073043331399425, 4.002268039936937, 1.7481695769689392, 0.8927800581376093, 0.9499619312988463, 3.9116397753952983, 1.780732299294954, 2.2079490842922485, 0.5050280646418163, 1.5935014367312963, 3.8905819824326136, 3.0179436932262265, 1.8116936880765164, 1.944831433536204, 0.6211340139876977, 1.3549510995541656, 0.26232704505365056, 1.427275993495865, 1.7573079635847688, 1.0500956099252443, -0.14844989286609644, 1.3812917205313702, 0.3551874750010753, 1.0861508021357076, 0.6380484580866832, 1.1023175232204114, 1.467620012917294, 1.0487644864770285, 1.0634694736901085, 3.6183144310875273, 0.8403911086976483, 0.273970513482678, 3.445781239719631, 2.408344586246846, 1.6726057397020688, 0.6284129885320039, 1.1016871344442214, 1.6169069230828494, 0.7537439395406614, 2.39081012010948, 0.8199141818999667, 0.9898235698313997, 3.28963760137545, 2.2924009120627127, 2.5909769143271584, 3.516241691679899, 2.54598208482325, 0.3614571661454269, 1.4877065631594146, 0.6942345211080464, 0.5122717623493063, 3.7731345388775086, 2.1997608620802263, 1.8522062121116392, 3.0612226935479434, 1.7948224941097615, 2.7861156292482554, 3.2992975701853995, 1.7837358328272916, 2.0790714638466126, 1.3551118930275121, 1.3129709434979435, 3.6237078383767845, 1.4039025462221235, 1.3766603898864247, 2.7652874204147633, 0.8073196556290466, 1.954917619011671, 1.377079067346162, 2.2829096270579043, 3.319907989421277, 3.4932308871934694, 3.041805478900498, 0.34981078652279307, 2.7887790610607768, 1.795360520921105, 0.3805664524655066, 2.285154047444474, 1.8754576318119498, 2.7158019143595853, 1.735845705025993, 1.8547751428590535, 2.5839650135375853, 0.5781325719870392, 2.178113569567363, 3.1984517603506357, 1.7071635758286274, 0.16303272000823088, 2.5967261973072873, 2.976406865275714, 3.0584620171112302, 2.2584072520270815, 0.36345364312033357, 0.9731039931169121, 1.7596712885017736, 2.3276140813287856, 2.077971986902033, 1.6460886977838656, 1.82811283484561, 1.307064023138269, 0.6354327123293471, 1.884161299746567, 3.5369321534305462, 3.7158209240078297, 2.163439422595512, 1.5031695330901576, 2.8150192780661136, 1.7809417577979592, 0.3200020498942565, 2.331181830541607, 2.3161999534947864, 3.3161065478217453, 0.39918277052532447, 2.3856423713463015, 1.2184072645293773, 1.7297044788054365, 2.677012320240591, 3.6991565554686012, 0.6567246803515625, 0.998601090671394, 1.8397470443590032, 1.828365443807402, 0.7604514346182847, 0.17935757811754693, 1.6218663634134423, 3.3497614799194264, 2.554253278723823, 1.766375063167773, 2.7552077394561905, 0.4207505735975198, 1.5836178561188705, 2.2760156546020776, 2.1574726274877007, 2.8012043867420577, 3.508418113105632, 2.5474018067438093, 2.2436072953833, 2.1221710126714335, 0.6080448010568333, 1.890710951094777, 0.5778255164856526, 0.8543026267113316, 3.371681581365647, 2.1270990919532746, 2.3941118644542567, 1.661662445184134, 2.2889667644816427, 2.778196024744587, 0.20513804783826695, 1.8262150289134826, 2.4163334661619222, 3.060284517513516, 1.568803167708633, 2.0652529985073924, 1.5121275253813935, 1.1787777152923677, 1.744396907364544, 1.265924842903215, 2.6081259436520483, 2.4040608480679233, 1.0316085854064474, 2.7915330209015, 2.9452885762538257, 3.2904119103767067, 2.424189108675376, 1.7244931596764528, 2.623770874125329, 1.4757498960662498, 1.0016778602422256, 2.5139322506302237, 0.25682786483708697, 0.7751737867205328, 1.5154489813524772, 1.2438859107703302, 3.434799311743323, 4.13305083005233, 1.928297708391134, 1.4762122132025588, 0.6901825113132928, 2.6450623615064237, 2.6029680314624812, 0.5963773172384118, 1.8109529700407205, 2.953256527285525, 2.526529191225256, 2.9198656820597373, 0.9359739678060859, 2.675560390957245, 2.7788237757018965, 2.432780444994054, 3.0402789669238373, 1.1009591499245615, 3.7485550433096524, 2.857748570660486, 3.5101694361436864, 3.4299626711451197, 0.49380809157633976, 0.7496112426280725, 1.2195340797017846, 2.955819948663109, 3.6586406883387257, 0.4730354340283719, 1.7292495333995999, 3.114019084865294, 3.7307932837232594, 1.5216467348123242, 3.8669747498031666, 2.8926579292685526, 0.801668848418664, 1.815882014260917, 1.4941839862619912, 2.276291732830561, 2.212478767064864, 1.4748222954248806, 2.9382352196473387, 1.6323346183530467, 4.206983951665587, 1.6523264276472123, 3.1513232184781357, 0.5197031882159184, 3.1000695988608458, 1.0672247424990322, 2.5896340901305486, 3.4654523573381093, 0.813813330192126, 1.7264006304402661, 1.4125729216221847, 2.533160321905579, 2.681022854377831, 1.8864398841909686, 0.24763361339553192, 2.580859293882657, 3.162229552272978, 1.7755172506147063, 3.7995687239153013, 0.35696228750663184, 2.363524370162711, 1.683820592557663, 2.0900295644095905, 1.776371874844414, 0.87259049331738, 0.859734904130312, 0.977601841163916, 3.207351435747649, 0.7654658286493049, 0.8189330455706914, 1.1918940877557875, 1.2379324581864526, 0.9449253437462023, 2.244197416233411, 2.8897584383466324, 3.0920873461383227, 1.8523021803399065, 2.5886457549489554, 1.2753708938814667, 1.9016733469230918, 3.129452613940658, 3.250287341603192, 2.5682398957940875, 2.8652902163852336, 1.6075708513320186, 2.068055976210811, 1.0576119822871803, 3.031057637896355, 3.8946333855138198, 3.936677041216842, 3.878805278560645, 3.9693108417502256, 3.637805156074248, 4.060284323565478, 3.6822055011621475, 4.093681322505182, 3.8272638785092465, 4.747619624790515, 3.8726645889398132, 4.0361561394978445, 4.133531931511384, 3.91979659845146, 4.127186792218658, 3.631377415961159, 4.1284721298082, 3.9658728873924276, 4.150785276698632, 3.618876278880366, 4.342855899386709, 3.0502594843993327, 4.248319406751202, 4.219274057430181, 4.15475116045711, 3.792352986711718, 4.59182087867145, 4.349898526601775, 4.980405079236317, 5.33313372520076, 4.927455856397408, 5.362295140916214, 4.729895353910317, 4.551037602596956, 4.361390657692443, 5.121953912200681, 4.591169021303653, 4.8246009812661015, 4.58969408830474, 5.084925091078016, 5.000431735885057, 4.695294677619671, 4.393146664367167, 4.684923799974532, 4.91319213775005, 5.340106779991567, 4.679408792708591, 4.711425861664605, 4.178955635155945, 4.167750522836799, 4.891695889332621, 5.534978400471937, 5.049657825062491, 4.878237971346685, 4.885821553869243, 4.551013520949082, 4.350972930421637, 4.709384000321694, 4.962974973508608, 4.482735166269338, 