{"model": "ridge_minilm_lg", "type": "val", "seed": 42, "train_losses": [], "val_losses": [], "time_start": "2026-02-28T09:54:55.534003", "folds": [{"mse": 0.8128560182658129, "accuracy": 0.4423076923076923, "corr": 0.8419061175210709, "precision": [0.5, 0.32142857142857145, 0.2857142857142857, 0.4166666666666667, 0.5909090909090909, 0.9], "recall": [0.13636363636363635, 0.32142857142857145, 0.6666666666666666, 0.3225806451612903, 0.52, 0.6923076923076923], "f1": [0.21428571428571427, 0.32142857142857145, 0.4, 0.36363636363636365, 0.5531914893617021, 0.782608695652174], "support": [22, 28, 24, 31, 25, 26], "confusion_matrix": [[3, 11, 8, 0, 0, 0], [2, 9, 15, 2, 0, 0], [1, 3, 16, 4, 0, 0], [0, 5, 15, 10, 1, 0], [0, 0, 2, 8, 13, 2], [0, 0, 0, 0, 8, 18]]}, {"mse": 0.9051934175072784, "accuracy": 0.3333333333333333, "corr": 0.8302512783975173, "precision": [0.3333333333333333, 0.34146341463414637, 0.16326530612244897, 0.2916666666666667, 0.35, 0.875], "recall": [0.08695652173913043, 0.5, 0.34782608695652173, 0.23333333333333334, 0.2692307692307692, 0.5384615384615384], "f1": [0.13793103448275862, 0.4057971014492754, 0.2222222222222222, 0.25925925925925924, 0.30434782608695654, 0.6666666666666666], "support": [23, 28, 23, 30, 26, 26], "confusion_matrix": [[2, 13, 8, 0, 0, 0], [3, 14, 10, 1, 0, 0], [1, 12, 8, 2, 0, 0], [0, 1, 20, 7, 2, 0], [0, 1, 3, 13, 7, 2], [0, 0, 0, 1, 11, 14]]}, {"mse": 1.0450792811175746, "accuracy": 0.47435897435897434, "corr": 0.7947558114199428, "precision": [0.5, 0.32432432432432434, 0.28888888888888886, 0.42857142857142855, 0.8125, 0.9523809523809523], "recall": [0.043478260869565216, 0.42857142857142855, 0.5652173913043478, 0.5, 0.5, 0.7692307692307693], "f1": [0.08, 0.36923076923076925, 0.38235294117647056, 0.46153846153846156, 0.6190476190476191, 0.851063829787234], "support": [23, 28, 23, 30, 26, 26], "confusion_matrix": [[1, 13, 6, 3, 0, 0], [1, 12, 13, 2, 0, 0], [0, 6, 13, 4, 0, 0], [0, 5, 10, 15, 0, 0], [0, 1, 3, 8, 13, 1], [0, 0, 0, 3, 3, 20]]}, {"mse": 1.024665127620129, "accuracy": 0.33974358974358976, "corr": 0.8121930065110237, "precision": [0.42857142857142855, 0.34146341463414637, 0.22916666666666666, 0.2857142857142857, 0.3333333333333333, 0.9090909090909091], "recall": [0.13043478260869565, 0.5, 0.4782608695652174, 0.26666666666666666, 0.2692307692307692, 0.38461538461538464], "f1": [0.2, 0.4057971014492754, 0.30985915492957744, 0.27586206896551724, 0.2978723404255319, 0.5405405405405406], "support": [23, 28, 23, 30, 26, 26], "confusion_matrix": [[3, 14, 5, 1, 0, 0], [2, 14, 11, 1, 0, 0], [2, 8, 11, 2, 0, 0], [0, 5, 16, 8, 1, 0], [0, 0, 5, 13, 7, 1], [0, 0, 0, 3, 13, 10]]}, {"mse": 0.9135875106617365, "accuracy": 0.3974358974358974, "corr": 0.8286029494229538, "precision": [0.5, 0.45454545454545453, 0.2807017543859649, 0.3076923076923077, 0.4642857142857143, 1.0], "recall": [0.09090909090909091, 0.5357142857142857, 0.6666666666666666, 0.26666666666666666, 0.5, 0.3076923076923077], "f1": [0.15384615384615385, 0.4918032786885246, 0.3950617283950617, 0.2857142857142857, 0.48148148148148145, 0.47058823529411764], "support": [22, 28, 24, 30, 26, 26], "confusion_matrix": [[2, 9, 10, 1, 0, 0], [1, 15, 9, 3, 0, 0], [1, 6, 16, 1, 0, 0], [0, 2, 20, 8, 0, 0], [0, 1, 2, 10, 13, 0], [0, 0, 0, 3, 15, 8]]}], "params": {"ridge_alpha": 3188.7925, "small_dataset_weight_multiplier": 200.0}, "time_end": "2026-02-28T09:57:02.518766"}