{
  "model": "ridge_mbert_lg",
  "params": {
    "ridge_alpha": 64.4018,
    "small_dataset_weight_multiplier": 200.0
  },
  "type": "test",
  "seed": 42,
  "mse": 0.9602656364440918,
  "accuracy": 0.41603053435114506,
  "precision": [
    0.4,
    0.21428571428571427,
    0.23076923076923078,
    0.3617021276595745,
    0.6785714285714286,
    0.9736842105263158
  ],
  "recall": [
    0.12244897959183673,
    0.42857142857142855,
    0.4,
    0.3269230769230769,
    0.4318181818181818,
    0.8409090909090909
  ],
  "f1": [
    0.1875,
    0.2857142857142857,
    0.2926829268292683,
    0.3434343434343434,
    0.5277777777777778,
    0.9024390243902439
  ],
  "support": [
    49,
    28,
    45,
    52,
    44,
    44
  ],
  "confusion_matrix": [
    [
      6,
      22,
      19,
      2,
      0,
      0
    ],
    [
      5,
      12,
      10,
      1,
      0,
      0
    ],
    [
      4,
      16,
      18,
      7,
      0,
      0
    ],
    [
      0,
      6,
      27,
      17,
      2,
      0
    ],
    [
      0,
      0,
      4,
      20,
      19,
      1
    ],
    [
      0,
      0,
      0,
      0,
      7,
      37
    ]
  ]
}