{"model": "ridge_minilm_lg", "type": "test", "seed": 42, "time_start": "2026-03-01T13:33:41.611312", "mse": 1.0601706896768937, "accuracy": 0.35398230088495575, "corr": 0.6518677956308772, "precision": [0.75, 0.24242424242424243, 0.31313131313131315, 0.5, 0.5555555555555556, 0.0], "recall": [0.11764705882352941, 0.48484848484848486, 0.6078431372549019, 0.3384615384615385, 0.20833333333333334, 0.0], "f1": [0.2033898305084746, 0.32323232323232326, 0.41333333333333333, 0.4036697247706422, 0.30303030303030304, 0.0], "support": [51, 33, 51, 65, 24, 2], "confusion_matrix": [[6, 29, 15, 1, 0, 0], [2, 16, 14, 1, 0, 0], [0, 14, 31, 6, 0, 0], [0, 7, 32, 22, 4, 0], [0, 0, 6, 13, 5, 0], [0, 0, 1, 1, 0, 0]], "predictions": [0.9582973122596741, 1.460777759552002, 2.386171340942383, 1.3150529861450195, 1.2488174438476562, 1.4641722440719604, 3.254490852355957, 2.0098578929901123, 1.1085419654846191, 3.406602382659912, 2.9135358333587646, 2.1849002838134766, 2.83683443069458, 2.116878032684326, 1.3399252891540527, 1.4892600774765015, 3.4497902393341064, 1.4184582233428955, 1.4356330633163452, 3.339783191680908, 3.5880191326141357, 0.36170047521591187, 2.5878753662109375, 1.6736364364624023, 1.085215449333191, 2.359261989593506, 1.8521339893341064, 1.635561466217041, 2.5277652740478516, 2.2407803535461426, 3.4875094890594482, 1.0632362365722656, 1.9414478540420532, 1.1106476783752441, 2.3641414642333984, 1.998075246810913, 1.623521089553833, 2.801050901412964, 2.734557867050171, 1.2792539596557617, 1.6146128177642822, 1.7227987051010132, 0.8532243371009827, 1.6314970254898071, 2.806997537612915, 3.5097620487213135, 0.8480979204177856, 2.638197660446167, 2.1326396465301514, 0.8258326053619385, 2.4297289848327637, 1.834533929824829, 3.2259483337402344, 1.5047612190246582, 2.368701457977295, 1.179680585861206, 2.5589046478271484, 2.407130479812622, 3.5710768699645996, 1.6897259950637817, 2.0579147338867188, 2.5616843700408936, 2.03454852104187, 2.2365410327911377, 0.7517680525779724, 2.1689748764038086, 1.549354910850525, 0.8957481384277344, 0.8319839835166931, 2.052879810333252, 1.7227389812469482, 2.3694937229156494, 1.3523540496826172, 1.1247718334197998, 1.0682361125946045, 1.7081880569458008, 1.6932836771011353, 1.597565770149231, 1.061323881149292, 0.7548772692680359, 2.0825555324554443, 1.6707842350006104, 2.1171860694885254, 2.8458709716796875, 0.8903871774673462, 1.8285937309265137, 0.34926947951316833, 2.664468765258789, 1.8895349502563477, 1.4752849340438843, 2.5523574352264404, 2.0633554458618164, 2.9478719234466553, 0.9745148420333862, 1.645790696144104, 0.5522011518478394, 1.450301170349121, 1.564430832862854, 1.3799585103988647, 2.196347236633301, 2.196438789367676, 0.3908501863479614, 1.743089199066162, 1.695011019706726, 0.65814208984375, 1.4884865283966064, 1.7367931604385376, 0.39735451340675354, 2.976924419403076, 2.331793785095215, 2.30645489692688, 2.123218059539795, 2.24509334564209, 2.5191657543182373, 1.4088304042816162, 1.4287890195846558, 3.5621392726898193, 2.9318103790283203, 2.7326126098632812, 2.591322183609009, 3.864492416381836, 1.5806729793548584, 0.8381163477897644, 1.4699952602386475, 3.9672999382019043, 2.733267307281494, 2.091221332550049, 0.4811902642250061, 1.9848603010177612, 1.280410885810852, 2.438896417617798, 3.670480489730835, 1.4428541660308838, 1.7290481328964233, 3.070864200592041, 3.2966222763061523, 2.036886692047119, 2.1541852951049805, 1.054391622543335, 1.6383411884307861, 0.851233959197998, 1.0457146167755127, 2.1011264324188232, 1.4030241966247559, 1.9552229642868042, 2.620004892349243, 2.7484869956970215, 0.6884336471557617, 3.240063190460205, 1.1997935771942139, 3.223947525024414, 0.6556929349899292, 1.4233814477920532, 0.9308221340179443, 0.49302390217781067, 2.4396371841430664, 1.6675808429718018, 0.8622817993164062, 1.867177128791809, 2.6605868339538574, 2.460559368133545, 2.93058705329895, 3.4795188903808594, 1.395965814590454, 2.6052165031433105, 1.5649330615997314, 1.6728261709213257, 1.710846185684204, 2.4792861938476562, 2.1934661865234375, 1.8056660890579224, 1.6865936517715454, 1.7672842741012573, 1.8411225080490112, 1.5184181928634644, 2.4044318199157715, 1.5663985013961792, 0.15842239558696747, 1.4313281774520874, 3.0738255977630615, 1.4571778774261475, 1.861264705657959, 0.6769590973854065, 2.1060266494750977, 3.500638961791992, 2.4499948024749756, 1.5552966594696045, 1.1979230642318726, 3.757457733154297, 1.5420827865600586, 1.5729119777679443, 0.6916484832763672, 1.9811608791351318, 2.0699055194854736, 1.5954426527023315, 1.9517009258270264, 2.5198612213134766, 1.0784282684326172, 3.223498821258545, 1.1037185192108154, 1.5176135301589966, 2.3021254539489746, 1.4007513523101807, 1.557471752166748, 0.9166046977043152, 1.2137396335601807, 2.477958917617798, 2.8778135776519775, 3.328130006790161, 1.6621181964874268, 1.4866015911102295, 1.7013754844665527, 1.143231987953186, 2.3552298545837402, 2.0018811225891113, 1.0993725061416626, 2.7206249237060547, 1.9795398712158203, -0.0981435626745224, 2.198758840560913, 1.43491792678833, 3.1164488792419434, 1.3272968530654907, 3.4365596771240234, 1.6052120923995972, 2.2652859687805176], "params": {"ridge_alpha": 3188.7925, "small_dataset_weight_multiplier": 200.0}, "time_end": "2026-03-01T13:33:41.823665"}