{
  "model": "ridge_minilm_lg",
  "params": {
    "ridge_alpha": 67.833,
    "small_dataset_weight_multiplier": 200.0
  },
  "type": "test",
  "seed": 42,
  "mse": 0.9596776962280273,
  "accuracy": 0.4389312977099237,
  "precision": [
    0.5294117647058824,
    0.2676056338028169,
    0.2727272727272727,
    0.34146341463414637,
    0.6451612903225806,
    0.9722222222222222
  ],
  "recall": [
    0.1836734693877551,
    0.6785714285714286,
    0.4,
    0.2692307692307692,
    0.45454545454545453,
    0.7954545454545454
  ],
  "f1": [
    0.2727272727272727,
    0.3838383838383838,
    0.32432432432432434,
    0.3010752688172043,
    0.5333333333333333,
    0.875
  ],
  "support": [
    49,
    28,
    45,
    52,
    44,
    44
  ],
  "confusion_matrix": [
    [
      9,
      24,
      13,
      3,
      0,
      0
    ],
    [
      3,
      19,
      5,
      1,
      0,
      0
    ],
    [
      4,
      19,
      18,
      4,
      0,
      0
    ],
    [
      1,
      9,
      26,
      14,
      2,
      0
    ],
    [
      0,
      0,
      4,
      19,
      20,
      1
    ],
    [
      0,
      0,
      0,
      0,
      9,
      35
    ]
  ]
}