{
  "model": "ridge_mbert_lg",
  "params": {
    "ridge_alpha": 64.4018,
    "small_dataset_weight_multiplier": 200.0
  },
  "type": "val",
  "seed": 42,
  "folds": [
    {
      "mse": 0.9442123426452138,
      "accuracy": 0.43661148977604675,
      "precision": [
        0.5466666666666666,
        0.2132516339869281,
        0.22902909447531875,
        0.39781081663434603,
        0.7928571428571429,
        0.9651515151515152
      ],
      "recall": [
        0.18857142857142856,
        0.43611111111111106,
        0.3846153846153846,
        0.36833333333333335,
        0.4461538461538462,
        0.8461538461538461
      ],
      "f1": [
        0.27968253968253964,
        0.28531485905398946,
        0.28648112398112396,
        0.3810706340378198,
        0.5597894736842106,
        0.9013333333333333
      ],
      "support": [
        73,
        42,
        68,
        79,
        65,
        65
      ]
    }
  ]
}