{
  "model": "ridge_minilm",
  "params": {
    "ridge_alpha": 67.833
  },
  "type": "test",
  "seed": 42,
  "mse": 0.8920480012893677,
  "accuracy": 0.4389312977099237,
  "precision": [
    0.6666666666666666,
    0.20754716981132076,
    0.2894736842105263,
    0.39622641509433965,
    0.6571428571428571,
    0.8717948717948718
  ],
  "recall": [
    0.08163265306122448,
    0.39285714285714285,
    0.4888888888888889,
    0.40384615384615385,
    0.5227272727272727,
    0.7727272727272727
  ],
  "f1": [
    0.14545454545454545,
    0.2716049382716049,
    0.36363636363636365,
    0.4,
    0.5822784810126582,
    0.8192771084337349
  ],
  "support": [
    49,
    28,
    45,
    52,
    44,
    44
  ],
  "confusion_matrix": [
    [
      4,
      28,
      12,
      5,
      0,
      0
    ],
    [
      0,
      11,
      14,
      3,
      0,
      0
    ],
    [
      2,
      12,
      22,
      9,
      0,
      0
    ],
    [
      0,
      2,
      26,
      21,
      3,
      0
    ],
    [
      0,
      0,
      2,
      14,
      23,
      5
    ],
    [
      0,
      0,
      0,
      1,
      9,
      34
    ]
  ]
}