{"model": "ridge_minilm", "type": "test", "seed": 42, "time_start": "2026-03-01T09:57:47.498813", "mse": 1.0096654891967773, "accuracy": 0.34172661870503596, "corr": 0.7406948064013535, "precision": [1.0, 0.275, 0.28125, 0.3188405797101449, 0.6666666666666666, 0.0], "recall": [0.10909090909090909, 0.5365853658536586, 0.5, 0.3384615384615385, 0.32727272727272727, 0.0], "f1": [0.19672131147540983, 0.36363636363636365, 0.36, 0.3283582089552239, 0.43902439024390244, 0.0], "support": [55, 41, 54, 65, 55, 8], "confusion_matrix": [[6, 30, 16, 3, 0, 0], [0, 22, 18, 1, 0, 0], [0, 18, 27, 9, 0, 0], [0, 10, 31, 22, 2, 0], [0, 0, 4, 33, 18, 0], [0, 0, 0, 1, 7, 0]], "predictions": [1.8334336280822754, 1.2729763984680176, 3.1280951499938965, 1.6480176448822021, 2.28757905960083, 0.9113938808441162, 1.063738465309143, 0.5533143281936646, 1.2339552640914917, 2.027477264404297, 1.8723883628845215, 0.44583553075790405, 3.3324742317199707, 2.844697952270508, 1.442124605178833, 1.8132725954055786, 1.0884580612182617, 1.866108775138855, 1.7808058261871338, 2.270897150039673, 0.7580170035362244, 1.1762689352035522, 0.8024364709854126, 1.8211359977722168, 2.3020617961883545, 1.9943358898162842, 3.3834524154663086, 1.5281312465667725, 1.0265049934387207, 2.4055545330047607, 0.35759231448173523, 1.7911869287490845, 1.6130269765853882, 2.1135880947113037, 1.6157749891281128, 1.6177027225494385, 1.23345148563385, 1.4563547372817993, 3.1621932983398438, 1.7085624933242798, 1.8381022214889526, 0.7191860675811768, 4.017488479614258, 2.623910903930664, 3.0223309993743896, 2.0057780742645264, 1.5950056314468384, 3.1034326553344727, 3.0917818546295166, 2.4069089889526367, 1.910595178604126, 1.4682483673095703, 3.3019979000091553, 1.7848198413848877, 2.8584063053131104, 2.829868793487549, 1.3394855260849, 1.140525460243225, 2.367047071456909, 2.1315534114837646, 3.379293203353882, 3.2120094299316406, 3.4234752655029297, 2.1266872882843018, 0.7309718132019043, 1.6962072849273682, 1.8232191801071167, 1.5398114919662476, 2.380460500717163, 2.345691442489624, 0.8897174596786499, 2.014827013015747, 0.44701051712036133, 1.3333678245544434, 0.5958848595619202, 3.002725839614868, 1.0903236865997314, 1.9718854427337646, 1.5089894533157349, 1.3078354597091675, 1.0043165683746338, 3.0608203411102295, 1.7869747877120972, 1.0530163049697876, 1.5070312023162842, 1.5980936288833618, 1.2082587480545044, 1.287873387336731, 1.9864431619644165, 2.310676097869873, 1.5356274843215942, 3.5406248569488525, 1.1860613822937012, 3.321275234222412, 0.5462665557861328, 3.4392993450164795, 3.0820817947387695, 2.5556461811065674, 1.7939648628234863, 2.0968754291534424, 2.2449159622192383, 4.043695449829102, 1.2282086610794067, 1.5206059217453003, 1.01702880859375, 1.8224483728408813, 1.1638784408569336, 0.38348135352134705, 0.9934757947921753, 1.1541495323181152, 2.902700662612915, 0.7630820870399475, 1.9036140441894531, 1.4131238460540771, 1.8147058486938477, 3.0315418243408203, 0.5003721714019775, 1.3080577850341797, 2.547461748123169, 0.35033270716667175, 1.7251646518707275, 2.7541275024414062, 1.2607274055480957, 2.9998013973236084, 2.1598687171936035, 2.450731039047241, 2.4375267028808594, 1.0154906511306763, 1.6345845460891724, 3.0348379611968994, 2.796893835067749, 0.8672680854797363, 2.1524503231048584, 2.8748350143432617, 1.0234081745147705, 1.4815316200256348, 3.1189770698547363, 1.3370007276535034, 2.588655948638916, 3.1507058143615723, 1.8202911615371704, 4.13639497756958, 1.7278668880462646, 2.7650866508483887, 1.6217151880264282, 2.0336475372314453, 2.0618035793304443, 1.708324670791626, 1.5741032361984253, 1.4377315044403076, 1.1779927015304565, 2.2754063606262207, 1.2624235153198242, 4.177065372467041, 0.8463300466537476, 1.4766216278076172, 2.5967750549316406, 1.9387447834014893, 2.637221336364746, 3.7250328063964844, 3.226545810699463, 1.2939140796661377, 2.732593059539795, 0.9554965496063232, 2.765561103820801, 2.5627126693725586, 2.438239574432373, 1.8392781019210815, 1.3212008476257324, 1.7385271787643433, 3.3695566654205322, 1.077441930770874, 1.402947187423706, 2.477034568786621, 1.7581473588943481, 1.4241836071014404, 3.8409883975982666, 1.732077956199646, 2.734079122543335, 2.461538314819336, 1.4561820030212402, 2.263472318649292, 1.0237667560577393, 1.021501064300537, 0.6699737906455994, 3.147754192352295, 2.2713217735290527, 3.259913921356201, 1.7433924674987793, 2.135587692260742, 1.4515023231506348, 0.9924402236938477, 2.6797890663146973, 3.429427146911621, 2.719087839126587, 1.9004002809524536, 1.6941287517547607, 2.2797508239746094, 1.4159270524978638, 1.6825807094573975, 2.2470529079437256, 2.1059815883636475, 2.71834397315979, 1.6294586658477783, 1.6581512689590454, 3.0588302612304688, 1.3485510349273682, 0.794883131980896, 1.5070298910140991, 1.548221230506897, 2.3667283058166504, 1.3549606800079346, 2.1761064529418945, 2.135354518890381, 1.4960778951644897, 1.3789234161376953, 1.2185379266738892, 1.2980215549468994, 1.3522343635559082, 1.9288458824157715, 0.41940417885780334, 3.7406580448150635, 2.609189510345459, 1.0775271654129028, 2.874851703643799, 2.139315605163574, 1.6230735778808594, 2.943951368331909, 2.127333641052246, 2.1368913650512695, 1.114991307258606, 1.4323346614837646, 2.982847213745117, 1.4917947053909302, 1.3528509140014648, 0.9931367635726929, 1.0608642101287842, 1.7374202013015747, 0.744209885597229, 0.9930302500724792, 1.2803566455841064, 3.3052306175231934, 3.198118209838867, 3.4624905586242676, 3.9713521003723145, 3.4925520420074463, 3.928774833679199, 3.888462543487549, 2.373183250427246, 3.8837203979492188, 3.1569647789001465, 3.7873735427856445, 3.1410837173461914, 2.99890398979187, 3.9965076446533203, 3.7121355533599854, 2.7798705101013184, 2.86875319480896, 4.092475891113281, 3.1555752754211426, 3.138382911682129, 3.9975078105926514, 3.8584303855895996, 2.582664966583252, 3.461425542831421, 3.722393035888672, 3.014270782470703, 2.960101842880249, 3.8536672592163086, 3.112520694732666, 3.7266290187835693, 3.82731556892395, 3.859778881072998, 3.645904541015625, 4.17688512802124, 4.0572381019592285, 4.069845676422119, 3.351426601409912], "params": {"ridge_alpha": 67.833}, "time_end": "2026-03-01T09:57:47.605511"}