{"model": "svm_minilm", "type": "val", "seed": 42, "train_losses": [], "val_losses": [], "time_start": "2026-03-01T13:25:17.229729", "folds": [{"mse": 0.7214848727580488, "accuracy": 0.46153846153846156, "corr": 0.8633441070952077, "precision": [0.3333333333333333, 0.3111111111111111, 0.2972972972972973, 0.42857142857142855, 0.6923076923076923, 0.9565217391304348], "recall": [0.041666666666666664, 0.56, 0.4583333333333333, 0.4838709677419355, 0.34615384615384615, 0.8461538461538461], "f1": [0.07407407407407407, 0.4, 0.36065573770491804, 0.45454545454545453, 0.46153846153846156, 0.8979591836734694], "support": [24, 25, 24, 31, 26, 26], "confusion_matrix": [[1, 18, 5, 0, 0, 0], [2, 14, 7, 2, 0, 0], [0, 10, 11, 3, 0, 0], [0, 3, 13, 15, 0, 0], [0, 0, 1, 15, 9, 1], [0, 0, 0, 0, 4, 22]]}, {"mse": 0.7265333252878144, "accuracy": 0.432258064516129, "corr": 0.8649592814420655, "precision": [1.0, 0.32432432432432434, 0.28846153846153844, 0.43333333333333335, 0.5263157894736842, 1.0], "recall": [0.041666666666666664, 0.46153846153846156, 0.625, 0.43333333333333335, 0.38461538461538464, 0.64], "f1": [0.08, 0.38095238095238093, 0.39473684210526316, 0.43333333333333335, 0.4444444444444444, 0.7804878048780488], "support": [24, 26, 24, 30, 26, 25], "confusion_matrix": [[1, 15, 8, 0, 0, 0], [0, 12, 14, 0, 0, 0], [0, 5, 15, 4, 0, 0], [0, 5, 12, 13, 0, 0], [0, 0, 3, 13, 10, 0], [0, 0, 0, 0, 9, 16]]}, {"mse": 0.8528304428789414, "accuracy": 0.44516129032258067, "corr": 0.8371497906075451, "precision": [1.0, 0.3333333333333333, 0.21621621621621623, 0.3225806451612903, 0.55, 0.9545454545454546], "recall": [0.25, 0.5, 0.3333333333333333, 0.3333333333333333, 0.44, 0.8076923076923077], "f1": [0.4, 0.4, 0.26229508196721313, 0.32786885245901637, 0.4888888888888889, 0.875], "support": [24, 26, 24, 30, 25, 26], "confusion_matrix": [[6, 12, 4, 2, 0, 0], [0, 13, 10, 3, 0, 0], [0, 11, 8, 5, 0, 0], [0, 3, 13, 10, 4, 0], [0, 0, 2, 11, 11, 1], [0, 0, 0, 0, 5, 21]]}, {"mse": 0.6993908237789067, "accuracy": 0.49032258064516127, "corr": 0.8703328580003028, "precision": [0.5714285714285714, 0.3023255813953488, 0.325, 0.52, 0.7058823529411765, 0.9130434782608695], "recall": [0.17391304347826086, 0.5, 0.5416666666666666, 0.43333333333333335, 0.46153846153846156, 0.8076923076923077], "f1": [0.26666666666666666, 0.37681159420289856, 0.40625, 0.4727272727272727, 0.5581395348837209, 0.8571428571428571], "support": [23, 26, 24, 30, 26, 26], "confusion_matrix": [[4, 18, 1, 0, 0, 0], [3, 13, 9, 1, 0, 0], [0, 8, 13, 3, 0, 0], [0, 4, 12, 13, 1, 0], [0, 0, 5, 7, 12, 2], [0, 0, 0, 1, 4, 21]]}, {"mse": 0.7745526585268778, "accuracy": 0.47096774193548385, "corr": 0.8548067901944286, "precision": [0.5, 0.24324324324324326, 0.3055555555555556, 0.5526315789473685, 0.5833333333333334, 1.0], "recall": [0.08695652173913043, 0.34615384615384615, 0.4583333333333333, 0.7, 0.5384615384615384, 0.6153846153846154], "f1": [0.14814814814814814, 0.2857142857142857, 0.36666666666666664, 0.6176470588235294, 0.56, 0.7619047619047619], "support": [23, 26, 24, 30, 26, 26], "confusion_matrix": [[2, 15, 5, 1, 0, 0], [1, 9, 14, 2, 0, 0], [1, 9, 11, 3, 0, 0], [0, 4, 5, 21, 0, 0], [0, 0, 1, 11, 14, 0], [0, 0, 0, 0, 10, 16]]}], "params": {"svr_c": 2.5276, "svr_epsilon": 0.0018}, "time_end": "2026-03-01T13:25:23.274844"}