{"model": "svm_minilm", "type": "train", "seed": 42, "train_losses": [], "val_losses": [], "time_start": "2026-03-01T13:25:08.299516", "mse": 0.08831724913729341, "accuracy": 0.9097938144329897, "corr": 0.9845119321462046, "precision": [1.0, 0.8461538461538461, 0.7682119205298014, 0.9398496240601504, 0.9603174603174603, 1.0], "recall": [0.8305084745762712, 0.937984496124031, 0.9666666666666667, 0.8278145695364238, 0.937984496124031, 0.9689922480620154], "f1": [0.9074074074074074, 0.8897058823529411, 0.8560885608856088, 0.8802816901408451, 0.9490196078431372, 0.984251968503937], "support": [118, 129, 120, 151, 129, 129], "confusion_matrix": [[98, 18, 2, 0, 0, 0], [0, 121, 8, 0, 0, 0], [0, 4, 116, 0, 0, 0], [0, 0, 25, 125, 1, 0], [0, 0, 0, 8, 121, 0], [0, 0, 0, 0, 4, 125]], "predictions": [2.9984163512119832, 1.0019109796947483, 0.0016322460371021585, 3.998269069114124, 1.1986029150440012, 3.99823690846901, 2.001532452606411, 2.5607205952515, 2.998204104392639, 2.9984062516291967, 1.998425302249146, 3.997860197143633, 3.0018362978284876, 3.001974511110627, 1.6512967062794144, 0.3697932888448571, 2.001936519628572, 2.998102548725316, 2.9982134308714987, 2.4129179453951766, 1.0014383072176607, 0.998527202906804, 0.09756914299577352, 1.9983299266896715, 0.9986308159519943, 2.9984107018102413, 0.0019768775911185865, 2.9983371404648, 1.0018884640143653, 2.440673853117177, 1.9981767176987624, 2.002024442042068, 1.001773072047144, 2.9979079773650006, 1.0017969839656249, 1.9982497419703706, 0.001658841027073421, 0.0017696341172800945, -0.001628626251000631, 1.6206521907595084, 3.997875856279774, 2.2289671252541665, 1.0017022963018616, 1.9980871642579765, 0.596788354983129, 2.0018529069833715, 2.882452389215891, 4.0019871395899935, 0.0014283485868930579, 0.08647730298822803, 1.001852549876614, 0.001712266118787109, 2.5235573715772177, 1.2318911198785365, 2.9979152545380825, 3.998574140832851, 2.002191976129798, 2.0019745314207396, 2.9979769929277134, 4.001781213853787, 2.998431498637589, 0.0016478882332607303, 3.0019673924542443, 0.001759394769918765, 2.967287325210007, 2.2211020731059716, 2.0020572347777716, 1.001960134981334, 1.9981415511325502, 2.9981011261001784, 1.9982734104290172, 0.0019747822091863987, 0.4287792487560858, 2.998585890146026, 0.0015382231160588344, 0.0018909887321137409, 0.002011949254360379, 1.998107759960443, 3.9981810710346632, 3.9981674118731565, 1.9981353085586295, 1.9982382076553733, 2.775170703271423, 2.002113429245458, 3.9985237257738704, 1.0016255134907426, 0.0019139601770531978, 2.9982470354820867, 3.0016175458704435, 0.00209748697359452, 1.9984347225288053, 2.9986084099225305, 3.6222142254061187, 1.9984715016347483, 3.8427174692929382, 1.9978933913690775, 1.0021367111612705, 0.20372254628351355, 2.99846603939155, 1.0020583597614088, 1.9404903370632671, 1.0021186729291376, 1.0020209439767969, 0.0020538395734490122, 1.9979192708240943, 0.4456644897130761, 3.0019151808003857, 0.13153196622698665, 0.39162002008135727, 2.144147643176055, 0.663874471831633, 4.994060128186164, 1.3261810140135364, 0.00204641582966264, 0.0018907023964694347, 2.001558609052885, 0.001909762210762389, 2.998193883023907, 2.98885118033935, 0.23988579404209825, 0.0021514279086679022, 4.713075279338884, 0.002061694805553127, 1.4158296721564871, 1.8082636637709775, 2.00219060543479, 2.9982514093888546, 0.002164845921816261, 1.998032596141488, 1.9979913304981654, 1.0629445293001802, 2.0014457109039516, 3.9984691991466517, 1.998006269891007, 0.0018027990252311166, 2.4569229804223576, 1.9979152842467938, 0.7776695517276455, 0.001905965467554449, 1.0017938701364737, 2.33527436168135, 3.9985190734707374, 1.9980260451001157, 1.0014133566823487, 0.0017280840733264191, 2.1769206546773283, 0.001712700618823948, 2.5824966574231505, 1.6091168872573343, 2.997978333788848, 2.997732820036589, 2.998267516997752, 3.2907910411455514, 4.0019349626241, 0.3594460069723125, 0.0019030976496861585, 0.9980083982201591, 3.9443431517739764, 1.5295327233014921, 0.001895523720733816, 1.9981247477052577, 3.997797476741872, 2.0432053044280263, 1.001532027548919, 2.9981947676273757, 3.0017628174120135, 2.7129714292182983, 2.9983894246618483, 1.9979062844856914, 0.9982807730587131, 2.001960549525016, 2.009453986350071, 3.0020100232774443, 2.998247634446606, 2.0014181138641502, 0.0019701206616396516, 1.1250602688639846, 1.9980555852849404, 1.8130298743091429, 3.9981356455747044, 3.998136429567723, 2.9982726729487883, 2.9981578622720324, 0.001872764377920555, 2.998352118234776, 1.9980792815354427, 2.002253727183231, 1.7189310124664692, 2.6625052009727996, 3.001458324547801, 4.453964107102585, 2.997960463641438, 1.9982357438908565, 1.0019239735939922, 1.9978743780029333, 2.998075853661455, 3.9981318775631536, 4.001649339273733, 2.9985207353436016, 1.997866806753688, 1.0901591473957761, 1.002007185208362, 1.782269995848592, 2.001720449472732, 2.998296240552957, 0.18227193362206479, 1.4168541925629652, 1.997889181036586, 2.0015938001512636, 0.6568609450135494, 3.0018704123609226, 2.001833543134721, 3.002201191721109, 3.9980176728649246, 1.9981845090003147, 1.9789450505223862, 1.0017650970245138, 2.0020922926983666, 1.9981413294504577, 1.002160058318775, 2.9980417726975466, 1.5856014059491783, 0.14970761962939388, 1.1675731611702556, 2.998169283966811, 2.9982355320306873, 2.9021585496236786, 1.8472065230194445, 1.9979097798260426, 3.158860216759307, 1.2893528167862707, 3.001535716907664, 1.5278957752850122, 3.9986561745517086, 1.9983401606169795, 2.9982224886266806, 1.9980918445824287, 2.9977400077138388, 2.4150333236977666, 3.9985579026245923, 1.9982171147154322, 2.0017157517557806, 2.8755588217777777, 2.9978873085143425, 2.9983281506940815, 1.4684221589159776, 2.01405196152802, 0.9981591255788393, 0.15748995666489335, 0.001910800667479562, 0.0017839073559283158, 3.9979611079888002, 1.0018194363306, 1.0017295988894757, 0.0017845274327918381, 3.0016763243988946, 0.8859198872339309, 2.9986099120767102, 2.61426370273325, 1.997886471229593, 2.454788294782239, 0.997990296734256, 1.9978168838226553, 1.9218573237764311, 2.3795798214209665, 1.002159300961172, 1.9981791580407355, 2.9977065979894597, 2.0015556054317716, 0.4650268019410548, 1.997959212047037, 1.0098172631587659, 0.0019368477864795675, 2.998080258625322, 2.5760704109174717, 3.282850047447212, 1.9118891872469355, 2.465541817776814, 1.9982839909390089, 1.9983651779682865, 2.9980242497100758, 2.9985700799527266, 0.0016700803296895161, 1.0020057282829362, 0.9978522304786044, 2.998350096944433, 1.0016793037250873, 3.998201149087774, 1.9982466122303641, 0.002036476152892097, 1.0017670785527115, 1.0015746848762734, 1.9979948943803714, 1.0021602787524657, 1.9980268663435354, 0.0021661141700854425, 1.001611447531749, 0.7025908917287782, 2.998039400106941, 2.997958215397736, 1.0068100011837426, 2.4923574729017, 0.0018224030986882522, 1.9979508226661702, 2.9980301015214583, 2.001788817010282, 2.998183231956995, 2.205283736406666, 3.0871514623317218, 1.001937034779772, 2.420113929794729, 1.9981403043730142, 0.9980591808768491, 0.8836848534409174, 0.001555289126059567, 0.007384989800256869, 1.0018030251844383, 3.998096846652239, 3.311922287157189, 1.9985981845007608, 2.8844724040936156, 2.0016111625975093, 0.0016553454150774471, 3.00146780923102, 0.0017129133049478829, 0.40279523628648334, 2.001798343954092, 4.0021373291776685, 1.0014387169550691, 1.998178359229968, 1.0018773667090497, 3.7673617355384494, 2.5098814153247373, 2.7740948597301904, 0.0018490682805326064, 1.008221674395598, 0.0016613078212300292, 1.998053672619213, 2.9985400197385004, 1.066066959215489, 1.997798166282057, 3.9982399591502915, 2.997942120570596, 1.9978621525777225, 3.001869002897476, 2.997826605295213, 2.9981974552151, 0.0015505733659086363, 0.0020016837071953897, 0.37884277339478684, 0.002214447158562949, 4.998262109797973, 1.9979881397013965, 2.559018781896956, 3.001758814583655, 2.997793100911483, 2.0020668458548343, 2.384651949160185, 0.9977861774652996, 