{
  "model": "svm_minilm",
  "params": {
    "svr_c": 2.5276,
    "svr_epsilon": 0.0018
  },
  "type": "train",
  "seed": 42,
  "mse": 0.06136445117878467,
  "accuracy": 0.9260204081632653,
  "precision": [
    1.0,
    0.711864406779661,
    0.8933333333333333,
    0.9594594594594594,
    0.984375,
    1.0
  ],
  "recall": [
    0.7671232876712328,
    1.0,
    0.9852941176470589,
    0.8987341772151899,
    0.9692307692307692,
    0.9846153846153847
  ],
  "f1": [
    0.8682170542635659,
    0.8316831683168316,
    0.9370629370629371,
    0.9281045751633987,
    0.9767441860465116,
    0.9922480620155039
  ],
  "support": [
    73,
    42,
    68,
    79,
    65,
    65
  ],
  "confusion_matrix": [
    [
      56,
      17,
      0,
      0,
      0,
      0
    ],
    [
      0,
      42,
      0,
      0,
      0,
      0
    ],
    [
      0,
      0,
      67,
      1,
      0,
      0
    ],
    [
      0,
      0,
      8,
      71,
      0,
      0
    ],
    [
      0,
      0,
      0,
      2,
      63,
      0
    ],
    [
      0,
      0,
      0,
      0,
      1,
      64
    ]
  ]
}