{
  "model": "svm_minilm",
  "params": {
    "svr_c": 2.5276,
    "svr_epsilon": 0.0018
  },
  "type": "test",
  "seed": 42,
  "mse": 0.9198955297470093,
  "accuracy": 0.44274809160305345,
  "precision": [
    0.6666666666666666,
    0.24074074074074073,
    0.2926829268292683,
    0.38596491228070173,
    0.625,
    0.9743589743589743
  ],
  "recall": [
    0.08163265306122448,
    0.4642857142857143,
    0.5333333333333333,
    0.4230769230769231,
    0.3409090909090909,
    0.8636363636363636
  ],
  "f1": [
    0.14545454545454545,
    0.3170731707317073,
    0.3779527559055118,
    0.4036697247706422,
    0.4411764705882353,
    0.9156626506024096
  ],
  "support": [
    49,
    28,
    45,
    52,
    44,
    44
  ],
  "confusion_matrix": [
    [
      4,
      26,
      15,
      4,
      0,
      0
    ],
    [
      0,
      13,
      14,
      1,
      0,
      0
    ],
    [
      2,
      11,
      24,
      8,
      0,
      0
    ],
    [
      0,
      4,
      23,
      22,
      3,
      0
    ],
    [
      0,
      0,
      6,
      22,
      15,
      1
    ],
    [
      0,
      0,
      0,
      0,
      6,
      38
    ]
  ]
}