{
  "model": "svm_mbert",
  "params": {
    "svr_c": 2.4737,
    "svr_epsilon": 0.0032
  },
  "type": "test",
  "seed": 42,
  "mse": 0.9245194792747498,
  "accuracy": 0.4541984732824427,
  "precision": [
    0.6666666666666666,
    0.2222222222222222,
    0.2839506172839506,
    0.4166666666666667,
    0.7391304347826086,
    1.0
  ],
  "recall": [
    0.08163265306122448,
    0.42857142857142855,
    0.5111111111111111,
    0.4807692307692308,
    0.38636363636363635,
    0.8636363636363636
  ],
  "f1": [
    0.14545454545454545,
    0.2926829268292683,
    0.36507936507936506,
    0.44642857142857145,
    0.5074626865671642,
    0.926829268292683
  ],
  "support": [
    49,
    28,
    45,
    52,
    44,
    44
  ],
  "confusion_matrix": [
    [
      4,
      26,
      15,
      4,
      0,
      0
    ],
    [
      0,
      12,
      14,
      2,
      0,
      0
    ],
    [
      2,
      12,
      23,
      8,
      0,
      0
    ],
    [
      0,
      4,
      23,
      25,
      0,
      0
    ],
    [
      0,
      0,
      6,
      21,
      17,
      0
    ],
    [
      0,
      0,
      0,
      0,
      6,
      38
    ]
  ]
}